subject_number,condition,trial_number,phase,block,target_gender,target_race,flanker_gender,flanker_race,flanker_emotion,stimulus_type,study_flanker_emotion,study_flanker_gender,pair_type,response,rt,correct,timed_out,rating,key_mapping,subject_id,study_id,session_id,test_mode,trial_index,target_id,target_filename,flanker_id,flanker_filename,correct_response,device_pixel_ratio
1,2,1,study,0,female,Asian,female,White,neutral,,,,,z,758,True,False,,2,,,,False,17,AF-200,materials/cfd/Images/CFD/AF-200/CFD-AF-200-228-N.jpg,WF-205,materials/cfd/Images/CFD/WF-205/CFD-WF-205-006-N.jpg,z,2
1,2,2,study,0,female,White,male,White,angry,,,,,z,972,True,False,,2,,,,False,19,WF-012,materials/cfd/Images/CFD/WF-012/CFD-WF-012-002-N.jpg,WM-015,materials/cfd/Images/CFD/WM-015/CFD-WM-015-017-A.jpg,z,2
1,2,3,study,0,male,Latino,female,Black,happy,,,,,m,989,True,False,,2,,,,False,21,LM-238,materials/cfd/Images/CFD/LM-238/CFD-LM-238-129-N.jpg,BF-039,materials/cfd/Images/CFD/BF-039/CFD-BF-039-033-HO.jpg,m,2
1,2,4,study,0,female,Asian,female,Black,happy,,,,,z,1112,True,False,,2,,,,False,23,AF-220,materials/cfd/Images/CFD/AF-220/CFD-AF-220-107-N.jpg,BF-011,materials/cfd/Images/CFD/BF-011/CFD-BF-011-004-HO.jpg,z,2
1,2,5,study,0,female,Black,female,White,angry,,,,,z,686,True,False,,2,,,,False,25,BF-016,materials/cfd/Images/CFD/BF-016/CFD-BF-016-017-N.jpg,WF-025,materials/cfd/Images/CFD/WF-025/CFD-WF-025-015-A.jpg,z,2
1,2,6,study,0,male,Black,female,Black,neutral,,,,,m,839,True,False,,2,,,,False,27,BM-017,materials/cfd/Images/CFD/BM-017/CFD-BM-017-021-N.jpg,BF-008,materials/cfd/Images/CFD/BF-008/CFD-BF-008-001-N.jpg,m,2
1,2,7,study,0,male,Black,male,White,angry,,,,,m,1101,True,False,,2,,,,False,29,BM-004,materials/cfd/Images/CFD/BM-004/CFD-BM-004-002-N.jpg,WM-021,materials/cfd/Images/CFD/WM-021/CFD-WM-021-009-A.jpg,m,2
1,2,8,study,0,female,Black,female,Black,happy,,,,,z,1126,True,False,,2,,,,False,31,BF-215,materials/cfd/Images/CFD/BF-215/CFD-BF-215-177-N.jpg,BF-031,materials/cfd/Images/CFD/BF-031/CFD-BF-031-051-HO.jpg,z,2
1,2,9,study,0,female,Black,female,White,happy,,,,,z,643,True,False,,2,,,,False,33,BF-250,materials/cfd/Images/CFD/BF-250/CFD-BF-250-121-N.jpg,WF-005,materials/cfd/Images/CFD/WF-005/CFD-WF-005-013-HO.jpg,z,2
1,2,10,study,0,female,Black,male,Black,happy,,,,,z,875,True,False,,2,,,,False,35,BF-024,materials/cfd/Images/CFD/BF-024/CFD-BF-024-002-N.jpg,BM-037,materials/cfd/Images/CFD/BM-037/CFD-BM-037-036-HO.jpg,z,2
1,2,11,study,0,male,Black,female,Black,angry,,,,,z,1690,False,False,,2,,,,False,37,BM-225,materials/cfd/Images/CFD/BM-225/CFD-BM-225-154-N.jpg,BF-037,materials/cfd/Images/CFD/BF-037/CFD-BF-037-013-A.jpg,m,2
1,2,12,study,0,female,Asian,male,White,angry,,,,,z,1305,True,False,,2,,,,False,39,AF-237,materials/cfd/Images/CFD/AF-237/CFD-AF-237-223-N.jpg,WM-010,materials/cfd/Images/CFD/WM-010/CFD-WM-010-016-A.jpg,z,2
1,2,13,study,0,male,Black,male,White,happy,,,,,m,1068,True,False,,2,,,,False,41,BM-239,materials/cfd/Images/CFD/BM-239/CFD-BM-239-136-N.jpg,WM-032,materials/cfd/Images/CFD/WM-032/CFD-WM-032-004-HO.jpg,m,2
1,2,14,study,0,male,Latino,female,White,angry,,,,,m,736,True,False,,2,,,,False,43,LM-203,materials/cfd/Images/CFD/LM-203/CFD-LM-203-026-N.jpg,WF-019,materials/cfd/Images/CFD/WF-019/CFD-WF-019-015-A.jpg,m,2
1,2,15,study,0,male,Asian,male,Black,angry,,,,,m,680,True,False,,2,,,,False,45,AM-204,materials/cfd/Images/CFD/AM-204/CFD-AM-204-122-N.jpg,BM-002,materials/cfd/Images/CFD/BM-002/CFD-BM-002-016-A.jpg,m,2
1,2,16,study,0,male,Latino,female,White,happy,,,,,m,508,True,False,,2,,,,False,47,LM-246,materials/cfd/Images/CFD/LM-246/CFD-LM-246-087-N.jpg,WF-030,materials/cfd/Images/CFD/WF-030/CFD-WF-030-003-HO.jpg,m,2
1,2,17,study,0,female,Latino,male,Black,angry,,,,,z,657,True,False,,2,,,,False,49,LF-238,materials/cfd/Images/CFD/LF-238/CFD-LF-238-154-N.jpg,BM-005,materials/cfd/Images/CFD/BM-005/CFD-BM-005-010-A.jpg,z,2
1,2,18,study,0,male,Black,female,Black,angry,,,,,m,1011,True,False,,2,,,,False,51,BM-228,materials/cfd/Images/CFD/BM-228/CFD-BM-228-145-N.jpg,BF-025,materials/cfd/Images/CFD/BF-025/CFD-BF-025-011-A.jpg,m,2
1,2,19,study,0,male,Black,male,White,neutral,,,,,m,649,True,False,,2,,,,False,53,BM-234,materials/cfd/Images/CFD/BM-234/CFD-BM-234-172-N.jpg,WM-220,materials/cfd/Images/CFD/WM-220/CFD-WM-220-068-N.jpg,m,2
1,2,20,study,0,male,Asian,female,Black,happy,,,,,m,1066,True,False,,2,,,,False,55,AM-246,materials/cfd/Images/CFD/AM-246/CFD-AM-246-184-N.jpg,BF-030,materials/cfd/Images/CFD/BF-030/CFD-BF-030-007-HO.jpg,m,2
1,2,21,study,0,female,Asian,male,Black,neutral,,,,,,,False,True,,2,,,,False,57,AF-253,materials/cfd/Images/CFD/AF-253/CFD-AF-253-130-N.jpg,BM-218,materials/cfd/Images/CFD/BM-218/CFD-BM-218-132-N.jpg,z,2
1,2,22,study,0,female,Black,female,White,neutral,,,,,m,1083,False,False,,2,,,,False,59,BF-034,materials/cfd/Images/CFD/BF-034/CFD-BF-034-002-N.jpg,WF-239,materials/cfd/Images/CFD/WF-239/CFD-WF-239-155-N.jpg,z,2
1,2,23,study,0,male,White,male,Black,angry,,,,,m,1156,True,False,,2,,,,False,61,WM-209,materials/cfd/Images/CFD/WM-209/CFD-WM-209-038-N.jpg,BM-043,materials/cfd/Images/CFD/BM-043/CFD-BM-043-014-A.jpg,m,2
1,2,24,study,0,female,Asian,male,Black,neutral,,,,,z,1703,True,False,,2,,,,False,63,AF-202,materials/cfd/Images/CFD/AF-202/CFD-AF-202-122-N.jpg,BM-018,materials/cfd/Images/CFD/BM-018/CFD-BM-018-001-N.jpg,z,2
1,2,25,study,0,female,Latino,male,Black,happy,,,,,z,1339,True,False,,2,,,,False,65,LF-220,materials/cfd/Images/CFD/LF-220/CFD-LF-220-120-N.jpg,BM-011,materials/cfd/Images/CFD/BM-011/CFD-BM-011-017-HO.jpg,z,2
1,2,26,study,0,male,Black,male,White,happy,,,,,m,1294,True,False,,2,,,,False,67,BM-034,materials/cfd/Images/CFD/BM-034/CFD-BM-034-031-N.jpg,WM-037,materials/cfd/Images/CFD/WM-037/CFD-WM-037-034-HO.jpg,m,2
1,2,27,study,0,male,Latino,male,White,neutral,,,,,m,1020,True,False,,2,,,,False,69,LM-209,materials/cfd/Images/CFD/LM-209/CFD-LM-209-111-N.jpg,WM-251,materials/cfd/Images/CFD/WM-251/CFD-WM-251-002-N.jpg,m,2
1,2,28,study,0,male,White,male,White,happy,,,,,m,1244,True,False,,2,,,,False,71,WM-201,materials/cfd/Images/CFD/WM-201/CFD-WM-201-063-N.jpg,WM-009,materials/cfd/Images/CFD/WM-009/CFD-WM-009-004-HO.jpg,m,2
1,2,29,study,0,female,White,male,Black,happy,,,,,z,1591,True,False,,2,,,,False,73,WF-238,materials/cfd/Images/CFD/WF-238/CFD-WF-238-023-N.jpg,BM-038,materials/cfd/Images/CFD/BM-038/CFD-BM-038-007-HO.jpg,z,2
1,2,30,study,0,female,White,male,Black,neutral,,,,,z,2116,True,False,,2,,,,False,75,WF-242,materials/cfd/Images/CFD/WF-242/CFD-WF-242-001-N.jpg,BM-248,materials/cfd/Images/CFD/BM-248/CFD-BM-248-128-N.jpg,z,2
1,2,31,study,1,male,Latino,female,Black,happy,,,,,m,756,True,False,,2,,,,False,78,LM-226,materials/cfd/Images/CFD/LM-226/CFD-LM-226-175-N.jpg,BF-015,materials/cfd/Images/CFD/BF-015/CFD-BF-015-006-HO.jpg,m,2
1,2,32,study,1,female,Black,male,White,neutral,,,,,z,1399,True,False,,2,,,,False,80,BF-246,materials/cfd/Images/CFD/BF-246/CFD-BF-246-170-N.jpg,WM-250,materials/cfd/Images/CFD/WM-250/CFD-WM-250-157-N.jpg,z,2
1,2,33,study,1,female,Black,male,Black,happy,,,,,z,1366,True,False,,2,,,,False,82,BF-042,materials/cfd/Images/CFD/BF-042/CFD-BF-042-026-N.jpg,BM-039,materials/cfd/Images/CFD/BM-039/CFD-BM-039-034-HO.jpg,z,2
1,2,34,study,1,female,Black,female,White,neutral,,,,,z,758,True,False,,2,,,,False,84,BF-230,materials/cfd/Images/CFD/BF-230/CFD-BF-230-189-N.jpg,WF-244,materials/cfd/Images/CFD/WF-244/CFD-WF-244-163-N.jpg,z,2
1,2,35,study,1,female,White,female,White,neutral,,,,,z,1373,True,False,,2,,,,False,86,WF-229,materials/cfd/Images/CFD/WF-229/CFD-WF-229-004-N.jpg,WF-223,materials/cfd/Images/CFD/WF-223/CFD-WF-223-133-N.jpg,z,2
1,2,36,study,1,male,Asian,female,Black,angry,,,,,m,1214,True,False,,2,,,,False,88,AM-215,materials/cfd/Images/CFD/AM-215/CFD-AM-215-120-N.jpg,BF-019,materials/cfd/Images/CFD/BF-019/CFD-BF-019-023-A.jpg,m,2
1,2,37,study,1,male,Latino,male,Black,neutral,,,,,m,1987,True,False,,2,,,,False,90,LM-233,materials/cfd/Images/CFD/LM-233/CFD-LM-233-171-N.jpg,BM-041,materials/cfd/Images/CFD/BM-041/CFD-BM-041-035-N.jpg,m,2
1,2,38,study,1,female,Black,female,White,neutral,,,,,z,2172,True,False,,2,,,,False,92,BF-231,materials/cfd/Images/CFD/BF-231/CFD-BF-231-202-N.jpg,WF-248,materials/cfd/Images/CFD/WF-248/CFD-WF-248-129-N.jpg,z,2
1,2,39,study,1,female,White,male,Black,happy,,,,,z,2026,True,False,,2,,,,False,94,WF-036,materials/cfd/Images/CFD/WF-036/CFD-WF-036-023-N.jpg,BM-040,materials/cfd/Images/CFD/BM-040/CFD-BM-040-030-HO.jpg,z,2
1,2,40,study,1,female,Black,male,Black,angry,,,,,z,1051,True,False,,2,,,,False,96,BF-201,materials/cfd/Images/CFD/BF-201/CFD-BF-201-080-N.jpg,BM-019,materials/cfd/Images/CFD/BM-019/CFD-BM-019-045-A.jpg,z,2
1,2,41,study,1,male,Asian,male,Black,neutral,,,,,m,1630,True,False,,2,,,,False,98,AM-224,materials/cfd/Images/CFD/AM-224/CFD-AM-224-126-N.jpg,BM-036,materials/cfd/Images/CFD/BM-036/CFD-BM-036-003-N.jpg,m,2
1,2,42,study,1,male,White,female,White,angry,,,,,m,1868,True,False,,2,,,,False,100,WM-038,materials/cfd/Images/CFD/WM-038/CFD-WM-038-003-N.jpg,WF-028,materials/cfd/Images/CFD/WF-028/CFD-WF-028-026-A.jpg,m,2
1,2,43,study,1,male,Asian,female,Black,happy,,,,,m,1891,True,False,,2,,,,False,102,AM-234,materials/cfd/Images/CFD/AM-234/CFD-AM-234-355-N.jpg,BF-038,materials/cfd/Images/CFD/BF-038/CFD-BF-038-004-HO.jpg,m,2
1,2,44,study,1,female,Latino,female,Black,angry,,,,,z,1534,True,False,,2,,,,False,104,LF-230,materials/cfd/Images/CFD/LF-230/CFD-LF-230-203-N.jpg,BF-036,materials/cfd/Images/CFD/BF-036/CFD-BF-036-020-A.jpg,z,2
1,2,45,study,1,male,Asian,male,White,happy,,,,,m,1402,True,False,,2,,,,False,106,AM-207,materials/cfd/Images/CFD/AM-207/CFD-AM-207-108-N.jpg,WM-004,materials/cfd/Images/CFD/WM-004/CFD-WM-004-006-HO.jpg,m,2
1,2,46,study,1,female,White,male,White,angry,,,,,z,932,True,False,,2,,,,False,108,WF-039,materials/cfd/Images/CFD/WF-039/CFD-WF-039-025-N.jpg,WM-028,materials/cfd/Images/CFD/WM-028/CFD-WM-028-029-A.jpg,z,2
1,2,47,study,1,female,White,male,Black,neutral,,,,,m,912,False,False,,2,,,,False,110,WF-008,materials/cfd/Images/CFD/WF-008/CFD-WF-008-002-N.jpg,BM-235,materials/cfd/Images/CFD/BM-235/CFD-BM-235-226-N.jpg,z,2
1,2,48,study,1,male,Black,male,White,happy,,,,,m,1550,True,False,,2,,,,False,112,BM-211,materials/cfd/Images/CFD/BM-211/CFD-BM-211-174-N.jpg,WM-036,materials/cfd/Images/CFD/WM-036/CFD-WM-036-034-HO.jpg,m,2
1,2,49,study,1,male,Asian,male,White,angry,,,,,m,974,True,False,,2,,,,False,114,AM-203,materials/cfd/Images/CFD/AM-203/CFD-AM-203-086-N.jpg,WM-020,materials/cfd/Images/CFD/WM-020/CFD-WM-020-008-A.jpg,m,2
1,2,50,study,1,female,Latino,female,Black,happy,,,,,z,1074,True,False,,2,,,,False,116,LF-225,materials/cfd/Images/CFD/LF-225/CFD-LF-225-164-N.jpg,BF-040,materials/cfd/Images/CFD/BF-040/CFD-BF-040-043-HO.jpg,z,2
1,2,51,study,1,female,Latino,female,Black,angry,,,,,z,1287,True,False,,2,,,,False,118,LF-241,materials/cfd/Images/CFD/LF-241/CFD-LF-241-188-N.jpg,BF-010,materials/cfd/Images/CFD/BF-010/CFD-BF-010-019-A.jpg,z,2
1,2,52,study,1,male,Black,female,Black,neutral,,,,,m,1936,True,False,,2,,,,False,120,BM-027,materials/cfd/Images/CFD/BM-027/CFD-BM-027-001-N.jpg,BF-048,materials/cfd/Images/CFD/BF-048/CFD-BF-048-002-N.jpg,m,2
1,2,53,study,1,female,Latino,female,Black,happy,,,,,z,1780,True,False,,2,,,,False,122,LF-253,materials/cfd/Images/CFD/LF-253/CFD-LF-253-003-N.jpg,BF-041,materials/cfd/Images/CFD/BF-041/CFD-BF-041-004-HO.jpg,z,2
1,2,54,study,1,male,White,female,White,neutral,,,,,m,1517,True,False,,2,,,,False,124,WM-025,materials/cfd/Images/CFD/WM-025/CFD-WM-025-002-N.jpg,WF-037,materials/cfd/Images/CFD/WF-037/CFD-WF-037-029-N.jpg,m,2
1,2,55,study,1,male,White,male,Black,neutral,,,,,m,2859,True,False,,2,,,,False,126,WM-248,materials/cfd/Images/CFD/WM-248/CFD-WM-248-036-N.jpg,BM-025,materials/cfd/Images/CFD/BM-025/CFD-BM-025-035-N.jpg,m,2
1,2,56,study,1,female,Latino,female,Black,angry,,,,,z,2827,True,False,,2,,,,False,128,LF-244,materials/cfd/Images/CFD/LF-244/CFD-LF-244-096-N.jpg,BF-005,materials/cfd/Images/CFD/BF-005/CFD-BF-005-020-A.jpg,z,2
1,2,57,study,1,female,Latino,female,White,angry,,,,,,,False,True,,2,,,,False,130,LF-255,materials/cfd/Images/CFD/LF-255/CFD-LF-255-088-N.jpg,WF-022,materials/cfd/Images/CFD/WF-022/CFD-WF-022-023-A.jpg,z,2
1,2,58,study,1,male,Latino,female,Black,neutral,,,,,m,613,True,False,,2,,,,False,132,LM-225,materials/cfd/Images/CFD/LM-225/CFD-LM-225-130-N.jpg,BF-233,materials/cfd/Images/CFD/BF-233/CFD-BF-233-116-N.jpg,m,2
1,2,59,study,1,male,Latino,male,Black,angry,,,,,m,1300,True,False,,2,,,,False,134,LM-219,materials/cfd/Images/CFD/LM-219/CFD-LM-219-295-N.jpg,BM-046,materials/cfd/Images/CFD/BM-046/CFD-BM-046-048-A.jpg,m,2
1,2,60,study,1,male,Latino,female,Black,neutral,,,,,m,1946,True,False,,2,,,,False,136,LM-221,materials/cfd/Images/CFD/LM-221/CFD-LM-221-216-N.jpg,BF-238,materials/cfd/Images/CFD/BF-238/CFD-BF-238-190-N.jpg,m,2
1,2,61,study,0,male,Black,male,White,happy,,,,,m,516,True,False,,2,,,,False,139,BM-211,materials/cfd/Images/CFD/BM-211/CFD-BM-211-174-N.jpg,WM-036,materials/cfd/Images/CFD/WM-036/CFD-WM-036-034-HO.jpg,m,2
1,2,62,study,0,female,Latino,female,Black,angry,,,,,z,1217,True,False,,2,,,,False,141,LF-244,materials/cfd/Images/CFD/LF-244/CFD-LF-244-096-N.jpg,BF-005,materials/cfd/Images/CFD/BF-005/CFD-BF-005-020-A.jpg,z,2
1,2,63,study,0,male,White,male,Black,angry,,,,,m,1484,True,False,,2,,,,False,143,WM-209,materials/cfd/Images/CFD/WM-209/CFD-WM-209-038-N.jpg,BM-043,materials/cfd/Images/CFD/BM-043/CFD-BM-043-014-A.jpg,m,2
1,2,64,study,0,female,Latino,female,Black,happy,,,,,z,1502,True,False,,2,,,,False,145,LF-253,materials/cfd/Images/CFD/LF-253/CFD-LF-253-003-N.jpg,BF-041,materials/cfd/Images/CFD/BF-041/CFD-BF-041-004-HO.jpg,z,2
1,2,65,study,0,male,Asian,male,White,happy,,,,,m,977,True,False,,2,,,,False,147,AM-207,materials/cfd/Images/CFD/AM-207/CFD-AM-207-108-N.jpg,WM-004,materials/cfd/Images/CFD/WM-004/CFD-WM-004-006-HO.jpg,m,2
1,2,66,study,0,male,Black,female,Black,neutral,,,,,m,958,True,False,,2,,,,False,149,BM-027,materials/cfd/Images/CFD/BM-027/CFD-BM-027-001-N.jpg,BF-048,materials/cfd/Images/CFD/BF-048/CFD-BF-048-002-N.jpg,m,2
1,2,67,study,0,female,Black,male,Black,happy,,,,,z,1345,True,False,,2,,,,False,151,BF-042,materials/cfd/Images/CFD/BF-042/CFD-BF-042-026-N.jpg,BM-039,materials/cfd/Images/CFD/BM-039/CFD-BM-039-034-HO.jpg,z,2
1,2,68,study,0,male,Latino,female,White,angry,,,,,m,1149,True,False,,2,,,,False,153,LM-203,materials/cfd/Images/CFD/LM-203/CFD-LM-203-026-N.jpg,WF-019,materials/cfd/Images/CFD/WF-019/CFD-WF-019-015-A.jpg,m,2
1,2,69,study,0,female,Black,female,White,happy,,,,,z,1152,True,False,,2,,,,False,155,BF-250,materials/cfd/Images/CFD/BF-250/CFD-BF-250-121-N.jpg,WF-005,materials/cfd/Images/CFD/WF-005/CFD-WF-005-013-HO.jpg,z,2
1,2,70,study,0,male,Black,female,Black,neutral,,,,,m,1267,True,False,,2,,,,False,157,BM-017,materials/cfd/Images/CFD/BM-017/CFD-BM-017-021-N.jpg,BF-008,materials/cfd/Images/CFD/BF-008/CFD-BF-008-001-N.jpg,m,2
1,2,71,study,0,female,White,male,White,angry,,,,,z,790,True,False,,2,,,,False,159,WF-012,materials/cfd/Images/CFD/WF-012/CFD-WF-012-002-N.jpg,WM-015,materials/cfd/Images/CFD/WM-015/CFD-WM-015-017-A.jpg,z,2
1,2,72,study,0,female,Asian,female,Black,happy,,,,,z,684,True,False,,2,,,,False,161,AF-220,materials/cfd/Images/CFD/AF-220/CFD-AF-220-107-N.jpg,BF-011,materials/cfd/Images/CFD/BF-011/CFD-BF-011-004-HO.jpg,z,2
1,2,73,study,0,male,Latino,female,Black,happy,,,,,m,980,True,False,,2,,,,False,163,LM-238,materials/cfd/Images/CFD/LM-238/CFD-LM-238-129-N.jpg,BF-039,materials/cfd/Images/CFD/BF-039/CFD-BF-039-033-HO.jpg,m,2
1,2,74,study,0,male,Asian,male,Black,angry,,,,,m,906,True,False,,2,,,,False,165,AM-204,materials/cfd/Images/CFD/AM-204/CFD-AM-204-122-N.jpg,BM-002,materials/cfd/Images/CFD/BM-002/CFD-BM-002-016-A.jpg,m,2
1,2,75,study,0,female,White,male,Black,happy,,,,,z,907,True,False,,2,,,,False,167,WF-036,materials/cfd/Images/CFD/WF-036/CFD-WF-036-023-N.jpg,BM-040,materials/cfd/Images/CFD/BM-040/CFD-BM-040-030-HO.jpg,z,2
1,2,76,study,0,female,Asian,male,Black,neutral,,,,,z,1257,True,False,,2,,,,False,169,AF-253,materials/cfd/Images/CFD/AF-253/CFD-AF-253-130-N.jpg,BM-218,materials/cfd/Images/CFD/BM-218/CFD-BM-218-132-N.jpg,z,2
1,2,77,study,0,female,Latino,female,White,angry,,,,,z,1097,True,False,,2,,,,False,171,LF-255,materials/cfd/Images/CFD/LF-255/CFD-LF-255-088-N.jpg,WF-022,materials/cfd/Images/CFD/WF-022/CFD-WF-022-023-A.jpg,z,2
1,2,78,study,0,male,Black,male,White,happy,,,,,m,716,True,False,,2,,,,False,173,BM-034,materials/cfd/Images/CFD/BM-034/CFD-BM-034-031-N.jpg,WM-037,materials/cfd/Images/CFD/WM-037/CFD-WM-037-034-HO.jpg,m,2
1,2,79,study,0,female,Black,female,White,neutral,,,,,z,2288,True,False,,2,,,,False,175,BF-231,materials/cfd/Images/CFD/BF-231/CFD-BF-231-202-N.jpg,WF-248,materials/cfd/Images/CFD/WF-248/CFD-WF-248-129-N.jpg,z,2
1,2,80,study,0,female,Latino,male,Black,angry,,,,,z,973,True,False,,2,,,,False,177,LF-238,materials/cfd/Images/CFD/LF-238/CFD-LF-238-154-N.jpg,BM-005,materials/cfd/Images/CFD/BM-005/CFD-BM-005-010-A.jpg,z,2
1,2,81,study,0,male,Black,male,White,angry,,,,,m,790,True,False,,2,,,,False,179,BM-004,materials/cfd/Images/CFD/BM-004/CFD-BM-004-002-N.jpg,WM-021,materials/cfd/Images/CFD/WM-021/CFD-WM-021-009-A.jpg,m,2
1,2,82,study,0,male,Latino,female,Black,happy,,,,,m,2123,True,False,,2,,,,False,181,LM-226,materials/cfd/Images/CFD/LM-226/CFD-LM-226-175-N.jpg,BF-015,materials/cfd/Images/CFD/BF-015/CFD-BF-015-006-HO.jpg,m,2
1,2,83,study,0,male,Asian,male,Black,neutral,,,,,m,1244,True,False,,2,,,,False,183,AM-224,materials/cfd/Images/CFD/AM-224/CFD-AM-224-126-N.jpg,BM-036,materials/cfd/Images/CFD/BM-036/CFD-BM-036-003-N.jpg,m,2
1,2,84,study,0,male,Latino,female,Black,neutral,,,,,m,1513,True,False,,2,,,,False,185,LM-221,materials/cfd/Images/CFD/LM-221/CFD-LM-221-216-N.jpg,BF-238,materials/cfd/Images/CFD/BF-238/CFD-BF-238-190-N.jpg,m,2
1,2,85,study,0,male,Asian,female,Black,happy,,,,,m,2721,True,False,,2,,,,False,187,AM-234,materials/cfd/Images/CFD/AM-234/CFD-AM-234-355-N.jpg,BF-038,materials/cfd/Images/CFD/BF-038/CFD-BF-038-004-HO.jpg,m,2
1,2,86,study,0,female,Latino,female,Black,happy,,,,,z,1316,True,False,,2,,,,False,189,LF-225,materials/cfd/Images/CFD/LF-225/CFD-LF-225-164-N.jpg,BF-040,materials/cfd/Images/CFD/BF-040/CFD-BF-040-043-HO.jpg,z,2
1,2,87,study,0,female,Black,male,White,neutral,,,,,z,778,True,False,,2,,,,False,191,BF-246,materials/cfd/Images/CFD/BF-246/CFD-BF-246-170-N.jpg,WM-250,materials/cfd/Images/CFD/WM-250/CFD-WM-250-157-N.jpg,z,2
1,2,88,study,0,female,White,male,Black,neutral,,,,,z,2451,True,False,,2,,,,False,193,WF-008,materials/cfd/Images/CFD/WF-008/CFD-WF-008-002-N.jpg,BM-235,materials/cfd/Images/CFD/BM-235/CFD-BM-235-226-N.jpg,z,2
1,2,89,study,0,male,White,male,White,happy,,,,,m,1390,True,False,,2,,,,False,195,WM-201,materials/cfd/Images/CFD/WM-201/CFD-WM-201-063-N.jpg,WM-009,materials/cfd/Images/CFD/WM-009/CFD-WM-009-004-HO.jpg,m,2
1,2,90,study,0,female,Black,female,White,angry,,,,,m,2820,False,False,,2,,,,False,197,BF-016,materials/cfd/Images/CFD/BF-016/CFD-BF-016-017-N.jpg,WF-025,materials/cfd/Images/CFD/WF-025/CFD-WF-025-015-A.jpg,z,2
1,2,91,study,1,female,Latino,male,Black,happy,,,,,z,1620,True,False,,2,,,,False,200,LF-220,materials/cfd/Images/CFD/LF-220/CFD-LF-220-120-N.jpg,BM-011,materials/cfd/Images/CFD/BM-011/CFD-BM-011-017-HO.jpg,z,2
1,2,92,study,1,female,Black,female,Black,happy,,,,,z,619,True,False,,2,,,,False,202,BF-215,materials/cfd/Images/CFD/BF-215/CFD-BF-215-177-N.jpg,BF-031,materials/cfd/Images/CFD/BF-031/CFD-BF-031-051-HO.jpg,z,2
1,2,93,study,1,male,Black,female,Black,angry,,,,,m,1796,True,False,,2,,,,False,204,BM-225,materials/cfd/Images/CFD/BM-225/CFD-BM-225-154-N.jpg,BF-037,materials/cfd/Images/CFD/BF-037/CFD-BF-037-013-A.jpg,m,2
1,2,94,study,1,female,Latino,female,Black,angry,,,,,z,870,True,False,,2,,,,False,206,LF-241,materials/cfd/Images/CFD/LF-241/CFD-LF-241-188-N.jpg,BF-010,materials/cfd/Images/CFD/BF-010/CFD-BF-010-019-A.jpg,z,2
1,2,95,study,1,female,Latino,female,Black,angry,,,,,z,925,True,False,,2,,,,False,208,LF-230,materials/cfd/Images/CFD/LF-230/CFD-LF-230-203-N.jpg,BF-036,materials/cfd/Images/CFD/BF-036/CFD-BF-036-020-A.jpg,z,2
1,2,96,study,1,male,White,female,White,angry,,,,,m,957,True,False,,2,,,,False,210,WM-038,materials/cfd/Images/CFD/WM-038/CFD-WM-038-003-N.jpg,WF-028,materials/cfd/Images/CFD/WF-028/CFD-WF-028-026-A.jpg,m,2
1,2,97,study,1,female,Asian,male,White,angry,,,,,z,696,True,False,,2,,,,False,212,AF-237,materials/cfd/Images/CFD/AF-237/CFD-AF-237-223-N.jpg,WM-010,materials/cfd/Images/CFD/WM-010/CFD-WM-010-016-A.jpg,z,2
1,2,98,study,1,male,Black,male,White,happy,,,,,m,907,True,False,,2,,,,False,214,BM-239,materials/cfd/Images/CFD/BM-239/CFD-BM-239-136-N.jpg,WM-032,materials/cfd/Images/CFD/WM-032/CFD-WM-032-004-HO.jpg,m,2
1,2,99,study,1,female,Asian,female,White,neutral,,,,,z,991,True,False,,2,,,,False,216,AF-200,materials/cfd/Images/CFD/AF-200/CFD-AF-200-228-N.jpg,WF-205,materials/cfd/Images/CFD/WF-205/CFD-WF-205-006-N.jpg,z,2
1,2,100,study,1,female,Black,male,Black,angry,,,,,z,828,True,False,,2,,,,False,218,BF-201,materials/cfd/Images/CFD/BF-201/CFD-BF-201-080-N.jpg,BM-019,materials/cfd/Images/CFD/BM-019/CFD-BM-019-045-A.jpg,z,2
1,2,101,study,1,male,White,male,Black,neutral,,,,,m,1302,True,False,,2,,,,False,220,WM-248,materials/cfd/Images/CFD/WM-248/CFD-WM-248-036-N.jpg,BM-025,materials/cfd/Images/CFD/BM-025/CFD-BM-025-035-N.jpg,m,2
1,2,102,study,1,male,Asian,female,Black,happy,,,,,m,2052,True,False,,2,,,,False,222,AM-246,materials/cfd/Images/CFD/AM-246/CFD-AM-246-184-N.jpg,BF-030,materials/cfd/Images/CFD/BF-030/CFD-BF-030-007-HO.jpg,m,2
1,2,103,study,1,female,White,male,White,angry,,,,,,,False,True,,2,,,,False,224,WF-039,materials/cfd/Images/CFD/WF-039/CFD-WF-039-025-N.jpg,WM-028,materials/cfd/Images/CFD/WM-028/CFD-WM-028-029-A.jpg,z,2
1,2,104,study,1,male,Latino,female,White,happy,,,,,m,775,True,False,,2,,,,False,226,LM-246,materials/cfd/Images/CFD/LM-246/CFD-LM-246-087-N.jpg,WF-030,materials/cfd/Images/CFD/WF-030/CFD-WF-030-003-HO.jpg,m,2
1,2,105,study,1,male,White,female,White,neutral,,,,,m,1540,True,False,,2,,,,False,228,WM-025,materials/cfd/Images/CFD/WM-025/CFD-WM-025-002-N.jpg,WF-037,materials/cfd/Images/CFD/WF-037/CFD-WF-037-029-N.jpg,m,2
1,2,106,study,1,male,Asian,female,Black,angry,,,,,m,1302,True,False,,2,,,,False,230,AM-215,materials/cfd/Images/CFD/AM-215/CFD-AM-215-120-N.jpg,BF-019,materials/cfd/Images/CFD/BF-019/CFD-BF-019-023-A.jpg,m,2
1,2,107,study,1,male,Latino,male,Black,neutral,,,,,,,False,True,,2,,,,False,232,LM-233,materials/cfd/Images/CFD/LM-233/CFD-LM-233-171-N.jpg,BM-041,materials/cfd/Images/CFD/BM-041/CFD-BM-041-035-N.jpg,m,2
1,2,108,study,1,female,Asian,male,Black,neutral,,,,,m,1357,False,False,,2,,,,False,234,AF-202,materials/cfd/Images/CFD/AF-202/CFD-AF-202-122-N.jpg,BM-018,materials/cfd/Images/CFD/BM-018/CFD-BM-018-001-N.jpg,z,2
1,2,109,study,1,female,White,male,Black,happy,,,,,z,640,True,False,,2,,,,False,236,WF-238,materials/cfd/Images/CFD/WF-238/CFD-WF-238-023-N.jpg,BM-038,materials/cfd/Images/CFD/BM-038/CFD-BM-038-007-HO.jpg,z,2
1,2,110,study,1,male,Black,male,White,neutral,,,,,m,2068,True,False,,2,,,,False,238,BM-234,materials/cfd/Images/CFD/BM-234/CFD-BM-234-172-N.jpg,WM-220,materials/cfd/Images/CFD/WM-220/CFD-WM-220-068-N.jpg,m,2
1,2,111,study,1,male,Latino,male,Black,angry,,,,,m,1177,True,False,,2,,,,False,240,LM-219,materials/cfd/Images/CFD/LM-219/CFD-LM-219-295-N.jpg,BM-046,materials/cfd/Images/CFD/BM-046/CFD-BM-046-048-A.jpg,m,2
1,2,112,study,1,male,Latino,male,White,neutral,,,,,m,1026,True,False,,2,,,,False,242,LM-209,materials/cfd/Images/CFD/LM-209/CFD-LM-209-111-N.jpg,WM-251,materials/cfd/Images/CFD/WM-251/CFD-WM-251-002-N.jpg,m,2
1,2,113,study,1,female,Black,female,White,neutral,,,,,,,False,True,,2,,,,False,244,BF-230,materials/cfd/Images/CFD/BF-230/CFD-BF-230-189-N.jpg,WF-244,materials/cfd/Images/CFD/WF-244/CFD-WF-244-163-N.jpg,z,2
1,2,114,study,1,male,Black,female,Black,angry,,,,,m,1659,True,False,,2,,,,False,246,BM-228,materials/cfd/Images/CFD/BM-228/CFD-BM-228-145-N.jpg,BF-025,materials/cfd/Images/CFD/BF-025/CFD-BF-025-011-A.jpg,m,2
1,2,115,study,1,female,White,male,Black,neutral,,,,,z,2172,True,False,,2,,,,False,248,WF-242,materials/cfd/Images/CFD/WF-242/CFD-WF-242-001-N.jpg,BM-248,materials/cfd/Images/CFD/BM-248/CFD-BM-248-128-N.jpg,z,2
1,2,116,study,1,male,Latino,female,Black,neutral,,,,,m,1175,True,False,,2,,,,False,250,LM-225,materials/cfd/Images/CFD/LM-225/CFD-LM-225-130-N.jpg,BF-233,materials/cfd/Images/CFD/BF-233/CFD-BF-233-116-N.jpg,m,2
1,2,117,study,1,female,Black,male,Black,happy,,,,,z,1442,True,False,,2,,,,False,252,BF-024,materials/cfd/Images/CFD/BF-024/CFD-BF-024-002-N.jpg,BM-037,materials/cfd/Images/CFD/BM-037/CFD-BM-037-036-HO.jpg,z,2
1,2,118,study,1,female,Black,female,White,neutral,,,,,z,1327,True,False,,2,,,,False,254,BF-034,materials/cfd/Images/CFD/BF-034/CFD-BF-034-002-N.jpg,WF-239,materials/cfd/Images/CFD/WF-239/CFD-WF-239-155-N.jpg,z,2
1,2,119,study,1,male,Asian,male,White,angry,,,,,m,1288,True,False,,2,,,,False,256,AM-203,materials/cfd/Images/CFD/AM-203/CFD-AM-203-086-N.jpg,WM-020,materials/cfd/Images/CFD/WM-020/CFD-WM-020-008-A.jpg,m,2
1,2,120,study,1,female,White,female,White,neutral,,,,,z,1173,True,False,,2,,,,False,258,WF-229,materials/cfd/Images/CFD/WF-229/CFD-WF-229-004-N.jpg,WF-223,materials/cfd/Images/CFD/WF-223/CFD-WF-223-133-N.jpg,z,2
1,2,121,test,0,female,White,female,White,neutral,,,,rearranged,m,1422,False,False,,2,,,,False,275,WF-229,materials/cfd/Images/CFD/WF-229/CFD-WF-229-004-N.jpg,WF-244,materials/cfd/Images/CFD/WF-244/CFD-WF-244-163-N.jpg,z,2
1,2,122,test,0,male,Asian,female,Black,happy,,,,intact,m,784,True,False,,2,,,,False,277,AM-246,materials/cfd/Images/CFD/AM-246/CFD-AM-246-184-N.jpg,BF-030,materials/cfd/Images/CFD/BF-030/CFD-BF-030-007-HO.jpg,m,2
1,2,123,test,0,female,Black,female,White,neutral,,,,intact,m,788,True,False,,2,,,,False,279,BF-034,materials/cfd/Images/CFD/BF-034/CFD-BF-034-002-N.jpg,WF-239,materials/cfd/Images/CFD/WF-239/CFD-WF-239-155-N.jpg,m,2
1,2,124,test,0,female,Asian,female,Black,happy,,,,intact,z,1397,False,False,,2,,,,False,281,AF-220,materials/cfd/Images/CFD/AF-220/CFD-AF-220-107-N.jpg,BF-011,materials/cfd/Images/CFD/BF-011/CFD-BF-011-004-HO.jpg,m,2
1,2,125,test,0,male,White,male,White,angry,,,,rearranged,z,1655,True,False,,2,,,,False,283,WM-209,materials/cfd/Images/CFD/WM-209/CFD-WM-209-038-N.jpg,WM-020,materials/cfd/Images/CFD/WM-020/CFD-WM-020-008-A.jpg,z,2
1,2,126,test,0,male,Asian,male,Black,angry,,,,intact,z,1235,False,False,,2,,,,False,285,AM-204,materials/cfd/Images/CFD/AM-204/CFD-AM-204-122-N.jpg,BM-002,materials/cfd/Images/CFD/BM-002/CFD-BM-002-016-A.jpg,m,2
1,2,127,test,0,male,Latino,male,Black,neutral,,,,intact,z,2951,False,False,,2,,,,False,287,LM-233,materials/cfd/Images/CFD/LM-233/CFD-LM-233-171-N.jpg,BM-041,materials/cfd/Images/CFD/BM-041/CFD-BM-041-035-N.jpg,m,2
1,2,128,test,0,female,Black,male,White,angry,,,,rearranged,m,1202,False,False,,2,,,,False,289,BF-201,materials/cfd/Images/CFD/BF-201/CFD-BF-201-080-N.jpg,WM-010,materials/cfd/Images/CFD/WM-010/CFD-WM-010-016-A.jpg,z,2
1,2,129,test,0,female,Latino,female,White,angry,,,,intact,m,1952,True,False,,2,,,,False,291,LF-255,materials/cfd/Images/CFD/LF-255/CFD-LF-255-088-N.jpg,WF-022,materials/cfd/Images/CFD/WF-022/CFD-WF-022-023-A.jpg,m,2
1,2,130,test,0,female,White,male,Black,happy,,,,intact,z,1042,False,False,,2,,,,False,293,WF-238,materials/cfd/Images/CFD/WF-238/CFD-WF-238-023-N.jpg,BM-038,materials/cfd/Images/CFD/BM-038/CFD-BM-038-007-HO.jpg,m,2
1,2,131,test,0,male,Black,female,White,neutral,,,,rearranged,z,391,True,False,,2,,,,False,295,BM-017,materials/cfd/Images/CFD/BM-017/CFD-BM-017-021-N.jpg,WF-037,materials/cfd/Images/CFD/WF-037/CFD-WF-037-029-N.jpg,z,2
1,2,132,test,0,male,Black,male,White,happy,,,,intact,m,1213,True,False,,2,,,,False,297,BM-211,materials/cfd/Images/CFD/BM-211/CFD-BM-211-174-N.jpg,WM-036,materials/cfd/Images/CFD/WM-036/CFD-WM-036-034-HO.jpg,m,2
1,2,133,test,0,male,White,female,White,angry,,,,intact,z,324,False,False,,2,,,,False,299,WM-038,materials/cfd/Images/CFD/WM-038/CFD-WM-038-003-N.jpg,WF-028,materials/cfd/Images/CFD/WF-028/CFD-WF-028-026-A.jpg,m,2
1,2,134,test,0,female,Latino,male,Black,angry,,,,rearranged,z,1751,True,False,,2,,,,False,301,LF-238,materials/cfd/Images/CFD/LF-238/CFD-LF-238-154-N.jpg,BM-019,materials/cfd/Images/CFD/BM-019/CFD-BM-019-045-A.jpg,z,2
1,2,135,test,0,male,Latino,male,Black,angry,,,,intact,z,1195,False,False,,2,,,,False,303,LM-219,materials/cfd/Images/CFD/LM-219/CFD-LM-219-295-N.jpg,BM-046,materials/cfd/Images/CFD/BM-046/CFD-BM-046-048-A.jpg,m,2
1,2,136,test,0,female,White,male,White,angry,,,,intact,z,1345,False,False,,2,,,,False,305,WF-039,materials/cfd/Images/CFD/WF-039/CFD-WF-039-025-N.jpg,WM-028,materials/cfd/Images/CFD/WM-028/CFD-WM-028-029-A.jpg,m,2
1,2,137,test,0,female,Black,female,Black,happy,,,,rearranged,z,1099,True,False,,2,,,,False,307,BF-215,materials/cfd/Images/CFD/BF-215/CFD-BF-215-177-N.jpg,BF-040,materials/cfd/Images/CFD/BF-040/CFD-BF-040-043-HO.jpg,z,2
1,2,138,test,0,female,Black,female,White,happy,,,,intact,z,1230,False,False,,2,,,,False,309,BF-250,materials/cfd/Images/CFD/BF-250/CFD-BF-250-121-N.jpg,WF-005,materials/cfd/Images/CFD/WF-005/CFD-WF-005-013-HO.jpg,m,2
1,2,139,test,0,male,Black,male,White,happy,,,,intact,m,843,True,False,,2,,,,False,311,BM-034,materials/cfd/Images/CFD/BM-034/CFD-BM-034-031-N.jpg,WM-037,materials/cfd/Images/CFD/WM-037/CFD-WM-037-034-HO.jpg,m,2
1,2,140,test,0,male,Latino,female,Black,happy,,,,rearranged,z,1494,True,False,,2,,,,False,313,LM-226,materials/cfd/Images/CFD/LM-226/CFD-LM-226-175-N.jpg,BF-038,materials/cfd/Images/CFD/BF-038/CFD-BF-038-004-HO.jpg,z,2
1,2,141,test,0,female,Asian,male,Black,neutral,,,,rearranged,z,879,True,False,,2,,,,False,315,AF-253,materials/cfd/Images/CFD/AF-253/CFD-AF-253-130-N.jpg,BM-235,materials/cfd/Images/CFD/BM-235/CFD-BM-235-226-N.jpg,z,2
1,2,142,test,0,female,Black,female,White,neutral,,,,rearranged,z,994,True,False,,2,,,,False,317,BF-230,materials/cfd/Images/CFD/BF-230/CFD-BF-230-189-N.jpg,WF-223,materials/cfd/Images/CFD/WF-223/CFD-WF-223-133-N.jpg,z,2
1,2,143,test,0,female,White,male,Black,happy,,,,intact,z,1551,False,False,,2,,,,False,319,WF-036,materials/cfd/Images/CFD/WF-036/CFD-WF-036-023-N.jpg,BM-040,materials/cfd/Images/CFD/BM-040/CFD-BM-040-030-HO.jpg,m,2
1,2,144,test,0,male,White,male,Black,neutral,,,,rearranged,m,1587,False,False,,2,,,,False,321,WM-248,materials/cfd/Images/CFD/WM-248/CFD-WM-248-036-N.jpg,BM-036,materials/cfd/Images/CFD/BM-036/CFD-BM-036-003-N.jpg,z,2
1,2,145,test,0,male,Black,female,White,angry,,,,rearranged,m,1183,False,False,,2,,,,False,323,BM-228,materials/cfd/Images/CFD/BM-228/CFD-BM-228-145-N.jpg,WF-019,materials/cfd/Images/CFD/WF-019/CFD-WF-019-015-A.jpg,z,2
1,2,146,test,0,male,Black,male,Black,angry,,,,rearranged,z,1171,True,False,,2,,,,False,325,BM-004,materials/cfd/Images/CFD/BM-004/CFD-BM-004-002-N.jpg,BM-043,materials/cfd/Images/CFD/BM-043/CFD-BM-043-014-A.jpg,z,2
1,2,147,test,0,female,Black,male,White,neutral,,,,intact,z,1543,False,False,,2,,,,False,327,BF-246,materials/cfd/Images/CFD/BF-246/CFD-BF-246-170-N.jpg,WM-250,materials/cfd/Images/CFD/WM-250/CFD-WM-250-157-N.jpg,m,2
1,2,148,test,0,male,White,male,White,happy,,,,rearranged,z,1291,True,False,,2,,,,False,329,WM-201,materials/cfd/Images/CFD/WM-201/CFD-WM-201-063-N.jpg,WM-004,materials/cfd/Images/CFD/WM-004/CFD-WM-004-006-HO.jpg,z,2
1,2,149,test,0,female,Black,female,Black,angry,,,,rearranged,m,1397,False,False,,2,,,,False,331,BF-016,materials/cfd/Images/CFD/BF-016/CFD-BF-016-017-N.jpg,BF-005,materials/cfd/Images/CFD/BF-005/CFD-BF-005-020-A.jpg,z,2
1,2,150,test,0,male,Asian,male,White,angry,,,,rearranged,z,1270,True,False,,2,,,,False,333,AM-203,materials/cfd/Images/CFD/AM-203/CFD-AM-203-086-N.jpg,WM-021,materials/cfd/Images/CFD/WM-021/CFD-WM-021-009-A.jpg,z,2
1,2,151,test,1,female,Asian,male,Black,angry,,,,rearranged,m,1085,False,False,,2,,,,False,336,AF-237,materials/cfd/Images/CFD/AF-237/CFD-AF-237-223-N.jpg,BM-005,materials/cfd/Images/CFD/BM-005/CFD-BM-005-010-A.jpg,z,2
1,2,152,test,1,male,Latino,female,Black,neutral,,,,intact,,,False,True,,2,,,,False,338,LM-221,materials/cfd/Images/CFD/LM-221/CFD-LM-221-216-N.jpg,BF-238,materials/cfd/Images/CFD/BF-238/CFD-BF-238-190-N.jpg,m,2
1,2,153,test,1,female,Latino,female,White,angry,,,,rearranged,z,1495,True,False,,2,,,,False,340,LF-244,materials/cfd/Images/CFD/LF-244/CFD-LF-244-096-N.jpg,WF-025,materials/cfd/Images/CFD/WF-025/CFD-WF-025-015-A.jpg,z,2
1,2,154,test,1,male,Black,male,Black,neutral,,,,rearranged,z,1570,True,False,,2,,,,False,342,BM-234,materials/cfd/Images/CFD/BM-234/CFD-BM-234-172-N.jpg,BM-025,materials/cfd/Images/CFD/BM-025/CFD-BM-025-035-N.jpg,z,2
1,2,155,test,1,male,Latino,female,Black,angry,,,,rearranged,z,959,True,False,,2,,,,False,344,LM-203,materials/cfd/Images/CFD/LM-203/CFD-LM-203-026-N.jpg,BF-025,materials/cfd/Images/CFD/BF-025/CFD-BF-025-011-A.jpg,z,2
1,2,156,test,1,female,White,male,White,angry,,,,intact,m,1627,True,False,,2,,,,False,346,WF-012,materials/cfd/Images/CFD/WF-012/CFD-WF-012-002-N.jpg,WM-015,materials/cfd/Images/CFD/WM-015/CFD-WM-015-017-A.jpg,m,2
1,2,157,test,1,female,Black,male,Black,happy,,,,rearranged,z,1540,True,False,,2,,,,False,348,BF-042,materials/cfd/Images/CFD/BF-042/CFD-BF-042-026-N.jpg,BM-037,materials/cfd/Images/CFD/BM-037/CFD-BM-037-036-HO.jpg,z,2
1,2,158,test,1,male,Asian,male,White,happy,,,,rearranged,z,2263,True,False,,2,,,,False,350,AM-207,materials/cfd/Images/CFD/AM-207/CFD-AM-207-108-N.jpg,WM-009,materials/cfd/Images/CFD/WM-009/CFD-WM-009-004-HO.jpg,z,2
1,2,159,test,1,female,Latino,male,Black,happy,,,,intact,z,1491,False,False,,2,,,,False,352,LF-220,materials/cfd/Images/CFD/LF-220/CFD-LF-220-120-N.jpg,BM-011,materials/cfd/Images/CFD/BM-011/CFD-BM-011-017-HO.jpg,m,2
1,2,160,test,1,female,White,male,Black,neutral,,,,rearranged,,,False,True,,2,,,,False,354,WF-008,materials/cfd/Images/CFD/WF-008/CFD-WF-008-002-N.jpg,BM-248,materials/cfd/Images/CFD/BM-248/CFD-BM-248-128-N.jpg,z,2
1,2,161,test,1,female,Asian,male,Black,neutral,,,,intact,z,2072,False,False,,2,,,,False,356,AF-202,materials/cfd/Images/CFD/AF-202/CFD-AF-202-122-N.jpg,BM-018,materials/cfd/Images/CFD/BM-018/CFD-BM-018-001-N.jpg,m,2
1,2,162,test,1,male,Asian,female,White,happy,,,,rearranged,m,837,False,False,,2,,,,False,358,AM-234,materials/cfd/Images/CFD/AM-234/CFD-AM-234-355-N.jpg,WF-030,materials/cfd/Images/CFD/WF-030/CFD-WF-030-003-HO.jpg,z,2
1,2,163,test,1,male,Asian,female,Black,angry,,,,intact,z,1172,False,False,,2,,,,False,360,AM-215,materials/cfd/Images/CFD/AM-215/CFD-AM-215-120-N.jpg,BF-019,materials/cfd/Images/CFD/BF-019/CFD-BF-019-023-A.jpg,m,2
1,2,164,test,1,male,Black,female,Black,neutral,,,,intact,m,1645,True,False,,2,,,,False,362,BM-027,materials/cfd/Images/CFD/BM-027/CFD-BM-027-001-N.jpg,BF-048,materials/cfd/Images/CFD/BF-048/CFD-BF-048-002-N.jpg,m,2
1,2,165,test,1,male,Latino,female,Black,happy,,,,intact,z,1958,False,False,,2,,,,False,364,LM-238,materials/cfd/Images/CFD/LM-238/CFD-LM-238-129-N.jpg,BF-039,materials/cfd/Images/CFD/BF-039/CFD-BF-039-033-HO.jpg,m,2
1,2,166,test,1,male,Latino,female,Black,happy,,,,rearranged,m,1629,False,False,,2,,,,False,366,LM-246,materials/cfd/Images/CFD/LM-246/CFD-LM-246-087-N.jpg,BF-015,materials/cfd/Images/CFD/BF-015/CFD-BF-015-006-HO.jpg,z,2
1,2,167,test,1,male,Asian,male,White,neutral,,,,rearranged,z,2558,True,False,,2,,,,False,368,AM-224,materials/cfd/Images/CFD/AM-224/CFD-AM-224-126-N.jpg,WM-220,materials/cfd/Images/CFD/WM-220/CFD-WM-220-068-N.jpg,z,2
1,2,168,test,1,female,Asian,female,White,neutral,,,,intact,m,1606,True,False,,2,,,,False,370,AF-200,materials/cfd/Images/CFD/AF-200/CFD-AF-200-228-N.jpg,WF-205,materials/cfd/Images/CFD/WF-205/CFD-WF-205-006-N.jpg,m,2
1,2,169,test,1,female,Latino,female,Black,happy,,,,rearranged,z,1332,True,False,,2,,,,False,372,LF-253,materials/cfd/Images/CFD/LF-253/CFD-LF-253-003-N.jpg,BF-031,materials/cfd/Images/CFD/BF-031/CFD-BF-031-051-HO.jpg,z,2
1,2,170,test,1,female,Latino,female,Black,happy,,,,rearranged,z,1744,True,False,,2,,,,False,374,LF-225,materials/cfd/Images/CFD/LF-225/CFD-LF-225-164-N.jpg,BF-041,materials/cfd/Images/CFD/BF-041/CFD-BF-041-004-HO.jpg,z,2
1,2,171,test,1,male,Latino,male,White,neutral,,,,intact,z,2115,False,False,,2,,,,False,376,LM-209,materials/cfd/Images/CFD/LM-209/CFD-LM-209-111-N.jpg,WM-251,materials/cfd/Images/CFD/WM-251/CFD-WM-251-002-N.jpg,m,2
1,2,172,test,1,female,Black,male,Black,happy,,,,rearranged,z,2112,True,False,,2,,,,False,378,BF-024,materials/cfd/Images/CFD/BF-024/CFD-BF-024-002-N.jpg,BM-039,materials/cfd/Images/CFD/BM-039/CFD-BM-039-034-HO.jpg,z,2
1,2,173,test,1,female,Latino,female,Black,angry,,,,intact,m,2842,True,False,,2,,,,False,380,LF-241,materials/cfd/Images/CFD/LF-241/CFD-LF-241-188-N.jpg,BF-010,materials/cfd/Images/CFD/BF-010/CFD-BF-010-019-A.jpg,m,2
1,2,174,test,1,female,White,male,Black,neutral,,,,rearranged,z,782,True,False,,2,,,,False,382,WF-242,materials/cfd/Images/CFD/WF-242/CFD-WF-242-001-N.jpg,BM-218,materials/cfd/Images/CFD/BM-218/CFD-BM-218-132-N.jpg,z,2
1,2,175,test,1,female,Black,female,White,neutral,,,,intact,z,1879,False,False,,2,,,,False,384,BF-231,materials/cfd/Images/CFD/BF-231/CFD-BF-231-202-N.jpg,WF-248,materials/cfd/Images/CFD/WF-248/CFD-WF-248-129-N.jpg,m,2
1,2,176,test,1,male,White,female,Black,neutral,,,,rearranged,z,442,True,False,,2,,,,False,386,WM-025,materials/cfd/Images/CFD/WM-025/CFD-WM-025-002-N.jpg,BF-008,materials/cfd/Images/CFD/BF-008/CFD-BF-008-001-N.jpg,z,2
1,2,177,test,1,female,Latino,female,Black,angry,,,,intact,z,1142,False,False,,2,,,,False,388,LF-230,materials/cfd/Images/CFD/LF-230/CFD-LF-230-203-N.jpg,BF-036,materials/cfd/Images/CFD/BF-036/CFD-BF-036-020-A.jpg,m,2
1,2,178,test,1,male,Black,male,White,happy,,,,intact,z,376,False,False,,2,,,,False,390,BM-239,materials/cfd/Images/CFD/BM-239/CFD-BM-239-136-N.jpg,WM-032,materials/cfd/Images/CFD/WM-032/CFD-WM-032-004-HO.jpg,m,2
1,2,179,test,1,male,Latino,female,Black,neutral,,,,intact,m,1187,True,False,,2,,,,False,392,LM-225,materials/cfd/Images/CFD/LM-225/CFD-LM-225-130-N.jpg,BF-233,materials/cfd/Images/CFD/BF-233/CFD-BF-233-116-N.jpg,m,2
1,2,180,test,1,male,Black,female,Black,angry,,,,intact,m,1215,True,False,,2,,,,False,394,BM-225,materials/cfd/Images/CFD/BM-225/CFD-BM-225-154-N.jpg,BF-037,materials/cfd/Images/CFD/BF-037/CFD-BF-037-013-A.jpg,m,2
2,2,1,study,0,male,Latino,female,Black,happy,,,,,,,False,True,,1,,,,False,17,LM-221,materials/cfd/Images/CFD/LM-221/CFD-LM-221-216-N.jpg,BF-023,materials/cfd/Images/CFD/BF-023/CFD-BF-023-003-HO.jpg,m,1
2,2,2,study,0,female,Black,male,Black,happy,,,,,z,1505,True,False,,1,,,,False,19,BF-202,materials/cfd/Images/CFD/BF-202/CFD-BF-202-109-N.jpg,BM-036,materials/cfd/Images/CFD/BM-036/CFD-BM-036-004-HO.jpg,z,1
2,2,3,study,0,male,White,female,Black,neutral,,,,,z,1866,False,False,,1,,,,False,21,WM-202,materials/cfd/Images/CFD/WM-202/CFD-WM-202-107-N.jpg,BF-234,materials/cfd/Images/CFD/BF-234/CFD-BF-234-167-N.jpg,m,1
2,2,4,study,0,female,White,female,Black,neutral,,,,,z,1178,True,False,,1,,,,False,23,WF-203,materials/cfd/Images/CFD/WF-203/CFD-WF-203-229-N.jpg,BF-237,materials/cfd/Images/CFD/BF-237/CFD-BF-237-172-N.jpg,z,1
2,2,5,study,0,male,Asian,male,White,happy,,,,,m,1320,True,False,,1,,,,False,25,AM-201,materials/cfd/Images/CFD/AM-201/CFD-AM-201-076-N.jpg,WM-019,materials/cfd/Images/CFD/WM-019/CFD-WM-019-009-HO.jpg,m,1
2,2,6,study,0,female,Latino,male,Black,neutral,,,,,m,932,False,False,,1,,,,False,27,LF-213,materials/cfd/Images/CFD/LF-213/CFD-LF-213-079-N.jpg,BM-243,materials/cfd/Images/CFD/BM-243/CFD-BM-243-218-N.jpg,z,1
2,2,7,study,0,female,White,male,Black,angry,,,,,m,1299,False,False,,1,,,,False,29,WF-022,materials/cfd/Images/CFD/WF-022/CFD-WF-022-017-N.jpg,BM-038,materials/cfd/Images/CFD/BM-038/CFD-BM-038-038-A.jpg,z,1
2,2,8,study,0,female,Black,female,White,angry,,,,,z,2178,True,False,,1,,,,False,31,BF-216,materials/cfd/Images/CFD/BF-216/CFD-BF-216-132-N.jpg,WF-027,materials/cfd/Images/CFD/WF-027/CFD-WF-027-014-A.jpg,z,1
2,2,9,study,0,female,Latino,female,Black,happy,,,,,z,1109,True,False,,1,,,,False,33,LF-200,materials/cfd/Images/CFD/LF-200/CFD-LF-200-058-N.jpg,BF-017,materials/cfd/Images/CFD/BF-017/CFD-BF-017-004-HO.jpg,z,1
2,2,10,study,0,male,Black,female,Black,happy,,,,,z,1024,False,False,,1,,,,False,35,BM-234,materials/cfd/Images/CFD/BM-234/CFD-BM-234-172-N.jpg,BF-002,materials/cfd/Images/CFD/BF-002/CFD-BF-002-004-HO.jpg,m,1
2,2,11,study,0,male,Black,male,White,happy,,,,,m,2248,True,False,,1,,,,False,37,BM-046,materials/cfd/Images/CFD/BM-046/CFD-BM-046-006-N.jpg,WM-031,materials/cfd/Images/CFD/WM-031/CFD-WM-031-004-HO.jpg,m,1
2,2,12,study,0,male,Black,male,Black,happy,,,,,m,1236,True,False,,1,,,,False,39,BM-250,materials/cfd/Images/CFD/BM-250/CFD-BM-250-170-N.jpg,BM-026,materials/cfd/Images/CFD/BM-026/CFD-BM-026-009-HO.jpg,m,1
2,2,13,study,0,female,White,female,Black,happy,,,,,z,1396,True,False,,1,,,,False,41,WF-216,materials/cfd/Images/CFD/WF-216/CFD-WF-216-079-N.jpg,BF-005,materials/cfd/Images/CFD/BF-005/CFD-BF-005-005-HO.jpg,z,1
2,2,14,study,0,female,Latino,male,Black,neutral,,,,,z,1681,True,False,,1,,,,False,43,LF-225,materials/cfd/Images/CFD/LF-225/CFD-LF-225-164-N.jpg,BM-219,materials/cfd/Images/CFD/BM-219/CFD-BM-219-141-N.jpg,z,1
2,2,15,study,0,male,White,male,Black,happy,,,,,m,1264,True,False,,1,,,,False,45,WM-002,materials/cfd/Images/CFD/WM-002/CFD-WM-002-009-N.jpg,BM-031,materials/cfd/Images/CFD/BM-031/CFD-BM-031-004-HO.jpg,m,1
2,2,16,study,0,female,Black,female,Black,angry,,,,,z,1243,True,False,,1,,,,False,47,BF-045,materials/cfd/Images/CFD/BF-045/CFD-BF-045-003-N.jpg,BF-038,materials/cfd/Images/CFD/BF-038/CFD-BF-038-029-A.jpg,z,1
2,2,17,study,0,male,Latino,male,Black,happy,,,,,m,1542,True,False,,1,,,,False,49,LM-219,materials/cfd/Images/CFD/LM-219/CFD-LM-219-295-N.jpg,BM-015,materials/cfd/Images/CFD/BM-015/CFD-BM-015-016-HO.jpg,m,1
2,2,18,study,0,male,White,female,White,angry,,,,,z,1415,False,False,,1,,,,False,51,WM-236,materials/cfd/Images/CFD/WM-236/CFD-WM-236-072-N.jpg,WF-019,materials/cfd/Images/CFD/WF-019/CFD-WF-019-015-A.jpg,m,1
2,2,19,study,0,male,White,male,Black,angry,,,,,m,1374,True,False,,1,,,,False,53,WM-233,materials/cfd/Images/CFD/WM-233/CFD-WM-233-106-N.jpg,BM-001,materials/cfd/Images/CFD/BM-001/CFD-BM-001-022-A.jpg,m,1
2,2,20,study,0,female,Asian,male,White,angry,,,,,z,1524,True,False,,1,,,,False,55,AF-246,materials/cfd/Images/CFD/AF-246/CFD-AF-246-242-N.jpg,WM-028,materials/cfd/Images/CFD/WM-028/CFD-WM-028-029-A.jpg,z,1
2,2,21,study,0,female,White,male,White,happy,,,,,m,1664,False,False,,1,,,,False,57,WF-251,materials/cfd/Images/CFD/WF-251/CFD-WF-251-014-N.jpg,WM-022,materials/cfd/Images/CFD/WM-022/CFD-WM-022-005-HO.jpg,z,1
2,2,22,study,0,female,Asian,male,White,neutral,,,,,m,1824,False,False,,1,,,,False,59,AF-223,materials/cfd/Images/CFD/AF-223/CFD-AF-223-183-N.jpg,WM-222,materials/cfd/Images/CFD/WM-222/CFD-WM-222-057-N.jpg,z,1
2,2,23,study,0,male,Latino,male,Black,angry,,,,,m,889,True,False,,1,,,,False,61,LM-253,materials/cfd/Images/CFD/LM-253/CFD-LM-253-075-N.jpg,BM-041,materials/cfd/Images/CFD/BM-041/CFD-BM-041-048-A.jpg,m,1
2,2,24,study,0,male,Asian,female,White,angry,,,,,z,1291,False,False,,1,,,,False,63,AM-241,materials/cfd/Images/CFD/AM-241/CFD-AM-241-287-N.jpg,WF-010,materials/cfd/Images/CFD/WF-010/CFD-WF-010-014-A.jpg,m,1
2,2,25,study,0,female,Black,male,Black,happy,,,,,m,974,False,False,,1,,,,False,65,BF-035,materials/cfd/Images/CFD/BF-035/CFD-BF-035-001-N.jpg,BM-020,materials/cfd/Images/CFD/BM-020/CFD-BM-020-026-HO.jpg,z,1
2,2,26,study,0,female,Latino,male,Black,angry,,,,,m,1438,False,False,,1,,,,False,67,LF-227,materials/cfd/Images/CFD/LF-227/CFD-LF-227-054-N.jpg,BM-028,materials/cfd/Images/CFD/BM-028/CFD-BM-028-012-A.jpg,z,1
2,2,27,study,0,male,Asian,female,Black,neutral,,,,,z,1371,False,False,,1,,,,False,69,AM-206,materials/cfd/Images/CFD/AM-206/CFD-AM-206-086-N.jpg,BF-209,materials/cfd/Images/CFD/BF-209/CFD-BF-209-172-N.jpg,m,1
2,2,28,study,0,male,Black,female,Black,angry,,,,,z,1431,False,False,,1,,,,False,71,BM-228,materials/cfd/Images/CFD/BM-228/CFD-BM-228-145-N.jpg,BF-014,materials/cfd/Images/CFD/BF-014/CFD-BF-014-013-A.jpg,m,1
2,2,29,study,0,female,White,female,Black,angry,,,,,z,1536,True,False,,1,,,,False,73,WF-005,materials/cfd/Images/CFD/WF-005/CFD-WF-005-010-N.jpg,BF-049,materials/cfd/Images/CFD/BF-049/CFD-BF-049-039-A.jpg,z,1
2,2,30,study,0,male,Black,female,White,angry,,,,,m,1820,True,False,,1,,,,False,75,BM-224,materials/cfd/Images/CFD/BM-224/CFD-BM-224-073-N.jpg,WF-034,materials/cfd/Images/CFD/WF-034/CFD-WF-034-016-A.jpg,m,1
2,2,31,study,1,female,White,male,White,angry,,,,,m,1065,False,False,,1,,,,False,78,WF-017,materials/cfd/Images/CFD/WF-017/CFD-WF-017-003-N.jpg,WM-029,materials/cfd/Images/CFD/WM-029/CFD-WM-029-014-A.jpg,z,1
2,2,32,study,1,male,Black,male,White,neutral,,,,,z,1743,False,False,,1,,,,False,80,BM-023,materials/cfd/Images/CFD/BM-023/CFD-BM-023-029-N.jpg,WM-224,materials/cfd/Images/CFD/WM-224/CFD-WM-224-197-N.jpg,m,1
2,2,33,study,1,female,Black,male,White,happy,,,,,z,1527,True,False,,1,,,,False,82,BF-013,materials/cfd/Images/CFD/BF-013/CFD-BF-013-001-N.jpg,WM-038,materials/cfd/Images/CFD/WM-038/CFD-WM-038-005-HO.jpg,z,1
2,2,34,study,1,male,Asian,female,White,neutral,,,,,z,1353,False,False,,1,,,,False,84,AM-236,materials/cfd/Images/CFD/AM-236/CFD-AM-236-090-N.jpg,WF-208,materials/cfd/Images/CFD/WF-208/CFD-WF-208-068-N.jpg,m,1
2,2,35,study,1,male,Asian,male,White,neutral,,,,,m,1426,True,False,,1,,,,False,86,AM-219,materials/cfd/Images/CFD/AM-219/CFD-AM-219-101-N.jpg,WM-221,materials/cfd/Images/CFD/WM-221/CFD-WM-221-091-N.jpg,m,1
2,2,36,study,1,male,White,female,Black,happy,,,,,z,1426,False,False,,1,,,,False,88,WM-210,materials/cfd/Images/CFD/WM-210/CFD-WM-210-057-N.jpg,BF-040,materials/cfd/Images/CFD/BF-040/CFD-BF-040-043-HO.jpg,m,1
2,2,37,study,1,female,Black,female,White,neutral,,,,,z,975,True,False,,1,,,,False,90,BF-016,materials/cfd/Images/CFD/BF-016/CFD-BF-016-017-N.jpg,WF-018,materials/cfd/Images/CFD/WF-018/CFD-WF-018-017-N.jpg,z,1
2,2,38,study,1,male,White,male,White,neutral,,,,,m,1370,True,False,,1,,,,False,92,WM-225,materials/cfd/Images/CFD/WM-225/CFD-WM-225-127-N.jpg,WM-039,materials/cfd/Images/CFD/WM-039/CFD-WM-039-018-N.jpg,m,1
2,2,39,study,1,female,Black,male,Black,neutral,,,,,z,791,True,False,,1,,,,False,94,BF-201,materials/cfd/Images/CFD/BF-201/CFD-BF-201-080-N.jpg,BM-253,materials/cfd/Images/CFD/BM-253/CFD-BM-253-004-N.jpg,z,1
2,2,40,study,1,male,Asian,female,Black,happy,,,,,m,1674,True,False,,1,,,,False,96,AM-240,materials/cfd/Images/CFD/AM-240/CFD-AM-240-191-N.jpg,BF-030,materials/cfd/Images/CFD/BF-030/CFD-BF-030-007-HO.jpg,m,1
2,2,41,study,1,female,Black,female,Black,happy,,,,,z,847,True,False,,1,,,,False,98,BF-008,materials/cfd/Images/CFD/BF-008/CFD-BF-008-001-N.jpg,BF-021,materials/cfd/Images/CFD/BF-021/CFD-BF-021-014-HO.jpg,z,1
2,2,42,study,1,male,Black,male,Black,neutral,,,,,m,788,True,False,,1,,,,False,100,BM-217,materials/cfd/Images/CFD/BM-217/CFD-BM-217-082-N.jpg,BM-236,materials/cfd/Images/CFD/BM-236/CFD-BM-236-248-N.jpg,m,1
2,2,43,study,1,male,Latino,male,White,angry,,,,,m,831,True,False,,1,,,,False,102,LM-225,materials/cfd/Images/CFD/LM-225/CFD-LM-225-130-N.jpg,WM-026,materials/cfd/Images/CFD/WM-026/CFD-WM-026-019-A.jpg,m,1
2,2,44,study,1,male,White,female,Black,angry,,,,,z,1416,False,False,,1,,,,False,104,WM-239,materials/cfd/Images/CFD/WM-239/CFD-WM-239-128-N.jpg,BF-033,materials/cfd/Images/CFD/BF-033/CFD-BF-033-016-A.jpg,m,1
2,2,45,study,1,male,White,male,Black,neutral,,,,,m,610,True,False,,1,,,,False,106,WM-229,materials/cfd/Images/CFD/WM-229/CFD-WM-229-129-N.jpg,BM-235,materials/cfd/Images/CFD/BM-235/CFD-BM-235-226-N.jpg,m,1
2,2,46,study,1,male,White,female,Black,neutral,,,,,m,759,True,False,,1,,,,False,108,WM-255,materials/cfd/Images/CFD/WM-255/CFD-WM-255-219-N.jpg,BF-039,materials/cfd/Images/CFD/BF-039/CFD-BF-039-031-N.jpg,m,1
2,2,47,study,1,female,Black,female,White,neutral,,,,,z,957,True,False,,1,,,,False,110,BF-238,materials/cfd/Images/CFD/BF-238/CFD-BF-238-190-N.jpg,WF-026,materials/cfd/Images/CFD/WF-026/CFD-WF-026-002-N.jpg,z,1
2,2,48,study,1,female,Black,male,Black,neutral,,,,,m,1724,False,False,,1,,,,False,112,BF-042,materials/cfd/Images/CFD/BF-042/CFD-BF-042-026-N.jpg,BM-005,materials/cfd/Images/CFD/BM-005/CFD-BM-005-003-N.jpg,z,1
2,2,49,study,1,female,Black,female,White,angry,,,,,z,1501,True,False,,1,,,,False,114,BF-031,materials/cfd/Images/CFD/BF-031/CFD-BF-031-002-N.jpg,WF-014,materials/cfd/Images/CFD/WF-014/CFD-WF-014-012-A.jpg,z,1
2,2,50,study,1,male,Asian,female,White,neutral,,,,,z,1040,False,False,,1,,,,False,116,AM-218,materials/cfd/Images/CFD/AM-218/CFD-AM-218-085-N.jpg,WF-224,materials/cfd/Images/CFD/WF-224/CFD-WF-224-099-N.jpg,m,1
2,2,51,study,1,male,Asian,male,White,angry,,,,,m,1825,True,False,,1,,,,False,118,AM-226,materials/cfd/Images/CFD/AM-226/CFD-AM-226-234-N.jpg,WM-041,materials/cfd/Images/CFD/WM-041/CFD-WM-041-009-A.jpg,m,1
2,2,52,study,1,female,Black,male,Black,happy,,,,,z,590,True,False,,1,,,,False,120,BF-019,materials/cfd/Images/CFD/BF-019/CFD-BF-019-001-N.jpg,BM-018,materials/cfd/Images/CFD/BM-018/CFD-BM-018-007-HO.jpg,z,1
2,2,53,study,1,female,Latino,female,Black,happy,,,,,z,730,True,False,,1,,,,False,122,LF-249,materials/cfd/Images/CFD/LF-249/CFD-LF-249-132-N.jpg,BF-034,materials/cfd/Images/CFD/BF-034/CFD-BF-034-005-HO.jpg,z,1
2,2,54,study,1,female,White,female,White,angry,,,,,z,722,True,False,,1,,,,False,124,WF-249,materials/cfd/Images/CFD/WF-249/CFD-WF-249-126-N.jpg,WF-006,materials/cfd/Images/CFD/WF-006/CFD-WF-006-019-A.jpg,z,1
2,2,55,study,1,female,Asian,female,White,neutral,,,,,z,619,True,False,,1,,,,False,126,AF-202,materials/cfd/Images/CFD/AF-202/CFD-AF-202-122-N.jpg,WF-030,materials/cfd/Images/CFD/WF-030/CFD-WF-030-002-N.jpg,z,1
2,2,56,study,1,female,Asian,male,White,angry,,,,,z,1142,True,False,,1,,,,False,128,AF-215,materials/cfd/Images/CFD/AF-215/CFD-AF-215-70-N.jpg,WM-006,materials/cfd/Images/CFD/WM-006/CFD-WM-006-022-A.jpg,z,1
2,2,57,study,1,female,Asian,female,Black,neutral,,,,,z,1014,True,False,,1,,,,False,130,AF-239,materials/cfd/Images/CFD/AF-239/CFD-AF-239-171-N.jpg,BF-233,materials/cfd/Images/CFD/BF-233/CFD-BF-233-116-N.jpg,z,1
2,2,58,study,1,male,White,female,White,happy,,,,,z,1166,False,False,,1,,,,False,132,WM-240,materials/cfd/Images/CFD/WM-240/CFD-WM-240-125-N.jpg,WF-001,materials/cfd/Images/CFD/WF-001/CFD-WF-001-009-HO.jpg,m,1
2,2,59,study,1,male,Latino,male,Black,angry,,,,,m,633,True,False,,1,,,,False,134,LM-244,materials/cfd/Images/CFD/LM-244/CFD-LM-244-068-N.jpg,BM-002,materials/cfd/Images/CFD/BM-002/CFD-BM-002-016-A.jpg,m,1
2,2,60,study,1,female,Latino,female,Black,happy,,,,,z,842,True,False,,1,,,,False,136,LF-222,materials/cfd/Images/CFD/LF-222/CFD-LF-222-147-N.jpg,BF-025,materials/cfd/Images/CFD/BF-025/CFD-BF-025-005-HO.jpg,z,1
2,2,61,study,0,male,White,female,White,angry,,,,,z,1501,False,False,,1,,,,False,139,WM-236,materials/cfd/Images/CFD/WM-236/CFD-WM-236-072-N.jpg,WF-019,materials/cfd/Images/CFD/WF-019/CFD-WF-019-015-A.jpg,m,1
2,2,62,study,0,female,Black,female,White,neutral,,,,,z,916,True,False,,1,,,,False,141,BF-016,materials/cfd/Images/CFD/BF-016/CFD-BF-016-017-N.jpg,WF-018,materials/cfd/Images/CFD/WF-018/CFD-WF-018-017-N.jpg,z,1
2,2,63,study,0,female,Black,female,White,angry,,,,,z,712,True,False,,1,,,,False,143,BF-031,materials/cfd/Images/CFD/BF-031/CFD-BF-031-002-N.jpg,WF-014,materials/cfd/Images/CFD/WF-014/CFD-WF-014-012-A.jpg,z,1
2,2,64,study,0,male,White,male,Black,angry,,,,,m,915,True,False,,1,,,,False,145,WM-233,materials/cfd/Images/CFD/WM-233/CFD-WM-233-106-N.jpg,BM-001,materials/cfd/Images/CFD/BM-001/CFD-BM-001-022-A.jpg,m,1
2,2,65,study,0,female,Black,male,Black,happy,,,,,m,978,False,False,,1,,,,False,147,BF-035,materials/cfd/Images/CFD/BF-035/CFD-BF-035-001-N.jpg,BM-020,materials/cfd/Images/CFD/BM-020/CFD-BM-020-026-HO.jpg,z,1
2,2,66,study,0,female,White,male,White,happy,,,,,z,670,True,False,,1,,,,False,149,WF-251,materials/cfd/Images/CFD/WF-251/CFD-WF-251-014-N.jpg,WM-022,materials/cfd/Images/CFD/WM-022/CFD-WM-022-005-HO.jpg,z,1
2,2,67,study,0,male,Black,male,Black,happy,,,,,m,689,True,False,,1,,,,False,151,BM-250,materials/cfd/Images/CFD/BM-250/CFD-BM-250-170-N.jpg,BM-026,materials/cfd/Images/CFD/BM-026/CFD-BM-026-009-HO.jpg,m,1
2,2,68,study,0,male,Black,female,White,angry,,,,,m,853,True,False,,1,,,,False,153,BM-224,materials/cfd/Images/CFD/BM-224/CFD-BM-224-073-N.jpg,WF-034,materials/cfd/Images/CFD/WF-034/CFD-WF-034-016-A.jpg,m,1
2,2,69,study,0,female,Asian,male,White,angry,,,,,z,1031,True,False,,1,,,,False,155,AF-246,materials/cfd/Images/CFD/AF-246/CFD-AF-246-242-N.jpg,WM-028,materials/cfd/Images/CFD/WM-028/CFD-WM-028-029-A.jpg,z,1
2,2,70,study,0,female,Black,female,White,neutral,,,,,z,885,True,False,,1,,,,False,157,BF-238,materials/cfd/Images/CFD/BF-238/CFD-BF-238-190-N.jpg,WF-026,materials/cfd/Images/CFD/WF-026/CFD-WF-026-002-N.jpg,z,1
2,2,71,study,0,male,White,female,Black,angry,,,,,m,721,True,False,,1,,,,False,159,WM-239,materials/cfd/Images/CFD/WM-239/CFD-WM-239-128-N.jpg,BF-033,materials/cfd/Images/CFD/BF-033/CFD-BF-033-016-A.jpg,m,1
2,2,72,study,0,male,White,male,Black,happy,,,,,m,1007,True,False,,1,,,,False,161,WM-002,materials/cfd/Images/CFD/WM-002/CFD-WM-002-009-N.jpg,BM-031,materials/cfd/Images/CFD/BM-031/CFD-BM-031-004-HO.jpg,m,1
2,2,73,study,0,female,White,female,White,angry,,,,,z,658,True,False,,1,,,,False,163,WF-249,materials/cfd/Images/CFD/WF-249/CFD-WF-249-126-N.jpg,WF-006,materials/cfd/Images/CFD/WF-006/CFD-WF-006-019-A.jpg,z,1
2,2,74,study,0,male,White,female,Black,neutral,,,,,m,724,True,False,,1,,,,False,165,WM-255,materials/cfd/Images/CFD/WM-255/CFD-WM-255-219-N.jpg,BF-039,materials/cfd/Images/CFD/BF-039/CFD-BF-039-031-N.jpg,m,1
2,2,75,study,0,female,Black,male,Black,happy,,,,,m,930,False,False,,1,,,,False,167,BF-019,materials/cfd/Images/CFD/BF-019/CFD-BF-019-001-N.jpg,BM-018,materials/cfd/Images/CFD/BM-018/CFD-BM-018-007-HO.jpg,z,1
2,2,76,study,0,male,Asian,female,White,angry,,,,,m,836,True,False,,1,,,,False,169,AM-241,materials/cfd/Images/CFD/AM-241/CFD-AM-241-287-N.jpg,WF-010,materials/cfd/Images/CFD/WF-010/CFD-WF-010-014-A.jpg,m,1
2,2,77,study,0,female,Asian,female,Black,neutral,,,,,z,879,True,False,,1,,,,False,171,AF-239,materials/cfd/Images/CFD/AF-239/CFD-AF-239-171-N.jpg,BF-233,materials/cfd/Images/CFD/BF-233/CFD-BF-233-116-N.jpg,z,1
2,2,78,study,0,male,White,male,Black,neutral,,,,,m,707,True,False,,1,,,,False,173,WM-229,materials/cfd/Images/CFD/WM-229/CFD-WM-229-129-N.jpg,BM-235,materials/cfd/Images/CFD/BM-235/CFD-BM-235-226-N.jpg,m,1
2,2,79,study,0,female,Asian,female,White,neutral,,,,,z,735,True,False,,1,,,,False,175,AF-202,materials/cfd/Images/CFD/AF-202/CFD-AF-202-122-N.jpg,WF-030,materials/cfd/Images/CFD/WF-030/CFD-WF-030-002-N.jpg,z,1
2,2,80,study,0,female,Latino,male,Black,neutral,,,,,z,585,True,False,,1,,,,False,177,LF-213,materials/cfd/Images/CFD/LF-213/CFD-LF-213-079-N.jpg,BM-243,materials/cfd/Images/CFD/BM-243/CFD-BM-243-218-N.jpg,z,1
2,2,81,study,0,male,Black,male,White,neutral,,,,,z,806,False,False,,1,,,,False,179,BM-023,materials/cfd/Images/CFD/BM-023/CFD-BM-023-029-N.jpg,WM-224,materials/cfd/Images/CFD/WM-224/CFD-WM-224-197-N.jpg,m,1
2,2,82,study,0,male,Asian,male,White,happy,,,,,m,1110,True,False,,1,,,,False,181,AM-201,materials/cfd/Images/CFD/AM-201/CFD-AM-201-076-N.jpg,WM-019,materials/cfd/Images/CFD/WM-019/CFD-WM-019-009-HO.jpg,m,1
2,2,83,study,0,male,Black,female,Black,angry,,,,,m,1098,True,False,,1,,,,False,183,BM-228,materials/cfd/Images/CFD/BM-228/CFD-BM-228-145-N.jpg,BF-014,materials/cfd/Images/CFD/BF-014/CFD-BF-014-013-A.jpg,m,1
2,2,84,study,0,male,Latino,female,Black,happy,,,,,,,False,True,,1,,,,False,185,LM-221,materials/cfd/Images/CFD/LM-221/CFD-LM-221-216-N.jpg,BF-023,materials/cfd/Images/CFD/BF-023/CFD-BF-023-003-HO.jpg,m,1
2,2,85,study,0,male,White,female,Black,neutral,,,,,m,609,True,False,,1,,,,False,187,WM-202,materials/cfd/Images/CFD/WM-202/CFD-WM-202-107-N.jpg,BF-234,materials/cfd/Images/CFD/BF-234/CFD-BF-234-167-N.jpg,m,1
2,2,86,study,0,female,Latino,female,Black,happy,,,,,z,986,True,False,,1,,,,False,189,LF-222,materials/cfd/Images/CFD/LF-222/CFD-LF-222-147-N.jpg,BF-025,materials/cfd/Images/CFD/BF-025/CFD-BF-025-005-HO.jpg,z,1
2,2,87,study,0,male,Asian,female,White,neutral,,,,,m,830,True,False,,1,,,,False,191,AM-218,materials/cfd/Images/CFD/AM-218/CFD-AM-218-085-N.jpg,WF-224,materials/cfd/Images/CFD/WF-224/CFD-WF-224-099-N.jpg,m,1
2,2,88,study,0,female,Black,female,Black,angry,,,,,z,903,True,False,,1,,,,False,193,BF-045,materials/cfd/Images/CFD/BF-045/CFD-BF-045-003-N.jpg,BF-038,materials/cfd/Images/CFD/BF-038/CFD-BF-038-029-A.jpg,z,1
2,2,89,study,0,female,Black,male,Black,neutral,,,,,z,1526,True,False,,1,,,,False,195,BF-201,materials/cfd/Images/CFD/BF-201/CFD-BF-201-080-N.jpg,BM-253,materials/cfd/Images/CFD/BM-253/CFD-BM-253-004-N.jpg,z,1
2,2,90,study,0,male,White,female,Black,happy,,,,,m,726,True,False,,1,,,,False,197,WM-210,materials/cfd/Images/CFD/WM-210/CFD-WM-210-057-N.jpg,BF-040,materials/cfd/Images/CFD/BF-040/CFD-BF-040-043-HO.jpg,m,1
2,2,91,study,1,male,Latino,male,Black,angry,,,,,,,False,True,,1,,,,False,200,LM-253,materials/cfd/Images/CFD/LM-253/CFD-LM-253-075-N.jpg,BM-041,materials/cfd/Images/CFD/BM-041/CFD-BM-041-048-A.jpg,m,1
2,2,92,study,1,female,White,male,Black,angry,,,,,,,False,True,,1,,,,False,202,WF-022,materials/cfd/Images/CFD/WF-022/CFD-WF-022-017-N.jpg,BM-038,materials/cfd/Images/CFD/BM-038/CFD-BM-038-038-A.jpg,z,1
2,2,93,study,1,male,Asian,female,White,neutral,,,,,m,1513,True,False,,1,,,,False,204,AM-236,materials/cfd/Images/CFD/AM-236/CFD-AM-236-090-N.jpg,WF-208,materials/cfd/Images/CFD/WF-208/CFD-WF-208-068-N.jpg,m,1
2,2,94,study,1,female,Asian,male,White,neutral,,,,,z,559,True,False,,1,,,,False,206,AF-223,materials/cfd/Images/CFD/AF-223/CFD-AF-223-183-N.jpg,WM-222,materials/cfd/Images/CFD/WM-222/CFD-WM-222-057-N.jpg,z,1
2,2,95,study,1,female,Latino,female,Black,happy,,,,,z,593,True,False,,1,,,,False,208,LF-249,materials/cfd/Images/CFD/LF-249/CFD-LF-249-132-N.jpg,BF-034,materials/cfd/Images/CFD/BF-034/CFD-BF-034-005-HO.jpg,z,1
2,2,96,study,1,female,Black,male,Black,happy,,,,,z,734,True,False,,1,,,,False,210,BF-202,materials/cfd/Images/CFD/BF-202/CFD-BF-202-109-N.jpg,BM-036,materials/cfd/Images/CFD/BM-036/CFD-BM-036-004-HO.jpg,z,1
2,2,97,study,1,male,Black,female,Black,happy,,,,,m,773,True,False,,1,,,,False,212,BM-234,materials/cfd/Images/CFD/BM-234/CFD-BM-234-172-N.jpg,BF-002,materials/cfd/Images/CFD/BF-002/CFD-BF-002-004-HO.jpg,m,1
2,2,98,study,1,male,White,female,White,happy,,,,,m,827,True,False,,1,,,,False,214,WM-240,materials/cfd/Images/CFD/WM-240/CFD-WM-240-125-N.jpg,WF-001,materials/cfd/Images/CFD/WF-001/CFD-WF-001-009-HO.jpg,m,1
2,2,99,study,1,female,Black,male,White,happy,,,,,z,1229,True,False,,1,,,,False,216,BF-013,materials/cfd/Images/CFD/BF-013/CFD-BF-013-001-N.jpg,WM-038,materials/cfd/Images/CFD/WM-038/CFD-WM-038-005-HO.jpg,z,1
2,2,100,study,1,female,White,female,Black,angry,,,,,z,1087,True,False,,1,,,,False,218,WF-005,materials/cfd/Images/CFD/WF-005/CFD-WF-005-010-N.jpg,BF-049,materials/cfd/Images/CFD/BF-049/CFD-BF-049-039-A.jpg,z,1
2,2,101,study,1,female,Black,male,Black,neutral,,,,,z,650,True,False,,1,,,,False,220,BF-042,materials/cfd/Images/CFD/BF-042/CFD-BF-042-026-N.jpg,BM-005,materials/cfd/Images/CFD/BM-005/CFD-BM-005-003-N.jpg,z,1
2,2,102,study,1,male,Latino,male,Black,angry,,,,,m,679,True,False,,1,,,,False,222,LM-244,materials/cfd/Images/CFD/LM-244/CFD-LM-244-068-N.jpg,BM-002,materials/cfd/Images/CFD/BM-002/CFD-BM-002-016-A.jpg,m,1
2,2,103,study,1,male,Asian,female,Black,neutral,,,,,m,724,True,False,,1,,,,False,224,AM-206,materials/cfd/Images/CFD/AM-206/CFD-AM-206-086-N.jpg,BF-209,materials/cfd/Images/CFD/BF-209/CFD-BF-209-172-N.jpg,m,1
2,2,104,study,1,male,Latino,male,Black,happy,,,,,m,1210,True,False,,1,,,,False,226,LM-219,materials/cfd/Images/CFD/LM-219/CFD-LM-219-295-N.jpg,BM-015,materials/cfd/Images/CFD/BM-015/CFD-BM-015-016-HO.jpg,m,1
2,2,105,study,1,male,White,male,White,neutral,,,,,m,764,True,False,,1,,,,False,228,WM-225,materials/cfd/Images/CFD/WM-225/CFD-WM-225-127-N.jpg,WM-039,materials/cfd/Images/CFD/WM-039/CFD-WM-039-018-N.jpg,m,1
2,2,106,study,1,female,White,female,Black,neutral,,,,,z,637,True,False,,1,,,,False,230,WF-203,materials/cfd/Images/CFD/WF-203/CFD-WF-203-229-N.jpg,BF-237,materials/cfd/Images/CFD/BF-237/CFD-BF-237-172-N.jpg,z,1
2,2,107,study,1,male,Asian,female,Black,happy,,,,,m,762,True,False,,1,,,,False,232,AM-240,materials/cfd/Images/CFD/AM-240/CFD-AM-240-191-N.jpg,BF-030,materials/cfd/Images/CFD/BF-030/CFD-BF-030-007-HO.jpg,m,1
2,2,108,study,1,female,White,male,White,angry,,,,,z,766,True,False,,1,,,,False,234,WF-017,materials/cfd/Images/CFD/WF-017/CFD-WF-017-003-N.jpg,WM-029,materials/cfd/Images/CFD/WM-029/CFD-WM-029-014-A.jpg,z,1
2,2,109,study,1,female,White,female,Black,happy,,,,,z,919,True,False,,1,,,,False,236,WF-216,materials/cfd/Images/CFD/WF-216/CFD-WF-216-079-N.jpg,BF-005,materials/cfd/Images/CFD/BF-005/CFD-BF-005-005-HO.jpg,z,1
2,2,110,study,1,female,Latino,male,Black,angry,,,,,z,918,True,False,,1,,,,False,238,LF-227,materials/cfd/Images/CFD/LF-227/CFD-LF-227-054-N.jpg,BM-028,materials/cfd/Images/CFD/BM-028/CFD-BM-028-012-A.jpg,z,1
2,2,111,study,1,male,Asian,male,White,neutral,,,,,m,917,True,False,,1,,,,False,240,AM-219,materials/cfd/Images/CFD/AM-219/CFD-AM-219-101-N.jpg,WM-221,materials/cfd/Images/CFD/WM-221/CFD-WM-221-091-N.jpg,m,1
2,2,112,study,1,female,Latino,female,Black,happy,,,,,z,678,True,False,,1,,,,False,242,LF-200,materials/cfd/Images/CFD/LF-200/CFD-LF-200-058-N.jpg,BF-017,materials/cfd/Images/CFD/BF-017/CFD-BF-017-004-HO.jpg,z,1
2,2,113,study,1,male,Black,male,Black,neutral,,,,,m,694,True,False,,1,,,,False,244,BM-217,materials/cfd/Images/CFD/BM-217/CFD-BM-217-082-N.jpg,BM-236,materials/cfd/Images/CFD/BM-236/CFD-BM-236-248-N.jpg,m,1
2,2,114,study,1,female,Black,female,White,angry,,,,,z,796,True,False,,1,,,,False,246,BF-216,materials/cfd/Images/CFD/BF-216/CFD-BF-216-132-N.jpg,WF-027,materials/cfd/Images/CFD/WF-027/CFD-WF-027-014-A.jpg,z,1
2,2,115,study,1,female,Black,female,Black,happy,,,,,z,1036,True,False,,1,,,,False,248,BF-008,materials/cfd/Images/CFD/BF-008/CFD-BF-008-001-N.jpg,BF-021,materials/cfd/Images/CFD/BF-021/CFD-BF-021-014-HO.jpg,z,1
2,2,116,study,1,female,Latino,male,Black,neutral,,,,,z,920,True,False,,1,,,,False,250,LF-225,materials/cfd/Images/CFD/LF-225/CFD-LF-225-164-N.jpg,BM-219,materials/cfd/Images/CFD/BM-219/CFD-BM-219-141-N.jpg,z,1
2,2,117,study,1,female,Asian,male,White,angry,,,,,z,1151,True,False,,1,,,,False,252,AF-215,materials/cfd/Images/CFD/AF-215/CFD-AF-215-70-N.jpg,WM-006,materials/cfd/Images/CFD/WM-006/CFD-WM-006-022-A.jpg,z,1
2,2,118,study,1,male,Black,male,White,happy,,,,,m,1232,True,False,,1,,,,False,254,BM-046,materials/cfd/Images/CFD/BM-046/CFD-BM-046-006-N.jpg,WM-031,materials/cfd/Images/CFD/WM-031/CFD-WM-031-004-HO.jpg,m,1
2,2,119,study,1,male,Asian,male,White,angry,,,,,m,951,True,False,,1,,,,False,256,AM-226,materials/cfd/Images/CFD/AM-226/CFD-AM-226-234-N.jpg,WM-041,materials/cfd/Images/CFD/WM-041/CFD-WM-041-009-A.jpg,m,1
2,2,120,study,1,male,Latino,male,White,angry,,,,,m,1234,True,False,,1,,,,False,258,LM-225,materials/cfd/Images/CFD/LM-225/CFD-LM-225-130-N.jpg,WM-026,materials/cfd/Images/CFD/WM-026/CFD-WM-026-019-A.jpg,m,1
2,2,121,test,0,female,White,female,Black,happy,,,,intact,z,1253,True,False,,1,,,,False,275,WF-216,materials/cfd/Images/CFD/WF-216/CFD-WF-216-079-N.jpg,BF-005,materials/cfd/Images/CFD/BF-005/CFD-BF-005-005-HO.jpg,z,1
2,2,122,test,0,male,Black,male,Black,neutral,,,,intact,z,753,True,False,,1,,,,False,277,BM-217,materials/cfd/Images/CFD/BM-217/CFD-BM-217-082-N.jpg,BM-236,materials/cfd/Images/CFD/BM-236/CFD-BM-236-248-N.jpg,z,1
2,2,123,test,0,male,Black,male,Black,happy,,,,intact,z,1197,True,False,,1,,,,False,279,BM-250,materials/cfd/Images/CFD/BM-250/CFD-BM-250-170-N.jpg,BM-026,materials/cfd/Images/CFD/BM-026/CFD-BM-026-009-HO.jpg,z,1
2,2,124,test,0,male,Asian,male,White,happy,,,,intact,m,1004,False,False,,1,,,,False,281,AM-201,materials/cfd/Images/CFD/AM-201/CFD-AM-201-076-N.jpg,WM-019,materials/cfd/Images/CFD/WM-019/CFD-WM-019-009-HO.jpg,z,1
2,2,125,test,0,male,Latino,male,White,angry,,,,rearranged,z,949,False,False,,1,,,,False,283,LM-253,materials/cfd/Images/CFD/LM-253/CFD-LM-253-075-N.jpg,WM-026,materials/cfd/Images/CFD/WM-026/CFD-WM-026-019-A.jpg,m,1
2,2,126,test,0,female,Black,male,Black,happy,,,,rearranged,m,1919,True,False,,1,,,,False,285,BF-202,materials/cfd/Images/CFD/BF-202/CFD-BF-202-109-N.jpg,BM-020,materials/cfd/Images/CFD/BM-020/CFD-BM-020-026-HO.jpg,m,1
2,2,127,test,0,male,White,female,Black,neutral,,,,intact,m,2497,False,False,,1,,,,False,287,WM-255,materials/cfd/Images/CFD/WM-255/CFD-WM-255-219-N.jpg,BF-039,materials/cfd/Images/CFD/BF-039/CFD-BF-039-031-N.jpg,z,1
2,2,128,test,0,female,White,female,Black,angry,,,,rearranged,z,1178,False,False,,1,,,,False,289,WF-249,materials/cfd/Images/CFD/WF-249/CFD-WF-249-126-N.jpg,BF-038,materials/cfd/Images/CFD/BF-038/CFD-BF-038-029-A.jpg,m,1
2,2,129,test,0,male,Latino,male,Black,happy,,,,rearranged,m,765,True,False,,1,,,,False,291,LM-219,materials/cfd/Images/CFD/LM-219/CFD-LM-219-295-N.jpg,BM-031,materials/cfd/Images/CFD/BM-031/CFD-BM-031-004-HO.jpg,m,1
2,2,130,test,0,female,White,female,Black,angry,,,,intact,z,827,True,False,,1,,,,False,293,WF-005,materials/cfd/Images/CFD/WF-005/CFD-WF-005-010-N.jpg,BF-049,materials/cfd/Images/CFD/BF-049/CFD-BF-049-039-A.jpg,z,1
2,2,131,test,0,male,White,female,Black,happy,,,,rearranged,m,1560,True,False,,1,,,,False,295,WM-240,materials/cfd/Images/CFD/WM-240/CFD-WM-240-125-N.jpg,BF-030,materials/cfd/Images/CFD/BF-030/CFD-BF-030-007-HO.jpg,m,1
2,2,132,test,0,female,Black,male,Black,neutral,,,,intact,m,1085,False,False,,1,,,,False,297,BF-042,materials/cfd/Images/CFD/BF-042/CFD-BF-042-026-N.jpg,BM-005,materials/cfd/Images/CFD/BM-005/CFD-BM-005-003-N.jpg,z,1
2,2,133,test,0,female,Black,male,Black,happy,,,,rearranged,m,1826,True,False,,1,,,,False,299,BF-035,materials/cfd/Images/CFD/BF-035/CFD-BF-035-001-N.jpg,BM-036,materials/cfd/Images/CFD/BM-036/CFD-BM-036-004-HO.jpg,m,1
2,2,134,test,0,male,Asian,female,Black,neutral,,,,intact,m,1723,False,False,,1,,,,False,301,AM-206,materials/cfd/Images/CFD/AM-206/CFD-AM-206-086-N.jpg,BF-209,materials/cfd/Images/CFD/BF-209/CFD-BF-209-172-N.jpg,z,1
2,2,135,test,0,female,Asian,female,White,neutral,,,,rearranged,z,1314,False,False,,1,,,,False,303,AF-202,materials/cfd/Images/CFD/AF-202/CFD-AF-202-122-N.jpg,WF-018,materials/cfd/Images/CFD/WF-018/CFD-WF-018-017-N.jpg,m,1
2,2,136,test,0,female,Latino,male,Black,neutral,,,,rearranged,m,1414,True,False,,1,,,,False,305,LF-225,materials/cfd/Images/CFD/LF-225/CFD-LF-225-164-N.jpg,BM-243,materials/cfd/Images/CFD/BM-243/CFD-BM-243-218-N.jpg,m,1
2,2,137,test,0,female,Black,female,White,angry,,,,rearranged,m,1678,True,False,,1,,,,False,307,BF-045,materials/cfd/Images/CFD/BF-045/CFD-BF-045-003-N.jpg,WF-006,materials/cfd/Images/CFD/WF-006/CFD-WF-006-019-A.jpg,m,1
2,2,138,test,0,female,Black,female,White,angry,,,,intact,z,1329,True,False,,1,,,,False,309,BF-216,materials/cfd/Images/CFD/BF-216/CFD-BF-216-132-N.jpg,WF-027,materials/cfd/Images/CFD/WF-027/CFD-WF-027-014-A.jpg,z,1
2,2,139,test,0,male,Latino,male,Black,angry,,,,intact,z,1336,True,False,,1,,,,False,311,LM-244,materials/cfd/Images/CFD/LM-244/CFD-LM-244-068-N.jpg,BM-002,materials/cfd/Images/CFD/BM-002/CFD-BM-002-016-A.jpg,z,1
2,2,140,test,0,female,Black,female,Black,happy,,,,rearranged,z,1058,False,False,,1,,,,False,313,BF-008,materials/cfd/Images/CFD/BF-008/CFD-BF-008-001-N.jpg,BF-025,materials/cfd/Images/CFD/BF-025/CFD-BF-025-005-HO.jpg,m,1
2,2,141,test,0,male,Latino,female,Black,happy,,,,intact,m,1427,False,False,,1,,,,False,315,LM-221,materials/cfd/Images/CFD/LM-221/CFD-LM-221-216-N.jpg,BF-023,materials/cfd/Images/CFD/BF-023/CFD-BF-023-003-HO.jpg,z,1
2,2,142,test,0,male,White,female,Black,happy,,,,intact,z,1318,True,False,,1,,,,False,317,WM-210,materials/cfd/Images/CFD/WM-210/CFD-WM-210-057-N.jpg,BF-040,materials/cfd/Images/CFD/BF-040/CFD-BF-040-043-HO.jpg,z,1
2,2,143,test,0,male,Black,female,White,angry,,,,rearranged,m,1354,True,False,,1,,,,False,319,BM-228,materials/cfd/Images/CFD/BM-228/CFD-BM-228-145-N.jpg,WF-019,materials/cfd/Images/CFD/WF-019/CFD-WF-019-015-A.jpg,m,1
2,2,144,test,0,female,Latino,male,Black,neutral,,,,rearranged,z,1465,False,False,,1,,,,False,321,LF-213,materials/cfd/Images/CFD/LF-213/CFD-LF-213-079-N.jpg,BM-253,materials/cfd/Images/CFD/BM-253/CFD-BM-253-004-N.jpg,m,1
2,2,145,test,0,male,White,male,White,neutral,,,,rearranged,z,1308,False,False,,1,,,,False,323,WM-229,materials/cfd/Images/CFD/WM-229/CFD-WM-229-129-N.jpg,WM-039,materials/cfd/Images/CFD/WM-039/CFD-WM-039-018-N.jpg,m,1
2,2,146,test,0,female,White,male,White,angry,,,,rearranged,m,1156,True,False,,1,,,,False,325,WF-022,materials/cfd/Images/CFD/WF-022/CFD-WF-022-017-N.jpg,WM-028,materials/cfd/Images/CFD/WM-028/CFD-WM-028-029-A.jpg,m,1
2,2,147,test,0,female,Latino,male,Black,angry,,,,intact,z,1401,True,False,,1,,,,False,327,LF-227,materials/cfd/Images/CFD/LF-227/CFD-LF-227-054-N.jpg,BM-028,materials/cfd/Images/CFD/BM-028/CFD-BM-028-012-A.jpg,z,1
2,2,148,test,0,male,Asian,male,Black,angry,,,,rearranged,m,1002,True,False,,1,,,,False,329,AM-226,materials/cfd/Images/CFD/AM-226/CFD-AM-226-234-N.jpg,BM-041,materials/cfd/Images/CFD/BM-041/CFD-BM-041-048-A.jpg,m,1
2,2,149,test,0,female,White,female,Black,neutral,,,,intact,z,984,True,False,,1,,,,False,331,WF-203,materials/cfd/Images/CFD/WF-203/CFD-WF-203-229-N.jpg,BF-237,materials/cfd/Images/CFD/BF-237/CFD-BF-237-172-N.jpg,z,1
2,2,150,test,0,male,Asian,male,Black,neutral,,,,rearranged,z,932,False,False,,1,,,,False,333,AM-219,materials/cfd/Images/CFD/AM-219/CFD-AM-219-101-N.jpg,BM-235,materials/cfd/Images/CFD/BM-235/CFD-BM-235-226-N.jpg,m,1
2,2,151,test,1,female,Asian,male,White,neutral,,,,intact,m,1780,False,False,,1,,,,False,336,AF-223,materials/cfd/Images/CFD/AF-223/CFD-AF-223-183-N.jpg,WM-222,materials/cfd/Images/CFD/WM-222/CFD-WM-222-057-N.jpg,z,1
2,2,152,test,1,female,Black,female,White,angry,,,,intact,z,2720,True,False,,1,,,,False,338,BF-031,materials/cfd/Images/CFD/BF-031/CFD-BF-031-002-N.jpg,WF-014,materials/cfd/Images/CFD/WF-014/CFD-WF-014-012-A.jpg,z,1
2,2,153,test,1,male,Black,male,White,neutral,,,,intact,m,1760,False,False,,1,,,,False,340,BM-023,materials/cfd/Images/CFD/BM-023/CFD-BM-023-029-N.jpg,WM-224,materials/cfd/Images/CFD/WM-224/CFD-WM-224-197-N.jpg,z,1
2,2,154,test,1,male,Black,female,White,happy,,,,rearranged,m,1277,True,False,,1,,,,False,342,BM-234,materials/cfd/Images/CFD/BM-234/CFD-BM-234-172-N.jpg,WF-001,materials/cfd/Images/CFD/WF-001/CFD-WF-001-009-HO.jpg,m,1
2,2,155,test,1,female,Asian,female,Black,neutral,,,,intact,z,878,True,False,,1,,,,False,344,AF-239,materials/cfd/Images/CFD/AF-239/CFD-AF-239-171-N.jpg,BF-233,materials/cfd/Images/CFD/BF-233/CFD-BF-233-116-N.jpg,z,1
2,2,156,test,1,male,Asian,female,White,neutral,,,,rearranged,m,1357,True,False,,1,,,,False,346,AM-236,materials/cfd/Images/CFD/AM-236/CFD-AM-236-090-N.jpg,WF-224,materials/cfd/Images/CFD/WF-224/CFD-WF-224-099-N.jpg,m,1
2,2,157,test,1,male,Asian,female,White,angry,,,,intact,m,2151,False,False,,1,,,,False,348,AM-241,materials/cfd/Images/CFD/AM-241/CFD-AM-241-287-N.jpg,WF-010,materials/cfd/Images/CFD/WF-010/CFD-WF-010-014-A.jpg,z,1
2,2,158,test,1,male,Latino,male,White,angry,,,,rearranged,z,1777,False,False,,1,,,,False,350,LM-225,materials/cfd/Images/CFD/LM-225/CFD-LM-225-130-N.jpg,WM-041,materials/cfd/Images/CFD/WM-041/CFD-WM-041-009-A.jpg,m,1
2,2,159,test,1,female,Latino,female,Black,happy,,,,intact,z,1957,True,False,,1,,,,False,352,LF-249,materials/cfd/Images/CFD/LF-249/CFD-LF-249-132-N.jpg,BF-034,materials/cfd/Images/CFD/BF-034/CFD-BF-034-005-HO.jpg,z,1
2,2,160,test,1,male,Black,male,White,happy,,,,intact,z,1352,True,False,,1,,,,False,354,BM-046,materials/cfd/Images/CFD/BM-046/CFD-BM-046-006-N.jpg,WM-031,materials/cfd/Images/CFD/WM-031/CFD-WM-031-004-HO.jpg,z,1
2,2,161,test,1,male,White,male,Black,happy,,,,rearranged,z,1450,False,False,,1,,,,False,356,WM-002,materials/cfd/Images/CFD/WM-002/CFD-WM-002-009-N.jpg,BM-015,materials/cfd/Images/CFD/BM-015/CFD-BM-015-016-HO.jpg,m,1
2,2,162,test,1,female,Black,male,White,happy,,,,intact,m,1541,False,False,,1,,,,False,358,BF-013,materials/cfd/Images/CFD/BF-013/CFD-BF-013-001-N.jpg,WM-038,materials/cfd/Images/CFD/WM-038/CFD-WM-038-005-HO.jpg,z,1
2,2,163,test,1,male,Black,female,White,angry,,,,intact,m,1396,False,False,,1,,,,False,360,BM-224,materials/cfd/Images/CFD/BM-224/CFD-BM-224-073-N.jpg,WF-034,materials/cfd/Images/CFD/WF-034/CFD-WF-034-016-A.jpg,z,1
2,2,164,test,1,male,White,female,Black,angry,,,,intact,m,2046,False,False,,1,,,,False,362,WM-239,materials/cfd/Images/CFD/WM-239/CFD-WM-239-128-N.jpg,BF-033,materials/cfd/Images/CFD/BF-033/CFD-BF-033-016-A.jpg,z,1
2,2,165,test,1,female,White,male,White,happy,,,,intact,m,1324,False,False,,1,,,,False,364,WF-251,materials/cfd/Images/CFD/WF-251/CFD-WF-251-014-N.jpg,WM-022,materials/cfd/Images/CFD/WM-022/CFD-WM-022-005-HO.jpg,z,1
2,2,166,test,1,female,Latino,female,Black,happy,,,,rearranged,z,1405,False,False,,1,,,,False,366,LF-200,materials/cfd/Images/CFD/LF-200/CFD-LF-200-058-N.jpg,BF-021,materials/cfd/Images/CFD/BF-021/CFD-BF-021-014-HO.jpg,m,1
2,2,167,test,1,male,White,female,Black,angry,,,,rearranged,m,2256,True,False,,1,,,,False,368,WM-236,materials/cfd/Images/CFD/WM-236/CFD-WM-236-072-N.jpg,BF-014,materials/cfd/Images/CFD/BF-014/CFD-BF-014-013-A.jpg,m,1
2,2,168,test,1,male,Asian,female,White,neutral,,,,rearranged,m,1068,True,False,,1,,,,False,370,AM-218,materials/cfd/Images/CFD/AM-218/CFD-AM-218-085-N.jpg,WF-208,materials/cfd/Images/CFD/WF-208/CFD-WF-208-068-N.jpg,m,1
2,2,169,test,1,female,White,male,White,angry,,,,intact,,,False,True,,1,,,,False,372,WF-017,materials/cfd/Images/CFD/WF-017/CFD-WF-017-003-N.jpg,WM-029,materials/cfd/Images/CFD/WM-029/CFD-WM-029-014-A.jpg,z,1
2,2,170,test,1,female,Black,female,White,neutral,,,,intact,z,1337,True,False,,1,,,,False,374,BF-238,materials/cfd/Images/CFD/BF-238/CFD-BF-238-190-N.jpg,WF-026,materials/cfd/Images/CFD/WF-026/CFD-WF-026-002-N.jpg,z,1
2,2,171,test,1,female,Black,male,Black,happy,,,,intact,m,979,False,False,,1,,,,False,376,BF-019,materials/cfd/Images/CFD/BF-019/CFD-BF-019-001-N.jpg,BM-018,materials/cfd/Images/CFD/BM-018/CFD-BM-018-007-HO.jpg,z,1
2,2,172,test,1,female,Latino,female,Black,happy,,,,rearranged,z,1416,False,False,,1,,,,False,378,LF-222,materials/cfd/Images/CFD/LF-222/CFD-LF-222-147-N.jpg,BF-017,materials/cfd/Images/CFD/BF-017/CFD-BF-017-004-HO.jpg,m,1
2,2,173,test,1,female,Black,female,White,neutral,,,,rearranged,z,1317,False,False,,1,,,,False,380,BF-016,materials/cfd/Images/CFD/BF-016/CFD-BF-016-017-N.jpg,WF-030,materials/cfd/Images/CFD/WF-030/CFD-WF-030-002-N.jpg,m,1
2,2,174,test,1,male,White,male,Black,angry,,,,intact,m,1239,False,False,,1,,,,False,382,WM-233,materials/cfd/Images/CFD/WM-233/CFD-WM-233-106-N.jpg,BM-001,materials/cfd/Images/CFD/BM-001/CFD-BM-001-022-A.jpg,z,1
2,2,175,test,1,female,Asian,male,Black,angry,,,,rearranged,z,2038,False,False,,1,,,,False,384,AF-215,materials/cfd/Images/CFD/AF-215/CFD-AF-215-70-N.jpg,BM-038,materials/cfd/Images/CFD/BM-038/CFD-BM-038-038-A.jpg,m,1
2,2,176,test,1,male,White,male,White,neutral,,,,rearranged,z,758,False,False,,1,,,,False,386,WM-225,materials/cfd/Images/CFD/WM-225/CFD-WM-225-127-N.jpg,WM-221,materials/cfd/Images/CFD/WM-221/CFD-WM-221-091-N.jpg,m,1
2,2,177,test,1,female,Asian,male,White,angry,,,,rearranged,m,1106,True,False,,1,,,,False,388,AF-246,materials/cfd/Images/CFD/AF-246/CFD-AF-246-242-N.jpg,WM-006,materials/cfd/Images/CFD/WM-006/CFD-WM-006-022-A.jpg,m,1
2,2,178,test,1,male,White,female,Black,neutral,,,,intact,m,1124,False,False,,1,,,,False,390,WM-202,materials/cfd/Images/CFD/WM-202/CFD-WM-202-107-N.jpg,BF-234,materials/cfd/Images/CFD/BF-234/CFD-BF-234-167-N.jpg,z,1
2,2,179,test,1,male,Asian,female,Black,happy,,,,rearranged,m,1553,True,False,,1,,,,False,392,AM-240,materials/cfd/Images/CFD/AM-240/CFD-AM-240-191-N.jpg,BF-002,materials/cfd/Images/CFD/BF-002/CFD-BF-002-004-HO.jpg,m,1
2,2,180,test,1,female,Black,male,Black,neutral,,,,rearranged,m,1542,True,False,,1,,,,False,394,BF-201,materials/cfd/Images/CFD/BF-201/CFD-BF-201-080-N.jpg,BM-219,materials/cfd/Images/CFD/BM-219/CFD-BM-219-141-N.jpg,m,1
3,2,1,study,0,female,Latino,male,White,happy,,,,,z,2072,True,False,,1,,,,False,17,LF-251,materials/cfd/Images/CFD/LF-251/CFD-LF-251-057-N.jpg,WM-010,materials/cfd/Images/CFD/WM-010/CFD-WM-010-004-HO.jpg,z,1
3,2,2,study,0,male,Black,male,White,angry,,,,,m,709,True,False,,1,,,,False,19,BM-232,materials/cfd/Images/CFD/BM-232/CFD-BM-232-213-N.jpg,WM-022,materials/cfd/Images/CFD/WM-022/CFD-WM-022-008-A.jpg,m,1
3,2,3,study,0,male,White,female,Black,neutral,,,,,m,1768,True,False,,1,,,,False,21,WM-215,materials/cfd/Images/CFD/WM-215/CFD-WM-215-041-N.jpg,BF-224,materials/cfd/Images/CFD/BF-224/CFD-BF-224-002-N.jpg,m,1
3,2,4,study,0,male,Latino,male,Black,angry,,,,,m,749,True,False,,1,,,,False,23,LM-203,materials/cfd/Images/CFD/LM-203/CFD-LM-203-026-N.jpg,BM-039,materials/cfd/Images/CFD/BM-039/CFD-BM-039-037-A.jpg,m,1
3,2,5,study,0,male,Asian,female,White,happy,,,,,m,775,True,False,,1,,,,False,25,AM-211,materials/cfd/Images/CFD/AM-211/CFD-AM-211-052-N.jpg,WF-036,materials/cfd/Images/CFD/WF-036/CFD-WF-036-026-HO.jpg,m,1
3,2,6,study,0,male,White,male,White,happy,,,,,m,749,True,False,,1,,,,False,27,WM-252,materials/cfd/Images/CFD/WM-252/CFD-WM-252-224-N.jpg,WM-013,materials/cfd/Images/CFD/WM-013/CFD-WM-013-006-HO.jpg,m,1
3,2,7,study,0,female,Latino,male,Black,angry,,,,,z,886,True,False,,1,,,,False,29,LF-253,materials/cfd/Images/CFD/LF-253/CFD-LF-253-003-N.jpg,BM-045,materials/cfd/Images/CFD/BM-045/CFD-BM-045-061-A.jpg,z,1
3,2,8,study,0,male,Black,male,White,happy,,,,,m,1979,True,False,,1,,,,False,31,BM-023,materials/cfd/Images/CFD/BM-023/CFD-BM-023-029-N.jpg,WM-026,materials/cfd/Images/CFD/WM-026/CFD-WM-026-006-HO.jpg,m,1
3,2,9,study,0,female,White,female,White,happy,,,,,z,726,True,False,,1,,,,False,33,WF-219,materials/cfd/Images/CFD/WF-219/CFD-WF-219-038-N.jpg,WF-019,materials/cfd/Images/CFD/WF-019/CFD-WF-019-035-HO.jpg,z,1
3,2,10,study,0,male,White,female,White,neutral,,,,,m,785,True,False,,1,,,,False,35,WM-220,materials/cfd/Images/CFD/WM-220/CFD-WM-220-068-N.jpg,WF-001,materials/cfd/Images/CFD/WF-001/CFD-WF-001-003-N.jpg,m,1
3,2,11,study,0,female,Black,male,Black,neutral,,,,,z,1000,True,False,,1,,,,False,37,BF-221,materials/cfd/Images/CFD/BF-221/CFD-BF-221-223-N.jpg,BM-240,materials/cfd/Images/CFD/BM-240/CFD-BM-240-207-N.jpg,z,1
3,2,12,study,0,male,Black,female,Black,neutral,,,,,m,663,True,False,,1,,,,False,39,BM-243,materials/cfd/Images/CFD/BM-243/CFD-BM-243-218-N.jpg,BF-232,materials/cfd/Images/CFD/BF-232/CFD-BF-232-187-N.jpg,m,1
3,2,13,study,0,female,Latino,female,White,angry,,,,,z,2183,True,False,,1,,,,False,41,LF-239,materials/cfd/Images/CFD/LF-239/CFD-LF-239-148-N.jpg,WF-006,materials/cfd/Images/CFD/WF-006/CFD-WF-006-019-A.jpg,z,1
3,2,14,study,0,female,Asian,male,Black,neutral,,,,,z,967,True,False,,1,,,,False,43,AF-232,materials/cfd/Images/CFD/AF-232/CFD-AF-232-078-N.jpg,BM-019,materials/cfd/Images/CFD/BM-019/CFD-BM-019-002-N.jpg,z,1
3,2,15,study,0,male,Black,male,Black,angry,,,,,m,625,True,False,,1,,,,False,45,BM-227,materials/cfd/Images/CFD/BM-227/CFD-BM-227-191-N.jpg,BM-010,materials/cfd/Images/CFD/BM-010/CFD-BM-010-019-A.jpg,m,1
3,2,16,study,0,female,Latino,male,Black,happy,,,,,z,716,True,False,,1,,,,False,47,LF-246,materials/cfd/Images/CFD/LF-246/CFD-LF-246-129-N.jpg,BM-044,materials/cfd/Images/CFD/BM-044/CFD-BM-044-037-HO.jpg,z,1
3,2,17,study,0,female,Black,male,Black,happy,,,,,z,902,True,False,,1,,,,False,49,BF-008,materials/cfd/Images/CFD/BF-008/CFD-BF-008-001-N.jpg,BM-025,materials/cfd/Images/CFD/BM-025/CFD-BM-025-040-HO.jpg,z,1
3,2,18,study,0,male,Asian,male,White,neutral,,,,,m,769,True,False,,1,,,,False,51,AM-248,materials/cfd/Images/CFD/AM-248/CFD-AM-248-104-N.jpg,WM-019,materials/cfd/Images/CFD/WM-019/CFD-WM-019-003-N.jpg,m,1
3,2,19,study,0,female,Asian,male,Black,angry,,,,,z,852,True,False,,1,,,,False,53,AF-213,materials/cfd/Images/CFD/AF-213/CFD-AF-213-126-N.jpg,BM-030,materials/cfd/Images/CFD/BM-030/CFD-BM-030-041-A.jpg,z,1
3,2,20,study,0,male,Asian,male,Black,neutral,,,,,m,723,True,False,,1,,,,False,55,AM-212,materials/cfd/Images/CFD/AM-212/CFD-AM-212-050-N.jpg,BM-233,materials/cfd/Images/CFD/BM-233/CFD-BM-233-285-N.jpg,m,1
3,2,21,study,0,male,Latino,female,Black,happy,,,,,m,560,True,False,,1,,,,False,57,LM-221,materials/cfd/Images/CFD/LM-221/CFD-LM-221-216-N.jpg,BF-004,materials/cfd/Images/CFD/BF-004/CFD-BF-004-009-HO.jpg,m,1
3,2,22,study,0,male,Latino,male,White,happy,,,,,m,683,True,False,,1,,,,False,59,LM-218,materials/cfd/Images/CFD/LM-218/CFD-LM-218-183-N.jpg,WM-020,materials/cfd/Images/CFD/WM-020/CFD-WM-020-003-HO.jpg,m,1
3,2,23,study,0,female,Black,male,White,neutral,,,,,z,898,True,False,,1,,,,False,61,BF-239,materials/cfd/Images/CFD/BF-239/CFD-BF-239-180-N.jpg,WM-241,materials/cfd/Images/CFD/WM-241/CFD-WM-241-072-N.jpg,z,1
3,2,24,study,0,female,Asian,male,Black,happy,,,,,z,874,True,False,,1,,,,False,63,AF-253,materials/cfd/Images/CFD/AF-253/CFD-AF-253-130-N.jpg,BM-036,materials/cfd/Images/CFD/BM-036/CFD-BM-036-004-HO.jpg,z,1
3,2,25,study,0,male,White,male,Black,neutral,,,,,z,806,False,False,,1,,,,False,65,WM-208,materials/cfd/Images/CFD/WM-208/CFD-WM-208-068-N.jpg,BM-200,materials/cfd/Images/CFD/BM-200/CFD-BM-200-046-N.jpg,m,1
3,2,26,study,0,female,Black,female,Black,neutral,,,,,z,820,True,False,,1,,,,False,67,BF-017,materials/cfd/Images/CFD/BF-017/CFD-BF-017-003-N.jpg,BF-039,materials/cfd/Images/CFD/BF-039/CFD-BF-039-031-N.jpg,z,1
3,2,27,study,0,female,Black,female,Black,angry,,,,,z,1102,True,False,,1,,,,False,69,BF-029,materials/cfd/Images/CFD/BF-029/CFD-BF-029-031-N.jpg,BF-015,materials/cfd/Images/CFD/BF-015/CFD-BF-015-022-A.jpg,z,1
3,2,28,study,0,male,Black,male,Black,angry,,,,,m,976,True,False,,1,,,,False,71,BM-237,materials/cfd/Images/CFD/BM-237/CFD-BM-237-188-N.jpg,BM-046,materials/cfd/Images/CFD/BM-046/CFD-BM-046-048-A.jpg,m,1
3,2,29,study,0,female,White,female,Black,neutral,,,,,z,651,True,False,,1,,,,False,73,WF-212,materials/cfd/Images/CFD/WF-212/CFD-WF-212-050-N.jpg,BF-031,materials/cfd/Images/CFD/BF-031/CFD-BF-031-002-N.jpg,z,1
3,2,30,study,0,female,Asian,female,White,neutral,,,,,z,666,True,False,,1,,,,False,75,AF-215,materials/cfd/Images/CFD/AF-215/CFD-AF-215-70-N.jpg,WF-026,materials/cfd/Images/CFD/WF-026/CFD-WF-026-002-N.jpg,z,1
3,2,31,study,1,male,Black,female,Black,happy,,,,,m,1446,True,False,,1,,,,False,78,BM-024,materials/cfd/Images/CFD/BM-024/CFD-BM-024-001-N.jpg,BF-019,materials/cfd/Images/CFD/BF-019/CFD-BF-019-022-HO.jpg,m,1
3,2,32,study,1,female,Black,male,White,neutral,,,,,z,1261,True,False,,1,,,,False,80,BF-228,materials/cfd/Images/CFD/BF-228/CFD-BF-228-212-N.jpg,WM-201,materials/cfd/Images/CFD/WM-201/CFD-WM-201-063-N.jpg,z,1
3,2,33,study,1,female,Asian,male,White,angry,,,,,z,649,True,False,,1,,,,False,82,AF-238,materials/cfd/Images/CFD/AF-238/CFD-AF-238-185-N.jpg,WM-031,materials/cfd/Images/CFD/WM-031/CFD-WM-031-045-A.jpg,z,1
3,2,34,study,1,female,White,female,White,happy,,,,,z,663,True,False,,1,,,,False,84,WF-015,materials/cfd/Images/CFD/WF-015/CFD-WF-015-006-N.jpg,WF-011,materials/cfd/Images/CFD/WF-011/CFD-WF-011-003-HO.jpg,z,1
3,2,35,study,1,male,Black,male,White,angry,,,,,m,509,True,False,,1,,,,False,86,BM-221,materials/cfd/Images/CFD/BM-221/CFD-BM-221-198-N.jpg,WM-014,materials/cfd/Images/CFD/WM-014/CFD-WM-014-013-A.jpg,m,1
3,2,36,study,1,female,White,female,Black,neutral,,,,,z,688,True,False,,1,,,,False,88,WF-204,materials/cfd/Images/CFD/WF-204/CFD-WF-204-038-N.jpg,BF-043,materials/cfd/Images/CFD/BF-043/CFD-BF-043-003-N.jpg,z,1
3,2,37,study,1,female,Latino,male,White,happy,,,,,z,637,True,False,,1,,,,False,90,LF-238,materials/cfd/Images/CFD/LF-238/CFD-LF-238-154-N.jpg,WM-016,materials/cfd/Images/CFD/WM-016/CFD-WM-016-002-HO.jpg,z,1
3,2,38,study,1,female,Black,male,Black,angry,,,,,z,757,True,False,,1,,,,False,92,BF-231,materials/cfd/Images/CFD/BF-231/CFD-BF-231-202-N.jpg,BM-038,materials/cfd/Images/CFD/BM-038/CFD-BM-038-038-A.jpg,z,1
3,2,39,study,1,male,Asian,male,White,neutral,,,,,m,1354,True,False,,1,,,,False,94,AM-230,materials/cfd/Images/CFD/AM-230/CFD-AM-230-150-N.jpg,WM-204,materials/cfd/Images/CFD/WM-204/CFD-WM-204-031-N.jpg,m,1
3,2,40,study,1,female,White,female,Black,happy,,,,,z,721,True,False,,1,,,,False,96,WF-239,materials/cfd/Images/CFD/WF-239/CFD-WF-239-155-N.jpg,BF-041,materials/cfd/Images/CFD/BF-041/CFD-BF-041-004-HO.jpg,z,1
3,2,41,study,1,female,Asian,female,White,happy,,,,,z,657,True,False,,1,,,,False,98,AF-224,materials/cfd/Images/CFD/AF-224/CFD-AF-224-026-N.jpg,WF-020,materials/cfd/Images/CFD/WF-020/CFD-WF-020-023-HO.jpg,z,1
3,2,42,study,1,female,White,female,White,angry,,,,,z,790,True,False,,1,,,,False,100,WF-031,materials/cfd/Images/CFD/WF-031/CFD-WF-031-027-N.jpg,WF-013,materials/cfd/Images/CFD/WF-013/CFD-WF-013-015-A.jpg,z,1
3,2,43,study,1,male,Black,female,White,neutral,,,,,m,777,True,False,,1,,,,False,102,BM-041,materials/cfd/Images/CFD/BM-041/CFD-BM-041-035-N.jpg,WF-010,materials/cfd/Images/CFD/WF-010/CFD-WF-010-004-N.jpg,m,1
3,2,44,study,1,male,Black,male,Black,happy,,,,,m,1289,True,False,,1,,,,False,104,BM-231,materials/cfd/Images/CFD/BM-231/CFD-BM-231-155-N.jpg,BM-016,materials/cfd/Images/CFD/BM-016/CFD-BM-016-040-HO.jpg,m,1
3,2,45,study,1,female,Black,female,White,neutral,,,,,z,1323,True,False,,1,,,,False,106,BF-248,materials/cfd/Images/CFD/BF-248/CFD-BF-248-149-N.jpg,WF-251,materials/cfd/Images/CFD/WF-251/CFD-WF-251-014-N.jpg,z,1
3,2,46,study,1,male,Asian,female,White,neutral,,,,,z,989,False,False,,1,,,,False,108,AM-228,materials/cfd/Images/CFD/AM-228/CFD-AM-228-214-N.jpg,WF-203,materials/cfd/Images/CFD/WF-203/CFD-WF-203-229-N.jpg,m,1
3,2,47,study,1,female,Black,female,Black,angry,,,,,z,1204,True,False,,1,,,,False,110,BF-049,materials/cfd/Images/CFD/BF-049/CFD-BF-049-032-N.jpg,BF-025,materials/cfd/Images/CFD/BF-025/CFD-BF-025-011-A.jpg,z,1
3,2,48,study,1,male,Latino,female,White,angry,,,,,m,821,True,False,,1,,,,False,112,LM-228,materials/cfd/Images/CFD/LM-228/CFD-LM-228-188-N.jpg,WF-030,materials/cfd/Images/CFD/WF-030/CFD-WF-030-033-A.jpg,m,1
3,2,49,study,1,male,Asian,female,Black,angry,,,,,m,827,True,False,,1,,,,False,114,AM-229,materials/cfd/Images/CFD/AM-229/CFD-AM-229-224-N.jpg,BF-050,materials/cfd/Images/CFD/BF-050/CFD-BF-050-012-A.jpg,m,1
3,2,50,study,1,male,Black,female,Black,happy,,,,,m,692,True,False,,1,,,,False,116,BM-234,materials/cfd/Images/CFD/BM-234/CFD-BM-234-172-N.jpg,BF-034,materials/cfd/Images/CFD/BF-034/CFD-BF-034-005-HO.jpg,m,1
3,2,51,study,1,male,Latino,female,White,angry,,,,,m,803,True,False,,1,,,,False,118,LM-223,materials/cfd/Images/CFD/LM-223/CFD-LM-223-175-N.jpg,WF-002,materials/cfd/Images/CFD/WF-002/CFD-WF-002-033-A.jpg,m,1
3,2,52,study,1,male,Latino,male,White,neutral,,,,,m,1332,True,False,,1,,,,False,120,LM-252,materials/cfd/Images/CFD/LM-252/CFD-LM-252-076-N.jpg,WM-236,materials/cfd/Images/CFD/WM-236/CFD-WM-236-072-N.jpg,m,1
3,2,53,study,1,male,Asian,female,Black,happy,,,,,m,611,True,False,,1,,,,False,122,AM-240,materials/cfd/Images/CFD/AM-240/CFD-AM-240-191-N.jpg,BF-027,materials/cfd/Images/CFD/BF-027/CFD-BF-027-006-HO.jpg,m,1
3,2,54,study,1,female,Black,female,White,happy,,,,,z,932,True,False,,1,,,,False,124,BF-032,materials/cfd/Images/CFD/BF-032/CFD-BF-032-038-N.jpg,WF-017,materials/cfd/Images/CFD/WF-017/CFD-WF-017-015-HO.jpg,z,1
3,2,55,study,1,female,Asian,female,Black,angry,,,,,z,964,True,False,,1,,,,False,126,AF-226,materials/cfd/Images/CFD/AF-226/CFD-AF-226-251-N.jpg,BF-013,materials/cfd/Images/CFD/BF-013/CFD-BF-013-017-A.jpg,z,1
3,2,56,study,1,female,Black,male,Black,angry,,,,,z,1107,True,False,,1,,,,False,128,BF-249,materials/cfd/Images/CFD/BF-249/CFD-BF-249-091-N.jpg,BM-003,materials/cfd/Images/CFD/BM-003/CFD-BM-003-030-A.jpg,z,1
3,2,57,study,1,male,White,female,White,angry,,,,,m,708,True,False,,1,,,,False,130,WM-017,materials/cfd/Images/CFD/WM-017/CFD-WM-017-002-N.jpg,WF-023,materials/cfd/Images/CFD/WF-023/CFD-WF-023-013-A.jpg,m,1
3,2,58,study,1,male,Latino,male,Black,happy,,,,,m,657,True,False,,1,,,,False,132,LM-224,materials/cfd/Images/CFD/LM-224/CFD-LM-224-162-N.jpg,BM-011,materials/cfd/Images/CFD/BM-011/CFD-BM-011-017-HO.jpg,m,1
3,2,59,study,1,male,White,female,Black,angry,,,,,m,557,True,False,,1,,,,False,134,WM-249,materials/cfd/Images/CFD/WM-249/CFD-WM-249-239-N.jpg,BF-003,materials/cfd/Images/CFD/BF-003/CFD-BF-003-016-A.jpg,m,1
3,2,60,study,1,female,Black,male,White,neutral,,,,,z,759,True,False,,1,,,,False,136,BF-216,materials/cfd/Images/CFD/BF-216/CFD-BF-216-132-N.jpg,WM-242,materials/cfd/Images/CFD/WM-242/CFD-WM-242-011-N.jpg,z,1
3,2,61,study,0,female,Black,male,Black,angry,,,,,z,1266,True,False,,1,,,,False,139,BF-231,materials/cfd/Images/CFD/BF-231/CFD-BF-231-202-N.jpg,BM-038,materials/cfd/Images/CFD/BM-038/CFD-BM-038-038-A.jpg,z,1
3,2,62,study,0,male,Asian,female,Black,happy,,,,,m,609,True,False,,1,,,,False,141,AM-240,materials/cfd/Images/CFD/AM-240/CFD-AM-240-191-N.jpg,BF-027,materials/cfd/Images/CFD/BF-027/CFD-BF-027-006-HO.jpg,m,1
3,2,63,study,0,male,Asian,female,White,happy,,,,,m,748,True,False,,1,,,,False,143,AM-211,materials/cfd/Images/CFD/AM-211/CFD-AM-211-052-N.jpg,WF-036,materials/cfd/Images/CFD/WF-036/CFD-WF-036-026-HO.jpg,m,1
3,2,64,study,0,female,Latino,male,Black,happy,,,,,z,722,True,False,,1,,,,False,145,LF-246,materials/cfd/Images/CFD/LF-246/CFD-LF-246-129-N.jpg,BM-044,materials/cfd/Images/CFD/BM-044/CFD-BM-044-037-HO.jpg,z,1
3,2,65,study,0,female,Latino,male,White,happy,,,,,z,731,True,False,,1,,,,False,147,LF-251,materials/cfd/Images/CFD/LF-251/CFD-LF-251-057-N.jpg,WM-010,materials/cfd/Images/CFD/WM-010/CFD-WM-010-004-HO.jpg,z,1
3,2,66,study,0,male,Black,male,White,angry,,,,,m,673,True,False,,1,,,,False,149,BM-232,materials/cfd/Images/CFD/BM-232/CFD-BM-232-213-N.jpg,WM-022,materials/cfd/Images/CFD/WM-022/CFD-WM-022-008-A.jpg,m,1
3,2,67,study,0,female,Asian,male,Black,neutral,,,,,z,771,True,False,,1,,,,False,151,AF-232,materials/cfd/Images/CFD/AF-232/CFD-AF-232-078-N.jpg,BM-019,materials/cfd/Images/CFD/BM-019/CFD-BM-019-002-N.jpg,z,1
3,2,68,study,0,female,White,female,Black,neutral,,,,,z,697,True,False,,1,,,,False,153,WF-212,materials/cfd/Images/CFD/WF-212/CFD-WF-212-050-N.jpg,BF-031,materials/cfd/Images/CFD/BF-031/CFD-BF-031-002-N.jpg,z,1
3,2,69,study,0,female,Black,female,White,neutral,,,,,z,1706,True,False,,1,,,,False,155,BF-248,materials/cfd/Images/CFD/BF-248/CFD-BF-248-149-N.jpg,WF-251,materials/cfd/Images/CFD/WF-251/CFD-WF-251-014-N.jpg,z,1
3,2,70,study,0,female,Latino,male,Black,angry,,,,,z,750,True,False,,1,,,,False,157,LF-253,materials/cfd/Images/CFD/LF-253/CFD-LF-253-003-N.jpg,BM-045,materials/cfd/Images/CFD/BM-045/CFD-BM-045-061-A.jpg,z,1
3,2,71,study,0,male,White,female,White,angry,,,,,m,632,True,False,,1,,,,False,159,WM-017,materials/cfd/Images/CFD/WM-017/CFD-WM-017-002-N.jpg,WF-023,materials/cfd/Images/CFD/WF-023/CFD-WF-023-013-A.jpg,m,1
3,2,72,study,0,male,Black,female,Black,neutral,,,,,m,553,True,False,,1,,,,False,161,BM-243,materials/cfd/Images/CFD/BM-243/CFD-BM-243-218-N.jpg,BF-232,materials/cfd/Images/CFD/BF-232/CFD-BF-232-187-N.jpg,m,1
3,2,73,study,0,male,White,male,Black,neutral,,,,,m,1031,True,False,,1,,,,False,163,WM-208,materials/cfd/Images/CFD/WM-208/CFD-WM-208-068-N.jpg,BM-200,materials/cfd/Images/CFD/BM-200/CFD-BM-200-046-N.jpg,m,1
3,2,74,study,0,female,Black,male,White,neutral,,,,,z,681,True,False,,1,,,,False,165,BF-239,materials/cfd/Images/CFD/BF-239/CFD-BF-239-180-N.jpg,WM-241,materials/cfd/Images/CFD/WM-241/CFD-WM-241-072-N.jpg,z,1
3,2,75,study,0,female,Black,female,White,happy,,,,,m,499,False,False,,1,,,,False,167,BF-032,materials/cfd/Images/CFD/BF-032/CFD-BF-032-038-N.jpg,WF-017,materials/cfd/Images/CFD/WF-017/CFD-WF-017-015-HO.jpg,z,1
3,2,76,study,0,male,Asian,male,Black,neutral,,,,,m,632,True,False,,1,,,,False,169,AM-212,materials/cfd/Images/CFD/AM-212/CFD-AM-212-050-N.jpg,BM-233,materials/cfd/Images/CFD/BM-233/CFD-BM-233-285-N.jpg,m,1
3,2,77,study,0,female,Black,male,Black,happy,,,,,z,547,True,False,,1,,,,False,171,BF-008,materials/cfd/Images/CFD/BF-008/CFD-BF-008-001-N.jpg,BM-025,materials/cfd/Images/CFD/BM-025/CFD-BM-025-040-HO.jpg,z,1
3,2,78,study,0,male,Asian,female,Black,angry,,,,,m,670,True,False,,1,,,,False,173,AM-229,materials/cfd/Images/CFD/AM-229/CFD-AM-229-224-N.jpg,BF-050,materials/cfd/Images/CFD/BF-050/CFD-BF-050-012-A.jpg,m,1
3,2,79,study,0,female,Asian,male,Black,happy,,,,,z,821,True,False,,1,,,,False,175,AF-253,materials/cfd/Images/CFD/AF-253/CFD-AF-253-130-N.jpg,BM-036,materials/cfd/Images/CFD/BM-036/CFD-BM-036-004-HO.jpg,z,1
3,2,80,study,0,female,Asian,male,White,angry,,,,,z,697,True,False,,1,,,,False,177,AF-238,materials/cfd/Images/CFD/AF-238/CFD-AF-238-185-N.jpg,WM-031,materials/cfd/Images/CFD/WM-031/CFD-WM-031-045-A.jpg,z,1
3,2,81,study,0,male,Black,male,Black,angry,,,,,m,632,True,False,,1,,,,False,179,BM-227,materials/cfd/Images/CFD/BM-227/CFD-BM-227-191-N.jpg,BM-010,materials/cfd/Images/CFD/BM-010/CFD-BM-010-019-A.jpg,m,1
3,2,82,study,0,female,Black,male,White,neutral,,,,,z,605,True,False,,1,,,,False,181,BF-216,materials/cfd/Images/CFD/BF-216/CFD-BF-216-132-N.jpg,WM-242,materials/cfd/Images/CFD/WM-242/CFD-WM-242-011-N.jpg,z,1
3,2,83,study,0,male,Latino,female,White,angry,,,,,m,608,True,False,,1,,,,False,183,LM-223,materials/cfd/Images/CFD/LM-223/CFD-LM-223-175-N.jpg,WF-002,materials/cfd/Images/CFD/WF-002/CFD-WF-002-033-A.jpg,m,1
3,2,84,study,0,male,Latino,male,Black,happy,,,,,m,555,True,False,,1,,,,False,185,LM-224,materials/cfd/Images/CFD/LM-224/CFD-LM-224-162-N.jpg,BM-011,materials/cfd/Images/CFD/BM-011/CFD-BM-011-017-HO.jpg,m,1
3,2,85,study,0,female,White,female,Black,neutral,,,,,z,708,True,False,,1,,,,False,187,WF-204,materials/cfd/Images/CFD/WF-204/CFD-WF-204-038-N.jpg,BF-043,materials/cfd/Images/CFD/BF-043/CFD-BF-043-003-N.jpg,z,1
3,2,86,study,0,male,Latino,female,White,angry,,,,,m,574,True,False,,1,,,,False,189,LM-228,materials/cfd/Images/CFD/LM-228/CFD-LM-228-188-N.jpg,WF-030,materials/cfd/Images/CFD/WF-030/CFD-WF-030-033-A.jpg,m,1
3,2,87,study,0,male,Black,female,Black,happy,,,,,m,709,True,False,,1,,,,False,191,BM-024,materials/cfd/Images/CFD/BM-024/CFD-BM-024-001-N.jpg,BF-019,materials/cfd/Images/CFD/BF-019/CFD-BF-019-022-HO.jpg,m,1
3,2,88,study,0,female,White,female,White,happy,,,,,z,735,True,False,,1,,,,False,193,WF-015,materials/cfd/Images/CFD/WF-015/CFD-WF-015-006-N.jpg,WF-011,materials/cfd/Images/CFD/WF-011/CFD-WF-011-003-HO.jpg,z,1
3,2,89,study,0,male,Asian,male,White,neutral,,,,,m,604,True,False,,1,,,,False,195,AM-230,materials/cfd/Images/CFD/AM-230/CFD-AM-230-150-N.jpg,WM-204,materials/cfd/Images/CFD/WM-204/CFD-WM-204-031-N.jpg,m,1
3,2,90,study,0,male,Black,male,Black,angry,,,,,m,574,True,False,,1,,,,False,197,BM-237,materials/cfd/Images/CFD/BM-237/CFD-BM-237-188-N.jpg,BM-046,materials/cfd/Images/CFD/BM-046/CFD-BM-046-048-A.jpg,m,1
3,2,91,study,1,female,Black,female,Black,angry,,,,,z,858,True,False,,1,,,,False,200,BF-029,materials/cfd/Images/CFD/BF-029/CFD-BF-029-031-N.jpg,BF-015,materials/cfd/Images/CFD/BF-015/CFD-BF-015-022-A.jpg,z,1
3,2,92,study,1,male,White,female,Black,angry,,,,,m,639,True,False,,1,,,,False,202,WM-249,materials/cfd/Images/CFD/WM-249/CFD-WM-249-239-N.jpg,BF-003,materials/cfd/Images/CFD/BF-003/CFD-BF-003-016-A.jpg,m,1
3,2,93,study,1,female,Asian,female,White,neutral,,,,,z,758,True,False,,1,,,,False,204,AF-215,materials/cfd/Images/CFD/AF-215/CFD-AF-215-70-N.jpg,WF-026,materials/cfd/Images/CFD/WF-026/CFD-WF-026-002-N.jpg,z,1
3,2,94,study,1,male,Asian,female,White,neutral,,,,,m,753,True,False,,1,,,,False,206,AM-228,materials/cfd/Images/CFD/AM-228/CFD-AM-228-214-N.jpg,WF-203,materials/cfd/Images/CFD/WF-203/CFD-WF-203-229-N.jpg,m,1
3,2,95,study,1,male,White,female,Black,neutral,,,,,m,535,True,False,,1,,,,False,208,WM-215,materials/cfd/Images/CFD/WM-215/CFD-WM-215-041-N.jpg,BF-224,materials/cfd/Images/CFD/BF-224/CFD-BF-224-002-N.jpg,m,1
3,2,96,study,1,male,Latino,male,Black,angry,,,,,m,616,True,False,,1,,,,False,210,LM-203,materials/cfd/Images/CFD/LM-203/CFD-LM-203-026-N.jpg,BM-039,materials/cfd/Images/CFD/BM-039/CFD-BM-039-037-A.jpg,m,1
3,2,97,study,1,female,Black,male,White,neutral,,,,,z,648,True,False,,1,,,,False,212,BF-228,materials/cfd/Images/CFD/BF-228/CFD-BF-228-212-N.jpg,WM-201,materials/cfd/Images/CFD/WM-201/CFD-WM-201-063-N.jpg,z,1
3,2,98,study,1,female,Asian,female,White,happy,,,,,z,751,True,False,,1,,,,False,214,AF-224,materials/cfd/Images/CFD/AF-224/CFD-AF-224-026-N.jpg,WF-020,materials/cfd/Images/CFD/WF-020/CFD-WF-020-023-HO.jpg,z,1
3,2,99,study,1,female,White,female,White,angry,,,,,z,812,True,False,,1,,,,False,216,WF-031,materials/cfd/Images/CFD/WF-031/CFD-WF-031-027-N.jpg,WF-013,materials/cfd/Images/CFD/WF-013/CFD-WF-013-015-A.jpg,z,1
3,2,100,study,1,male,Asian,male,White,neutral,,,,,m,556,True,False,,1,,,,False,218,AM-248,materials/cfd/Images/CFD/AM-248/CFD-AM-248-104-N.jpg,WM-019,materials/cfd/Images/CFD/WM-019/CFD-WM-019-003-N.jpg,m,1
3,2,101,study,1,male,Black,male,Black,happy,,,,,m,572,True,False,,1,,,,False,220,BM-231,materials/cfd/Images/CFD/BM-231/CFD-BM-231-155-N.jpg,BM-016,materials/cfd/Images/CFD/BM-016/CFD-BM-016-040-HO.jpg,m,1
3,2,102,study,1,male,Latino,male,White,neutral,,,,,m,717,True,False,,1,,,,False,222,LM-252,materials/cfd/Images/CFD/LM-252/CFD-LM-252-076-N.jpg,WM-236,materials/cfd/Images/CFD/WM-236/CFD-WM-236-072-N.jpg,m,1
3,2,103,study,1,male,Black,female,Black,happy,,,,,m,633,True,False,,1,,,,False,224,BM-234,materials/cfd/Images/CFD/BM-234/CFD-BM-234-172-N.jpg,BF-034,materials/cfd/Images/CFD/BF-034/CFD-BF-034-005-HO.jpg,m,1
3,2,104,study,1,male,Black,female,White,neutral,,,,,m,1532,True,False,,1,,,,False,226,BM-041,materials/cfd/Images/CFD/BM-041/CFD-BM-041-035-N.jpg,WF-010,materials/cfd/Images/CFD/WF-010/CFD-WF-010-004-N.jpg,m,1
3,2,105,study,1,male,White,female,White,neutral,,,,,m,620,True,False,,1,,,,False,228,WM-220,materials/cfd/Images/CFD/WM-220/CFD-WM-220-068-N.jpg,WF-001,materials/cfd/Images/CFD/WF-001/CFD-WF-001-003-N.jpg,m,1
3,2,106,study,1,female,White,female,White,happy,,,,,z,631,True,False,,1,,,,False,230,WF-219,materials/cfd/Images/CFD/WF-219/CFD-WF-219-038-N.jpg,WF-019,materials/cfd/Images/CFD/WF-019/CFD-WF-019-035-HO.jpg,z,1
3,2,107,study,1,female,Black,male,Black,angry,,,,,z,818,True,False,,1,,,,False,232,BF-249,materials/cfd/Images/CFD/BF-249/CFD-BF-249-091-N.jpg,BM-003,materials/cfd/Images/CFD/BM-003/CFD-BM-003-030-A.jpg,z,1
3,2,108,study,1,male,Latino,female,Black,happy,,,,,m,633,True,False,,1,,,,False,234,LM-221,materials/cfd/Images/CFD/LM-221/CFD-LM-221-216-N.jpg,BF-004,materials/cfd/Images/CFD/BF-004/CFD-BF-004-009-HO.jpg,m,1
3,2,109,study,1,female,Black,male,Black,neutral,,,,,z,1124,True,False,,1,,,,False,236,BF-221,materials/cfd/Images/CFD/BF-221/CFD-BF-221-223-N.jpg,BM-240,materials/cfd/Images/CFD/BM-240/CFD-BM-240-207-N.jpg,z,1
3,2,110,study,1,male,White,male,White,happy,,,,,m,558,True,False,,1,,,,False,238,WM-252,materials/cfd/Images/CFD/WM-252/CFD-WM-252-224-N.jpg,WM-013,materials/cfd/Images/CFD/WM-013/CFD-WM-013-006-HO.jpg,m,1
3,2,111,study,1,female,Latino,male,White,happy,,,,,z,681,True,False,,1,,,,False,240,LF-238,materials/cfd/Images/CFD/LF-238/CFD-LF-238-154-N.jpg,WM-016,materials/cfd/Images/CFD/WM-016/CFD-WM-016-002-HO.jpg,z,1
3,2,112,study,1,male,Black,male,White,angry,,,,,m,542,True,False,,1,,,,False,242,BM-221,materials/cfd/Images/CFD/BM-221/CFD-BM-221-198-N.jpg,WM-014,materials/cfd/Images/CFD/WM-014/CFD-WM-014-013-A.jpg,m,1
3,2,113,study,1,female,White,female,Black,happy,,,,,z,780,True,False,,1,,,,False,244,WF-239,materials/cfd/Images/CFD/WF-239/CFD-WF-239-155-N.jpg,BF-041,materials/cfd/Images/CFD/BF-041/CFD-BF-041-004-HO.jpg,z,1
3,2,114,study,1,female,Black,female,Black,angry,,,,,z,1565,True,False,,1,,,,False,246,BF-049,materials/cfd/Images/CFD/BF-049/CFD-BF-049-032-N.jpg,BF-025,materials/cfd/Images/CFD/BF-025/CFD-BF-025-011-A.jpg,z,1
3,2,115,study,1,male,Black,male,White,happy,,,,,m,1493,True,False,,1,,,,False,248,BM-023,materials/cfd/Images/CFD/BM-023/CFD-BM-023-029-N.jpg,WM-026,materials/cfd/Images/CFD/WM-026/CFD-WM-026-006-HO.jpg,m,1
3,2,116,study,1,female,Black,female,Black,neutral,,,,,z,747,True,False,,1,,,,False,250,BF-017,materials/cfd/Images/CFD/BF-017/CFD-BF-017-003-N.jpg,BF-039,materials/cfd/Images/CFD/BF-039/CFD-BF-039-031-N.jpg,z,1
3,2,117,study,1,female,Asian,male,Black,angry,,,,,z,778,True,False,,1,,,,False,252,AF-213,materials/cfd/Images/CFD/AF-213/CFD-AF-213-126-N.jpg,BM-030,materials/cfd/Images/CFD/BM-030/CFD-BM-030-041-A.jpg,z,1
3,2,118,study,1,male,Latino,male,White,happy,,,,,m,591,True,False,,1,,,,False,254,LM-218,materials/cfd/Images/CFD/LM-218/CFD-LM-218-183-N.jpg,WM-020,materials/cfd/Images/CFD/WM-020/CFD-WM-020-003-HO.jpg,m,1
3,2,119,study,1,female,Latino,female,White,angry,,,,,z,761,True,False,,1,,,,False,256,LF-239,materials/cfd/Images/CFD/LF-239/CFD-LF-239-148-N.jpg,WF-006,materials/cfd/Images/CFD/WF-006/CFD-WF-006-019-A.jpg,z,1
3,2,120,study,1,female,Asian,female,Black,angry,,,,,z,1050,True,False,,1,,,,False,258,AF-226,materials/cfd/Images/CFD/AF-226/CFD-AF-226-251-N.jpg,BF-013,materials/cfd/Images/CFD/BF-013/CFD-BF-013-017-A.jpg,z,1
3,2,121,test,0,male,Black,male,Black,happy,,,,intact,m,2293,False,False,,1,,,,False,275,BM-231,materials/cfd/Images/CFD/BM-231/CFD-BM-231-155-N.jpg,BM-016,materials/cfd/Images/CFD/BM-016/CFD-BM-016-040-HO.jpg,z,1
3,2,122,test,0,female,Asian,male,White,angry,,,,intact,z,1128,True,False,,1,,,,False,277,AF-238,materials/cfd/Images/CFD/AF-238/CFD-AF-238-185-N.jpg,WM-031,materials/cfd/Images/CFD/WM-031/CFD-WM-031-045-A.jpg,z,1
3,2,123,test,0,male,Latino,male,White,happy,,,,intact,z,957,True,False,,1,,,,False,279,LM-218,materials/cfd/Images/CFD/LM-218/CFD-LM-218-183-N.jpg,WM-020,materials/cfd/Images/CFD/WM-020/CFD-WM-020-003-HO.jpg,z,1
3,2,124,test,0,male,Latino,male,Black,angry,,,,intact,m,1831,False,False,,1,,,,False,281,LM-203,materials/cfd/Images/CFD/LM-203/CFD-LM-203-026-N.jpg,BM-039,materials/cfd/Images/CFD/BM-039/CFD-BM-039-037-A.jpg,z,1
3,2,125,test,0,male,Asian,female,White,happy,,,,intact,m,725,False,False,,1,,,,False,283,AM-211,materials/cfd/Images/CFD/AM-211/CFD-AM-211-052-N.jpg,WF-036,materials/cfd/Images/CFD/WF-036/CFD-WF-036-026-HO.jpg,z,1
3,2,126,test,0,female,Latino,male,Black,angry,,,,intact,z,1648,True,False,,1,,,,False,285,LF-253,materials/cfd/Images/CFD/LF-253/CFD-LF-253-003-N.jpg,BM-045,materials/cfd/Images/CFD/BM-045/CFD-BM-045-061-A.jpg,z,1
3,2,127,test,0,female,White,female,Black,happy,,,,intact,m,734,False,False,,1,,,,False,287,WF-239,materials/cfd/Images/CFD/WF-239/CFD-WF-239-155-N.jpg,BF-041,materials/cfd/Images/CFD/BF-041/CFD-BF-041-004-HO.jpg,z,1
3,2,128,test,0,male,Black,female,Black,happy,,,,rearranged,m,833,True,False,,1,,,,False,289,BM-234,materials/cfd/Images/CFD/BM-234/CFD-BM-234-172-N.jpg,BF-027,materials/cfd/Images/CFD/BF-027/CFD-BF-027-006-HO.jpg,m,1
3,2,129,test,0,female,Asian,female,Black,neutral,,,,rearranged,m,1100,True,False,,1,,,,False,291,AF-215,materials/cfd/Images/CFD/AF-215/CFD-AF-215-70-N.jpg,BF-031,materials/cfd/Images/CFD/BF-031/CFD-BF-031-002-N.jpg,m,1
3,2,130,test,0,female,Latino,male,Black,happy,,,,rearranged,m,2090,True,False,,1,,,,False,293,LF-246,materials/cfd/Images/CFD/LF-246/CFD-LF-246-129-N.jpg,BM-036,materials/cfd/Images/CFD/BM-036/CFD-BM-036-004-HO.jpg,m,1
3,2,131,test,0,female,Latino,female,White,angry,,,,intact,z,1331,True,False,,1,,,,False,295,LF-239,materials/cfd/Images/CFD/LF-239/CFD-LF-239-148-N.jpg,WF-006,materials/cfd/Images/CFD/WF-006/CFD-WF-006-019-A.jpg,z,1
3,2,132,test,0,male,White,female,White,neutral,,,,rearranged,m,1247,True,False,,1,,,,False,297,WM-215,materials/cfd/Images/CFD/WM-215/CFD-WM-215-041-N.jpg,WF-203,materials/cfd/Images/CFD/WF-203/CFD-WF-203-229-N.jpg,m,1
3,2,133,test,0,male,Black,male,Black,happy,,,,rearranged,z,795,False,False,,1,,,,False,299,BM-023,materials/cfd/Images/CFD/BM-023/CFD-BM-023-029-N.jpg,BM-011,materials/cfd/Images/CFD/BM-011/CFD-BM-011-017-HO.jpg,m,1
3,2,134,test,0,female,Black,male,Black,angry,,,,rearranged,z,1272,False,False,,1,,,,False,301,BF-231,materials/cfd/Images/CFD/BF-231/CFD-BF-231-202-N.jpg,BM-003,materials/cfd/Images/CFD/BM-003/CFD-BM-003-030-A.jpg,m,1
3,2,135,test,0,male,Latino,male,White,neutral,,,,intact,z,932,True,False,,1,,,,False,303,LM-252,materials/cfd/Images/CFD/LM-252/CFD-LM-252-076-N.jpg,WM-236,materials/cfd/Images/CFD/WM-236/CFD-WM-236-072-N.jpg,z,1
3,2,136,test,0,female,Black,female,White,happy,,,,rearranged,m,868,True,False,,1,,,,False,305,BF-032,materials/cfd/Images/CFD/BF-032/CFD-BF-032-038-N.jpg,WF-020,materials/cfd/Images/CFD/WF-020/CFD-WF-020-023-HO.jpg,m,1
3,2,137,test,0,female,White,female,White,happy,,,,rearranged,z,849,False,False,,1,,,,False,307,WF-219,materials/cfd/Images/CFD/WF-219/CFD-WF-219-038-N.jpg,WF-017,materials/cfd/Images/CFD/WF-017/CFD-WF-017-015-HO.jpg,m,1
3,2,138,test,0,female,Black,male,Black,angry,,,,rearranged,m,1015,True,False,,1,,,,False,309,BF-249,materials/cfd/Images/CFD/BF-249/CFD-BF-249-091-N.jpg,BM-030,materials/cfd/Images/CFD/BM-030/CFD-BM-030-041-A.jpg,m,1
3,2,139,test,0,female,Black,female,Black,angry,,,,rearranged,m,1675,True,False,,1,,,,False,311,BF-029,materials/cfd/Images/CFD/BF-029/CFD-BF-029-031-N.jpg,BF-025,materials/cfd/Images/CFD/BF-025/CFD-BF-025-011-A.jpg,m,1
3,2,140,test,0,female,Black,female,Black,neutral,,,,intact,m,1169,False,False,,1,,,,False,313,BF-017,materials/cfd/Images/CFD/BF-017/CFD-BF-017-003-N.jpg,BF-039,materials/cfd/Images/CFD/BF-039/CFD-BF-039-031-N.jpg,z,1
3,2,141,test,0,female,Asian,male,Black,happy,,,,rearranged,m,1511,True,False,,1,,,,False,315,AF-253,materials/cfd/Images/CFD/AF-253/CFD-AF-253-130-N.jpg,BM-044,materials/cfd/Images/CFD/BM-044/CFD-BM-044-037-HO.jpg,m,1
3,2,142,test,0,female,Asian,male,Black,neutral,,,,rearranged,z,1954,False,False,,1,,,,False,317,AF-232,materials/cfd/Images/CFD/AF-232/CFD-AF-232-078-N.jpg,BM-240,materials/cfd/Images/CFD/BM-240/CFD-BM-240-207-N.jpg,m,1
3,2,143,test,0,male,White,female,White,angry,,,,rearranged,z,1556,False,False,,1,,,,False,319,WM-249,materials/cfd/Images/CFD/WM-249/CFD-WM-249-239-N.jpg,WF-002,materials/cfd/Images/CFD/WF-002/CFD-WF-002-033-A.jpg,m,1
3,2,144,test,0,female,Black,male,White,neutral,,,,intact,z,1583,True,False,,1,,,,False,321,BF-228,materials/cfd/Images/CFD/BF-228/CFD-BF-228-212-N.jpg,WM-201,materials/cfd/Images/CFD/WM-201/CFD-WM-201-063-N.jpg,z,1
3,2,145,test,0,male,Asian,female,Black,happy,,,,rearranged,z,1915,False,False,,1,,,,False,323,AM-240,materials/cfd/Images/CFD/AM-240/CFD-AM-240-191-N.jpg,BF-004,materials/cfd/Images/CFD/BF-004/CFD-BF-004-009-HO.jpg,m,1
3,2,146,test,0,female,Asian,female,White,happy,,,,rearranged,z,1079,False,False,,1,,,,False,325,AF-224,materials/cfd/Images/CFD/AF-224/CFD-AF-224-026-N.jpg,WF-019,materials/cfd/Images/CFD/WF-019/CFD-WF-019-035-HO.jpg,m,1
3,2,147,test,0,male,Black,female,Black,happy,,,,intact,m,1219,False,False,,1,,,,False,327,BM-024,materials/cfd/Images/CFD/BM-024/CFD-BM-024-001-N.jpg,BF-019,materials/cfd/Images/CFD/BF-019/CFD-BF-019-022-HO.jpg,z,1
3,2,148,test,0,female,White,female,White,happy,,,,intact,,,False,True,,1,,,,False,329,WF-015,materials/cfd/Images/CFD/WF-015/CFD-WF-015-006-N.jpg,WF-011,materials/cfd/Images/CFD/WF-011/CFD-WF-011-003-HO.jpg,z,1
3,2,149,test,0,female,Black,male,White,neutral,,,,rearranged,z,555,False,False,,1,,,,False,331,BF-221,materials/cfd/Images/CFD/BF-221/CFD-BF-221-223-N.jpg,WM-242,materials/cfd/Images/CFD/WM-242/CFD-WM-242-011-N.jpg,m,1
3,2,150,test,0,male,White,female,White,angry,,,,intact,m,388,False,False,,1,,,,False,333,WM-017,materials/cfd/Images/CFD/WM-017/CFD-WM-017-002-N.jpg,WF-023,materials/cfd/Images/CFD/WF-023/CFD-WF-023-013-A.jpg,z,1
3,2,151,test,1,male,Asian,male,Black,neutral,,,,rearranged,m,750,True,False,,1,,,,False,336,AM-212,materials/cfd/Images/CFD/AM-212/CFD-AM-212-050-N.jpg,BM-200,materials/cfd/Images/CFD/BM-200/CFD-BM-200-046-N.jpg,m,1
3,2,152,test,1,female,Black,male,Black,happy,,,,intact,z,779,True,False,,1,,,,False,338,BF-008,materials/cfd/Images/CFD/BF-008/CFD-BF-008-001-N.jpg,BM-025,materials/cfd/Images/CFD/BM-025/CFD-BM-025-040-HO.jpg,z,1
3,2,153,test,1,male,Black,male,White,angry,,,,intact,z,376,True,False,,1,,,,False,340,BM-221,materials/cfd/Images/CFD/BM-221/CFD-BM-221-198-N.jpg,WM-014,materials/cfd/Images/CFD/WM-014/CFD-WM-014-013-A.jpg,z,1
3,2,154,test,1,female,Black,male,White,neutral,,,,intact,z,726,True,False,,1,,,,False,342,BF-239,materials/cfd/Images/CFD/BF-239/CFD-BF-239-180-N.jpg,WM-241,materials/cfd/Images/CFD/WM-241/CFD-WM-241-072-N.jpg,z,1
3,2,155,test,1,male,Black,female,White,neutral,,,,intact,m,765,False,False,,1,,,,False,344,BM-041,materials/cfd/Images/CFD/BM-041/CFD-BM-041-035-N.jpg,WF-010,materials/cfd/Images/CFD/WF-010/CFD-WF-010-004-N.jpg,z,1
3,2,156,test,1,female,White,female,White,angry,,,,intact,z,742,True,False,,1,,,,False,346,WF-031,materials/cfd/Images/CFD/WF-031/CFD-WF-031-027-N.jpg,WF-013,materials/cfd/Images/CFD/WF-013/CFD-WF-013-015-A.jpg,z,1
3,2,157,test,1,female,Asian,female,Black,angry,,,,intact,m,797,False,False,,1,,,,False,348,AF-226,materials/cfd/Images/CFD/AF-226/CFD-AF-226-251-N.jpg,BF-013,materials/cfd/Images/CFD/BF-013/CFD-BF-013-017-A.jpg,z,1
3,2,158,test,1,male,Asian,female,Black,angry,,,,intact,m,553,False,False,,1,,,,False,350,AM-229,materials/cfd/Images/CFD/AM-229/CFD-AM-229-224-N.jpg,BF-050,materials/cfd/Images/CFD/BF-050/CFD-BF-050-012-A.jpg,z,1
3,2,159,test,1,male,White,male,White,happy,,,,intact,m,908,False,False,,1,,,,False,352,WM-252,materials/cfd/Images/CFD/WM-252/CFD-WM-252-224-N.jpg,WM-013,materials/cfd/Images/CFD/WM-013/CFD-WM-013-006-HO.jpg,z,1
3,2,160,test,1,female,Latino,male,White,happy,,,,intact,m,902,False,False,,1,,,,False,354,LF-238,materials/cfd/Images/CFD/LF-238/CFD-LF-238-154-N.jpg,WM-016,materials/cfd/Images/CFD/WM-016/CFD-WM-016-002-HO.jpg,z,1
3,2,161,test,1,female,White,female,Black,neutral,,,,intact,z,619,True,False,,1,,,,False,356,WF-204,materials/cfd/Images/CFD/WF-204/CFD-WF-204-038-N.jpg,BF-043,materials/cfd/Images/CFD/BF-043/CFD-BF-043-003-N.jpg,z,1
3,2,162,test,1,male,Latino,female,Black,angry,,,,rearranged,m,725,True,False,,1,,,,False,358,LM-223,materials/cfd/Images/CFD/LM-223/CFD-LM-223-175-N.jpg,BF-003,materials/cfd/Images/CFD/BF-003/CFD-BF-003-016-A.jpg,m,1
3,2,163,test,1,male,Black,male,White,angry,,,,rearranged,z,830,False,False,,1,,,,False,360,BM-227,materials/cfd/Images/CFD/BM-227/CFD-BM-227-191-N.jpg,WM-022,materials/cfd/Images/CFD/WM-022/CFD-WM-022-008-A.jpg,m,1
3,2,164,test,1,female,Black,female,Black,angry,,,,rearranged,z,856,False,False,,1,,,,False,362,BF-049,materials/cfd/Images/CFD/BF-049/CFD-BF-049-032-N.jpg,BF-015,materials/cfd/Images/CFD/BF-015/CFD-BF-015-022-A.jpg,m,1
3,2,165,test,1,male,Asian,male,Black,neutral,,,,rearranged,m,753,True,False,,1,,,,False,364,AM-230,materials/cfd/Images/CFD/AM-230/CFD-AM-230-150-N.jpg,BM-233,materials/cfd/Images/CFD/BM-233/CFD-BM-233-285-N.jpg,m,1
3,2,166,test,1,male,Asian,female,Black,neutral,,,,rearranged,m,931,True,False,,1,,,,False,366,AM-228,materials/cfd/Images/CFD/AM-228/CFD-AM-228-214-N.jpg,BF-224,materials/cfd/Images/CFD/BF-224/CFD-BF-224-002-N.jpg,m,1
3,2,167,test,1,female,White,female,White,neutral,,,,rearranged,z,287,False,False,,1,,,,False,368,WF-212,materials/cfd/Images/CFD/WF-212/CFD-WF-212-050-N.jpg,WF-026,materials/cfd/Images/CFD/WF-026/CFD-WF-026-002-N.jpg,m,1
3,2,168,test,1,female,Black,female,White,neutral,,,,intact,z,655,True,False,,1,,,,False,370,BF-248,materials/cfd/Images/CFD/BF-248/CFD-BF-248-149-N.jpg,WF-251,materials/cfd/Images/CFD/WF-251/CFD-WF-251-014-N.jpg,z,1
3,2,169,test,1,male,Latino,female,White,angry,,,,intact,m,840,False,False,,1,,,,False,372,LM-228,materials/cfd/Images/CFD/LM-228/CFD-LM-228-188-N.jpg,WF-030,materials/cfd/Images/CFD/WF-030/CFD-WF-030-033-A.jpg,z,1
3,2,170,test,1,female,Asian,male,Black,angry,,,,rearranged,z,992,False,False,,1,,,,False,374,AF-213,materials/cfd/Images/CFD/AF-213/CFD-AF-213-126-N.jpg,BM-038,materials/cfd/Images/CFD/BM-038/CFD-BM-038-038-A.jpg,m,1
3,2,171,test,1,male,Black,male,Black,angry,,,,rearranged,m,791,True,False,,1,,,,False,376,BM-237,materials/cfd/Images/CFD/BM-237/CFD-BM-237-188-N.jpg,BM-010,materials/cfd/Images/CFD/BM-010/CFD-BM-010-019-A.jpg,m,1
3,2,172,test,1,male,White,male,White,neutral,,,,rearranged,z,710,False,False,,1,,,,False,378,WM-208,materials/cfd/Images/CFD/WM-208/CFD-WM-208-068-N.jpg,WM-204,materials/cfd/Images/CFD/WM-204/CFD-WM-204-031-N.jpg,m,1
3,2,173,test,1,male,Asian,male,White,neutral,,,,intact,m,986,False,False,,1,,,,False,380,AM-248,materials/cfd/Images/CFD/AM-248/CFD-AM-248-104-N.jpg,WM-019,materials/cfd/Images/CFD/WM-019/CFD-WM-019-003-N.jpg,z,1
3,2,174,test,1,male,White,female,White,neutral,,,,intact,m,919,False,False,,1,,,,False,382,WM-220,materials/cfd/Images/CFD/WM-220/CFD-WM-220-068-N.jpg,WF-001,materials/cfd/Images/CFD/WF-001/CFD-WF-001-003-N.jpg,z,1
3,2,175,test,1,male,Black,female,Black,neutral,,,,intact,z,507,True,False,,1,,,,False,384,BM-243,materials/cfd/Images/CFD/BM-243/CFD-BM-243-218-N.jpg,BF-232,materials/cfd/Images/CFD/BF-232/CFD-BF-232-187-N.jpg,z,1
3,2,176,test,1,female,Latino,male,White,happy,,,,intact,m,721,False,False,,1,,,,False,386,LF-251,materials/cfd/Images/CFD/LF-251/CFD-LF-251-057-N.jpg,WM-010,materials/cfd/Images/CFD/WM-010/CFD-WM-010-004-HO.jpg,z,1
3,2,177,test,1,male,Latino,male,White,happy,,,,rearranged,z,338,False,False,,1,,,,False,388,LM-224,materials/cfd/Images/CFD/LM-224/CFD-LM-224-162-N.jpg,WM-026,materials/cfd/Images/CFD/WM-026/CFD-WM-026-006-HO.jpg,m,1
3,2,178,test,1,male,Latino,female,Black,happy,,,,rearranged,z,969,False,False,,1,,,,False,390,LM-221,materials/cfd/Images/CFD/LM-221/CFD-LM-221-216-N.jpg,BF-034,materials/cfd/Images/CFD/BF-034/CFD-BF-034-005-HO.jpg,m,1
3,2,179,test,1,male,Black,male,Black,angry,,,,rearranged,m,635,True,False,,1,,,,False,392,BM-232,materials/cfd/Images/CFD/BM-232/CFD-BM-232-213-N.jpg,BM-046,materials/cfd/Images/CFD/BM-046/CFD-BM-046-048-A.jpg,m,1
3,2,180,test,1,female,Black,male,Black,neutral,,,,rearranged,z,918,False,False,,1,,,,False,394,BF-216,materials/cfd/Images/CFD/BF-216/CFD-BF-216-132-N.jpg,BM-019,materials/cfd/Images/CFD/BM-019/CFD-BM-019-002-N.jpg,m,1
4,2,1,study,0,male,Asian,female,Black,neutral,,,,,m,938,True,False,,1,,,,False,17,AM-231,materials/cfd/Images/CFD/AM-231/CFD-AM-231-136-N.jpg,BF-008,materials/cfd/Images/CFD/BF-008/CFD-BF-008-001-N.jpg,m,1
4,2,2,study,0,female,Black,male,White,happy,,,,,z,821,True,False,,1,,,,False,19,BF-011,materials/cfd/Images/CFD/BF-011/CFD-BF-011-002-N.jpg,WM-013,materials/cfd/Images/CFD/WM-013/CFD-WM-013-006-HO.jpg,z,1
4,2,3,study,0,female,White,female,Black,angry,,,,,z,745,True,False,,1,,,,False,21,WF-252,materials/cfd/Images/CFD/WF-252/CFD-WF-252-159-N.jpg,BF-037,materials/cfd/Images/CFD/BF-037/CFD-BF-037-013-A.jpg,z,1
4,2,4,study,0,female,White,male,Black,happy,,,,,z,712,True,False,,1,,,,False,23,WF-230,materials/cfd/Images/CFD/WF-230/CFD-WF-230-158-N.jpg,BM-002,materials/cfd/Images/CFD/BM-002/CFD-BM-002-007-HO.jpg,z,1
4,2,5,study,0,male,White,female,White,happy,,,,,m,1053,True,False,,1,,,,False,25,WM-025,materials/cfd/Images/CFD/WM-025/CFD-WM-025-002-N.jpg,WF-031,materials/cfd/Images/CFD/WF-031/CFD-WF-031-005-HO.jpg,m,1
4,2,6,study,0,female,White,male,White,angry,,,,,z,639,True,False,,1,,,,False,27,WF-207,materials/cfd/Images/CFD/WF-207/CFD-WF-207-014-N.jpg,WM-002,materials/cfd/Images/CFD/WM-002/CFD-WM-002-017-A.jpg,z,1
4,2,7,study,0,female,Black,female,Black,happy,,,,,z,858,True,False,,1,,,,False,29,BF-032,materials/cfd/Images/CFD/BF-032/CFD-BF-032-038-N.jpg,BF-014,materials/cfd/Images/CFD/BF-014/CFD-BF-014-004-HO.jpg,z,1
4,2,8,study,0,female,Latino,male,Black,neutral,,,,,z,927,True,False,,1,,,,False,31,LF-246,materials/cfd/Images/CFD/LF-246/CFD-LF-246-129-N.jpg,BM-208,materials/cfd/Images/CFD/BM-208/CFD-BM-208-065-N.jpg,z,1
4,2,9,study,0,male,Black,male,White,happy,,,,,m,677,True,False,,1,,,,False,33,BM-043,materials/cfd/Images/CFD/BM-043/CFD-BM-043-071-N.jpg,WM-024,materials/cfd/Images/CFD/WM-024/CFD-WM-024-003-HO.jpg,m,1
4,2,10,study,0,male,Asian,male,White,happy,,,,,m,686,True,False,,1,,,,False,35,AM-218,materials/cfd/Images/CFD/AM-218/CFD-AM-218-085-N.jpg,WM-003,materials/cfd/Images/CFD/WM-003/CFD-WM-003-003-HO.jpg,m,1
4,2,11,study,0,male,Black,female,Black,angry,,,,,m,694,True,False,,1,,,,False,37,BM-212,materials/cfd/Images/CFD/BM-212/CFD-BM-212-117-N.jpg,BF-044,materials/cfd/Images/CFD/BF-044/CFD-BF-044-044-A.jpg,m,1
4,2,12,study,0,male,Asian,female,Black,angry,,,,,m,577,True,False,,1,,,,False,39,AM-221,materials/cfd/Images/CFD/AM-221/CFD-AM-221-184-N.jpg,BF-051,materials/cfd/Images/CFD/BF-051/CFD-BF-051-043-A.jpg,m,1
4,2,13,study,0,male,Latino,female,Black,angry,,,,,m,1704,True,False,,1,,,,False,41,LM-249,materials/cfd/Images/CFD/LM-249/CFD-LM-249-001-N.jpg,BF-040,materials/cfd/Images/CFD/BF-040/CFD-BF-040-051-A.jpg,m,1
4,2,14,study,0,female,Latino,male,White,angry,,,,,z,1008,True,False,,1,,,,False,43,LF-220,materials/cfd/Images/CFD/LF-220/CFD-LF-220-120-N.jpg,WM-021,materials/cfd/Images/CFD/WM-021/CFD-WM-021-009-A.jpg,z,1
4,2,15,study,0,male,Black,female,Black,angry,,,,,z,935,False,False,,1,,,,False,45,BM-211,materials/cfd/Images/CFD/BM-211/CFD-BM-211-174-N.jpg,BF-007,materials/cfd/Images/CFD/BF-007/CFD-BF-007-013-A.jpg,m,1
4,2,16,study,0,male,Asian,male,White,angry,,,,,m,830,True,False,,1,,,,False,47,AM-240,materials/cfd/Images/CFD/AM-240/CFD-AM-240-191-N.jpg,WM-022,materials/cfd/Images/CFD/WM-022/CFD-WM-022-008-A.jpg,m,1
4,2,17,study,0,male,Latino,male,Black,happy,,,,,m,825,True,False,,1,,,,False,49,LM-226,materials/cfd/Images/CFD/LM-226/CFD-LM-226-175-N.jpg,BM-018,materials/cfd/Images/CFD/BM-018/CFD-BM-018-007-HO.jpg,m,1
4,2,18,study,0,male,White,female,White,neutral,,,,,m,924,True,False,,1,,,,False,51,WM-010,materials/cfd/Images/CFD/WM-010/CFD-WM-010-001-N.jpg,WF-016,materials/cfd/Images/CFD/WF-016/CFD-WF-016-015-N.jpg,m,1
4,2,19,study,0,male,Asian,female,Black,neutral,,,,,m,776,True,False,,1,,,,False,53,AM-250,materials/cfd/Images/CFD/AM-250/CFD-AM-250-149-N.jpg,BF-025,materials/cfd/Images/CFD/BF-025/CFD-BF-025-002-N.jpg,m,1
4,2,20,study,0,female,Black,male,Black,angry,,,,,z,918,True,False,,1,,,,False,55,BF-013,materials/cfd/Images/CFD/BF-013/CFD-BF-013-001-N.jpg,BM-040,materials/cfd/Images/CFD/BM-040/CFD-BM-040-013-A.jpg,z,1
4,2,21,study,0,male,Latino,female,Black,happy,,,,,m,734,True,False,,1,,,,False,57,LM-246,materials/cfd/Images/CFD/LM-246/CFD-LM-246-087-N.jpg,BF-015,materials/cfd/Images/CFD/BF-015/CFD-BF-015-006-HO.jpg,m,1
4,2,22,study,0,male,Black,male,Black,angry,,,,,m,777,True,False,,1,,,,False,59,BM-011,materials/cfd/Images/CFD/BM-011/CFD-BM-011-016-N.jpg,BM-037,materials/cfd/Images/CFD/BM-037/CFD-BM-037-041-A.jpg,m,1
4,2,23,study,0,female,Black,male,White,happy,,,,,z,1138,True,False,,1,,,,False,61,BF-042,materials/cfd/Images/CFD/BF-042/CFD-BF-042-026-N.jpg,WM-036,materials/cfd/Images/CFD/WM-036/CFD-WM-036-034-HO.jpg,z,1
4,2,24,study,0,female,Black,female,Black,happy,,,,,z,720,True,False,,1,,,,False,63,BF-048,materials/cfd/Images/CFD/BF-048/CFD-BF-048-002-N.jpg,BF-027,materials/cfd/Images/CFD/BF-027/CFD-BF-027-006-HO.jpg,z,1
4,2,25,study,0,female,Latino,female,White,happy,,,,,z,696,True,False,,1,,,,False,65,LF-218,materials/cfd/Images/CFD/LF-218/CFD-LF-218-072-N.jpg,WF-005,materials/cfd/Images/CFD/WF-005/CFD-WF-005-013-HO.jpg,z,1
4,2,26,study,0,male,White,male,White,happy,,,,,m,1037,True,False,,1,,,,False,67,WM-038,materials/cfd/Images/CFD/WM-038/CFD-WM-038-003-N.jpg,WM-034,materials/cfd/Images/CFD/WM-034/CFD-WM-034-035-HO.jpg,m,1
4,2,27,study,0,female,Black,female,Black,angry,,,,,z,1658,True,False,,1,,,,False,69,BF-034,materials/cfd/Images/CFD/BF-034/CFD-BF-034-002-N.jpg,BF-004,materials/cfd/Images/CFD/BF-004/CFD-BF-004-021-A.jpg,z,1
4,2,28,study,0,female,Black,female,Black,angry,,,,,z,1105,True,False,,1,,,,False,71,BF-035,materials/cfd/Images/CFD/BF-035/CFD-BF-035-001-N.jpg,BF-017,materials/cfd/Images/CFD/BF-017/CFD-BF-017-011-A.jpg,z,1
4,2,29,study,0,female,Black,male,Black,neutral,,,,,z,921,True,False,,1,,,,False,73,BF-231,materials/cfd/Images/CFD/BF-231/CFD-BF-231-202-N.jpg,BM-204,materials/cfd/Images/CFD/BM-204/CFD-BM-204-003-N.jpg,z,1
4,2,30,study,0,female,Latino,male,Black,angry,,,,,z,757,True,False,,1,,,,False,75,LF-245,materials/cfd/Images/CFD/LF-245/CFD-LF-245-166-N.jpg,BM-001,materials/cfd/Images/CFD/BM-001/CFD-BM-001-022-A.jpg,z,1
4,2,31,study,1,male,White,male,Black,neutral,,,,,m,1023,True,False,,1,,,,False,78,WM-258,materials/cfd/Images/CFD/WM-258/CFD-WM-258-125-N.jpg,BM-004,materials/cfd/Images/CFD/BM-004/CFD-BM-004-002-N.jpg,m,1
4,2,32,study,1,male,Black,female,Black,neutral,,,,,m,543,True,False,,1,,,,False,80,BM-248,materials/cfd/Images/CFD/BM-248/CFD-BM-248-128-N.jpg,BF-030,materials/cfd/Images/CFD/BF-030/CFD-BF-030-002-N.jpg,m,1
4,2,33,study,1,female,Asian,female,White,neutral,,,,,z,873,True,False,,1,,,,False,82,AF-233,materials/cfd/Images/CFD/AF-233/CFD-AF-233-190-N.jpg,WF-233,materials/cfd/Images/CFD/WF-233/CFD-WF-233-112-N.jpg,z,1
4,2,34,study,1,female,Black,male,White,neutral,,,,,z,953,True,False,,1,,,,False,84,BF-206,materials/cfd/Images/CFD/BF-206/CFD-BF-206-143-N.jpg,WM-004,materials/cfd/Images/CFD/WM-004/CFD-WM-004-010-N.jpg,z,1
4,2,35,study,1,female,Black,male,White,angry,,,,,z,1619,True,False,,1,,,,False,86,BF-047,materials/cfd/Images/CFD/BF-047/CFD-BF-047-003-N.jpg,WM-020,materials/cfd/Images/CFD/WM-020/CFD-WM-020-008-A.jpg,z,1
4,2,36,study,1,male,Black,female,Black,happy,,,,,m,711,True,False,,1,,,,False,88,BM-202,materials/cfd/Images/CFD/BM-202/CFD-BM-202-063-N.jpg,BF-033,materials/cfd/Images/CFD/BF-033/CFD-BF-033-031-HO.jpg,m,1
4,2,37,study,1,male,Latino,male,White,neutral,,,,,m,828,True,False,,1,,,,False,90,LM-236,materials/cfd/Images/CFD/LM-236/CFD-LM-236-163-N.jpg,WM-228,materials/cfd/Images/CFD/WM-228/CFD-WM-228-065-N.jpg,m,1
4,2,38,study,1,male,Asian,male,Black,neutral,,,,,m,744,True,False,,1,,,,False,92,AM-225,materials/cfd/Images/CFD/AM-225/CFD-AM-225-102-N.jpg,BM-228,materials/cfd/Images/CFD/BM-228/CFD-BM-228-145-N.jpg,m,1
4,2,39,study,1,male,Asian,male,White,neutral,,,,,m,694,True,False,,1,,,,False,94,AM-239,materials/cfd/Images/CFD/AM-239/CFD-AM-239-147-N.jpg,WM-212,materials/cfd/Images/CFD/WM-212/CFD-WM-212-097-N.jpg,m,1
4,2,40,study,1,female,Latino,female,White,neutral,,,,,z,754,True,False,,1,,,,False,96,LF-222,materials/cfd/Images/CFD/LF-222/CFD-LF-222-147-N.jpg,WF-224,materials/cfd/Images/CFD/WF-224/CFD-WF-224-099-N.jpg,z,1
4,2,41,study,1,female,Black,female,Black,happy,,,,,z,1085,True,False,,1,,,,False,98,BF-024,materials/cfd/Images/CFD/BF-024/CFD-BF-024-002-N.jpg,BF-018,materials/cfd/Images/CFD/BF-018/CFD-BF-018-040-HO.jpg,z,1
4,2,42,study,1,male,White,female,Black,happy,,,,,m,774,True,False,,1,,,,False,100,WM-200,materials/cfd/Images/CFD/WM-200/CFD-WM-200-034-N.jpg,BF-021,materials/cfd/Images/CFD/BF-021/CFD-BF-021-014-HO.jpg,m,1
4,2,43,study,1,male,Latino,female,Black,angry,,,,,m,852,True,False,,1,,,,False,102,LM-250,materials/cfd/Images/CFD/LM-250/CFD-LM-250-077-N.jpg,BF-023,materials/cfd/Images/CFD/BF-023/CFD-BF-023-013-A.jpg,m,1
4,2,44,study,1,female,Black,male,White,neutral,,,,,z,719,True,False,,1,,,,False,104,BF-036,materials/cfd/Images/CFD/BF-036/CFD-BF-036-027-N.jpg,WM-245,materials/cfd/Images/CFD/WM-245/CFD-WM-245-123-N.jpg,z,1
4,2,45,study,1,female,White,female,Black,neutral,,,,,z,883,True,False,,1,,,,False,106,WF-231,materials/cfd/Images/CFD/WF-231/CFD-WF-231-099-N.jpg,BF-250,materials/cfd/Images/CFD/BF-250/CFD-BF-250-121-N.jpg,z,1
4,2,46,study,1,male,White,female,Black,neutral,,,,,m,644,True,False,,1,,,,False,108,WM-209,materials/cfd/Images/CFD/WM-209/CFD-WM-209-038-N.jpg,BF-228,materials/cfd/Images/CFD/BF-228/CFD-BF-228-212-N.jpg,m,1
4,2,47,study,1,female,Latino,female,White,neutral,,,,,z,1453,True,False,,1,,,,False,110,LF-204,materials/cfd/Images/CFD/LF-204/CFD-LF-204-133-N.jpg,WF-249,materials/cfd/Images/CFD/WF-249/CFD-WF-249-126-N.jpg,z,1
4,2,48,study,1,female,Asian,male,Black,happy,,,,,z,785,True,False,,1,,,,False,112,AF-215,materials/cfd/Images/CFD/AF-215/CFD-AF-215-70-N.jpg,BM-016,materials/cfd/Images/CFD/BM-016/CFD-BM-016-040-HO.jpg,z,1
4,2,49,study,1,male,Black,male,Black,angry,,,,,m,692,True,False,,1,,,,False,114,BM-234,materials/cfd/Images/CFD/BM-234/CFD-BM-234-172-N.jpg,BM-036,materials/cfd/Images/CFD/BM-036/CFD-BM-036-037-A.jpg,m,1
4,2,50,study,1,male,Asian,female,White,happy,,,,,m,855,True,False,,1,,,,False,116,AM-201,materials/cfd/Images/CFD/AM-201/CFD-AM-201-076-N.jpg,WF-018,materials/cfd/Images/CFD/WF-018/CFD-WF-018-018-HO.jpg,m,1
4,2,51,study,1,male,Black,male,Black,angry,,,,,m,795,True,False,,1,,,,False,118,BM-045,materials/cfd/Images/CFD/BM-045/CFD-BM-045-004-N.jpg,BM-017,materials/cfd/Images/CFD/BM-017/CFD-BM-017-035-A.jpg,m,1
4,2,52,study,1,female,Asian,male,Black,neutral,,,,,z,845,True,False,,1,,,,False,120,AF-216,materials/cfd/Images/CFD/AF-216/CFD-AF-216-106-N.jpg,BM-206,materials/cfd/Images/CFD/BM-206/CFD-BM-206-114-N.jpg,z,1
4,2,53,study,1,female,Black,female,White,angry,,,,,z,1851,True,False,,1,,,,False,122,BF-251,materials/cfd/Images/CFD/BF-251/CFD-BF-251-211-N.jpg,WF-038,materials/cfd/Images/CFD/WF-038/CFD-WF-038-030-A.jpg,z,1
4,2,54,study,1,male,Black,male,White,angry,,,,,m,911,True,False,,1,,,,False,124,BM-024,materials/cfd/Images/CFD/BM-024/CFD-BM-024-001-N.jpg,WM-018,materials/cfd/Images/CFD/WM-018/CFD-WM-018-007-A.jpg,m,1
4,2,55,study,1,female,Latino,female,Black,neutral,,,,,z,717,True,False,,1,,,,False,126,LF-251,materials/cfd/Images/CFD/LF-251/CFD-LF-251-057-N.jpg,BF-227,materials/cfd/Images/CFD/BF-227/CFD-BF-227-137-N.jpg,z,1
4,2,56,study,1,female,White,female,Black,happy,,,,,z,936,True,False,,1,,,,False,128,WF-227,materials/cfd/Images/CFD/WF-227/CFD-WF-227-002-N.jpg,BF-039,materials/cfd/Images/CFD/BF-039/CFD-BF-039-033-HO.jpg,z,1
4,2,57,study,1,female,Latino,male,White,happy,,,,,z,781,True,False,,1,,,,False,130,LF-206,materials/cfd/Images/CFD/LF-206/CFD-LF-206-078-N.jpg,WM-019,materials/cfd/Images/CFD/WM-019/CFD-WM-019-009-HO.jpg,z,1
4,2,58,study,1,male,Latino,male,Black,neutral,,,,,m,706,True,False,,1,,,,False,132,LM-218,materials/cfd/Images/CFD/LM-218/CFD-LM-218-183-N.jpg,BM-217,materials/cfd/Images/CFD/BM-217/CFD-BM-217-082-N.jpg,m,1
4,2,59,study,1,female,Latino,female,White,angry,,,,,z,794,True,False,,1,,,,False,134,LF-230,materials/cfd/Images/CFD/LF-230/CFD-LF-230-203-N.jpg,WF-025,materials/cfd/Images/CFD/WF-025/CFD-WF-025-015-A.jpg,z,1
4,2,60,study,1,male,Asian,male,White,happy,,,,,m,656,True,False,,1,,,,False,136,AM-251,materials/cfd/Images/CFD/AM-251/CFD-AM-251-124-N.jpg,WM-033,materials/cfd/Images/CFD/WM-033/CFD-WM-033-007-HO.jpg,m,1
4,2,61,study,0,female,Black,male,White,happy,,,,,z,1188,True,False,,1,,,,False,139,BF-042,materials/cfd/Images/CFD/BF-042/CFD-BF-042-026-N.jpg,WM-036,materials/cfd/Images/CFD/WM-036/CFD-WM-036-034-HO.jpg,z,1
4,2,62,study,0,male,Latino,male,Black,happy,,,,,m,737,True,False,,1,,,,False,141,LM-226,materials/cfd/Images/CFD/LM-226/CFD-LM-226-175-N.jpg,BM-018,materials/cfd/Images/CFD/BM-018/CFD-BM-018-007-HO.jpg,m,1
4,2,63,study,0,female,Latino,female,White,happy,,,,,z,680,True,False,,1,,,,False,143,LF-218,materials/cfd/Images/CFD/LF-218/CFD-LF-218-072-N.jpg,WF-005,materials/cfd/Images/CFD/WF-005/CFD-WF-005-013-HO.jpg,z,1
4,2,64,study,0,female,Black,female,White,angry,,,,,z,901,True,False,,1,,,,False,145,BF-251,materials/cfd/Images/CFD/BF-251/CFD-BF-251-211-N.jpg,WF-038,materials/cfd/Images/CFD/WF-038/CFD-WF-038-030-A.jpg,z,1
4,2,65,study,0,female,Latino,female,Black,neutral,,,,,z,663,True,False,,1,,,,False,147,LF-251,materials/cfd/Images/CFD/LF-251/CFD-LF-251-057-N.jpg,BF-227,materials/cfd/Images/CFD/BF-227/CFD-BF-227-137-N.jpg,z,1
4,2,66,study,0,female,Black,female,Black,happy,,,,,z,506,True,False,,1,,,,False,149,BF-024,materials/cfd/Images/CFD/BF-024/CFD-BF-024-002-N.jpg,BF-018,materials/cfd/Images/CFD/BF-018/CFD-BF-018-040-HO.jpg,z,1
4,2,67,study,0,female,Black,female,Black,angry,,,,,m,1403,False,False,,1,,,,False,151,BF-034,materials/cfd/Images/CFD/BF-034/CFD-BF-034-002-N.jpg,BF-004,materials/cfd/Images/CFD/BF-004/CFD-BF-004-021-A.jpg,z,1
4,2,68,study,0,male,Black,female,Black,neutral,,,,,m,721,True,False,,1,,,,False,153,BM-248,materials/cfd/Images/CFD/BM-248/CFD-BM-248-128-N.jpg,BF-030,materials/cfd/Images/CFD/BF-030/CFD-BF-030-002-N.jpg,m,1
4,2,69,study,0,female,Black,male,White,angry,,,,,z,649,True,False,,1,,,,False,155,BF-047,materials/cfd/Images/CFD/BF-047/CFD-BF-047-003-N.jpg,WM-020,materials/cfd/Images/CFD/WM-020/CFD-WM-020-008-A.jpg,z,1
4,2,70,study,0,male,Asian,male,White,happy,,,,,m,1126,True,False,,1,,,,False,157,AM-218,materials/cfd/Images/CFD/AM-218/CFD-AM-218-085-N.jpg,WM-003,materials/cfd/Images/CFD/WM-003/CFD-WM-003-003-HO.jpg,m,1
4,2,71,study,0,male,Asian,female,Black,neutral,,,,,m,741,True,False,,1,,,,False,159,AM-250,materials/cfd/Images/CFD/AM-250/CFD-AM-250-149-N.jpg,BF-025,materials/cfd/Images/CFD/BF-025/CFD-BF-025-002-N.jpg,m,1
4,2,72,study,0,male,Black,male,White,angry,,,,,m,678,True,False,,1,,,,False,161,BM-024,materials/cfd/Images/CFD/BM-024/CFD-BM-024-001-N.jpg,WM-018,materials/cfd/Images/CFD/WM-018/CFD-WM-018-007-A.jpg,m,1
4,2,73,study,0,male,Black,male,Black,angry,,,,,m,739,True,False,,1,,,,False,163,BM-045,materials/cfd/Images/CFD/BM-045/CFD-BM-045-004-N.jpg,BM-017,materials/cfd/Images/CFD/BM-017/CFD-BM-017-035-A.jpg,m,1
4,2,74,study,0,female,Latino,male,Black,neutral,,,,,z,712,True,False,,1,,,,False,165,LF-246,materials/cfd/Images/CFD/LF-246/CFD-LF-246-129-N.jpg,BM-208,materials/cfd/Images/CFD/BM-208/CFD-BM-208-065-N.jpg,z,1
4,2,75,study,0,male,Black,male,Black,angry,,,,,m,690,True,False,,1,,,,False,167,BM-234,materials/cfd/Images/CFD/BM-234/CFD-BM-234-172-N.jpg,BM-036,materials/cfd/Images/CFD/BM-036/CFD-BM-036-037-A.jpg,m,1
4,2,76,study,0,female,Black,female,Black,happy,,,,,z,709,True,False,,1,,,,False,169,BF-048,materials/cfd/Images/CFD/BF-048/CFD-BF-048-002-N.jpg,BF-027,materials/cfd/Images/CFD/BF-027/CFD-BF-027-006-HO.jpg,z,1
4,2,77,study,0,female,Black,female,Black,happy,,,,,z,1135,True,False,,1,,,,False,171,BF-032,materials/cfd/Images/CFD/BF-032/CFD-BF-032-038-N.jpg,BF-014,materials/cfd/Images/CFD/BF-014/CFD-BF-014-004-HO.jpg,z,1
4,2,78,study,0,male,Asian,male,White,neutral,,,,,m,636,True,False,,1,,,,False,173,AM-239,materials/cfd/Images/CFD/AM-239/CFD-AM-239-147-N.jpg,WM-212,materials/cfd/Images/CFD/WM-212/CFD-WM-212-097-N.jpg,m,1
4,2,79,study,0,female,Black,male,White,neutral,,,,,z,1171,True,False,,1,,,,False,175,BF-036,materials/cfd/Images/CFD/BF-036/CFD-BF-036-027-N.jpg,WM-245,materials/cfd/Images/CFD/WM-245/CFD-WM-245-123-N.jpg,z,1
4,2,80,study,0,male,White,female,White,neutral,,,,,m,793,True,False,,1,,,,False,177,WM-010,materials/cfd/Images/CFD/WM-010/CFD-WM-010-001-N.jpg,WF-016,materials/cfd/Images/CFD/WF-016/CFD-WF-016-015-N.jpg,m,1
4,2,81,study,0,male,White,female,White,happy,,,,,m,658,True,False,,1,,,,False,179,WM-025,materials/cfd/Images/CFD/WM-025/CFD-WM-025-002-N.jpg,WF-031,materials/cfd/Images/CFD/WF-031/CFD-WF-031-005-HO.jpg,m,1
4,2,82,study,0,female,Latino,male,White,angry,,,,,z,1414,True,False,,1,,,,False,181,LF-220,materials/cfd/Images/CFD/LF-220/CFD-LF-220-120-N.jpg,WM-021,materials/cfd/Images/CFD/WM-021/CFD-WM-021-009-A.jpg,z,1
4,2,83,study,0,female,White,female,Black,happy,,,,,z,1234,True,False,,1,,,,False,183,WF-227,materials/cfd/Images/CFD/WF-227/CFD-WF-227-002-N.jpg,BF-039,materials/cfd/Images/CFD/BF-039/CFD-BF-039-033-HO.jpg,z,1
4,2,84,study,0,male,Black,male,Black,angry,,,,,m,801,True,False,,1,,,,False,185,BM-011,materials/cfd/Images/CFD/BM-011/CFD-BM-011-016-N.jpg,BM-037,materials/cfd/Images/CFD/BM-037/CFD-BM-037-041-A.jpg,m,1
4,2,85,study,0,male,Latino,female,Black,angry,,,,,m,807,True,False,,1,,,,False,187,LM-250,materials/cfd/Images/CFD/LM-250/CFD-LM-250-077-N.jpg,BF-023,materials/cfd/Images/CFD/BF-023/CFD-BF-023-013-A.jpg,m,1
4,2,86,study,0,female,Latino,male,Black,angry,,,,,z,922,True,False,,1,,,,False,189,LF-245,materials/cfd/Images/CFD/LF-245/CFD-LF-245-166-N.jpg,BM-001,materials/cfd/Images/CFD/BM-001/CFD-BM-001-022-A.jpg,z,1
4,2,87,study,0,male,Asian,male,White,angry,,,,,m,610,True,False,,1,,,,False,191,AM-240,materials/cfd/Images/CFD/AM-240/CFD-AM-240-191-N.jpg,WM-022,materials/cfd/Images/CFD/WM-022/CFD-WM-022-008-A.jpg,m,1
4,2,88,study,0,female,Black,female,Black,angry,,,,,z,1011,True,False,,1,,,,False,193,BF-035,materials/cfd/Images/CFD/BF-035/CFD-BF-035-001-N.jpg,BF-017,materials/cfd/Images/CFD/BF-017/CFD-BF-017-011-A.jpg,z,1
4,2,89,study,0,female,White,male,White,angry,,,,,z,721,True,False,,1,,,,False,195,WF-207,materials/cfd/Images/CFD/WF-207/CFD-WF-207-014-N.jpg,WM-002,materials/cfd/Images/CFD/WM-002/CFD-WM-002-017-A.jpg,z,1
4,2,90,study,0,female,Asian,male,Black,happy,,,,,z,806,True,False,,1,,,,False,197,AF-215,materials/cfd/Images/CFD/AF-215/CFD-AF-215-70-N.jpg,BM-016,materials/cfd/Images/CFD/BM-016/CFD-BM-016-040-HO.jpg,z,1
4,2,91,study,1,male,Asian,male,Black,neutral,,,,,m,705,True,False,,1,,,,False,200,AM-225,materials/cfd/Images/CFD/AM-225/CFD-AM-225-102-N.jpg,BM-228,materials/cfd/Images/CFD/BM-228/CFD-BM-228-145-N.jpg,m,1
4,2,92,study,1,female,Asian,female,White,neutral,,,,,z,889,True,False,,1,,,,False,202,AF-233,materials/cfd/Images/CFD/AF-233/CFD-AF-233-190-N.jpg,WF-233,materials/cfd/Images/CFD/WF-233/CFD-WF-233-112-N.jpg,z,1
4,2,93,study,1,male,Latino,male,Black,neutral,,,,,m,697,True,False,,1,,,,False,204,LM-218,materials/cfd/Images/CFD/LM-218/CFD-LM-218-183-N.jpg,BM-217,materials/cfd/Images/CFD/BM-217/CFD-BM-217-082-N.jpg,m,1
4,2,94,study,1,male,Asian,male,White,happy,,,,,m,669,True,False,,1,,,,False,206,AM-251,materials/cfd/Images/CFD/AM-251/CFD-AM-251-124-N.jpg,WM-033,materials/cfd/Images/CFD/WM-033/CFD-WM-033-007-HO.jpg,m,1
4,2,95,study,1,female,Black,male,Black,neutral,,,,,z,1087,True,False,,1,,,,False,208,BF-231,materials/cfd/Images/CFD/BF-231/CFD-BF-231-202-N.jpg,BM-204,materials/cfd/Images/CFD/BM-204/CFD-BM-204-003-N.jpg,z,1
4,2,96,study,1,male,Black,female,Black,angry,,,,,m,765,True,False,,1,,,,False,210,BM-212,materials/cfd/Images/CFD/BM-212/CFD-BM-212-117-N.jpg,BF-044,materials/cfd/Images/CFD/BF-044/CFD-BF-044-044-A.jpg,m,1
4,2,97,study,1,female,White,female,Black,neutral,,,,,z,1073,True,False,,1,,,,False,212,WF-231,materials/cfd/Images/CFD/WF-231/CFD-WF-231-099-N.jpg,BF-250,materials/cfd/Images/CFD/BF-250/CFD-BF-250-121-N.jpg,z,1
4,2,98,study,1,male,Asian,female,White,happy,,,,,m,1004,True,False,,1,,,,False,214,AM-201,materials/cfd/Images/CFD/AM-201/CFD-AM-201-076-N.jpg,WF-018,materials/cfd/Images/CFD/WF-018/CFD-WF-018-018-HO.jpg,m,1
4,2,99,study,1,male,Black,female,Black,angry,,,,,z,1191,False,False,,1,,,,False,216,BM-211,materials/cfd/Images/CFD/BM-211/CFD-BM-211-174-N.jpg,BF-007,materials/cfd/Images/CFD/BF-007/CFD-BF-007-013-A.jpg,m,1
4,2,100,study,1,male,Black,female,Black,happy,,,,,m,665,True,False,,1,,,,False,218,BM-202,materials/cfd/Images/CFD/BM-202/CFD-BM-202-063-N.jpg,BF-033,materials/cfd/Images/CFD/BF-033/CFD-BF-033-031-HO.jpg,m,1
4,2,101,study,1,male,Latino,male,White,neutral,,,,,m,605,True,False,,1,,,,False,220,LM-236,materials/cfd/Images/CFD/LM-236/CFD-LM-236-163-N.jpg,WM-228,materials/cfd/Images/CFD/WM-228/CFD-WM-228-065-N.jpg,m,1
4,2,102,study,1,female,White,female,Black,angry,,,,,z,671,True,False,,1,,,,False,222,WF-252,materials/cfd/Images/CFD/WF-252/CFD-WF-252-159-N.jpg,BF-037,materials/cfd/Images/CFD/BF-037/CFD-BF-037-013-A.jpg,z,1
4,2,103,study,1,male,Latino,female,Black,happy,,,,,m,866,True,False,,1,,,,False,224,LM-246,materials/cfd/Images/CFD/LM-246/CFD-LM-246-087-N.jpg,BF-015,materials/cfd/Images/CFD/BF-015/CFD-BF-015-006-HO.jpg,m,1
4,2,104,study,1,female,Latino,female,White,neutral,,,,,z,600,True,False,,1,,,,False,226,LF-222,materials/cfd/Images/CFD/LF-222/CFD-LF-222-147-N.jpg,WF-224,materials/cfd/Images/CFD/WF-224/CFD-WF-224-099-N.jpg,z,1
4,2,105,study,1,female,Black,male,White,happy,,,,,z,670,True,False,,1,,,,False,228,BF-011,materials/cfd/Images/CFD/BF-011/CFD-BF-011-002-N.jpg,WM-013,materials/cfd/Images/CFD/WM-013/CFD-WM-013-006-HO.jpg,z,1
4,2,106,study,1,male,White,female,Black,happy,,,,,m,829,True,False,,1,,,,False,230,WM-200,materials/cfd/Images/CFD/WM-200/CFD-WM-200-034-N.jpg,BF-021,materials/cfd/Images/CFD/BF-021/CFD-BF-021-014-HO.jpg,m,1
4,2,107,study,1,male,Latino,female,Black,angry,,,,,m,1755,True,False,,1,,,,False,232,LM-249,materials/cfd/Images/CFD/LM-249/CFD-LM-249-001-N.jpg,BF-040,materials/cfd/Images/CFD/BF-040/CFD-BF-040-051-A.jpg,m,1
4,2,108,study,1,male,Asian,female,Black,angry,,,,,m,694,True,False,,1,,,,False,234,AM-221,materials/cfd/Images/CFD/AM-221/CFD-AM-221-184-N.jpg,BF-051,materials/cfd/Images/CFD/BF-051/CFD-BF-051-043-A.jpg,m,1
4,2,109,study,1,male,White,male,White,happy,,,,,m,1008,True,False,,1,,,,False,236,WM-038,materials/cfd/Images/CFD/WM-038/CFD-WM-038-003-N.jpg,WM-034,materials/cfd/Images/CFD/WM-034/CFD-WM-034-035-HO.jpg,m,1
4,2,110,study,1,female,Black,male,White,neutral,,,,,z,872,True,False,,1,,,,False,238,BF-206,materials/cfd/Images/CFD/BF-206/CFD-BF-206-143-N.jpg,WM-004,materials/cfd/Images/CFD/WM-004/CFD-WM-004-010-N.jpg,z,1
4,2,111,study,1,female,Asian,male,Black,neutral,,,,,z,911,True,False,,1,,,,False,240,AF-216,materials/cfd/Images/CFD/AF-216/CFD-AF-216-106-N.jpg,BM-206,materials/cfd/Images/CFD/BM-206/CFD-BM-206-114-N.jpg,z,1
4,2,112,study,1,male,White,male,Black,neutral,,,,,m,612,True,False,,1,,,,False,242,WM-258,materials/cfd/Images/CFD/WM-258/CFD-WM-258-125-N.jpg,BM-004,materials/cfd/Images/CFD/BM-004/CFD-BM-004-002-N.jpg,m,1
4,2,113,study,1,female,Black,male,Black,angry,,,,,z,718,True,False,,1,,,,False,244,BF-013,materials/cfd/Images/CFD/BF-013/CFD-BF-013-001-N.jpg,BM-040,materials/cfd/Images/CFD/BM-040/CFD-BM-040-013-A.jpg,z,1
4,2,114,study,1,male,Black,male,White,happy,,,,,m,688,True,False,,1,,,,False,246,BM-043,materials/cfd/Images/CFD/BM-043/CFD-BM-043-071-N.jpg,WM-024,materials/cfd/Images/CFD/WM-024/CFD-WM-024-003-HO.jpg,m,1
4,2,115,study,1,female,Latino,female,White,neutral,,,,,z,716,True,False,,1,,,,False,248,LF-204,materials/cfd/Images/CFD/LF-204/CFD-LF-204-133-N.jpg,WF-249,materials/cfd/Images/CFD/WF-249/CFD-WF-249-126-N.jpg,z,1
4,2,116,study,1,female,White,male,Black,happy,,,,,z,1147,True,False,,1,,,,False,250,WF-230,materials/cfd/Images/CFD/WF-230/CFD-WF-230-158-N.jpg,BM-002,materials/cfd/Images/CFD/BM-002/CFD-BM-002-007-HO.jpg,z,1
4,2,117,study,1,female,Latino,female,White,angry,,,,,z,1108,True,False,,1,,,,False,252,LF-230,materials/cfd/Images/CFD/LF-230/CFD-LF-230-203-N.jpg,WF-025,materials/cfd/Images/CFD/WF-025/CFD-WF-025-015-A.jpg,z,1
4,2,118,study,1,male,Asian,female,Black,neutral,,,,,m,675,True,False,,1,,,,False,254,AM-231,materials/cfd/Images/CFD/AM-231/CFD-AM-231-136-N.jpg,BF-008,materials/cfd/Images/CFD/BF-008/CFD-BF-008-001-N.jpg,m,1
4,2,119,study,1,female,Latino,male,White,happy,,,,,z,866,True,False,,1,,,,False,256,LF-206,materials/cfd/Images/CFD/LF-206/CFD-LF-206-078-N.jpg,WM-019,materials/cfd/Images/CFD/WM-019/CFD-WM-019-009-HO.jpg,z,1
4,2,120,study,1,male,White,female,Black,neutral,,,,,m,691,True,False,,1,,,,False,258,WM-209,materials/cfd/Images/CFD/WM-209/CFD-WM-209-038-N.jpg,BF-228,materials/cfd/Images/CFD/BF-228/CFD-BF-228-212-N.jpg,m,1
4,2,121,test,0,female,Black,male,Black,neutral,,,,intact,m,2737,False,False,,1,,,,False,275,BF-231,materials/cfd/Images/CFD/BF-231/CFD-BF-231-202-N.jpg,BM-204,materials/cfd/Images/CFD/BM-204/CFD-BM-204-003-N.jpg,z,1
4,2,122,test,0,male,Black,male,Black,angry,,,,intact,m,1926,False,False,,1,,,,False,277,BM-045,materials/cfd/Images/CFD/BM-045/CFD-BM-045-004-N.jpg,BM-017,materials/cfd/Images/CFD/BM-017/CFD-BM-017-035-A.jpg,z,1
4,2,123,test,0,male,Asian,male,White,happy,,,,intact,,,False,True,,1,,,,False,279,AM-218,materials/cfd/Images/CFD/AM-218/CFD-AM-218-085-N.jpg,WM-003,materials/cfd/Images/CFD/WM-003/CFD-WM-003-003-HO.jpg,z,1
4,2,124,test,0,female,Asian,male,White,happy,,,,rearranged,m,1375,True,False,,1,,,,False,281,AF-215,materials/cfd/Images/CFD/AF-215/CFD-AF-215-70-N.jpg,WM-019,materials/cfd/Images/CFD/WM-019/CFD-WM-019-009-HO.jpg,m,1
4,2,125,test,0,female,Black,female,White,happy,,,,rearranged,m,1872,True,False,,1,,,,False,283,BF-048,materials/cfd/Images/CFD/BF-048/CFD-BF-048-002-N.jpg,WF-005,materials/cfd/Images/CFD/WF-005/CFD-WF-005-013-HO.jpg,m,1
4,2,126,test,0,female,Black,male,White,happy,,,,intact,z,1225,True,False,,1,,,,False,285,BF-042,materials/cfd/Images/CFD/BF-042/CFD-BF-042-026-N.jpg,WM-036,materials/cfd/Images/CFD/WM-036/CFD-WM-036-034-HO.jpg,z,1
4,2,127,test,0,male,White,female,White,happy,,,,rearranged,m,1041,True,False,,1,,,,False,287,WM-200,materials/cfd/Images/CFD/WM-200/CFD-WM-200-034-N.jpg,WF-031,materials/cfd/Images/CFD/WF-031/CFD-WF-031-005-HO.jpg,m,1
4,2,128,test,0,female,Latino,female,White,angry,,,,intact,m,535,False,False,,1,,,,False,289,LF-230,materials/cfd/Images/CFD/LF-230/CFD-LF-230-203-N.jpg,WF-025,materials/cfd/Images/CFD/WF-025/CFD-WF-025-015-A.jpg,z,1
4,2,129,test,0,male,Latino,female,Black,angry,,,,rearranged,m,976,True,False,,1,,,,False,291,LM-250,materials/cfd/Images/CFD/LM-250/CFD-LM-250-077-N.jpg,BF-007,materials/cfd/Images/CFD/BF-007/CFD-BF-007-013-A.jpg,m,1
4,2,130,test,0,male,Asian,female,Black,happy,,,,rearranged,z,751,False,False,,1,,,,False,293,AM-201,materials/cfd/Images/CFD/AM-201/CFD-AM-201-076-N.jpg,BF-021,materials/cfd/Images/CFD/BF-021/CFD-BF-021-014-HO.jpg,m,1
4,2,131,test,0,male,Asian,male,White,happy,,,,intact,m,751,False,False,,1,,,,False,295,AM-251,materials/cfd/Images/CFD/AM-251/CFD-AM-251-124-N.jpg,WM-033,materials/cfd/Images/CFD/WM-033/CFD-WM-033-007-HO.jpg,z,1
4,2,132,test,0,female,Black,male,White,angry,,,,intact,m,901,False,False,,1,,,,False,297,BF-047,materials/cfd/Images/CFD/BF-047/CFD-BF-047-003-N.jpg,WM-020,materials/cfd/Images/CFD/WM-020/CFD-WM-020-008-A.jpg,z,1
4,2,133,test,0,male,White,female,Black,neutral,,,,rearranged,z,938,False,False,,1,,,,False,299,WM-209,materials/cfd/Images/CFD/WM-209/CFD-WM-209-038-N.jpg,BF-025,materials/cfd/Images/CFD/BF-025/CFD-BF-025-002-N.jpg,m,1
4,2,134,test,0,male,Latino,male,Black,neutral,,,,rearranged,z,976,False,False,,1,,,,False,301,LM-236,materials/cfd/Images/CFD/LM-236/CFD-LM-236-163-N.jpg,BM-228,materials/cfd/Images/CFD/BM-228/CFD-BM-228-145-N.jpg,m,1
4,2,135,test,0,female,Black,female,Black,happy,,,,rearranged,z,1007,False,False,,1,,,,False,303,BF-032,materials/cfd/Images/CFD/BF-032/CFD-BF-032-038-N.jpg,BF-027,materials/cfd/Images/CFD/BF-027/CFD-BF-027-006-HO.jpg,m,1
4,2,136,test,0,female,White,female,White,angry,,,,rearranged,m,929,True,False,,1,,,,False,305,WF-252,materials/cfd/Images/CFD/WF-252/CFD-WF-252-159-N.jpg,WF-038,materials/cfd/Images/CFD/WF-038/CFD-WF-038-030-A.jpg,m,1
4,2,137,test,0,male,Asian,female,Black,angry,,,,intact,m,815,False,False,,1,,,,False,307,AM-221,materials/cfd/Images/CFD/AM-221/CFD-AM-221-184-N.jpg,BF-051,materials/cfd/Images/CFD/BF-051/CFD-BF-051-043-A.jpg,z,1
4,2,138,test,0,female,White,female,Black,happy,,,,intact,m,1165,False,False,,1,,,,False,309,WF-227,materials/cfd/Images/CFD/WF-227/CFD-WF-227-002-N.jpg,BF-039,materials/cfd/Images/CFD/BF-039/CFD-BF-039-033-HO.jpg,z,1
4,2,139,test,0,male,Latino,female,Black,happy,,,,intact,z,1095,True,False,,1,,,,False,311,LM-246,materials/cfd/Images/CFD/LM-246/CFD-LM-246-087-N.jpg,BF-015,materials/cfd/Images/CFD/BF-015/CFD-BF-015-006-HO.jpg,z,1
4,2,140,test,0,male,White,male,White,happy,,,,intact,m,821,False,False,,1,,,,False,313,WM-038,materials/cfd/Images/CFD/WM-038/CFD-WM-038-003-N.jpg,WM-034,materials/cfd/Images/CFD/WM-034/CFD-WM-034-035-HO.jpg,z,1
4,2,141,test,0,male,Black,male,Black,angry,,,,intact,m,844,False,False,,1,,,,False,315,BM-234,materials/cfd/Images/CFD/BM-234/CFD-BM-234-172-N.jpg,BM-036,materials/cfd/Images/CFD/BM-036/CFD-BM-036-037-A.jpg,z,1
4,2,142,test,0,female,White,male,Black,angry,,,,rearranged,z,763,False,False,,1,,,,False,317,WF-207,materials/cfd/Images/CFD/WF-207/CFD-WF-207-014-N.jpg,BM-001,materials/cfd/Images/CFD/BM-001/CFD-BM-001-022-A.jpg,m,1
4,2,143,test,0,male,Black,male,White,angry,,,,rearranged,m,860,True,False,,1,,,,False,319,BM-011,materials/cfd/Images/CFD/BM-011/CFD-BM-011-016-N.jpg,WM-018,materials/cfd/Images/CFD/WM-018/CFD-WM-018-007-A.jpg,m,1
4,2,144,test,0,female,White,male,Black,happy,,,,intact,z,920,True,False,,1,,,,False,321,WF-230,materials/cfd/Images/CFD/WF-230/CFD-WF-230-158-N.jpg,BM-002,materials/cfd/Images/CFD/BM-002/CFD-BM-002-007-HO.jpg,z,1
4,2,145,test,0,female,Black,male,Black,neutral,,,,rearranged,m,758,True,False,,1,,,,False,323,BF-206,materials/cfd/Images/CFD/BF-206/CFD-BF-206-143-N.jpg,BM-206,materials/cfd/Images/CFD/BM-206/CFD-BM-206-114-N.jpg,m,1
4,2,146,test,0,female,Latino,female,White,neutral,,,,intact,m,692,False,False,,1,,,,False,325,LF-204,materials/cfd/Images/CFD/LF-204/CFD-LF-204-133-N.jpg,WF-249,materials/cfd/Images/CFD/WF-249/CFD-WF-249-126-N.jpg,z,1
4,2,147,test,0,female,Black,female,Black,happy,,,,intact,m,808,False,False,,1,,,,False,327,BF-024,materials/cfd/Images/CFD/BF-024/CFD-BF-024-002-N.jpg,BF-018,materials/cfd/Images/CFD/BF-018/CFD-BF-018-040-HO.jpg,z,1
4,2,148,test,0,male,Black,female,Black,angry,,,,intact,z,732,True,False,,1,,,,False,329,BM-212,materials/cfd/Images/CFD/BM-212/CFD-BM-212-117-N.jpg,BF-044,materials/cfd/Images/CFD/BF-044/CFD-BF-044-044-A.jpg,z,1
4,2,149,test,0,female,Black,male,White,happy,,,,intact,m,663,False,False,,1,,,,False,331,BF-011,materials/cfd/Images/CFD/BF-011/CFD-BF-011-002-N.jpg,WM-013,materials/cfd/Images/CFD/WM-013/CFD-WM-013-006-HO.jpg,z,1
4,2,150,test,0,male,Black,female,Black,happy,,,,intact,m,1120,False,False,,1,,,,False,333,BM-202,materials/cfd/Images/CFD/BM-202/CFD-BM-202-063-N.jpg,BF-033,materials/cfd/Images/CFD/BF-033/CFD-BF-033-031-HO.jpg,z,1
4,2,151,test,1,female,Black,female,Black,angry,,,,intact,z,1750,True,False,,1,,,,False,336,BF-035,materials/cfd/Images/CFD/BF-035/CFD-BF-035-001-N.jpg,BF-017,materials/cfd/Images/CFD/BF-017/CFD-BF-017-011-A.jpg,z,1
4,2,152,test,1,female,Latino,male,White,angry,,,,rearranged,m,905,True,False,,1,,,,False,338,LF-245,materials/cfd/Images/CFD/LF-245/CFD-LF-245-166-N.jpg,WM-021,materials/cfd/Images/CFD/WM-021/CFD-WM-021-009-A.jpg,m,1
4,2,153,test,1,female,Latino,female,White,neutral,,,,intact,m,779,False,False,,1,,,,False,340,LF-222,materials/cfd/Images/CFD/LF-222/CFD-LF-222-147-N.jpg,WF-224,materials/cfd/Images/CFD/WF-224/CFD-WF-224-099-N.jpg,z,1
4,2,154,test,1,male,Latino,male,White,happy,,,,rearranged,m,687,True,False,,1,,,,False,342,LM-226,materials/cfd/Images/CFD/LM-226/CFD-LM-226-175-N.jpg,WM-024,materials/cfd/Images/CFD/WM-024/CFD-WM-024-003-HO.jpg,m,1
4,2,155,test,1,female,Latino,male,White,angry,,,,rearranged,m,768,True,False,,1,,,,False,344,LF-220,materials/cfd/Images/CFD/LF-220/CFD-LF-220-120-N.jpg,WM-002,materials/cfd/Images/CFD/WM-002/CFD-WM-002-017-A.jpg,m,1
4,2,156,test,1,female,Latino,male,White,neutral,,,,rearranged,m,877,True,False,,1,,,,False,346,LF-246,materials/cfd/Images/CFD/LF-246/CFD-LF-246-129-N.jpg,WM-004,materials/cfd/Images/CFD/WM-004/CFD-WM-004-010-N.jpg,m,1
4,2,157,test,1,male,White,female,White,happy,,,,rearranged,m,1255,True,False,,1,,,,False,348,WM-025,materials/cfd/Images/CFD/WM-025/CFD-WM-025-002-N.jpg,WF-018,materials/cfd/Images/CFD/WF-018/CFD-WF-018-018-HO.jpg,m,1
4,2,158,test,1,female,Latino,female,Black,neutral,,,,intact,m,1073,False,False,,1,,,,False,350,LF-251,materials/cfd/Images/CFD/LF-251/CFD-LF-251-057-N.jpg,BF-227,materials/cfd/Images/CFD/BF-227/CFD-BF-227-137-N.jpg,z,1
4,2,159,test,1,male,Latino,female,Black,angry,,,,intact,z,1201,True,False,,1,,,,False,352,LM-249,materials/cfd/Images/CFD/LM-249/CFD-LM-249-001-N.jpg,BF-040,materials/cfd/Images/CFD/BF-040/CFD-BF-040-051-A.jpg,z,1
4,2,160,test,1,male,Asian,male,White,neutral,,,,rearranged,z,1299,False,False,,1,,,,False,354,AM-225,materials/cfd/Images/CFD/AM-225/CFD-AM-225-102-N.jpg,WM-212,materials/cfd/Images/CFD/WM-212/CFD-WM-212-097-N.jpg,m,1
4,2,161,test,1,male,Asian,male,Black,angry,,,,rearranged,z,1478,False,False,,1,,,,False,356,AM-240,materials/cfd/Images/CFD/AM-240/CFD-AM-240-191-N.jpg,BM-037,materials/cfd/Images/CFD/BM-037/CFD-BM-037-041-A.jpg,m,1
4,2,162,test,1,female,Black,male,White,neutral,,,,intact,m,1021,False,False,,1,,,,False,358,BF-036,materials/cfd/Images/CFD/BF-036/CFD-BF-036-027-N.jpg,WM-245,materials/cfd/Images/CFD/WM-245/CFD-WM-245-123-N.jpg,z,1
4,2,163,test,1,female,Latino,female,Black,happy,,,,rearranged,z,1339,False,False,,1,,,,False,360,LF-218,materials/cfd/Images/CFD/LF-218/CFD-LF-218-072-N.jpg,BF-014,materials/cfd/Images/CFD/BF-014/CFD-BF-014-004-HO.jpg,m,1
4,2,164,test,1,female,Latino,male,Black,happy,,,,rearranged,m,1419,True,False,,1,,,,False,362,LF-206,materials/cfd/Images/CFD/LF-206/CFD-LF-206-078-N.jpg,BM-016,materials/cfd/Images/CFD/BM-016/CFD-BM-016-040-HO.jpg,m,1
4,2,165,test,1,male,Black,female,Black,angry,,,,rearranged,z,1138,False,False,,1,,,,False,364,BM-211,materials/cfd/Images/CFD/BM-211/CFD-BM-211-174-N.jpg,BF-023,materials/cfd/Images/CFD/BF-023/CFD-BF-023-013-A.jpg,m,1
4,2,166,test,1,female,White,female,White,neutral,,,,rearranged,m,1053,True,False,,1,,,,False,366,WF-231,materials/cfd/Images/CFD/WF-231/CFD-WF-231-099-N.jpg,WF-233,materials/cfd/Images/CFD/WF-233/CFD-WF-233-112-N.jpg,m,1
4,2,167,test,1,female,Asian,male,Black,neutral,,,,rearranged,m,1187,True,False,,1,,,,False,368,AF-216,materials/cfd/Images/CFD/AF-216/CFD-AF-216-106-N.jpg,BM-208,materials/cfd/Images/CFD/BM-208/CFD-BM-208-065-N.jpg,m,1
4,2,168,test,1,female,Asian,female,Black,neutral,,,,rearranged,m,1279,True,False,,1,,,,False,370,AF-233,materials/cfd/Images/CFD/AF-233/CFD-AF-233-190-N.jpg,BF-250,materials/cfd/Images/CFD/BF-250/CFD-BF-250-121-N.jpg,m,1
4,2,169,test,1,male,Asian,female,Black,neutral,,,,rearranged,m,1125,True,False,,1,,,,False,372,AM-250,materials/cfd/Images/CFD/AM-250/CFD-AM-250-149-N.jpg,BF-228,materials/cfd/Images/CFD/BF-228/CFD-BF-228-212-N.jpg,m,1
4,2,170,test,1,male,White,female,White,neutral,,,,intact,m,1418,False,False,,1,,,,False,374,WM-010,materials/cfd/Images/CFD/WM-010/CFD-WM-010-001-N.jpg,WF-016,materials/cfd/Images/CFD/WF-016/CFD-WF-016-015-N.jpg,z,1
4,2,171,test,1,female,Black,female,Black,angry,,,,intact,z,1117,True,False,,1,,,,False,376,BF-034,materials/cfd/Images/CFD/BF-034/CFD-BF-034-002-N.jpg,BF-004,materials/cfd/Images/CFD/BF-004/CFD-BF-004-021-A.jpg,z,1
4,2,172,test,1,male,Latino,male,Black,neutral,,,,intact,m,1179,False,False,,1,,,,False,378,LM-218,materials/cfd/Images/CFD/LM-218/CFD-LM-218-183-N.jpg,BM-217,materials/cfd/Images/CFD/BM-217/CFD-BM-217-082-N.jpg,z,1
4,2,173,test,1,female,Black,male,Black,angry,,,,intact,m,1401,False,False,,1,,,,False,380,BF-013,materials/cfd/Images/CFD/BF-013/CFD-BF-013-001-N.jpg,BM-040,materials/cfd/Images/CFD/BM-040/CFD-BM-040-013-A.jpg,z,1
4,2,174,test,1,male,Asian,female,Black,neutral,,,,intact,m,755,False,False,,1,,,,False,382,AM-231,materials/cfd/Images/CFD/AM-231/CFD-AM-231-136-N.jpg,BF-008,materials/cfd/Images/CFD/BF-008/CFD-BF-008-001-N.jpg,z,1
4,2,175,test,1,female,Black,female,Black,angry,,,,rearranged,m,897,True,False,,1,,,,False,384,BF-251,materials/cfd/Images/CFD/BF-251/CFD-BF-251-211-N.jpg,BF-037,materials/cfd/Images/CFD/BF-037/CFD-BF-037-013-A.jpg,m,1
4,2,176,test,1,male,White,male,Black,neutral,,,,intact,m,883,False,False,,1,,,,False,386,WM-258,materials/cfd/Images/CFD/WM-258/CFD-WM-258-125-N.jpg,BM-004,materials/cfd/Images/CFD/BM-004/CFD-BM-004-002-N.jpg,z,1
4,2,177,test,1,male,Black,male,Black,happy,,,,rearranged,z,1049,False,False,,1,,,,False,388,BM-043,materials/cfd/Images/CFD/BM-043/CFD-BM-043-071-N.jpg,BM-018,materials/cfd/Images/CFD/BM-018/CFD-BM-018-007-HO.jpg,m,1
4,2,178,test,1,male,Asian,male,White,neutral,,,,rearranged,m,853,True,False,,1,,,,False,390,AM-239,materials/cfd/Images/CFD/AM-239/CFD-AM-239-147-N.jpg,WM-228,materials/cfd/Images/CFD/WM-228/CFD-WM-228-065-N.jpg,m,1
4,2,179,test,1,male,Black,male,White,angry,,,,rearranged,m,622,True,False,,1,,,,False,392,BM-024,materials/cfd/Images/CFD/BM-024/CFD-BM-024-001-N.jpg,WM-022,materials/cfd/Images/CFD/WM-022/CFD-WM-022-008-A.jpg,m,1
4,2,180,test,1,male,Black,female,Black,neutral,,,,intact,m,998,False,False,,1,,,,False,394,BM-248,materials/cfd/Images/CFD/BM-248/CFD-BM-248-128-N.jpg,BF-030,materials/cfd/Images/CFD/BF-030/CFD-BF-030-002-N.jpg,z,1
5,2,1,study,0,female,Asian,female,Black,happy,,,,,z,484,True,False,,2,,,,False,17,AF-219,materials/cfd/Images/CFD/AF-219/CFD-AF-219-106-N.jpg,BF-031,materials/cfd/Images/CFD/BF-031/CFD-BF-031-051-HO.jpg,z,1
5,2,2,study,0,male,Asian,male,White,angry,,,,,m,599,True,False,,2,,,,False,19,AM-234,materials/cfd/Images/CFD/AM-234/CFD-AM-234-355-N.jpg,WM-035,materials/cfd/Images/CFD/WM-035/CFD-WM-035-018-A.jpg,m,1
5,2,3,study,0,female,Asian,male,Black,happy,,,,,m,2400,False,False,,2,,,,False,21,AF-230,materials/cfd/Images/CFD/AF-230/CFD-AF-230-193-N.jpg,BM-044,materials/cfd/Images/CFD/BM-044/CFD-BM-044-037-HO.jpg,z,1
5,2,4,study,0,male,Asian,female,Black,happy,,,,,z,1323,False,False,,2,,,,False,23,AM-248,materials/cfd/Images/CFD/AM-248/CFD-AM-248-104-N.jpg,BF-007,materials/cfd/Images/CFD/BF-007/CFD-BF-007-004-HO.jpg,m,1
5,2,5,study,0,male,Latino,female,Black,neutral,,,,,z,1720,False,False,,2,,,,False,25,LM-223,materials/cfd/Images/CFD/LM-223/CFD-LM-223-175-N.jpg,BF-221,materials/cfd/Images/CFD/BF-221/CFD-BF-221-223-N.jpg,m,1
5,2,6,study,0,male,Asian,female,White,neutral,,,,,m,1252,True,False,,2,,,,False,27,AM-209,materials/cfd/Images/CFD/AM-209/CFD-AM-209-048-N.jpg,WF-035,materials/cfd/Images/CFD/WF-035/CFD-WF-035-024-N.jpg,m,1
5,2,7,study,0,male,White,male,Black,happy,,,,,m,712,True,False,,2,,,,False,29,WM-220,materials/cfd/Images/CFD/WM-220/CFD-WM-220-068-N.jpg,BM-030,materials/cfd/Images/CFD/BM-030/CFD-BM-030-004-HO.jpg,m,1
5,2,8,study,0,female,Black,male,Black,angry,,,,,z,1171,True,False,,2,,,,False,31,BF-025,materials/cfd/Images/CFD/BF-025/CFD-BF-025-002-N.jpg,BM-037,materials/cfd/Images/CFD/BM-037/CFD-BM-037-041-A.jpg,z,1
5,2,9,study,0,male,Black,female,White,happy,,,,,m,697,True,False,,2,,,,False,33,BM-204,materials/cfd/Images/CFD/BM-204/CFD-BM-204-003-N.jpg,WF-023,materials/cfd/Images/CFD/WF-023/CFD-WF-023-020-HO.jpg,m,1
5,2,10,study,0,female,White,female,Black,angry,,,,,z,714,True,False,,2,,,,False,35,WF-005,materials/cfd/Images/CFD/WF-005/CFD-WF-005-010-N.jpg,BF-011,materials/cfd/Images/CFD/BF-011/CFD-BF-011-011-A.jpg,z,1
5,2,11,study,0,male,Asian,female,Black,happy,,,,,m,569,True,False,,2,,,,False,37,AM-202,materials/cfd/Images/CFD/AM-202/CFD-AM-202-079-N.jpg,BF-014,materials/cfd/Images/CFD/BF-014/CFD-BF-014-004-HO.jpg,m,1
5,2,12,study,0,male,Black,female,White,angry,,,,,m,526,True,False,,2,,,,False,39,BM-242,materials/cfd/Images/CFD/BM-242/CFD-BM-242-233-N.jpg,WF-028,materials/cfd/Images/CFD/WF-028/CFD-WF-028-026-A.jpg,m,1
5,2,13,study,0,male,White,female,Black,happy,,,,,m,449,True,False,,2,,,,False,41,WM-234,materials/cfd/Images/CFD/WM-234/CFD-WM-234-118-N.jpg,BF-013,materials/cfd/Images/CFD/BF-013/CFD-BF-013-003-HO.jpg,m,1
5,2,14,study,0,female,Asian,female,Black,angry,,,,,z,749,True,False,,2,,,,False,43,AF-213,materials/cfd/Images/CFD/AF-213/CFD-AF-213-126-N.jpg,BF-029,materials/cfd/Images/CFD/BF-029/CFD-BF-029-046-A.jpg,z,1
5,2,15,study,0,female,Asian,male,White,angry,,,,,z,1408,True,False,,2,,,,False,45,AF-221,materials/cfd/Images/CFD/AF-221/CFD-AF-221-147-N.jpg,WM-031,materials/cfd/Images/CFD/WM-031/CFD-WM-031-045-A.jpg,z,1
5,2,16,study,0,female,Black,male,Black,neutral,,,,,z,1140,True,False,,2,,,,False,47,BF-012,materials/cfd/Images/CFD/BF-012/CFD-BF-012-001-N.jpg,BM-245,materials/cfd/Images/CFD/BM-245/CFD-BM-245-164-N.jpg,z,1
5,2,17,study,0,male,Black,male,Black,angry,,,,,m,621,True,False,,2,,,,False,49,BM-234,materials/cfd/Images/CFD/BM-234/CFD-BM-234-172-N.jpg,BM-023,materials/cfd/Images/CFD/BM-023/CFD-BM-023-011-A.jpg,m,1
5,2,18,study,0,male,Black,male,White,happy,,,,,m,623,True,False,,2,,,,False,51,BM-224,materials/cfd/Images/CFD/BM-224/CFD-BM-224-073-N.jpg,WM-014,materials/cfd/Images/CFD/WM-014/CFD-WM-014-004-HO.jpg,m,1
5,2,19,study,0,female,White,female,White,neutral,,,,,z,724,True,False,,2,,,,False,53,WF-037,materials/cfd/Images/CFD/WF-037/CFD-WF-037-029-N.jpg,WF-017,materials/cfd/Images/CFD/WF-017/CFD-WF-017-003-N.jpg,z,1
5,2,20,study,0,male,Asian,female,White,angry,,,,,m,568,True,False,,2,,,,False,55,AM-249,materials/cfd/Images/CFD/AM-249/CFD-AM-249-163-N.jpg,WF-006,materials/cfd/Images/CFD/WF-006/CFD-WF-006-019-A.jpg,m,1
5,2,21,study,0,male,Asian,female,White,angry,,,,,m,595,True,False,,2,,,,False,57,AM-201,materials/cfd/Images/CFD/AM-201/CFD-AM-201-076-N.jpg,WF-001,materials/cfd/Images/CFD/WF-001/CFD-WF-001-016-A.jpg,m,1
5,2,22,study,0,male,White,male,Black,happy,,,,,m,805,True,False,,2,,,,False,59,WM-254,materials/cfd/Images/CFD/WM-254/CFD-WM-254-152-N.jpg,BM-015,materials/cfd/Images/CFD/BM-015/CFD-BM-015-016-HO.jpg,m,1
5,2,23,study,0,female,Black,male,White,neutral,,,,,z,684,True,False,,2,,,,False,61,BF-235,materials/cfd/Images/CFD/BF-235/CFD-BF-235-168-N.jpg,WM-200,materials/cfd/Images/CFD/WM-200/CFD-WM-200-034-N.jpg,z,1
5,2,24,study,0,female,White,male,White,happy,,,,,z,766,True,False,,2,,,,False,63,WF-034,materials/cfd/Images/CFD/WF-034/CFD-WF-034-006-N.jpg,WM-032,materials/cfd/Images/CFD/WM-032/CFD-WM-032-004-HO.jpg,z,1
5,2,25,study,0,male,White,female,White,neutral,,,,,m,1252,True,False,,2,,,,False,65,WM-253,materials/cfd/Images/CFD/WM-253/CFD-WM-253-119-N.jpg,WF-016,materials/cfd/Images/CFD/WF-016/CFD-WF-016-015-N.jpg,m,1
5,2,26,study,0,female,White,male,White,neutral,,,,,z,789,True,False,,2,,,,False,67,WF-210,materials/cfd/Images/CFD/WF-210/CFD-WF-210-086-N.jpg,WM-022,materials/cfd/Images/CFD/WM-022/CFD-WM-022-001-N.jpg,z,1
5,2,27,study,0,female,Latino,female,Black,angry,,,,,z,581,True,False,,2,,,,False,69,LF-243,materials/cfd/Images/CFD/LF-243/CFD-LF-243-175-N.jpg,BF-019,materials/cfd/Images/CFD/BF-019/CFD-BF-019-023-A.jpg,z,1
5,2,28,study,0,male,Asian,female,Black,happy,,,,,m,876,True,False,,2,,,,False,71,AM-217,materials/cfd/Images/CFD/AM-217/CFD-AM-217-085-N.jpg,BF-047,materials/cfd/Images/CFD/BF-047/CFD-BF-047-028-HO.jpg,m,1
5,2,29,study,0,female,Black,male,Black,angry,,,,,z,570,True,False,,2,,,,False,73,BF-024,materials/cfd/Images/CFD/BF-024/CFD-BF-024-002-N.jpg,BM-016,materials/cfd/Images/CFD/BM-016/CFD-BM-016-042-A.jpg,z,1
5,2,30,study,0,female,Asian,female,Black,neutral,,,,,z,1005,True,False,,2,,,,False,75,AF-225,materials/cfd/Images/CFD/AF-225/CFD-AF-225-141-N.jpg,BF-219,materials/cfd/Images/CFD/BF-219/CFD-BF-219-137-N.jpg,z,1
5,2,31,study,1,female,Asian,female,White,angry,,,,,z,659,True,False,,2,,,,False,78,AF-227,materials/cfd/Images/CFD/AF-227/CFD-AF-227-207-N.jpg,WF-036,materials/cfd/Images/CFD/WF-036/CFD-WF-036-015-A.jpg,z,1
5,2,32,study,1,male,White,male,Black,neutral,,,,,m,448,True,False,,2,,,,False,80,WM-223,materials/cfd/Images/CFD/WM-223/CFD-WM-223-056-N.jpg,BM-005,materials/cfd/Images/CFD/BM-005/CFD-BM-005-003-N.jpg,m,1
5,2,33,study,1,male,Black,female,White,angry,,,,,m,840,True,False,,2,,,,False,82,BM-250,materials/cfd/Images/CFD/BM-250/CFD-BM-250-170-N.jpg,WF-030,materials/cfd/Images/CFD/WF-030/CFD-WF-030-033-A.jpg,m,1
5,2,34,study,1,female,Black,male,White,neutral,,,,,z,911,True,False,,2,,,,False,84,BF-229,materials/cfd/Images/CFD/BF-229/CFD-BF-229-179-N.jpg,WM-006,materials/cfd/Images/CFD/WM-006/CFD-WM-006-002-N.jpg,z,1
5,2,35,study,1,female,White,female,Black,happy,,,,,z,627,True,False,,2,,,,False,86,WF-245,materials/cfd/Images/CFD/WF-245/CFD-WF-245-084-N.jpg,BF-035,materials/cfd/Images/CFD/BF-035/CFD-BF-035-027-HO.jpg,z,1
5,2,36,study,1,female,Latino,male,White,happy,,,,,z,610,True,False,,2,,,,False,88,LF-224,materials/cfd/Images/CFD/LF-224/CFD-LF-224-176-N.jpg,WM-004,materials/cfd/Images/CFD/WM-004/CFD-WM-004-006-HO.jpg,z,1
5,2,37,study,1,male,White,male,White,angry,,,,,m,549,True,False,,2,,,,False,90,WM-033,materials/cfd/Images/CFD/WM-033/CFD-WM-033-025-N.jpg,WM-025,materials/cfd/Images/CFD/WM-025/CFD-WM-025-008-A.jpg,m,1
5,2,38,study,1,male,Latino,male,Black,neutral,,,,,m,724,True,False,,2,,,,False,92,LM-237,materials/cfd/Images/CFD/LM-237/CFD-LM-237-264-N.jpg,BM-237,materials/cfd/Images/CFD/BM-237/CFD-BM-237-188-N.jpg,m,1
5,2,39,study,1,female,Asian,female,White,angry,,,,,z,580,True,False,,2,,,,False,94,AF-224,materials/cfd/Images/CFD/AF-224/CFD-AF-224-026-N.jpg,WF-025,materials/cfd/Images/CFD/WF-025/CFD-WF-025-015-A.jpg,z,1
5,2,40,study,1,male,Latino,female,White,angry,,,,,m,564,True,False,,2,,,,False,96,LM-235,materials/cfd/Images/CFD/LM-235/CFD-LM-235-231-N.jpg,WF-015,materials/cfd/Images/CFD/WF-015/CFD-WF-015-014-A.jpg,m,1
5,2,41,study,1,female,White,female,Black,happy,,,,,z,755,True,False,,2,,,,False,98,WF-202,materials/cfd/Images/CFD/WF-202/CFD-WF-202-056-N.jpg,BF-015,materials/cfd/Images/CFD/BF-015/CFD-BF-015-006-HO.jpg,z,1
5,2,42,study,1,female,Latino,female,Black,happy,,,,,z,1326,True,False,,2,,,,False,100,LF-226,materials/cfd/Images/CFD/LF-226/CFD-LF-226-174-N.jpg,BF-049,materials/cfd/Images/CFD/BF-049/CFD-BF-049-034-HO.jpg,z,1
5,2,43,study,1,male,White,female,White,neutral,,,,,m,475,True,False,,2,,,,False,102,WM-229,materials/cfd/Images/CFD/WM-229/CFD-WM-229-129-N.jpg,WF-201,materials/cfd/Images/CFD/WF-201/CFD-WF-201-156-N.jpg,m,1
5,2,44,study,1,female,Black,male,Black,angry,,,,,z,1144,True,False,,2,,,,False,104,BF-226,materials/cfd/Images/CFD/BF-226/CFD-BF-226-119-N.jpg,BM-043,materials/cfd/Images/CFD/BM-043/CFD-BM-043-014-A.jpg,z,1
5,2,45,study,1,female,White,male,White,neutral,,,,,z,647,True,False,,2,,,,False,106,WF-238,materials/cfd/Images/CFD/WF-238/CFD-WF-238-023-N.jpg,WM-028,materials/cfd/Images/CFD/WM-028/CFD-WM-028-003-N.jpg,z,1
5,2,46,study,1,male,Latino,male,Black,happy,,,,,m,566,True,False,,2,,,,False,108,LM-236,materials/cfd/Images/CFD/LM-236/CFD-LM-236-163-N.jpg,BM-013,materials/cfd/Images/CFD/BM-013/CFD-BM-013-004-HO.jpg,m,1
5,2,47,study,1,female,Latino,male,White,happy,,,,,m,615,False,False,,2,,,,False,110,LF-220,materials/cfd/Images/CFD/LF-220/CFD-LF-220-120-N.jpg,WM-024,materials/cfd/Images/CFD/WM-024/CFD-WM-024-003-HO.jpg,z,1
5,2,48,study,1,male,Black,male,Black,angry,,,,,m,575,True,False,,2,,,,False,112,BM-230,materials/cfd/Images/CFD/BM-230/CFD-BM-230-232-N.jpg,BM-021,materials/cfd/Images/CFD/BM-021/CFD-BM-021-026-A.jpg,m,1
5,2,49,study,1,male,White,male,Black,neutral,,,,,m,624,True,False,,2,,,,False,114,WM-019,materials/cfd/Images/CFD/WM-019/CFD-WM-019-003-N.jpg,BM-241,materials/cfd/Images/CFD/BM-241/CFD-BM-241-235-N.jpg,m,1
5,2,50,study,1,female,Latino,female,Black,neutral,,,,,z,507,True,False,,2,,,,False,116,LF-242,materials/cfd/Images/CFD/LF-242/CFD-LF-242-121-N.jpg,BF-045,materials/cfd/Images/CFD/BF-045/CFD-BF-045-003-N.jpg,z,1
5,2,51,study,1,female,Latino,female,White,happy,,,,,z,410,True,False,,2,,,,False,118,LF-238,materials/cfd/Images/CFD/LF-238/CFD-LF-238-154-N.jpg,WF-010,materials/cfd/Images/CFD/WF-010/CFD-WF-010-006-HO.jpg,z,1
5,2,52,study,1,female,Black,male,White,angry,,,,,z,839,True,False,,2,,,,False,120,BF-253,materials/cfd/Images/CFD/BF-253/CFD-BF-253-202-N.jpg,WM-016,materials/cfd/Images/CFD/WM-016/CFD-WM-016-008-A.jpg,z,1
5,2,53,study,1,male,Black,male,White,neutral,,,,,m,604,True,False,,2,,,,False,122,BM-029,materials/cfd/Images/CFD/BM-029/CFD-BM-029-024-N.jpg,WM-203,materials/cfd/Images/CFD/WM-203/CFD-WM-203-023-N.jpg,m,1
5,2,54,study,1,male,Asian,female,White,neutral,,,,,m,522,True,False,,2,,,,False,124,AM-223,materials/cfd/Images/CFD/AM-223/CFD-AM-223-138-N.jpg,WF-203,materials/cfd/Images/CFD/WF-203/CFD-WF-203-229-N.jpg,m,1
5,2,55,study,1,male,Latino,male,Black,happy,,,,,m,848,True,False,,2,,,,False,126,LM-224,materials/cfd/Images/CFD/LM-224/CFD-LM-224-162-N.jpg,BM-010,materials/cfd/Images/CFD/BM-010/CFD-BM-010-004-HO.jpg,m,1
5,2,56,study,1,male,Black,male,White,angry,,,,,m,704,True,False,,2,,,,False,128,BM-003,materials/cfd/Images/CFD/BM-003/CFD-BM-003-003-N.jpg,WM-026,materials/cfd/Images/CFD/WM-026/CFD-WM-026-019-A.jpg,m,1
5,2,57,study,1,female,Black,female,Black,neutral,,,,,z,622,True,False,,2,,,,False,130,BF-255,materials/cfd/Images/CFD/BF-255/CFD-BF-255-140-N.jpg,BF-228,materials/cfd/Images/CFD/BF-228/CFD-BF-228-212-N.jpg,z,1
5,2,58,study,1,female,Black,female,White,neutral,,,,,z,784,True,False,,2,,,,False,132,BF-006,materials/cfd/Images/CFD/BF-006/CFD-BF-006-017-N.jpg,WF-217,materials/cfd/Images/CFD/WF-217/CFD-WF-217-085-N.jpg,z,1
5,2,59,study,1,male,Black,male,Black,neutral,,,,,m,1033,True,False,,2,,,,False,134,BM-249,materials/cfd/Images/CFD/BM-249/CFD-BM-249-235-N.jpg,BM-009,materials/cfd/Images/CFD/BM-009/CFD-BM-009-002-N.jpg,m,1
5,2,60,study,1,female,White,male,Black,happy,,,,,z,708,True,False,,2,,,,False,136,WF-211,materials/cfd/Images/CFD/WF-211/CFD-WF-211-001-N.jpg,BM-040,materials/cfd/Images/CFD/BM-040/CFD-BM-040-030-HO.jpg,z,1
5,2,61,study,0,female,Black,male,White,neutral,,,,,z,920,True,False,,2,,,,False,139,BF-235,materials/cfd/Images/CFD/BF-235/CFD-BF-235-168-N.jpg,WM-200,materials/cfd/Images/CFD/WM-200/CFD-WM-200-034-N.jpg,z,1
5,2,62,study,0,female,Asian,male,White,angry,,,,,z,922,True,False,,2,,,,False,141,AF-221,materials/cfd/Images/CFD/AF-221/CFD-AF-221-147-N.jpg,WM-031,materials/cfd/Images/CFD/WM-031/CFD-WM-031-045-A.jpg,z,1
5,2,63,study,0,male,Latino,female,Black,neutral,,,,,m,563,True,False,,2,,,,False,143,LM-223,materials/cfd/Images/CFD/LM-223/CFD-LM-223-175-N.jpg,BF-221,materials/cfd/Images/CFD/BF-221/CFD-BF-221-223-N.jpg,m,1
5,2,64,study,0,female,Latino,female,Black,angry,,,,,z,677,True,False,,2,,,,False,145,LF-243,materials/cfd/Images/CFD/LF-243/CFD-LF-243-175-N.jpg,BF-019,materials/cfd/Images/CFD/BF-019/CFD-BF-019-023-A.jpg,z,1
5,2,65,study,0,male,Asian,female,Black,happy,,,,,m,728,True,False,,2,,,,False,147,AM-248,materials/cfd/Images/CFD/AM-248/CFD-AM-248-104-N.jpg,BF-007,materials/cfd/Images/CFD/BF-007/CFD-BF-007-004-HO.jpg,m,1
5,2,66,study,0,male,Asian,female,White,neutral,,,,,m,711,True,False,,2,,,,False,149,AM-223,materials/cfd/Images/CFD/AM-223/CFD-AM-223-138-N.jpg,WF-203,materials/cfd/Images/CFD/WF-203/CFD-WF-203-229-N.jpg,m,1
5,2,67,study,0,female,Black,male,Black,neutral,,,,,z,924,True,False,,2,,,,False,151,BF-012,materials/cfd/Images/CFD/BF-012/CFD-BF-012-001-N.jpg,BM-245,materials/cfd/Images/CFD/BM-245/CFD-BM-245-164-N.jpg,z,1
5,2,68,study,0,female,Black,male,White,neutral,,,,,z,748,True,False,,2,,,,False,153,BF-229,materials/cfd/Images/CFD/BF-229/CFD-BF-229-179-N.jpg,WM-006,materials/cfd/Images/CFD/WM-006/CFD-WM-006-002-N.jpg,z,1
5,2,69,study,0,male,Asian,female,Black,happy,,,,,m,457,True,False,,2,,,,False,155,AM-217,materials/cfd/Images/CFD/AM-217/CFD-AM-217-085-N.jpg,BF-047,materials/cfd/Images/CFD/BF-047/CFD-BF-047-028-HO.jpg,m,1
5,2,70,study,0,male,White,male,Black,happy,,,,,m,704,True,False,,2,,,,False,157,WM-254,materials/cfd/Images/CFD/WM-254/CFD-WM-254-152-N.jpg,BM-015,materials/cfd/Images/CFD/BM-015/CFD-BM-015-016-HO.jpg,m,1
5,2,71,study,0,female,White,male,White,neutral,,,,,z,883,True,False,,2,,,,False,159,WF-210,materials/cfd/Images/CFD/WF-210/CFD-WF-210-086-N.jpg,WM-022,materials/cfd/Images/CFD/WM-022/CFD-WM-022-001-N.jpg,z,1
5,2,72,study,0,female,Asian,female,Black,neutral,,,,,z,676,True,False,,2,,,,False,161,AF-225,materials/cfd/Images/CFD/AF-225/CFD-AF-225-141-N.jpg,BF-219,materials/cfd/Images/CFD/BF-219/CFD-BF-219-137-N.jpg,z,1
5,2,73,study,0,female,Latino,male,White,happy,,,,,z,586,True,False,,2,,,,False,163,LF-224,materials/cfd/Images/CFD/LF-224/CFD-LF-224-176-N.jpg,WM-004,materials/cfd/Images/CFD/WM-004/CFD-WM-004-006-HO.jpg,z,1
5,2,74,study,0,female,White,male,White,neutral,,,,,z,704,True,False,,2,,,,False,165,WF-238,materials/cfd/Images/CFD/WF-238/CFD-WF-238-023-N.jpg,WM-028,materials/cfd/Images/CFD/WM-028/CFD-WM-028-003-N.jpg,z,1
5,2,75,study,0,female,White,male,Black,happy,,,,,z,591,True,False,,2,,,,False,167,WF-211,materials/cfd/Images/CFD/WF-211/CFD-WF-211-001-N.jpg,BM-040,materials/cfd/Images/CFD/BM-040/CFD-BM-040-030-HO.jpg,z,1
5,2,76,study,0,male,White,male,Black,happy,,,,,m,715,True,False,,2,,,,False,169,WM-220,materials/cfd/Images/CFD/WM-220/CFD-WM-220-068-N.jpg,BM-030,materials/cfd/Images/CFD/BM-030/CFD-BM-030-004-HO.jpg,m,1
5,2,77,study,0,male,Asian,male,White,angry,,,,,m,786,True,False,,2,,,,False,171,AM-234,materials/cfd/Images/CFD/AM-234/CFD-AM-234-355-N.jpg,WM-035,materials/cfd/Images/CFD/WM-035/CFD-WM-035-018-A.jpg,m,1
5,2,78,study,0,male,Asian,female,White,angry,,,,,z,602,False,False,,2,,,,False,173,AM-249,materials/cfd/Images/CFD/AM-249/CFD-AM-249-163-N.jpg,WF-006,materials/cfd/Images/CFD/WF-006/CFD-WF-006-019-A.jpg,m,1
5,2,79,study,0,male,Black,male,White,angry,,,,,m,615,True,False,,2,,,,False,175,BM-003,materials/cfd/Images/CFD/BM-003/CFD-BM-003-003-N.jpg,WM-026,materials/cfd/Images/CFD/WM-026/CFD-WM-026-019-A.jpg,m,1
5,2,80,study,0,male,Black,male,Black,angry,,,,,m,724,True,False,,2,,,,False,177,BM-234,materials/cfd/Images/CFD/BM-234/CFD-BM-234-172-N.jpg,BM-023,materials/cfd/Images/CFD/BM-023/CFD-BM-023-011-A.jpg,m,1
5,2,81,study,0,male,White,male,White,angry,,,,,m,618,True,False,,2,,,,False,179,WM-033,materials/cfd/Images/CFD/WM-033/CFD-WM-033-025-N.jpg,WM-025,materials/cfd/Images/CFD/WM-025/CFD-WM-025-008-A.jpg,m,1
5,2,82,study,0,female,Black,male,Black,angry,,,,,z,622,True,False,,2,,,,False,181,BF-226,materials/cfd/Images/CFD/BF-226/CFD-BF-226-119-N.jpg,BM-043,materials/cfd/Images/CFD/BM-043/CFD-BM-043-014-A.jpg,z,1
5,2,83,study,0,female,Latino,female,Black,neutral,,,,,z,668,True,False,,2,,,,False,183,LF-242,materials/cfd/Images/CFD/LF-242/CFD-LF-242-121-N.jpg,BF-045,materials/cfd/Images/CFD/BF-045/CFD-BF-045-003-N.jpg,z,1
5,2,84,study,0,male,Latino,male,Black,happy,,,,,m,698,True,False,,2,,,,False,185,LM-236,materials/cfd/Images/CFD/LM-236/CFD-LM-236-163-N.jpg,BM-013,materials/cfd/Images/CFD/BM-013/CFD-BM-013-004-HO.jpg,m,1
5,2,85,study,0,male,Black,female,White,angry,,,,,m,688,True,False,,2,,,,False,187,BM-250,materials/cfd/Images/CFD/BM-250/CFD-BM-250-170-N.jpg,WF-030,materials/cfd/Images/CFD/WF-030/CFD-WF-030-033-A.jpg,m,1
5,2,86,study,0,female,Asian,female,Black,happy,,,,,z,919,True,False,,2,,,,False,189,AF-219,materials/cfd/Images/CFD/AF-219/CFD-AF-219-106-N.jpg,BF-031,materials/cfd/Images/CFD/BF-031/CFD-BF-031-051-HO.jpg,z,1
5,2,87,study,0,female,Asian,female,Black,angry,,,,,z,821,True,False,,2,,,,False,191,AF-213,materials/cfd/Images/CFD/AF-213/CFD-AF-213-126-N.jpg,BF-029,materials/cfd/Images/CFD/BF-029/CFD-BF-029-046-A.jpg,z,1
5,2,88,study,0,male,Black,male,Black,neutral,,,,,m,446,True,False,,2,,,,False,193,BM-249,materials/cfd/Images/CFD/BM-249/CFD-BM-249-235-N.jpg,BM-009,materials/cfd/Images/CFD/BM-009/CFD-BM-009-002-N.jpg,m,1
5,2,89,study,0,male,Black,female,White,angry,,,,,m,718,True,False,,2,,,,False,195,BM-242,materials/cfd/Images/CFD/BM-242/CFD-BM-242-233-N.jpg,WF-028,materials/cfd/Images/CFD/WF-028/CFD-WF-028-026-A.jpg,m,1
5,2,90,study,0,female,Latino,male,White,happy,,,,,z,842,True,False,,2,,,,False,197,LF-220,materials/cfd/Images/CFD/LF-220/CFD-LF-220-120-N.jpg,WM-024,materials/cfd/Images/CFD/WM-024/CFD-WM-024-003-HO.jpg,z,1
5,2,91,study,1,male,White,female,White,neutral,,,,,m,660,True,False,,2,,,,False,200,WM-229,materials/cfd/Images/CFD/WM-229/CFD-WM-229-129-N.jpg,WF-201,materials/cfd/Images/CFD/WF-201/CFD-WF-201-156-N.jpg,m,1
5,2,92,study,1,female,Black,male,Black,angry,,,,,z,512,True,False,,2,,,,False,202,BF-025,materials/cfd/Images/CFD/BF-025/CFD-BF-025-002-N.jpg,BM-037,materials/cfd/Images/CFD/BM-037/CFD-BM-037-041-A.jpg,z,1
5,2,93,study,1,male,White,female,Black,happy,,,,,m,847,True,False,,2,,,,False,204,WM-234,materials/cfd/Images/CFD/WM-234/CFD-WM-234-118-N.jpg,BF-013,materials/cfd/Images/CFD/BF-013/CFD-BF-013-003-HO.jpg,m,1
5,2,94,study,1,female,Black,female,White,neutral,,,,,z,606,True,False,,2,,,,False,206,BF-006,materials/cfd/Images/CFD/BF-006/CFD-BF-006-017-N.jpg,WF-217,materials/cfd/Images/CFD/WF-217/CFD-WF-217-085-N.jpg,z,1
5,2,95,study,1,female,White,male,White,happy,,,,,z,774,True,False,,2,,,,False,208,WF-034,materials/cfd/Images/CFD/WF-034/CFD-WF-034-006-N.jpg,WM-032,materials/cfd/Images/CFD/WM-032/CFD-WM-032-004-HO.jpg,z,1
5,2,96,study,1,female,Latino,female,White,happy,,,,,z,1092,True,False,,2,,,,False,210,LF-238,materials/cfd/Images/CFD/LF-238/CFD-LF-238-154-N.jpg,WF-010,materials/cfd/Images/CFD/WF-010/CFD-WF-010-006-HO.jpg,z,1
5,2,97,study,1,male,Latino,male,Black,happy,,,,,m,627,True,False,,2,,,,False,212,LM-224,materials/cfd/Images/CFD/LM-224/CFD-LM-224-162-N.jpg,BM-010,materials/cfd/Images/CFD/BM-010/CFD-BM-010-004-HO.jpg,m,1
5,2,98,study,1,male,Asian,female,White,angry,,,,,m,1503,True,False,,2,,,,False,214,AM-201,materials/cfd/Images/CFD/AM-201/CFD-AM-201-076-N.jpg,WF-001,materials/cfd/Images/CFD/WF-001/CFD-WF-001-016-A.jpg,m,1
5,2,99,study,1,female,Black,female,Black,neutral,,,,,z,516,True,False,,2,,,,False,216,BF-255,materials/cfd/Images/CFD/BF-255/CFD-BF-255-140-N.jpg,BF-228,materials/cfd/Images/CFD/BF-228/CFD-BF-228-212-N.jpg,z,1
5,2,100,study,1,male,White,male,Black,neutral,,,,,m,548,True,False,,2,,,,False,218,WM-223,materials/cfd/Images/CFD/WM-223/CFD-WM-223-056-N.jpg,BM-005,materials/cfd/Images/CFD/BM-005/CFD-BM-005-003-N.jpg,m,1
5,2,101,study,1,female,White,female,White,neutral,,,,,z,802,True,False,,2,,,,False,220,WF-037,materials/cfd/Images/CFD/WF-037/CFD-WF-037-029-N.jpg,WF-017,materials/cfd/Images/CFD/WF-017/CFD-WF-017-003-N.jpg,z,1
5,2,102,study,1,female,White,female,Black,happy,,,,,z,567,True,False,,2,,,,False,222,WF-202,materials/cfd/Images/CFD/WF-202/CFD-WF-202-056-N.jpg,BF-015,materials/cfd/Images/CFD/BF-015/CFD-BF-015-006-HO.jpg,z,1
5,2,103,study,1,female,Black,male,White,angry,,,,,z,876,True,False,,2,,,,False,224,BF-253,materials/cfd/Images/CFD/BF-253/CFD-BF-253-202-N.jpg,WM-016,materials/cfd/Images/CFD/WM-016/CFD-WM-016-008-A.jpg,z,1
5,2,104,study,1,male,Black,female,White,happy,,,,,m,831,True,False,,2,,,,False,226,BM-204,materials/cfd/Images/CFD/BM-204/CFD-BM-204-003-N.jpg,WF-023,materials/cfd/Images/CFD/WF-023/CFD-WF-023-020-HO.jpg,m,1
5,2,105,study,1,female,White,female,Black,angry,,,,,z,789,True,False,,2,,,,False,228,WF-005,materials/cfd/Images/CFD/WF-005/CFD-WF-005-010-N.jpg,BF-011,materials/cfd/Images/CFD/BF-011/CFD-BF-011-011-A.jpg,z,1
5,2,106,study,1,female,Asian,female,White,angry,,,,,z,939,True,False,,2,,,,False,230,AF-224,materials/cfd/Images/CFD/AF-224/CFD-AF-224-026-N.jpg,WF-025,materials/cfd/Images/CFD/WF-025/CFD-WF-025-015-A.jpg,z,1
5,2,107,study,1,male,Asian,female,Black,happy,,,,,m,773,True,False,,2,,,,False,232,AM-202,materials/cfd/Images/CFD/AM-202/CFD-AM-202-079-N.jpg,BF-014,materials/cfd/Images/CFD/BF-014/CFD-BF-014-004-HO.jpg,m,1
5,2,108,study,1,male,Latino,male,Black,neutral,,,,,m,483,True,False,,2,,,,False,234,LM-237,materials/cfd/Images/CFD/LM-237/CFD-LM-237-264-N.jpg,BM-237,materials/cfd/Images/CFD/BM-237/CFD-BM-237-188-N.jpg,m,1
5,2,109,study,1,male,Black,male,White,neutral,,,,,m,592,True,False,,2,,,,False,236,BM-029,materials/cfd/Images/CFD/BM-029/CFD-BM-029-024-N.jpg,WM-203,materials/cfd/Images/CFD/WM-203/CFD-WM-203-023-N.jpg,m,1
5,2,110,study,1,female,Latino,female,Black,happy,,,,,z,660,True,False,,2,,,,False,238,LF-226,materials/cfd/Images/CFD/LF-226/CFD-LF-226-174-N.jpg,BF-049,materials/cfd/Images/CFD/BF-049/CFD-BF-049-034-HO.jpg,z,1
5,2,111,study,1,male,Asian,female,White,neutral,,,,,m,710,True,False,,2,,,,False,240,AM-209,materials/cfd/Images/CFD/AM-209/CFD-AM-209-048-N.jpg,WF-035,materials/cfd/Images/CFD/WF-035/CFD-WF-035-024-N.jpg,m,1
5,2,112,study,1,male,Black,male,White,happy,,,,,m,624,True,False,,2,,,,False,242,BM-224,materials/cfd/Images/CFD/BM-224/CFD-BM-224-073-N.jpg,WM-014,materials/cfd/Images/CFD/WM-014/CFD-WM-014-004-HO.jpg,m,1
5,2,113,study,1,male,White,male,Black,neutral,,,,,m,475,True,False,,2,,,,False,244,WM-019,materials/cfd/Images/CFD/WM-019/CFD-WM-019-003-N.jpg,BM-241,materials/cfd/Images/CFD/BM-241/CFD-BM-241-235-N.jpg,m,1
5,2,114,study,1,male,White,female,White,neutral,,,,,m,591,True,False,,2,,,,False,246,WM-253,materials/cfd/Images/CFD/WM-253/CFD-WM-253-119-N.jpg,WF-016,materials/cfd/Images/CFD/WF-016/CFD-WF-016-015-N.jpg,m,1
5,2,115,study,1,female,White,female,Black,happy,,,,,z,540,True,False,,2,,,,False,248,WF-245,materials/cfd/Images/CFD/WF-245/CFD-WF-245-084-N.jpg,BF-035,materials/cfd/Images/CFD/BF-035/CFD-BF-035-027-HO.jpg,z,1
5,2,116,study,1,male,Latino,female,White,angry,,,,,m,585,True,False,,2,,,,False,250,LM-235,materials/cfd/Images/CFD/LM-235/CFD-LM-235-231-N.jpg,WF-015,materials/cfd/Images/CFD/WF-015/CFD-WF-015-014-A.jpg,m,1
5,2,117,study,1,female,Black,male,Black,angry,,,,,z,898,True,False,,2,,,,False,252,BF-024,materials/cfd/Images/CFD/BF-024/CFD-BF-024-002-N.jpg,BM-016,materials/cfd/Images/CFD/BM-016/CFD-BM-016-042-A.jpg,z,1
5,2,118,study,1,female,Asian,female,White,angry,,,,,z,919,True,False,,2,,,,False,254,AF-227,materials/cfd/Images/CFD/AF-227/CFD-AF-227-207-N.jpg,WF-036,materials/cfd/Images/CFD/WF-036/CFD-WF-036-015-A.jpg,z,1
5,2,119,study,1,male,Black,male,Black,angry,,,,,m,481,True,False,,2,,,,False,256,BM-230,materials/cfd/Images/CFD/BM-230/CFD-BM-230-232-N.jpg,BM-021,materials/cfd/Images/CFD/BM-021/CFD-BM-021-026-A.jpg,m,1
5,2,120,study,1,female,Asian,male,Black,happy,,,,,z,559,True,False,,2,,,,False,258,AF-230,materials/cfd/Images/CFD/AF-230/CFD-AF-230-193-N.jpg,BM-044,materials/cfd/Images/CFD/BM-044/CFD-BM-044-037-HO.jpg,z,1
5,2,121,test,0,male,Black,male,Black,neutral,,,,rearranged,m,1269,False,False,,2,,,,False,275,BM-249,materials/cfd/Images/CFD/BM-249/CFD-BM-249-235-N.jpg,BM-241,materials/cfd/Images/CFD/BM-241/CFD-BM-241-235-N.jpg,z,1
5,2,122,test,0,male,Asian,male,White,angry,,,,intact,m,1454,True,False,,2,,,,False,277,AM-234,materials/cfd/Images/CFD/AM-234/CFD-AM-234-355-N.jpg,WM-035,materials/cfd/Images/CFD/WM-035/CFD-WM-035-018-A.jpg,m,1
5,2,123,test,0,male,Black,male,Black,happy,,,,rearranged,z,1181,True,False,,2,,,,False,279,BM-224,materials/cfd/Images/CFD/BM-224/CFD-BM-224-073-N.jpg,BM-030,materials/cfd/Images/CFD/BM-030/CFD-BM-030-004-HO.jpg,z,1
5,2,124,test,0,male,Black,male,Black,neutral,,,,rearranged,z,1505,True,False,,2,,,,False,281,BM-029,materials/cfd/Images/CFD/BM-029/CFD-BM-029-024-N.jpg,BM-009,materials/cfd/Images/CFD/BM-009/CFD-BM-009-002-N.jpg,z,1
5,2,125,test,0,female,Black,female,White,neutral,,,,intact,m,1304,True,False,,2,,,,False,283,BF-006,materials/cfd/Images/CFD/BF-006/CFD-BF-006-017-N.jpg,WF-217,materials/cfd/Images/CFD/WF-217/CFD-WF-217-085-N.jpg,m,1
5,2,126,test,0,female,Latino,female,Black,happy,,,,rearranged,m,1227,False,False,,2,,,,False,285,LF-238,materials/cfd/Images/CFD/LF-238/CFD-LF-238-154-N.jpg,BF-049,materials/cfd/Images/CFD/BF-049/CFD-BF-049-034-HO.jpg,z,1
5,2,127,test,0,male,White,male,White,angry,,,,rearranged,m,1237,False,False,,2,,,,False,287,WM-033,materials/cfd/Images/CFD/WM-033/CFD-WM-033-025-N.jpg,WM-026,materials/cfd/Images/CFD/WM-026/CFD-WM-026-019-A.jpg,z,1
5,2,128,test,0,female,White,female,Black,angry,,,,intact,m,2727,True,False,,2,,,,False,289,WF-005,materials/cfd/Images/CFD/WF-005/CFD-WF-005-010-N.jpg,BF-011,materials/cfd/Images/CFD/BF-011/CFD-BF-011-011-A.jpg,m,1
5,2,129,test,0,female,White,male,White,neutral,,,,intact,z,773,False,False,,2,,,,False,291,WF-238,materials/cfd/Images/CFD/WF-238/CFD-WF-238-023-N.jpg,WM-028,materials/cfd/Images/CFD/WM-028/CFD-WM-028-003-N.jpg,m,1
5,2,130,test,0,female,Asian,female,Black,angry,,,,rearranged,z,1209,True,False,,2,,,,False,293,AF-227,materials/cfd/Images/CFD/AF-227/CFD-AF-227-207-N.jpg,BF-029,materials/cfd/Images/CFD/BF-029/CFD-BF-029-046-A.jpg,z,1
5,2,131,test,0,male,White,female,White,neutral,,,,rearranged,m,1161,False,False,,2,,,,False,295,WM-253,materials/cfd/Images/CFD/WM-253/CFD-WM-253-119-N.jpg,WF-203,materials/cfd/Images/CFD/WF-203/CFD-WF-203-229-N.jpg,z,1
5,2,132,test,0,male,Latino,female,Black,neutral,,,,intact,m,1099,True,False,,2,,,,False,297,LM-223,materials/cfd/Images/CFD/LM-223/CFD-LM-223-175-N.jpg,BF-221,materials/cfd/Images/CFD/BF-221/CFD-BF-221-223-N.jpg,m,1
5,2,133,test,0,female,Black,male,Black,angry,,,,rearranged,m,1075,False,False,,2,,,,False,299,BF-226,materials/cfd/Images/CFD/BF-226/CFD-BF-226-119-N.jpg,BM-037,materials/cfd/Images/CFD/BM-037/CFD-BM-037-041-A.jpg,z,1
5,2,134,test,0,female,White,male,White,happy,,,,rearranged,m,837,False,False,,2,,,,False,301,WF-211,materials/cfd/Images/CFD/WF-211/CFD-WF-211-001-N.jpg,WM-004,materials/cfd/Images/CFD/WM-004/CFD-WM-004-006-HO.jpg,z,1
5,2,135,test,0,male,Black,female,Black,happy,,,,rearranged,z,1416,True,False,,2,,,,False,303,BM-204,materials/cfd/Images/CFD/BM-204/CFD-BM-204-003-N.jpg,BF-047,materials/cfd/Images/CFD/BF-047/CFD-BF-047-028-HO.jpg,z,1
5,2,136,test,0,male,Latino,male,Black,happy,,,,intact,z,1237,False,False,,2,,,,False,305,LM-236,materials/cfd/Images/CFD/LM-236/CFD-LM-236-163-N.jpg,BM-013,materials/cfd/Images/CFD/BM-013/CFD-BM-013-004-HO.jpg,m,1
5,2,137,test,0,female,Asian,male,White,angry,,,,intact,z,789,False,False,,2,,,,False,307,AF-221,materials/cfd/Images/CFD/AF-221/CFD-AF-221-147-N.jpg,WM-031,materials/cfd/Images/CFD/WM-031/CFD-WM-031-045-A.jpg,m,1
5,2,138,test,0,male,White,male,Black,neutral,,,,intact,m,1052,True,False,,2,,,,False,309,WM-223,materials/cfd/Images/CFD/WM-223/CFD-WM-223-056-N.jpg,BM-005,materials/cfd/Images/CFD/BM-005/CFD-BM-005-003-N.jpg,m,1
5,2,139,test,0,male,Asian,female,White,neutral,,,,intact,m,1105,True,False,,2,,,,False,311,AM-209,materials/cfd/Images/CFD/AM-209/CFD-AM-209-048-N.jpg,WF-035,materials/cfd/Images/CFD/WF-035/CFD-WF-035-024-N.jpg,m,1
5,2,140,test,0,male,White,male,White,neutral,,,,rearranged,z,1208,True,False,,2,,,,False,313,WM-019,materials/cfd/Images/CFD/WM-019/CFD-WM-019-003-N.jpg,WM-203,materials/cfd/Images/CFD/WM-203/CFD-WM-203-023-N.jpg,z,1
5,2,141,test,0,female,Asian,female,White,neutral,,,,rearranged,m,942,False,False,,2,,,,False,315,AF-225,materials/cfd/Images/CFD/AF-225/CFD-AF-225-141-N.jpg,WF-017,materials/cfd/Images/CFD/WF-017/CFD-WF-017-003-N.jpg,z,1
5,2,142,test,0,female,White,male,White,neutral,,,,rearranged,z,950,True,False,,2,,,,False,317,WF-210,materials/cfd/Images/CFD/WF-210/CFD-WF-210-086-N.jpg,WM-006,materials/cfd/Images/CFD/WM-006/CFD-WM-006-002-N.jpg,z,1
5,2,143,test,0,male,White,female,Black,happy,,,,intact,m,1475,True,False,,2,,,,False,319,WM-234,materials/cfd/Images/CFD/WM-234/CFD-WM-234-118-N.jpg,BF-013,materials/cfd/Images/CFD/BF-013/CFD-BF-013-003-HO.jpg,m,1
5,2,144,test,0,female,Latino,female,Black,angry,,,,intact,z,1059,False,False,,2,,,,False,321,LF-243,materials/cfd/Images/CFD/LF-243/CFD-LF-243-175-N.jpg,BF-019,materials/cfd/Images/CFD/BF-019/CFD-BF-019-023-A.jpg,m,1
5,2,145,test,0,male,Black,female,White,angry,,,,rearranged,z,892,True,False,,2,,,,False,323,BM-250,materials/cfd/Images/CFD/BM-250/CFD-BM-250-170-N.jpg,WF-015,materials/cfd/Images/CFD/WF-015/CFD-WF-015-014-A.jpg,z,1
5,2,146,test,0,female,Black,male,Black,neutral,,,,intact,m,913,True,False,,2,,,,False,325,BF-012,materials/cfd/Images/CFD/BF-012/CFD-BF-012-001-N.jpg,BM-245,materials/cfd/Images/CFD/BM-245/CFD-BM-245-164-N.jpg,m,1
5,2,147,test,0,male,White,female,White,neutral,,,,intact,z,1078,False,False,,2,,,,False,327,WM-229,materials/cfd/Images/CFD/WM-229/CFD-WM-229-129-N.jpg,WF-201,materials/cfd/Images/CFD/WF-201/CFD-WF-201-156-N.jpg,m,1
5,2,148,test,0,female,Asian,female,Black,happy,,,,intact,z,1073,False,False,,2,,,,False,329,AF-219,materials/cfd/Images/CFD/AF-219/CFD-AF-219-106-N.jpg,BF-031,materials/cfd/Images/CFD/BF-031/CFD-BF-031-051-HO.jpg,m,1
5,2,149,test,0,female,Latino,male,White,happy,,,,intact,m,1154,True,False,,2,,,,False,331,LF-220,materials/cfd/Images/CFD/LF-220/CFD-LF-220-120-N.jpg,WM-024,materials/cfd/Images/CFD/WM-024/CFD-WM-024-003-HO.jpg,m,1
5,2,150,test,0,female,White,female,White,happy,,,,rearranged,m,1281,False,False,,2,,,,False,333,WF-202,materials/cfd/Images/CFD/WF-202/CFD-WF-202-056-N.jpg,WF-010,materials/cfd/Images/CFD/WF-010/CFD-WF-010-006-HO.jpg,z,1
5,2,151,test,1,male,Asian,female,Black,happy,,,,intact,z,1073,False,False,,2,,,,False,336,AM-202,materials/cfd/Images/CFD/AM-202/CFD-AM-202-079-N.jpg,BF-014,materials/cfd/Images/CFD/BF-014/CFD-BF-014-004-HO.jpg,m,1
5,2,152,test,1,male,Black,male,Black,angry,,,,intact,z,770,False,False,,2,,,,False,338,BM-234,materials/cfd/Images/CFD/BM-234/CFD-BM-234-172-N.jpg,BM-023,materials/cfd/Images/CFD/BM-023/CFD-BM-023-011-A.jpg,m,1
5,2,153,test,1,female,White,female,Black,happy,,,,intact,m,934,True,False,,2,,,,False,340,WF-245,materials/cfd/Images/CFD/WF-245/CFD-WF-245-084-N.jpg,BF-035,materials/cfd/Images/CFD/BF-035/CFD-BF-035-027-HO.jpg,m,1
5,2,154,test,1,male,Latino,female,White,angry,,,,rearranged,z,1228,True,False,,2,,,,False,342,LM-235,materials/cfd/Images/CFD/LM-235/CFD-LM-235-231-N.jpg,WF-030,materials/cfd/Images/CFD/WF-030/CFD-WF-030-033-A.jpg,z,1
5,2,155,test,1,female,Black,male,White,angry,,,,rearranged,m,1002,False,False,,2,,,,False,344,BF-025,materials/cfd/Images/CFD/BF-025/CFD-BF-025-002-N.jpg,WM-016,materials/cfd/Images/CFD/WM-016/CFD-WM-016-008-A.jpg,z,1
5,2,156,test,1,female,Latino,female,Black,happy,,,,rearranged,m,1071,False,False,,2,,,,False,346,LF-226,materials/cfd/Images/CFD/LF-226/CFD-LF-226-174-N.jpg,BF-015,materials/cfd/Images/CFD/BF-015/CFD-BF-015-006-HO.jpg,z,1
5,2,157,test,1,female,Black,female,Black,neutral,,,,intact,z,1262,False,False,,2,,,,False,348,BF-255,materials/cfd/Images/CFD/BF-255/CFD-BF-255-140-N.jpg,BF-228,materials/cfd/Images/CFD/BF-228/CFD-BF-228-212-N.jpg,m,1
5,2,158,test,1,male,Asian,female,White,happy,,,,rearranged,m,997,False,False,,2,,,,False,350,AM-248,materials/cfd/Images/CFD/AM-248/CFD-AM-248-104-N.jpg,WF-023,materials/cfd/Images/CFD/WF-023/CFD-WF-023-020-HO.jpg,z,1
5,2,159,test,1,female,Asian,male,Black,happy,,,,intact,z,1312,False,False,,2,,,,False,352,AF-230,materials/cfd/Images/CFD/AF-230/CFD-AF-230-193-N.jpg,BM-044,materials/cfd/Images/CFD/BM-044/CFD-BM-044-037-HO.jpg,m,1
5,2,160,test,1,male,White,male,White,happy,,,,rearranged,m,825,False,False,,2,,,,False,354,WM-220,materials/cfd/Images/CFD/WM-220/CFD-WM-220-068-N.jpg,WM-014,materials/cfd/Images/CFD/WM-014/CFD-WM-014-004-HO.jpg,z,1
5,2,161,test,1,male,Black,male,White,angry,,,,rearranged,z,838,True,False,,2,,,,False,356,BM-230,materials/cfd/Images/CFD/BM-230/CFD-BM-230-232-N.jpg,WM-025,materials/cfd/Images/CFD/WM-025/CFD-WM-025-008-A.jpg,z,1
5,2,162,test,1,male,Asian,female,Black,happy,,,,rearranged,m,1222,False,False,,2,,,,False,358,AM-217,materials/cfd/Images/CFD/AM-217/CFD-AM-217-085-N.jpg,BF-007,materials/cfd/Images/CFD/BF-007/CFD-BF-007-004-HO.jpg,z,1
5,2,163,test,1,female,Asian,female,White,angry,,,,rearranged,m,1062,False,False,,2,,,,False,360,AF-213,materials/cfd/Images/CFD/AF-213/CFD-AF-213-126-N.jpg,WF-036,materials/cfd/Images/CFD/WF-036/CFD-WF-036-015-A.jpg,z,1
5,2,164,test,1,female,Black,male,Black,angry,,,,intact,m,1045,True,False,,2,,,,False,362,BF-024,materials/cfd/Images/CFD/BF-024/CFD-BF-024-002-N.jpg,BM-016,materials/cfd/Images/CFD/BM-016/CFD-BM-016-042-A.jpg,m,1
5,2,165,test,1,male,Black,female,White,angry,,,,intact,m,1018,True,False,,2,,,,False,364,BM-242,materials/cfd/Images/CFD/BM-242/CFD-BM-242-233-N.jpg,WF-028,materials/cfd/Images/CFD/WF-028/CFD-WF-028-026-A.jpg,m,1
5,2,166,test,1,female,White,female,Black,neutral,,,,rearranged,z,977,True,False,,2,,,,False,366,WF-037,materials/cfd/Images/CFD/WF-037/CFD-WF-037-029-N.jpg,BF-219,materials/cfd/Images/CFD/BF-219/CFD-BF-219-137-N.jpg,z,1
5,2,167,test,1,female,Latino,male,Black,happy,,,,rearranged,z,1208,True,False,,2,,,,False,368,LF-224,materials/cfd/Images/CFD/LF-224/CFD-LF-224-176-N.jpg,BM-040,materials/cfd/Images/CFD/BM-040/CFD-BM-040-030-HO.jpg,z,1
5,2,168,test,1,female,Black,male,White,neutral,,,,rearranged,m,1119,False,False,,2,,,,False,370,BF-229,materials/cfd/Images/CFD/BF-229/CFD-BF-229-179-N.jpg,WM-200,materials/cfd/Images/CFD/WM-200/CFD-WM-200-034-N.jpg,z,1
5,2,169,test,1,female,Black,male,White,neutral,,,,rearranged,m,1063,False,False,,2,,,,False,372,BF-235,materials/cfd/Images/CFD/BF-235/CFD-BF-235-168-N.jpg,WM-022,materials/cfd/Images/CFD/WM-022/CFD-WM-022-001-N.jpg,z,1
5,2,170,test,1,male,Asian,female,White,neutral,,,,rearranged,m,1109,False,False,,2,,,,False,374,AM-223,materials/cfd/Images/CFD/AM-223/CFD-AM-223-138-N.jpg,WF-016,materials/cfd/Images/CFD/WF-016/CFD-WF-016-015-N.jpg,z,1
5,2,171,test,1,female,Latino,female,Black,neutral,,,,intact,z,951,False,False,,2,,,,False,376,LF-242,materials/cfd/Images/CFD/LF-242/CFD-LF-242-121-N.jpg,BF-045,materials/cfd/Images/CFD/BF-045/CFD-BF-045-003-N.jpg,m,1
5,2,172,test,1,male,Asian,female,White,angry,,,,intact,m,927,True,False,,2,,,,False,378,AM-201,materials/cfd/Images/CFD/AM-201/CFD-AM-201-076-N.jpg,WF-001,materials/cfd/Images/CFD/WF-001/CFD-WF-001-016-A.jpg,m,1
5,2,173,test,1,male,Latino,male,Black,neutral,,,,intact,m,1424,True,False,,2,,,,False,380,LM-237,materials/cfd/Images/CFD/LM-237/CFD-LM-237-264-N.jpg,BM-237,materials/cfd/Images/CFD/BM-237/CFD-BM-237-188-N.jpg,m,1
5,2,174,test,1,male,Latino,male,Black,happy,,,,intact,m,1033,True,False,,2,,,,False,382,LM-224,materials/cfd/Images/CFD/LM-224/CFD-LM-224-162-N.jpg,BM-010,materials/cfd/Images/CFD/BM-010/CFD-BM-010-004-HO.jpg,m,1
5,2,175,test,1,female,Asian,female,White,angry,,,,intact,z,1388,False,False,,2,,,,False,384,AF-224,materials/cfd/Images/CFD/AF-224/CFD-AF-224-026-N.jpg,WF-025,materials/cfd/Images/CFD/WF-025/CFD-WF-025-015-A.jpg,m,1
5,2,176,test,1,female,Black,male,Black,angry,,,,rearranged,m,953,False,False,,2,,,,False,386,BF-253,materials/cfd/Images/CFD/BF-253/CFD-BF-253-202-N.jpg,BM-043,materials/cfd/Images/CFD/BM-043/CFD-BM-043-014-A.jpg,z,1
5,2,177,test,1,female,White,male,White,happy,,,,intact,m,1201,True,False,,2,,,,False,388,WF-034,materials/cfd/Images/CFD/WF-034/CFD-WF-034-006-N.jpg,WM-032,materials/cfd/Images/CFD/WM-032/CFD-WM-032-004-HO.jpg,m,1
5,2,178,test,1,male,White,male,Black,happy,,,,intact,m,1092,True,False,,2,,,,False,390,WM-254,materials/cfd/Images/CFD/WM-254/CFD-WM-254-152-N.jpg,BM-015,materials/cfd/Images/CFD/BM-015/CFD-BM-015-016-HO.jpg,m,1
5,2,179,test,1,male,Asian,female,White,angry,,,,intact,z,862,False,False,,2,,,,False,392,AM-249,materials/cfd/Images/CFD/AM-249/CFD-AM-249-163-N.jpg,WF-006,materials/cfd/Images/CFD/WF-006/CFD-WF-006-019-A.jpg,m,1
5,2,180,test,1,male,Black,male,Black,angry,,,,rearranged,m,1009,False,False,,2,,,,False,394,BM-003,materials/cfd/Images/CFD/BM-003/CFD-BM-003-003-N.jpg,BM-021,materials/cfd/Images/CFD/BM-021/CFD-BM-021-026-A.jpg,z,1
6,2,1,study,0,male,Asian,male,White,happy,,,,,m,739,True,False,,2,,,,False,17,AM-214,materials/cfd/Images/CFD/AM-214/CFD-AM-214-168-N.jpg,WM-029,materials/cfd/Images/CFD/WM-029/CFD-WM-029-029-HO.jpg,m,1
6,2,2,study,0,female,White,female,Black,neutral,,,,,z,547,True,False,,2,,,,False,19,WF-006,materials/cfd/Images/CFD/WF-006/CFD-WF-006-002-N.jpg,BF-051,materials/cfd/Images/CFD/BF-051/CFD-BF-051-035-N.jpg,z,1
6,2,3,study,0,female,Black,male,White,happy,,,,,z,822,True,False,,2,,,,False,21,BF-032,materials/cfd/Images/CFD/BF-032/CFD-BF-032-038-N.jpg,WM-003,materials/cfd/Images/CFD/WM-003/CFD-WM-003-003-HO.jpg,z,1
6,2,4,study,0,male,Black,male,Black,neutral,,,,,m,731,True,False,,2,,,,False,23,BM-046,materials/cfd/Images/CFD/BM-046/CFD-BM-046-006-N.jpg,BM-018,materials/cfd/Images/CFD/BM-018/CFD-BM-018-001-N.jpg,m,1
6,2,5,study,0,male,Black,male,White,happy,,,,,m,695,True,False,,2,,,,False,25,BM-244,materials/cfd/Images/CFD/BM-244/CFD-BM-244-197-N.jpg,WM-021,materials/cfd/Images/CFD/WM-021/CFD-WM-021-004-HO.jpg,m,1
6,2,6,study,0,female,Black,male,White,happy,,,,,z,740,True,False,,2,,,,False,27,BF-247,materials/cfd/Images/CFD/BF-247/CFD-BF-247-179-N.jpg,WM-025,materials/cfd/Images/CFD/WM-025/CFD-WM-025-019-HO.jpg,z,1
6,2,7,study,0,male,Asian,male,White,angry,,,,,m,618,True,False,,2,,,,False,29,AM-240,materials/cfd/Images/CFD/AM-240/CFD-AM-240-191-N.jpg,WM-037,materials/cfd/Images/CFD/WM-037/CFD-WM-037-060-A.jpg,m,1
6,2,8,study,0,male,Asian,male,White,happy,,,,,m,772,True,False,,2,,,,False,31,AM-234,materials/cfd/Images/CFD/AM-234/CFD-AM-234-355-N.jpg,WM-016,materials/cfd/Images/CFD/WM-016/CFD-WM-016-002-HO.jpg,m,1
6,2,9,study,0,female,Latino,female,White,neutral,,,,,z,528,True,False,,2,,,,False,33,LF-208,materials/cfd/Images/CFD/LF-208/CFD-LF-208-127-N.jpg,WF-214,materials/cfd/Images/CFD/WF-214/CFD-WF-214-122-N.jpg,z,1
6,2,10,study,0,female,Black,male,White,angry,,,,,z,503,True,False,,2,,,,False,35,BF-038,materials/cfd/Images/CFD/BF-038/CFD-BF-038-037-N.jpg,WM-017,materials/cfd/Images/CFD/WM-017/CFD-WM-017-011-A.jpg,z,1
6,2,11,study,0,female,Asian,male,White,happy,,,,,m,525,False,False,,2,,,,False,37,AF-248,materials/cfd/Images/CFD/AF-248/CFD-AF-248-148-N.jpg,WM-001,materials/cfd/Images/CFD/WM-001/CFD-WM-001-011-HO.jpg,z,1
6,2,12,study,0,female,Black,female,Black,neutral,,,,,z,1096,True,False,,2,,,,False,39,BF-200,materials/cfd/Images/CFD/BF-200/CFD-BF-200-080-N.jpg,BF-008,materials/cfd/Images/CFD/BF-008/CFD-BF-008-001-N.jpg,z,1
6,2,13,study,0,female,White,female,White,angry,,,,,z,763,True,False,,2,,,,False,41,WF-020,materials/cfd/Images/CFD/WF-020/CFD-WF-020-002-N.jpg,WF-022,materials/cfd/Images/CFD/WF-022/CFD-WF-022-023-A.jpg,z,1
6,2,14,study,0,male,Black,female,White,happy,,,,,m,993,True,False,,2,,,,False,43,BM-211,materials/cfd/Images/CFD/BM-211/CFD-BM-211-174-N.jpg,WF-028,materials/cfd/Images/CFD/WF-028/CFD-WF-028-024-HO.jpg,m,1
6,2,15,study,0,male,Asian,male,Black,neutral,,,,,m,635,True,False,,2,,,,False,45,AM-227,materials/cfd/Images/CFD/AM-227/CFD-AM-227-184-N.jpg,BM-013,materials/cfd/Images/CFD/BM-013/CFD-BM-013-002-N.jpg,m,1
6,2,16,study,0,male,White,male,White,neutral,,,,,z,862,False,False,,2,,,,False,47,WM-237,materials/cfd/Images/CFD/WM-237/CFD-WM-237-052-N.jpg,WM-200,materials/cfd/Images/CFD/WM-200/CFD-WM-200-034-N.jpg,m,1
6,2,17,study,0,male,Latino,female,White,angry,,,,,m,688,True,False,,2,,,,False,49,LM-236,materials/cfd/Images/CFD/LM-236/CFD-LM-236-163-N.jpg,WF-030,materials/cfd/Images/CFD/WF-030/CFD-WF-030-033-A.jpg,m,1
6,2,18,study,0,female,White,female,White,angry,,,,,z,638,True,False,,2,,,,False,51,WF-219,materials/cfd/Images/CFD/WF-219/CFD-WF-219-038-N.jpg,WF-033,materials/cfd/Images/CFD/WF-033/CFD-WF-033-031-A.jpg,z,1
6,2,19,study,0,female,Latino,male,Black,neutral,,,,,z,801,True,False,,2,,,,False,53,LF-255,materials/cfd/Images/CFD/LF-255/CFD-LF-255-088-N.jpg,BM-229,materials/cfd/Images/CFD/BM-229/CFD-BM-229-209-N.jpg,z,1
6,2,20,study,0,male,White,female,Black,neutral,,,,,m,541,True,False,,2,,,,False,55,WM-245,materials/cfd/Images/CFD/WM-245/CFD-WM-245-123-N.jpg,BF-227,materials/cfd/Images/CFD/BF-227/CFD-BF-227-137-N.jpg,m,1
6,2,21,study,0,female,Latino,male,White,happy,,,,,z,513,True,False,,2,,,,False,57,LF-234,materials/cfd/Images/CFD/LF-234/CFD-LF-234-139-N.jpg,WM-015,materials/cfd/Images/CFD/WM-015/CFD-WM-015-005-HO.jpg,z,1
6,2,22,study,0,female,Asian,female,Black,angry,,,,,z,635,True,False,,2,,,,False,59,AF-210,materials/cfd/Images/CFD/AF-210/CFD-AF-210-050-N.jpg,BF-037,materials/cfd/Images/CFD/BF-037/CFD-BF-037-013-A.jpg,z,1
6,2,23,study,0,female,Black,female,Black,neutral,,,,,z,505,True,False,,2,,,,False,61,BF-228,materials/cfd/Images/CFD/BF-228/CFD-BF-228-212-N.jpg,BF-251,materials/cfd/Images/CFD/BF-251/CFD-BF-251-211-N.jpg,z,1
6,2,24,study,0,male,Black,male,Black,happy,,,,,m,540,True,False,,2,,,,False,63,BM-004,materials/cfd/Images/CFD/BM-004/CFD-BM-004-002-N.jpg,BM-036,materials/cfd/Images/CFD/BM-036/CFD-BM-036-004-HO.jpg,m,1
6,2,25,study,0,female,Asian,male,Black,angry,,,,,z,550,True,False,,2,,,,False,65,AF-235,materials/cfd/Images/CFD/AF-235/CFD-AF-235-170-N.jpg,BM-015,materials/cfd/Images/CFD/BM-015/CFD-BM-015-012-A.jpg,z,1
6,2,26,study,0,female,Black,female,White,happy,,,,,z,647,True,False,,2,,,,False,67,BF-204,materials/cfd/Images/CFD/BF-204/CFD-BF-204-189-N.jpg,WF-025,materials/cfd/Images/CFD/WF-025/CFD-WF-025-006-HO.jpg,z,1
6,2,27,study,0,female,Black,female,Black,happy,,,,,z,1035,True,False,,2,,,,False,69,BF-019,materials/cfd/Images/CFD/BF-019/CFD-BF-019-001-N.jpg,BF-042,materials/cfd/Images/CFD/BF-042/CFD-BF-042-028-HO.jpg,z,1
6,2,28,study,0,female,White,male,Black,neutral,,,,,z,999,True,False,,2,,,,False,71,WF-217,materials/cfd/Images/CFD/WF-217/CFD-WF-217-085-N.jpg,BM-242,materials/cfd/Images/CFD/BM-242/CFD-BM-242-233-N.jpg,z,1
6,2,29,study,0,male,White,female,Black,neutral,,,,,m,994,True,False,,2,,,,False,73,WM-248,materials/cfd/Images/CFD/WM-248/CFD-WM-248-036-N.jpg,BF-017,materials/cfd/Images/CFD/BF-017/CFD-BF-017-003-N.jpg,m,1
6,2,30,study,0,male,Black,female,Black,neutral,,,,,z,971,False,False,,2,,,,False,75,BM-237,materials/cfd/Images/CFD/BM-237/CFD-BM-237-188-N.jpg,BF-248,materials/cfd/Images/CFD/BF-248/CFD-BF-248-149-N.jpg,m,1
6,2,31,study,1,male,White,female,Black,angry,,,,,m,942,True,False,,2,,,,False,78,WM-221,materials/cfd/Images/CFD/WM-221/CFD-WM-221-091-N.jpg,BF-043,materials/cfd/Images/CFD/BF-043/CFD-BF-043-038-A.jpg,m,1
6,2,32,study,1,male,White,male,White,neutral,,,,,m,895,True,False,,2,,,,False,80,WM-225,materials/cfd/Images/CFD/WM-225/CFD-WM-225-127-N.jpg,WM-215,materials/cfd/Images/CFD/WM-215/CFD-WM-215-041-N.jpg,m,1
6,2,33,study,1,male,White,female,Black,neutral,,,,,m,889,True,False,,2,,,,False,82,WM-223,materials/cfd/Images/CFD/WM-223/CFD-WM-223-056-N.jpg,BF-018,materials/cfd/Images/CFD/BF-018/CFD-BF-018-039-N.jpg,m,1
6,2,34,study,1,male,Asian,female,White,happy,,,,,m,810,True,False,,2,,,,False,84,AM-228,materials/cfd/Images/CFD/AM-228/CFD-AM-228-214-N.jpg,WF-010,materials/cfd/Images/CFD/WF-010/CFD-WF-010-006-HO.jpg,m,1
6,2,35,study,1,female,Black,male,White,neutral,,,,,z,835,True,False,,2,,,,False,86,BF-206,materials/cfd/Images/CFD/BF-206/CFD-BF-206-143-N.jpg,WM-031,materials/cfd/Images/CFD/WM-031/CFD-WM-031-003-N.jpg,z,1
6,2,36,study,1,female,Asian,male,Black,happy,,,,,z,930,True,False,,2,,,,False,88,AF-216,materials/cfd/Images/CFD/AF-216/CFD-AF-216-106-N.jpg,BM-025,materials/cfd/Images/CFD/BM-025/CFD-BM-025-040-HO.jpg,z,1
6,2,37,study,1,female,White,male,Black,angry,,,,,z,968,True,False,,2,,,,False,90,WF-234,materials/cfd/Images/CFD/WF-234/CFD-WF-234-086-N.jpg,BM-005,materials/cfd/Images/CFD/BM-005/CFD-BM-005-010-A.jpg,z,1
6,2,38,study,1,male,Latino,male,Black,happy,,,,,m,2855,True,False,,2,,,,False,92,LM-249,materials/cfd/Images/CFD/LM-249/CFD-LM-249-001-N.jpg,BM-019,materials/cfd/Images/CFD/BM-019/CFD-BM-019-004-HO.jpg,m,1
6,2,39,study,1,male,White,female,Black,angry,,,,,m,1243,True,False,,2,,,,False,94,WM-213,materials/cfd/Images/CFD/WM-213/CFD-WM-213-076-N.jpg,BF-007,materials/cfd/Images/CFD/BF-007/CFD-BF-007-013-A.jpg,m,1
6,2,40,study,1,female,Latino,female,Black,happy,,,,,z,1799,True,False,,2,,,,False,96,LF-233,materials/cfd/Images/CFD/LF-233/CFD-LF-233-277-N.jpg,BF-035,materials/cfd/Images/CFD/BF-035/CFD-BF-035-027-HO.jpg,z,1
6,2,41,study,1,female,White,female,White,angry,,,,,z,1025,True,False,,2,,,,False,98,WF-215,materials/cfd/Images/CFD/WF-215/CFD-WF-215-145-N.jpg,WF-034,materials/cfd/Images/CFD/WF-034/CFD-WF-034-016-A.jpg,z,1
6,2,42,study,1,male,Latino,male,Black,neutral,,,,,m,1092,True,False,,2,,,,False,100,LM-209,materials/cfd/Images/CFD/LM-209/CFD-LM-209-111-N.jpg,BM-218,materials/cfd/Images/CFD/BM-218/CFD-BM-218-132-N.jpg,m,1
6,2,43,study,1,male,Black,female,Black,neutral,,,,,m,892,True,False,,2,,,,False,102,BM-248,materials/cfd/Images/CFD/BM-248/CFD-BM-248-128-N.jpg,BF-044,materials/cfd/Images/CFD/BF-044/CFD-BF-044-034-N.jpg,m,1
6,2,44,study,1,female,Black,female,White,neutral,,,,,z,989,True,False,,2,,,,False,104,BF-002,materials/cfd/Images/CFD/BF-002/CFD-BF-002-001-N.jpg,WF-236,materials/cfd/Images/CFD/WF-236/CFD-WF-236-107-N.jpg,z,1
6,2,45,study,1,male,Black,female,Black,happy,,,,,m,1021,True,False,,2,,,,False,106,BM-250,materials/cfd/Images/CFD/BM-250/CFD-BM-250-170-N.jpg,BF-050,materials/cfd/Images/CFD/BF-050/CFD-BF-050-004-HO.jpg,m,1
6,2,46,study,1,female,Black,male,Black,angry,,,,,z,843,True,False,,2,,,,False,108,BF-048,materials/cfd/Images/CFD/BF-048/CFD-BF-048-002-N.jpg,BM-024,materials/cfd/Images/CFD/BM-024/CFD-BM-024-018-A.jpg,z,1
6,2,47,study,1,female,Black,male,White,neutral,,,,,z,1054,True,False,,2,,,,False,110,BF-214,materials/cfd/Images/CFD/BF-214/CFD-BF-214-308-N.jpg,WM-036,materials/cfd/Images/CFD/WM-036/CFD-WM-036-031-N.jpg,z,1
6,2,48,study,1,male,White,male,Black,angry,,,,,m,1210,True,False,,2,,,,False,112,WM-253,materials/cfd/Images/CFD/WM-253/CFD-WM-253-119-N.jpg,BM-022,materials/cfd/Images/CFD/BM-022/CFD-BM-022-030-A.jpg,m,1
6,2,49,study,1,male,Latino,female,White,angry,,,,,z,1127,False,False,,2,,,,False,114,LM-240,materials/cfd/Images/CFD/LM-240/CFD-LM-240-013-N.jpg,WF-023,materials/cfd/Images/CFD/WF-023/CFD-WF-023-013-A.jpg,m,1
6,2,50,study,1,female,Latino,male,Black,neutral,,,,,z,1159,True,False,,2,,,,False,116,LF-246,materials/cfd/Images/CFD/LF-246/CFD-LF-246-129-N.jpg,BM-016,materials/cfd/Images/CFD/BM-016/CFD-BM-016-036-N.jpg,z,1
6,2,51,study,1,female,Latino,male,White,angry,,,,,z,979,True,False,,2,,,,False,118,LF-223,materials/cfd/Images/CFD/LF-223/CFD-LF-223-064-N.jpg,WM-038,materials/cfd/Images/CFD/WM-038/CFD-WM-038-011-A.jpg,z,1
6,2,52,study,1,male,White,male,White,angry,,,,,m,1058,True,False,,2,,,,False,120,WM-242,materials/cfd/Images/CFD/WM-242/CFD-WM-242-011-N.jpg,WM-019,materials/cfd/Images/CFD/WM-019/CFD-WM-019-013-A.jpg,m,1
6,2,53,study,1,male,Black,male,Black,angry,,,,,m,965,True,False,,2,,,,False,122,BM-224,materials/cfd/Images/CFD/BM-224/CFD-BM-224-073-N.jpg,BM-026,materials/cfd/Images/CFD/BM-026/CFD-BM-026-017-A.jpg,m,1
6,2,54,study,1,male,White,female,Black,happy,,,,,m,843,True,False,,2,,,,False,124,WM-010,materials/cfd/Images/CFD/WM-010/CFD-WM-010-001-N.jpg,BF-040,materials/cfd/Images/CFD/BF-040/CFD-BF-040-043-HO.jpg,m,1
6,2,55,study,1,male,Asian,female,Black,angry,,,,,m,960,True,False,,2,,,,False,126,AM-208,materials/cfd/Images/CFD/AM-208/CFD-AM-208-143-N.jpg,BF-004,materials/cfd/Images/CFD/BF-004/CFD-BF-004-021-A.jpg,m,1
6,2,56,study,1,female,White,female,Black,happy,,,,,z,1255,True,False,,2,,,,False,128,WF-009,materials/cfd/Images/CFD/WF-009/CFD-WF-009-001-N.jpg,BF-021,materials/cfd/Images/CFD/BF-021/CFD-BF-021-014-HO.jpg,z,1
6,2,57,study,1,female,Black,female,White,happy,,,,,z,1174,True,False,,2,,,,False,130,BF-225,materials/cfd/Images/CFD/BF-225/CFD-BF-225-192-N.jpg,WF-013,materials/cfd/Images/CFD/WF-013/CFD-WF-013-006-HO.jpg,z,1
6,2,58,study,1,female,Black,female,White,angry,,,,,z,1247,True,False,,2,,,,False,132,BF-029,materials/cfd/Images/CFD/BF-029/CFD-BF-029-031-N.jpg,WF-008,materials/cfd/Images/CFD/WF-008/CFD-WF-008-011-A.jpg,z,1
6,2,59,study,1,male,White,female,White,happy,,,,,m,900,True,False,,2,,,,False,134,WM-022,materials/cfd/Images/CFD/WM-022/CFD-WM-022-001-N.jpg,WF-015,materials/cfd/Images/CFD/WF-015/CFD-WF-015-022-HO.jpg,m,1
6,2,60,study,1,male,Black,male,Black,angry,,,,,m,1523,True,False,,2,,,,False,136,BM-245,materials/cfd/Images/CFD/BM-245/CFD-BM-245-164-N.jpg,BM-003,materials/cfd/Images/CFD/BM-003/CFD-BM-003-030-A.jpg,m,1
6,2,61,study,0,male,Asian,female,Black,angry,,,,,m,893,True,False,,2,,,,False,139,AM-208,materials/cfd/Images/CFD/AM-208/CFD-AM-208-143-N.jpg,BF-004,materials/cfd/Images/CFD/BF-004/CFD-BF-004-021-A.jpg,m,1
6,2,62,study,0,female,Black,male,White,happy,,,,,z,721,True,False,,2,,,,False,141,BF-032,materials/cfd/Images/CFD/BF-032/CFD-BF-032-038-N.jpg,WM-003,materials/cfd/Images/CFD/WM-003/CFD-WM-003-003-HO.jpg,z,1
6,2,63,study,0,female,Black,female,Black,neutral,,,,,z,1422,True,False,,2,,,,False,143,BF-228,materials/cfd/Images/CFD/BF-228/CFD-BF-228-212-N.jpg,BF-251,materials/cfd/Images/CFD/BF-251/CFD-BF-251-211-N.jpg,z,1
6,2,64,study,0,female,Black,male,Black,angry,,,,,z,564,True,False,,2,,,,False,145,BF-048,materials/cfd/Images/CFD/BF-048/CFD-BF-048-002-N.jpg,BM-024,materials/cfd/Images/CFD/BM-024/CFD-BM-024-018-A.jpg,z,1
6,2,65,study,0,female,Latino,male,Black,neutral,,,,,z,760,True,False,,2,,,,False,147,LF-246,materials/cfd/Images/CFD/LF-246/CFD-LF-246-129-N.jpg,BM-016,materials/cfd/Images/CFD/BM-016/CFD-BM-016-036-N.jpg,z,1
6,2,66,study,0,male,Black,male,Black,angry,,,,,m,968,True,False,,2,,,,False,149,BM-224,materials/cfd/Images/CFD/BM-224/CFD-BM-224-073-N.jpg,BM-026,materials/cfd/Images/CFD/BM-026/CFD-BM-026-017-A.jpg,m,1
6,2,67,study,0,male,White,male,White,neutral,,,,,,,False,True,,2,,,,False,151,WM-237,materials/cfd/Images/CFD/WM-237/CFD-WM-237-052-N.jpg,WM-200,materials/cfd/Images/CFD/WM-200/CFD-WM-200-034-N.jpg,m,1
6,2,68,study,0,female,Latino,male,White,happy,,,,,z,813,True,False,,2,,,,False,153,LF-234,materials/cfd/Images/CFD/LF-234/CFD-LF-234-139-N.jpg,WM-015,materials/cfd/Images/CFD/WM-015/CFD-WM-015-005-HO.jpg,z,1
6,2,69,study,0,male,Latino,male,Black,happy,,,,,m,611,True,False,,2,,,,False,155,LM-249,materials/cfd/Images/CFD/LM-249/CFD-LM-249-001-N.jpg,BM-019,materials/cfd/Images/CFD/BM-019/CFD-BM-019-004-HO.jpg,m,1
6,2,70,study,0,female,White,male,Black,neutral,,,,,z,538,True,False,,2,,,,False,157,WF-217,materials/cfd/Images/CFD/WF-217/CFD-WF-217-085-N.jpg,BM-242,materials/cfd/Images/CFD/BM-242/CFD-BM-242-233-N.jpg,z,1
6,2,71,study,0,female,White,female,White,angry,,,,,z,878,True,False,,2,,,,False,159,WF-215,materials/cfd/Images/CFD/WF-215/CFD-WF-215-145-N.jpg,WF-034,materials/cfd/Images/CFD/WF-034/CFD-WF-034-016-A.jpg,z,1
6,2,72,study,0,female,Asian,male,White,happy,,,,,z,1069,True,False,,2,,,,False,161,AF-248,materials/cfd/Images/CFD/AF-248/CFD-AF-248-148-N.jpg,WM-001,materials/cfd/Images/CFD/WM-001/CFD-WM-001-011-HO.jpg,z,1
6,2,73,study,0,female,Black,female,White,happy,,,,,z,1062,True,False,,2,,,,False,163,BF-204,materials/cfd/Images/CFD/BF-204/CFD-BF-204-189-N.jpg,WF-025,materials/cfd/Images/CFD/WF-025/CFD-WF-025-006-HO.jpg,z,1
6,2,74,study,0,female,Latino,female,Black,happy,,,,,z,747,True,False,,2,,,,False,165,LF-233,materials/cfd/Images/CFD/LF-233/CFD-LF-233-277-N.jpg,BF-035,materials/cfd/Images/CFD/BF-035/CFD-BF-035-027-HO.jpg,z,1
6,2,75,study,0,male,White,male,White,neutral,,,,,m,866,True,False,,2,,,,False,167,WM-225,materials/cfd/Images/CFD/WM-225/CFD-WM-225-127-N.jpg,WM-215,materials/cfd/Images/CFD/WM-215/CFD-WM-215-041-N.jpg,m,1
6,2,76,study,0,female,Latino,male,White,angry,,,,,z,657,True,False,,2,,,,False,169,LF-223,materials/cfd/Images/CFD/LF-223/CFD-LF-223-064-N.jpg,WM-038,materials/cfd/Images/CFD/WM-038/CFD-WM-038-011-A.jpg,z,1
6,2,77,study,0,male,Black,male,Black,happy,,,,,m,1042,True,False,,2,,,,False,171,BM-004,materials/cfd/Images/CFD/BM-004/CFD-BM-004-002-N.jpg,BM-036,materials/cfd/Images/CFD/BM-036/CFD-BM-036-004-HO.jpg,m,1
6,2,78,study,0,female,Asian,female,Black,angry,,,,,z,917,True,False,,2,,,,False,173,AF-210,materials/cfd/Images/CFD/AF-210/CFD-AF-210-050-N.jpg,BF-037,materials/cfd/Images/CFD/BF-037/CFD-BF-037-013-A.jpg,z,1
6,2,79,study,0,female,Black,male,White,neutral,,,,,z,962,True,False,,2,,,,False,175,BF-214,materials/cfd/Images/CFD/BF-214/CFD-BF-214-308-N.jpg,WM-036,materials/cfd/Images/CFD/WM-036/CFD-WM-036-031-N.jpg,z,1
6,2,80,study,0,female,Black,male,White,neutral,,,,,z,1043,True,False,,2,,,,False,177,BF-206,materials/cfd/Images/CFD/BF-206/CFD-BF-206-143-N.jpg,WM-031,materials/cfd/Images/CFD/WM-031/CFD-WM-031-003-N.jpg,z,1
6,2,81,study,0,male,Asian,male,White,angry,,,,,m,934,True,False,,2,,,,False,179,AM-240,materials/cfd/Images/CFD/AM-240/CFD-AM-240-191-N.jpg,WM-037,materials/cfd/Images/CFD/WM-037/CFD-WM-037-060-A.jpg,m,1
6,2,82,study,0,male,White,female,Black,happy,,,,,m,539,True,False,,2,,,,False,181,WM-010,materials/cfd/Images/CFD/WM-010/CFD-WM-010-001-N.jpg,BF-040,materials/cfd/Images/CFD/BF-040/CFD-BF-040-043-HO.jpg,m,1
6,2,83,study,0,female,Black,female,Black,neutral,,,,,z,740,True,False,,2,,,,False,183,BF-200,materials/cfd/Images/CFD/BF-200/CFD-BF-200-080-N.jpg,BF-008,materials/cfd/Images/CFD/BF-008/CFD-BF-008-001-N.jpg,z,1
6,2,84,study,0,male,White,male,White,angry,,,,,z,606,False,False,,2,,,,False,185,WM-242,materials/cfd/Images/CFD/WM-242/CFD-WM-242-011-N.jpg,WM-019,materials/cfd/Images/CFD/WM-019/CFD-WM-019-013-A.jpg,m,1
6,2,85,study,0,female,Asian,male,Black,happy,,,,,z,676,True,False,,2,,,,False,187,AF-216,materials/cfd/Images/CFD/AF-216/CFD-AF-216-106-N.jpg,BM-025,materials/cfd/Images/CFD/BM-025/CFD-BM-025-040-HO.jpg,z,1
6,2,86,study,0,male,Latino,male,Black,neutral,,,,,m,771,True,False,,2,,,,False,189,LM-209,materials/cfd/Images/CFD/LM-209/CFD-LM-209-111-N.jpg,BM-218,materials/cfd/Images/CFD/BM-218/CFD-BM-218-132-N.jpg,m,1
6,2,87,study,0,male,Black,male,Black,neutral,,,,,m,968,True,False,,2,,,,False,191,BM-046,materials/cfd/Images/CFD/BM-046/CFD-BM-046-006-N.jpg,BM-018,materials/cfd/Images/CFD/BM-018/CFD-BM-018-001-N.jpg,m,1
6,2,88,study,0,female,Asian,male,Black,angry,,,,,z,812,True,False,,2,,,,False,193,AF-235,materials/cfd/Images/CFD/AF-235/CFD-AF-235-170-N.jpg,BM-015,materials/cfd/Images/CFD/BM-015/CFD-BM-015-012-A.jpg,z,1
6,2,89,study,0,female,White,female,Black,neutral,,,,,z,1119,True,False,,2,,,,False,195,WF-006,materials/cfd/Images/CFD/WF-006/CFD-WF-006-002-N.jpg,BF-051,materials/cfd/Images/CFD/BF-051/CFD-BF-051-035-N.jpg,z,1
6,2,90,study,0,male,Asian,male,White,happy,,,,,m,727,True,False,,2,,,,False,197,AM-214,materials/cfd/Images/CFD/AM-214/CFD-AM-214-168-N.jpg,WM-029,materials/cfd/Images/CFD/WM-029/CFD-WM-029-029-HO.jpg,m,1
6,2,91,study,1,male,Asian,male,White,happy,,,,,m,693,True,False,,2,,,,False,200,AM-234,materials/cfd/Images/CFD/AM-234/CFD-AM-234-355-N.jpg,WM-016,materials/cfd/Images/CFD/WM-016/CFD-WM-016-002-HO.jpg,m,1
6,2,92,study,1,male,Asian,female,White,happy,,,,,m,512,True,False,,2,,,,False,202,AM-228,materials/cfd/Images/CFD/AM-228/CFD-AM-228-214-N.jpg,WF-010,materials/cfd/Images/CFD/WF-010/CFD-WF-010-006-HO.jpg,m,1
6,2,93,study,1,male,Black,female,Black,neutral,,,,,m,516,True,False,,2,,,,False,204,BM-237,materials/cfd/Images/CFD/BM-237/CFD-BM-237-188-N.jpg,BF-248,materials/cfd/Images/CFD/BF-248/CFD-BF-248-149-N.jpg,m,1
6,2,94,study,1,female,White,female,Black,happy,,,,,z,608,True,False,,2,,,,False,206,WF-009,materials/cfd/Images/CFD/WF-009/CFD-WF-009-001-N.jpg,BF-021,materials/cfd/Images/CFD/BF-021/CFD-BF-021-014-HO.jpg,z,1
6,2,95,study,1,male,Latino,female,White,angry,,,,,m,505,True,False,,2,,,,False,208,LM-240,materials/cfd/Images/CFD/LM-240/CFD-LM-240-013-N.jpg,WF-023,materials/cfd/Images/CFD/WF-023/CFD-WF-023-013-A.jpg,m,1
6,2,96,study,1,female,Black,female,White,angry,,,,,z,595,True,False,,2,,,,False,210,BF-029,materials/cfd/Images/CFD/BF-029/CFD-BF-029-031-N.jpg,WF-008,materials/cfd/Images/CFD/WF-008/CFD-WF-008-011-A.jpg,z,1
6,2,97,study,1,female,White,female,White,angry,,,,,z,953,True,False,,2,,,,False,212,WF-020,materials/cfd/Images/CFD/WF-020/CFD-WF-020-002-N.jpg,WF-022,materials/cfd/Images/CFD/WF-022/CFD-WF-022-023-A.jpg,z,1
6,2,98,study,1,male,White,female,White,happy,,,,,m,643,True,False,,2,,,,False,214,WM-022,materials/cfd/Images/CFD/WM-022/CFD-WM-022-001-N.jpg,WF-015,materials/cfd/Images/CFD/WF-015/CFD-WF-015-022-HO.jpg,m,1
6,2,99,study,1,female,White,male,Black,angry,,,,,z,571,True,False,,2,,,,False,216,WF-234,materials/cfd/Images/CFD/WF-234/CFD-WF-234-086-N.jpg,BM-005,materials/cfd/Images/CFD/BM-005/CFD-BM-005-010-A.jpg,z,1
6,2,100,study,1,female,Black,female,Black,happy,,,,,z,863,True,False,,2,,,,False,218,BF-019,materials/cfd/Images/CFD/BF-019/CFD-BF-019-001-N.jpg,BF-042,materials/cfd/Images/CFD/BF-042/CFD-BF-042-028-HO.jpg,z,1
6,2,101,study,1,female,Black,female,White,neutral,,,,,z,530,True,False,,2,,,,False,220,BF-002,materials/cfd/Images/CFD/BF-002/CFD-BF-002-001-N.jpg,WF-236,materials/cfd/Images/CFD/WF-236/CFD-WF-236-107-N.jpg,z,1
6,2,102,study,1,female,Black,male,White,happy,,,,,z,1531,True,False,,2,,,,False,222,BF-247,materials/cfd/Images/CFD/BF-247/CFD-BF-247-179-N.jpg,WM-025,materials/cfd/Images/CFD/WM-025/CFD-WM-025-019-HO.jpg,z,1
6,2,103,study,1,female,Latino,female,White,neutral,,,,,z,1135,True,False,,2,,,,False,224,LF-208,materials/cfd/Images/CFD/LF-208/CFD-LF-208-127-N.jpg,WF-214,materials/cfd/Images/CFD/WF-214/CFD-WF-214-122-N.jpg,z,1
6,2,104,study,1,male,White,female,Black,neutral,,,,,m,1228,True,False,,2,,,,False,226,WM-245,materials/cfd/Images/CFD/WM-245/CFD-WM-245-123-N.jpg,BF-227,materials/cfd/Images/CFD/BF-227/CFD-BF-227-137-N.jpg,m,1
6,2,105,study,1,male,Latino,female,White,angry,,,,,m,1170,True,False,,2,,,,False,228,LM-236,materials/cfd/Images/CFD/LM-236/CFD-LM-236-163-N.jpg,WF-030,materials/cfd/Images/CFD/WF-030/CFD-WF-030-033-A.jpg,m,1
6,2,106,study,1,male,Black,male,Black,angry,,,,,m,1033,True,False,,2,,,,False,230,BM-245,materials/cfd/Images/CFD/BM-245/CFD-BM-245-164-N.jpg,BM-003,materials/cfd/Images/CFD/BM-003/CFD-BM-003-030-A.jpg,m,1
6,2,107,study,1,male,White,female,Black,neutral,,,,,m,574,True,False,,2,,,,False,232,WM-248,materials/cfd/Images/CFD/WM-248/CFD-WM-248-036-N.jpg,BF-017,materials/cfd/Images/CFD/BF-017/CFD-BF-017-003-N.jpg,m,1
6,2,108,study,1,female,Black,male,White,angry,,,,,m,849,False,False,,2,,,,False,234,BF-038,materials/cfd/Images/CFD/BF-038/CFD-BF-038-037-N.jpg,WM-017,materials/cfd/Images/CFD/WM-017/CFD-WM-017-011-A.jpg,z,1
6,2,109,study,1,male,White,female,Black,angry,,,,,m,553,True,False,,2,,,,False,236,WM-221,materials/cfd/Images/CFD/WM-221/CFD-WM-221-091-N.jpg,BF-043,materials/cfd/Images/CFD/BF-043/CFD-BF-043-038-A.jpg,m,1
6,2,110,study,1,male,White,male,Black,angry,,,,,m,596,True,False,,2,,,,False,238,WM-253,materials/cfd/Images/CFD/WM-253/CFD-WM-253-119-N.jpg,BM-022,materials/cfd/Images/CFD/BM-022/CFD-BM-022-030-A.jpg,m,1
6,2,111,study,1,male,Asian,male,Black,neutral,,,,,m,1059,True,False,,2,,,,False,240,AM-227,materials/cfd/Images/CFD/AM-227/CFD-AM-227-184-N.jpg,BM-013,materials/cfd/Images/CFD/BM-013/CFD-BM-013-002-N.jpg,m,1
6,2,112,study,1,male,Black,female,Black,happy,,,,,m,492,True,False,,2,,,,False,242,BM-250,materials/cfd/Images/CFD/BM-250/CFD-BM-250-170-N.jpg,BF-050,materials/cfd/Images/CFD/BF-050/CFD-BF-050-004-HO.jpg,m,1
6,2,113,study,1,male,Black,male,White,happy,,,,,m,941,True,False,,2,,,,False,244,BM-244,materials/cfd/Images/CFD/BM-244/CFD-BM-244-197-N.jpg,WM-021,materials/cfd/Images/CFD/WM-021/CFD-WM-021-004-HO.jpg,m,1
6,2,114,study,1,female,Latino,male,Black,neutral,,,,,z,958,True,False,,2,,,,False,246,LF-255,materials/cfd/Images/CFD/LF-255/CFD-LF-255-088-N.jpg,BM-229,materials/cfd/Images/CFD/BM-229/CFD-BM-229-209-N.jpg,z,1
6,2,115,study,1,female,Black,female,White,happy,,,,,z,1365,True,False,,2,,,,False,248,BF-225,materials/cfd/Images/CFD/BF-225/CFD-BF-225-192-N.jpg,WF-013,materials/cfd/Images/CFD/WF-013/CFD-WF-013-006-HO.jpg,z,1
6,2,116,study,1,male,White,female,Black,neutral,,,,,m,659,True,False,,2,,,,False,250,WM-223,materials/cfd/Images/CFD/WM-223/CFD-WM-223-056-N.jpg,BF-018,materials/cfd/Images/CFD/BF-018/CFD-BF-018-039-N.jpg,m,1
6,2,117,study,1,male,Black,female,White,happy,,,,,m,1027,True,False,,2,,,,False,252,BM-211,materials/cfd/Images/CFD/BM-211/CFD-BM-211-174-N.jpg,WF-028,materials/cfd/Images/CFD/WF-028/CFD-WF-028-024-HO.jpg,m,1
6,2,118,study,1,male,White,female,Black,angry,,,,,m,1273,True,False,,2,,,,False,254,WM-213,materials/cfd/Images/CFD/WM-213/CFD-WM-213-076-N.jpg,BF-007,materials/cfd/Images/CFD/BF-007/CFD-BF-007-013-A.jpg,m,1
6,2,119,study,1,male,Black,female,Black,neutral,,,,,m,1181,True,False,,2,,,,False,256,BM-248,materials/cfd/Images/CFD/BM-248/CFD-BM-248-128-N.jpg,BF-044,materials/cfd/Images/CFD/BF-044/CFD-BF-044-034-N.jpg,m,1
6,2,120,study,1,female,White,female,White,angry,,,,,z,966,True,False,,2,,,,False,258,WF-219,materials/cfd/Images/CFD/WF-219/CFD-WF-219-038-N.jpg,WF-033,materials/cfd/Images/CFD/WF-033/CFD-WF-033-031-A.jpg,z,1
6,2,121,test,0,male,Latino,female,White,angry,,,,rearranged,z,1735,True,False,,2,,,,False,277,LM-240,materials/cfd/Images/CFD/LM-240/CFD-LM-240-013-N.jpg,WF-030,materials/cfd/Images/CFD/WF-030/CFD-WF-030-033-A.jpg,z,1
6,2,122,test,0,female,Latino,male,Black,neutral,,,,intact,m,1855,True,False,,2,,,,False,279,LF-246,materials/cfd/Images/CFD/LF-246/CFD-LF-246-129-N.jpg,BM-016,materials/cfd/Images/CFD/BM-016/CFD-BM-016-036-N.jpg,m,1
6,2,123,test,0,female,Black,female,White,happy,,,,intact,m,1159,True,False,,2,,,,False,281,BF-204,materials/cfd/Images/CFD/BF-204/CFD-BF-204-189-N.jpg,WF-025,materials/cfd/Images/CFD/WF-025/CFD-WF-025-006-HO.jpg,m,1
6,2,124,test,0,female,Black,male,Black,neutral,,,,rearranged,z,1140,True,False,,2,,,,False,283,BF-206,materials/cfd/Images/CFD/BF-206/CFD-BF-206-143-N.jpg,BM-229,materials/cfd/Images/CFD/BM-229/CFD-BM-229-209-N.jpg,z,1
6,2,125,test,0,male,Black,male,Black,neutral,,,,intact,m,1365,True,False,,2,,,,False,285,BM-046,materials/cfd/Images/CFD/BM-046/CFD-BM-046-006-N.jpg,BM-018,materials/cfd/Images/CFD/BM-018/CFD-BM-018-001-N.jpg,m,1
6,2,126,test,0,male,Black,female,Black,neutral,,,,intact,z,963,False,False,,2,,,,False,287,BM-237,materials/cfd/Images/CFD/BM-237/CFD-BM-237-188-N.jpg,BF-248,materials/cfd/Images/CFD/BF-248/CFD-BF-248-149-N.jpg,m,1
6,2,127,test,0,female,Black,male,Black,angry,,,,rearranged,z,1524,True,False,,2,,,,False,289,BF-048,materials/cfd/Images/CFD/BF-048/CFD-BF-048-002-N.jpg,BM-005,materials/cfd/Images/CFD/BM-005/CFD-BM-005-010-A.jpg,z,1
6,2,128,test,0,male,Latino,male,Black,neutral,,,,rearranged,m,1223,False,False,,2,,,,False,291,LM-209,materials/cfd/Images/CFD/LM-209/CFD-LM-209-111-N.jpg,BM-013,materials/cfd/Images/CFD/BM-013/CFD-BM-013-002-N.jpg,z,1
6,2,129,test,0,male,White,female,White,happy,,,,intact,m,1541,True,False,,2,,,,False,293,WM-022,materials/cfd/Images/CFD/WM-022/CFD-WM-022-001-N.jpg,WF-015,materials/cfd/Images/CFD/WF-015/CFD-WF-015-022-HO.jpg,m,1
6,2,130,test,0,male,White,male,Black,angry,,,,rearranged,m,1143,False,False,,2,,,,False,295,WM-253,materials/cfd/Images/CFD/WM-253/CFD-WM-253-119-N.jpg,BM-003,materials/cfd/Images/CFD/BM-003/CFD-BM-003-030-A.jpg,z,1
6,2,131,test,0,male,Asian,male,White,happy,,,,intact,z,2024,False,False,,2,,,,False,297,AM-214,materials/cfd/Images/CFD/AM-214/CFD-AM-214-168-N.jpg,WM-029,materials/cfd/Images/CFD/WM-029/CFD-WM-029-029-HO.jpg,m,1
6,2,132,test,0,male,White,female,Black,neutral,,,,rearranged,z,1078,True,False,,2,,,,False,299,WM-223,materials/cfd/Images/CFD/WM-223/CFD-WM-223-056-N.jpg,BF-017,materials/cfd/Images/CFD/BF-017/CFD-BF-017-003-N.jpg,z,1
6,2,133,test,0,female,Black,male,White,angry,,,,intact,m,1183,True,False,,2,,,,False,301,BF-038,materials/cfd/Images/CFD/BF-038/CFD-BF-038-037-N.jpg,WM-017,materials/cfd/Images/CFD/WM-017/CFD-WM-017-011-A.jpg,m,1
6,2,134,test,0,male,Black,male,White,angry,,,,rearranged,m,1498,False,False,,2,,,,False,303,BM-245,materials/cfd/Images/CFD/BM-245/CFD-BM-245-164-N.jpg,WM-019,materials/cfd/Images/CFD/WM-019/CFD-WM-019-013-A.jpg,z,1
6,2,135,test,0,female,Latino,female,Black,happy,,,,rearranged,z,1363,True,False,,2,,,,False,305,LF-233,materials/cfd/Images/CFD/LF-233/CFD-LF-233-277-N.jpg,BF-042,materials/cfd/Images/CFD/BF-042/CFD-BF-042-028-HO.jpg,z,1
6,2,136,test,0,male,White,male,Black,neutral,,,,rearranged,z,1384,True,False,,2,,,,False,307,WM-237,materials/cfd/Images/CFD/WM-237/CFD-WM-237-052-N.jpg,BM-218,materials/cfd/Images/CFD/BM-218/CFD-BM-218-132-N.jpg,z,1
6,2,137,test,0,male,White,female,Black,neutral,,,,intact,z,1002,False,False,,2,,,,False,309,WM-245,materials/cfd/Images/CFD/WM-245/CFD-WM-245-123-N.jpg,BF-227,materials/cfd/Images/CFD/BF-227/CFD-BF-227-137-N.jpg,m,1
6,2,138,test,0,female,White,female,White,angry,,,,rearranged,m,1195,False,False,,2,,,,False,311,WF-219,materials/cfd/Images/CFD/WF-219/CFD-WF-219-038-N.jpg,WF-008,materials/cfd/Images/CFD/WF-008/CFD-WF-008-011-A.jpg,z,1
6,2,139,test,0,male,Black,female,Black,neutral,,,,intact,z,1435,False,False,,2,,,,False,313,BM-248,materials/cfd/Images/CFD/BM-248/CFD-BM-248-128-N.jpg,BF-044,materials/cfd/Images/CFD/BF-044/CFD-BF-044-034-N.jpg,m,1
6,2,140,test,0,male,White,female,Black,angry,,,,intact,m,1773,True,False,,2,,,,False,315,WM-221,materials/cfd/Images/CFD/WM-221/CFD-WM-221-091-N.jpg,BF-043,materials/cfd/Images/CFD/BF-043/CFD-BF-043-038-A.jpg,m,1
6,2,141,test,0,female,Black,female,Black,happy,,,,rearranged,z,1932,True,False,,2,,,,False,317,BF-019,materials/cfd/Images/CFD/BF-019/CFD-BF-019-001-N.jpg,BF-021,materials/cfd/Images/CFD/BF-021/CFD-BF-021-014-HO.jpg,z,1
6,2,142,test,0,male,Latino,male,Black,happy,,,,rearranged,z,1292,True,False,,2,,,,False,319,LM-249,materials/cfd/Images/CFD/LM-249/CFD-LM-249-001-N.jpg,BM-036,materials/cfd/Images/CFD/BM-036/CFD-BM-036-004-HO.jpg,z,1
6,2,143,test,0,female,Black,male,White,neutral,,,,intact,z,1340,False,False,,2,,,,False,321,BF-214,materials/cfd/Images/CFD/BF-214/CFD-BF-214-308-N.jpg,WM-036,materials/cfd/Images/CFD/WM-036/CFD-WM-036-031-N.jpg,m,1
6,2,144,test,0,female,White,male,White,neutral,,,,rearranged,z,1241,True,False,,2,,,,False,323,WF-217,materials/cfd/Images/CFD/WF-217/CFD-WF-217-085-N.jpg,WM-031,materials/cfd/Images/CFD/WM-031/CFD-WM-031-003-N.jpg,z,1
6,2,145,test,0,male,Asian,female,White,happy,,,,rearranged,z,1684,True,False,,2,,,,False,325,AM-228,materials/cfd/Images/CFD/AM-228/CFD-AM-228-214-N.jpg,WF-028,materials/cfd/Images/CFD/WF-028/CFD-WF-028-024-HO.jpg,z,1
6,2,146,test,0,female,Black,male,White,happy,,,,intact,z,1872,False,False,,2,,,,False,327,BF-032,materials/cfd/Images/CFD/BF-032/CFD-BF-032-038-N.jpg,WM-003,materials/cfd/Images/CFD/WM-003/CFD-WM-003-003-HO.jpg,m,1
6,2,147,test,0,female,Black,male,Black,happy,,,,rearranged,z,1726,True,False,,2,,,,False,329,BF-247,materials/cfd/Images/CFD/BF-247/CFD-BF-247-179-N.jpg,BM-025,materials/cfd/Images/CFD/BM-025/CFD-BM-025-040-HO.jpg,z,1
6,2,148,test,0,male,Asian,female,Black,angry,,,,intact,z,1675,False,False,,2,,,,False,331,AM-208,materials/cfd/Images/CFD/AM-208/CFD-AM-208-143-N.jpg,BF-004,materials/cfd/Images/CFD/BF-004/CFD-BF-004-021-A.jpg,m,1
6,2,149,test,0,female,Black,female,White,happy,,,,intact,m,1854,True,False,,2,,,,False,333,BF-225,materials/cfd/Images/CFD/BF-225/CFD-BF-225-192-N.jpg,WF-013,materials/cfd/Images/CFD/WF-013/CFD-WF-013-006-HO.jpg,m,1
6,2,150,test,0,female,White,male,Black,angry,,,,rearranged,z,1434,True,False,,2,,,,False,335,WF-234,materials/cfd/Images/CFD/WF-234/CFD-WF-234-086-N.jpg,BM-015,materials/cfd/Images/CFD/BM-015/CFD-BM-015-012-A.jpg,z,1
6,2,151,test,1,female,Asian,male,Black,angry,,,,rearranged,m,1519,False,False,,2,,,,False,338,AF-235,materials/cfd/Images/CFD/AF-235/CFD-AF-235-170-N.jpg,BM-024,materials/cfd/Images/CFD/BM-024/CFD-BM-024-018-A.jpg,z,1
6,2,152,test,1,female,Latino,female,White,neutral,,,,intact,z,1284,False,False,,2,,,,False,340,LF-208,materials/cfd/Images/CFD/LF-208/CFD-LF-208-127-N.jpg,WF-214,materials/cfd/Images/CFD/WF-214/CFD-WF-214-122-N.jpg,m,1
6,2,153,test,1,female,White,female,Black,happy,,,,rearranged,z,1117,True,False,,2,,,,False,342,WF-009,materials/cfd/Images/CFD/WF-009/CFD-WF-009-001-N.jpg,BF-035,materials/cfd/Images/CFD/BF-035/CFD-BF-035-027-HO.jpg,z,1
6,2,154,test,1,male,White,female,Black,happy,,,,intact,m,1525,True,False,,2,,,,False,344,WM-010,materials/cfd/Images/CFD/WM-010/CFD-WM-010-001-N.jpg,BF-040,materials/cfd/Images/CFD/BF-040/CFD-BF-040-043-HO.jpg,m,1
6,2,155,test,1,male,White,female,Black,angry,,,,intact,z,1777,False,False,,2,,,,False,346,WM-213,materials/cfd/Images/CFD/WM-213/CFD-WM-213-076-N.jpg,BF-007,materials/cfd/Images/CFD/BF-007/CFD-BF-007-013-A.jpg,m,1
6,2,156,test,1,male,White,female,Black,neutral,,,,rearranged,z,1125,True,False,,2,,,,False,348,WM-248,materials/cfd/Images/CFD/WM-248/CFD-WM-248-036-N.jpg,BF-018,materials/cfd/Images/CFD/BF-018/CFD-BF-018-039-N.jpg,z,1
6,2,157,test,1,male,Black,female,White,happy,,,,rearranged,z,1693,True,False,,2,,,,False,350,BM-250,materials/cfd/Images/CFD/BM-250/CFD-BM-250-170-N.jpg,WF-010,materials/cfd/Images/CFD/WF-010/CFD-WF-010-006-HO.jpg,z,1
6,2,158,test,1,female,Black,female,Black,neutral,,,,rearranged,z,1415,True,False,,2,,,,False,352,BF-228,materials/cfd/Images/CFD/BF-228/CFD-BF-228-212-N.jpg,BF-008,materials/cfd/Images/CFD/BF-008/CFD-BF-008-001-N.jpg,z,1
6,2,159,test,1,female,White,female,White,angry,,,,intact,m,1206,True,False,,2,,,,False,354,WF-215,materials/cfd/Images/CFD/WF-215/CFD-WF-215-145-N.jpg,WF-034,materials/cfd/Images/CFD/WF-034/CFD-WF-034-016-A.jpg,m,1
6,2,160,test,1,female,Latino,male,Black,neutral,,,,rearranged,m,1196,False,False,,2,,,,False,356,LF-255,materials/cfd/Images/CFD/LF-255/CFD-LF-255-088-N.jpg,BM-242,materials/cfd/Images/CFD/BM-242/CFD-BM-242-233-N.jpg,z,1
6,2,161,test,1,female,White,female,Black,neutral,,,,intact,m,1523,True,False,,2,,,,False,358,WF-006,materials/cfd/Images/CFD/WF-006/CFD-WF-006-002-N.jpg,BF-051,materials/cfd/Images/CFD/BF-051/CFD-BF-051-035-N.jpg,m,1
6,2,162,test,1,male,Black,female,Black,happy,,,,rearranged,m,1947,False,False,,2,,,,False,360,BM-211,materials/cfd/Images/CFD/BM-211/CFD-BM-211-174-N.jpg,BF-050,materials/cfd/Images/CFD/BF-050/CFD-BF-050-004-HO.jpg,z,1
6,2,163,test,1,female,Black,female,Black,neutral,,,,rearranged,m,1845,False,False,,2,,,,False,362,BF-200,materials/cfd/Images/CFD/BF-200/CFD-BF-200-080-N.jpg,BF-251,materials/cfd/Images/CFD/BF-251/CFD-BF-251-211-N.jpg,z,1
6,2,164,test,1,male,Latino,female,White,angry,,,,rearranged,z,1366,True,False,,2,,,,False,364,LM-236,materials/cfd/Images/CFD/LM-236/CFD-LM-236-163-N.jpg,WF-023,materials/cfd/Images/CFD/WF-023/CFD-WF-023-013-A.jpg,z,1
6,2,165,test,1,male,Asian,male,White,angry,,,,intact,m,1102,True,False,,2,,,,False,366,AM-240,materials/cfd/Images/CFD/AM-240/CFD-AM-240-191-N.jpg,WM-037,materials/cfd/Images/CFD/WM-037/CFD-WM-037-060-A.jpg,m,1
6,2,166,test,1,female,Latino,male,White,angry,,,,intact,z,1423,False,False,,2,,,,False,368,LF-223,materials/cfd/Images/CFD/LF-223/CFD-LF-223-064-N.jpg,WM-038,materials/cfd/Images/CFD/WM-038/CFD-WM-038-011-A.jpg,m,1
6,2,167,test,1,female,Black,female,White,angry,,,,rearranged,m,1003,False,False,,2,,,,False,370,BF-029,materials/cfd/Images/CFD/BF-029/CFD-BF-029-031-N.jpg,WF-033,materials/cfd/Images/CFD/WF-033/CFD-WF-033-031-A.jpg,z,1
6,2,168,test,1,male,White,male,White,neutral,,,,intact,z,1136,False,False,,2,,,,False,372,WM-225,materials/cfd/Images/CFD/WM-225/CFD-WM-225-127-N.jpg,WM-215,materials/cfd/Images/CFD/WM-215/CFD-WM-215-041-N.jpg,m,1
6,2,169,test,1,male,Asian,male,White,happy,,,,intact,z,1930,False,False,,2,,,,False,374,AM-234,materials/cfd/Images/CFD/AM-234/CFD-AM-234-355-N.jpg,WM-016,materials/cfd/Images/CFD/WM-016/CFD-WM-016-002-HO.jpg,m,1
6,2,170,test,1,male,Black,male,Black,happy,,,,rearranged,z,1294,True,False,,2,,,,False,376,BM-004,materials/cfd/Images/CFD/BM-004/CFD-BM-004-002-N.jpg,BM-019,materials/cfd/Images/CFD/BM-019/CFD-BM-019-004-HO.jpg,z,1
6,2,171,test,1,female,White,female,White,angry,,,,intact,m,1134,True,False,,2,,,,False,378,WF-020,materials/cfd/Images/CFD/WF-020/CFD-WF-020-002-N.jpg,WF-022,materials/cfd/Images/CFD/WF-022/CFD-WF-022-023-A.jpg,m,1
6,2,172,test,1,male,White,male,Black,angry,,,,rearranged,m,1197,False,False,,2,,,,False,380,WM-242,materials/cfd/Images/CFD/WM-242/CFD-WM-242-011-N.jpg,BM-022,materials/cfd/Images/CFD/BM-022/CFD-BM-022-030-A.jpg,z,1
6,2,173,test,1,male,Asian,male,White,neutral,,,,rearranged,m,1180,False,False,,2,,,,False,382,AM-227,materials/cfd/Images/CFD/AM-227/CFD-AM-227-184-N.jpg,WM-200,materials/cfd/Images/CFD/WM-200/CFD-WM-200-034-N.jpg,z,1
6,2,174,test,1,female,Black,female,White,neutral,,,,intact,m,2126,True,False,,2,,,,False,384,BF-002,materials/cfd/Images/CFD/BF-002/CFD-BF-002-001-N.jpg,WF-236,materials/cfd/Images/CFD/WF-236/CFD-WF-236-107-N.jpg,m,1
6,2,175,test,1,male,Black,male,White,happy,,,,intact,m,1577,True,False,,2,,,,False,386,BM-244,materials/cfd/Images/CFD/BM-244/CFD-BM-244-197-N.jpg,WM-021,materials/cfd/Images/CFD/WM-021/CFD-WM-021-004-HO.jpg,m,1
6,2,176,test,1,female,Asian,male,White,happy,,,,rearranged,z,1244,True,False,,2,,,,False,388,AF-216,materials/cfd/Images/CFD/AF-216/CFD-AF-216-106-N.jpg,WM-025,materials/cfd/Images/CFD/WM-025/CFD-WM-025-019-HO.jpg,z,1
6,2,177,test,1,female,Asian,male,White,happy,,,,intact,z,1274,False,False,,2,,,,False,390,AF-248,materials/cfd/Images/CFD/AF-248/CFD-AF-248-148-N.jpg,WM-001,materials/cfd/Images/CFD/WM-001/CFD-WM-001-011-HO.jpg,m,1
6,2,178,test,1,female,Asian,female,Black,angry,,,,intact,m,1201,True,False,,2,,,,False,392,AF-210,materials/cfd/Images/CFD/AF-210/CFD-AF-210-050-N.jpg,BF-037,materials/cfd/Images/CFD/BF-037/CFD-BF-037-013-A.jpg,m,1
6,2,179,test,1,female,Latino,male,White,happy,,,,intact,m,1846,True,False,,2,,,,False,394,LF-234,materials/cfd/Images/CFD/LF-234/CFD-LF-234-139-N.jpg,WM-015,materials/cfd/Images/CFD/WM-015/CFD-WM-015-005-HO.jpg,m,1
6,2,180,test,1,male,Black,male,Black,angry,,,,intact,z,1254,False,False,,2,,,,False,396,BM-224,materials/cfd/Images/CFD/BM-224/CFD-BM-224-073-N.jpg,BM-026,materials/cfd/Images/CFD/BM-026/CFD-BM-026-017-A.jpg,m,1
7,2,1,study,0,male,Asian,male,Black,happy,,,,,m,620,True,False,,1,,,,False,17,AM-217,materials/cfd/Images/CFD/AM-217/CFD-AM-217-085-N.jpg,BM-045,materials/cfd/Images/CFD/BM-045/CFD-BM-045-055-HO.jpg,m,2
7,2,2,study,0,female,Black,female,White,angry,,,,,z,881,True,False,,1,,,,False,19,BF-040,materials/cfd/Images/CFD/BF-040/CFD-BF-040-003-N.jpg,WF-035,materials/cfd/Images/CFD/WF-035/CFD-WF-035-033-A.jpg,z,2
7,2,3,study,0,female,Latino,male,Black,neutral,,,,,m,1140,False,False,,1,,,,False,21,LF-227,materials/cfd/Images/CFD/LF-227/CFD-LF-227-054-N.jpg,BM-218,materials/cfd/Images/CFD/BM-218/CFD-BM-218-132-N.jpg,z,2
7,2,4,study,0,male,Latino,female,Black,neutral,,,,,z,1934,False,False,,1,,,,False,23,LM-251,materials/cfd/Images/CFD/LM-251/CFD-LM-251-073-N.jpg,BF-027,materials/cfd/Images/CFD/BF-027/CFD-BF-027-002-N.jpg,m,2
7,2,5,study,0,male,Latino,male,Black,neutral,,,,,m,1637,True,False,,1,,,,False,25,LM-226,materials/cfd/Images/CFD/LM-226/CFD-LM-226-175-N.jpg,BM-231,materials/cfd/Images/CFD/BM-231/CFD-BM-231-155-N.jpg,m,2
7,2,6,study,0,female,Latino,male,Black,happy,,,,,m,1792,False,False,,1,,,,False,27,LF-223,materials/cfd/Images/CFD/LF-223/CFD-LF-223-064-N.jpg,BM-030,materials/cfd/Images/CFD/BM-030/CFD-BM-030-004-HO.jpg,z,2
7,2,7,study,0,male,White,female,White,angry,,,,,z,1591,False,False,,1,,,,False,29,WM-202,materials/cfd/Images/CFD/WM-202/CFD-WM-202-107-N.jpg,WF-021,materials/cfd/Images/CFD/WF-021/CFD-WF-021-018-A.jpg,m,2
7,2,8,study,0,male,Black,male,White,angry,,,,,m,931,True,False,,1,,,,False,31,BM-207,materials/cfd/Images/CFD/BM-207/CFD-BM-207-024-N.jpg,WM-011,materials/cfd/Images/CFD/WM-011/CFD-WM-011-011-A.jpg,m,2
7,2,9,study,0,male,Black,male,Black,neutral,,,,,m,790,True,False,,1,,,,False,33,BM-208,materials/cfd/Images/CFD/BM-208/CFD-BM-208-065-N.jpg,BM-200,materials/cfd/Images/CFD/BM-200/CFD-BM-200-046-N.jpg,m,2
7,2,10,study,0,female,White,female,Black,happy,,,,,z,1054,True,False,,1,,,,False,35,WF-226,materials/cfd/Images/CFD/WF-226/CFD-WF-226-095-N.jpg,BF-014,materials/cfd/Images/CFD/BF-014/CFD-BF-014-004-HO.jpg,z,2
7,2,11,study,0,male,Asian,male,White,happy,,,,,m,934,True,False,,1,,,,False,37,AM-244,materials/cfd/Images/CFD/AM-244/CFD-AM-244-222-N.jpg,WM-040,materials/cfd/Images/CFD/WM-040/CFD-WM-040-023-HO.jpg,m,2
7,2,12,study,0,male,Black,female,Black,happy,,,,,z,872,False,False,,1,,,,False,39,BM-201,materials/cfd/Images/CFD/BM-201/CFD-BM-201-077-N.jpg,BF-001,materials/cfd/Images/CFD/BF-001/CFD-BF-001-018-HO.jpg,m,2
7,2,13,study,0,female,White,female,Black,happy,,,,,z,957,True,False,,1,,,,False,41,WF-250,materials/cfd/Images/CFD/WF-250/CFD-WF-250-167-N.jpg,BF-007,materials/cfd/Images/CFD/BF-007/CFD-BF-007-004-HO.jpg,z,2
7,2,14,study,0,male,Black,female,Black,happy,,,,,z,1218,False,False,,1,,,,False,43,BM-011,materials/cfd/Images/CFD/BM-011/CFD-BM-011-016-N.jpg,BF-012,materials/cfd/Images/CFD/BF-012/CFD-BF-012-019-HO.jpg,m,2
7,2,15,study,0,male,Black,female,Black,neutral,,,,,z,1518,False,False,,1,,,,False,45,BM-025,materials/cfd/Images/CFD/BM-025/CFD-BM-025-035-N.jpg,BF-203,materials/cfd/Images/CFD/BF-203/CFD-BF-203-184-N.jpg,m,2
7,2,16,study,0,male,White,female,Black,neutral,,,,,z,1417,False,False,,1,,,,False,47,WM-032,materials/cfd/Images/CFD/WM-032/CFD-WM-032-001-N.jpg,BF-240,materials/cfd/Images/CFD/BF-240/CFD-BF-240-179-N.jpg,m,2
7,2,17,study,0,male,Latino,female,Black,neutral,,,,,z,870,False,False,,1,,,,False,49,LM-230,materials/cfd/Images/CFD/LM-230/CFD-LM-230-202-N.jpg,BF-228,materials/cfd/Images/CFD/BF-228/CFD-BF-228-212-N.jpg,m,2
7,2,18,study,0,male,White,male,Black,angry,,,,,m,1035,True,False,,1,,,,False,51,WM-241,materials/cfd/Images/CFD/WM-241/CFD-WM-241-072-N.jpg,BM-032,materials/cfd/Images/CFD/BM-032/CFD-BM-032-015-A.jpg,m,2
7,2,19,study,0,male,Black,male,White,happy,,,,,m,1162,True,False,,1,,,,False,53,BM-028,materials/cfd/Images/CFD/BM-028/CFD-BM-028-002-N.jpg,WM-019,materials/cfd/Images/CFD/WM-019/CFD-WM-019-009-HO.jpg,m,2
7,2,20,study,0,female,Latino,male,White,happy,,,,,m,1447,False,False,,1,,,,False,55,LF-253,materials/cfd/Images/CFD/LF-253/CFD-LF-253-003-N.jpg,WM-009,materials/cfd/Images/CFD/WM-009/CFD-WM-009-004-HO.jpg,z,2
7,2,21,study,0,male,White,female,Black,angry,,,,,z,1224,False,False,,1,,,,False,57,WM-001,materials/cfd/Images/CFD/WM-001/CFD-WM-001-014-N.jpg,BF-032,materials/cfd/Images/CFD/BF-032/CFD-BF-032-017-A.jpg,m,2
7,2,22,study,0,female,Black,male,White,angry,,,,,m,1251,False,False,,1,,,,False,59,BF-216,materials/cfd/Images/CFD/BF-216/CFD-BF-216-132-N.jpg,WM-025,materials/cfd/Images/CFD/WM-025/CFD-WM-025-008-A.jpg,z,2
7,2,23,study,0,female,Black,female,White,angry,,,,,z,916,True,False,,1,,,,False,61,BF-239,materials/cfd/Images/CFD/BF-239/CFD-BF-239-180-N.jpg,WF-034,materials/cfd/Images/CFD/WF-034/CFD-WF-034-016-A.jpg,z,2
7,2,24,study,0,male,Latino,female,Black,happy,,,,,z,1585,False,False,,1,,,,False,63,LM-236,materials/cfd/Images/CFD/LM-236/CFD-LM-236-163-N.jpg,BF-048,materials/cfd/Images/CFD/BF-048/CFD-BF-048-005-HO.jpg,m,2
7,2,25,study,0,female,Black,male,White,angry,,,,,m,1356,False,False,,1,,,,False,65,BF-023,materials/cfd/Images/CFD/BF-023/CFD-BF-023-010-N.jpg,WM-015,materials/cfd/Images/CFD/WM-015/CFD-WM-015-017-A.jpg,z,2
7,2,26,study,0,female,Black,female,White,angry,,,,,z,921,True,False,,1,,,,False,67,BF-243,materials/cfd/Images/CFD/BF-243/CFD-BF-243-164-N.jpg,WF-033,materials/cfd/Images/CFD/WF-033/CFD-WF-033-031-A.jpg,z,2
7,2,27,study,0,female,Asian,female,Black,happy,,,,,z,1396,True,False,,1,,,,False,69,AF-216,materials/cfd/Images/CFD/AF-216/CFD-AF-216-106-N.jpg,BF-047,materials/cfd/Images/CFD/BF-047/CFD-BF-047-028-HO.jpg,z,2
7,2,28,study,0,male,Black,female,White,angry,,,,,z,1343,False,False,,1,,,,False,71,BM-217,materials/cfd/Images/CFD/BM-217/CFD-BM-217-082-N.jpg,WF-014,materials/cfd/Images/CFD/WF-014/CFD-WF-014-012-A.jpg,m,2
7,2,29,study,0,female,Asian,male,White,angry,,,,,m,936,False,False,,1,,,,False,73,AF-202,materials/cfd/Images/CFD/AF-202/CFD-AF-202-122-N.jpg,WM-034,materials/cfd/Images/CFD/WM-034/CFD-WM-034-040-A.jpg,z,2
7,2,30,study,0,male,Black,male,White,happy,,,,,m,1221,True,False,,1,,,,False,75,BM-233,materials/cfd/Images/CFD/BM-233/CFD-BM-233-285-N.jpg,WM-003,materials/cfd/Images/CFD/WM-003/CFD-WM-003-003-HO.jpg,m,2
7,2,31,study,1,female,White,male,Black,neutral,,,,,m,1164,False,False,,1,,,,False,78,WF-219,materials/cfd/Images/CFD/WF-219/CFD-WF-219-038-N.jpg,BM-247,materials/cfd/Images/CFD/BM-247/CFD-BM-247-240-N.jpg,z,2
7,2,32,study,1,female,Asian,male,White,neutral,,,,,z,1142,True,False,,1,,,,False,80,AF-219,materials/cfd/Images/CFD/AF-219/CFD-AF-219-106-N.jpg,WM-233,materials/cfd/Images/CFD/WM-233/CFD-WM-233-106-N.jpg,z,2
7,2,33,study,1,male,Black,male,White,angry,,,,,m,1421,True,False,,1,,,,False,82,BM-212,materials/cfd/Images/CFD/BM-212/CFD-BM-212-117-N.jpg,WM-026,materials/cfd/Images/CFD/WM-026/CFD-WM-026-019-A.jpg,m,2
7,2,34,study,1,female,Latino,male,Black,happy,,,,,m,1630,False,False,,1,,,,False,84,LF-215,materials/cfd/Images/CFD/LF-215/CFD-LF-215-157-N.jpg,BM-043,materials/cfd/Images/CFD/BM-043/CFD-BM-043-076-HO.jpg,z,2
7,2,35,study,1,male,White,female,Black,angry,,,,,z,2318,False,False,,1,,,,False,86,WM-217,materials/cfd/Images/CFD/WM-217/CFD-WM-217-070-N.jpg,BF-020,materials/cfd/Images/CFD/BF-020/CFD-BF-020-017-A.jpg,m,2
7,2,36,study,1,female,Latino,female,White,neutral,,,,,z,833,True,False,,1,,,,False,88,LF-220,materials/cfd/Images/CFD/LF-220/CFD-LF-220-120-N.jpg,WF-202,materials/cfd/Images/CFD/WF-202/CFD-WF-202-056-N.jpg,z,2
7,2,37,study,1,female,Black,female,White,angry,,,,,z,1100,True,False,,1,,,,False,90,BF-254,materials/cfd/Images/CFD/BF-254/CFD-BF-254-201-N.jpg,WF-038,materials/cfd/Images/CFD/WF-038/CFD-WF-038-030-A.jpg,z,2
7,2,38,study,1,male,Black,male,White,angry,,,,,m,1229,True,False,,1,,,,False,92,BM-250,materials/cfd/Images/CFD/BM-250/CFD-BM-250-170-N.jpg,WM-010,materials/cfd/Images/CFD/WM-010/CFD-WM-010-016-A.jpg,m,2
7,2,39,study,1,female,Latino,male,Black,neutral,,,,,m,1174,False,False,,1,,,,False,94,LF-233,materials/cfd/Images/CFD/LF-233/CFD-LF-233-277-N.jpg,BM-031,materials/cfd/Images/CFD/BM-031/CFD-BM-031-003-N.jpg,z,2
7,2,40,study,1,female,White,female,Black,neutral,,,,,z,1096,True,False,,1,,,,False,96,WF-204,materials/cfd/Images/CFD/WF-204/CFD-WF-204-038-N.jpg,BF-045,materials/cfd/Images/CFD/BF-045/CFD-BF-045-003-N.jpg,z,2
7,2,41,study,1,female,White,female,White,neutral,,,,,z,1514,True,False,,1,,,,False,98,WF-246,materials/cfd/Images/CFD/WF-246/CFD-WF-246-087-N.jpg,WF-240,materials/cfd/Images/CFD/WF-240/CFD-WF-240-083-N.jpg,z,2
7,2,42,study,1,female,Black,female,White,happy,,,,,z,1181,True,False,,1,,,,False,100,BF-017,materials/cfd/Images/CFD/BF-017/CFD-BF-017-003-N.jpg,WF-008,materials/cfd/Images/CFD/WF-008/CFD-WF-008-003-HO.jpg,z,2
7,2,43,study,1,female,Black,female,White,happy,,,,,z,913,True,False,,1,,,,False,102,BF-025,materials/cfd/Images/CFD/BF-025/CFD-BF-025-002-N.jpg,WF-011,materials/cfd/Images/CFD/WF-011/CFD-WF-011-003-HO.jpg,z,2
7,2,44,study,1,female,Asian,female,Black,angry,,,,,z,839,True,False,,1,,,,False,104,AF-236,materials/cfd/Images/CFD/AF-236/CFD-AF-236-145-N.jpg,BF-024,materials/cfd/Images/CFD/BF-024/CFD-BF-024-024-A.jpg,z,2
7,2,45,study,1,male,Black,female,White,happy,,,,,z,1013,False,False,,1,,,,False,106,BM-040,materials/cfd/Images/CFD/BM-040/CFD-BM-040-002-N.jpg,WF-017,materials/cfd/Images/CFD/WF-017/CFD-WF-017-015-HO.jpg,m,2
7,2,46,study,1,male,White,male,White,neutral,,,,,m,1090,True,False,,1,,,,False,108,WM-036,materials/cfd/Images/CFD/WM-036/CFD-WM-036-031-N.jpg,WM-215,materials/cfd/Images/CFD/WM-215/CFD-WM-215-041-N.jpg,m,2
7,2,47,study,1,male,Latino,female,White,happy,,,,,z,984,False,False,,1,,,,False,110,LM-201,materials/cfd/Images/CFD/LM-201/CFD-LM-201-057-N.jpg,WF-001,materials/cfd/Images/CFD/WF-001/CFD-WF-001-009-HO.jpg,m,2
7,2,48,study,1,female,Asian,male,Black,angry,,,,,m,967,False,False,,1,,,,False,112,AF-204,materials/cfd/Images/CFD/AF-204/CFD-AF-204-067-N.jpg,BM-022,materials/cfd/Images/CFD/BM-022/CFD-BM-022-030-A.jpg,z,2
7,2,49,study,1,male,Asian,male,White,angry,,,,,m,1112,True,False,,1,,,,False,114,AM-245,materials/cfd/Images/CFD/AM-245/CFD-AM-245-111-N.jpg,WM-018,materials/cfd/Images/CFD/WM-018/CFD-WM-018-007-A.jpg,m,2
7,2,50,study,1,female,Black,male,White,angry,,,,,m,1426,False,False,,1,,,,False,116,BF-208,materials/cfd/Images/CFD/BF-208/CFD-BF-208-266-N.jpg,WM-028,materials/cfd/Images/CFD/WM-028/CFD-WM-028-029-A.jpg,z,2
7,2,51,study,1,male,Asian,male,White,happy,,,,,m,1042,True,False,,1,,,,False,118,AM-232,materials/cfd/Images/CFD/AM-232/CFD-AM-232-251-N.jpg,WM-023,materials/cfd/Images/CFD/WM-023/CFD-WM-023-004-HO.jpg,m,2
7,2,52,study,1,male,White,male,Black,neutral,,,,,m,955,True,False,,1,,,,False,120,WM-200,materials/cfd/Images/CFD/WM-200/CFD-WM-200-034-N.jpg,BM-239,materials/cfd/Images/CFD/BM-239/CFD-BM-239-136-N.jpg,m,2
7,2,53,study,1,female,Black,male,White,happy,,,,,m,1227,False,False,,1,,,,False,122,BF-010,materials/cfd/Images/CFD/BF-010/CFD-BF-010-001-N.jpg,WM-014,materials/cfd/Images/CFD/WM-014/CFD-WM-014-004-HO.jpg,z,2
7,2,54,study,1,male,Black,male,White,neutral,,,,,m,871,True,False,,1,,,,False,124,BM-018,materials/cfd/Images/CFD/BM-018/CFD-BM-018-001-N.jpg,WM-243,materials/cfd/Images/CFD/WM-243/CFD-WM-243-107-N.jpg,m,2
7,2,55,study,1,male,Latino,female,Black,neutral,,,,,z,1011,False,False,,1,,,,False,126,LM-250,materials/cfd/Images/CFD/LM-250/CFD-LM-250-077-N.jpg,BF-234,materials/cfd/Images/CFD/BF-234/CFD-BF-234-167-N.jpg,m,2
7,2,56,study,1,female,Asian,female,White,neutral,,,,,z,912,True,False,,1,,,,False,128,AF-221,materials/cfd/Images/CFD/AF-221/CFD-AF-221-147-N.jpg,WF-244,materials/cfd/Images/CFD/WF-244/CFD-WF-244-163-N.jpg,z,2
7,2,57,study,1,male,Black,female,Black,angry,,,,,z,1645,False,False,,1,,,,False,130,BM-029,materials/cfd/Images/CFD/BM-029/CFD-BM-029-024-N.jpg,BF-008,materials/cfd/Images/CFD/BF-008/CFD-BF-008-012-A.jpg,m,2
7,2,58,study,1,female,Latino,female,Black,neutral,,,,,z,1460,True,False,,1,,,,False,132,LF-214,materials/cfd/Images/CFD/LF-214/CFD-LF-214-090-N.jpg,BF-252,materials/cfd/Images/CFD/BF-252/CFD-BF-252-191-N.jpg,z,2
7,2,59,study,1,female,White,male,Black,neutral,,,,,m,1084,False,False,,1,,,,False,134,WF-013,materials/cfd/Images/CFD/WF-013/CFD-WF-013-003-N.jpg,BM-236,materials/cfd/Images/CFD/BM-236/CFD-BM-236-248-N.jpg,z,2
7,2,60,study,1,female,Asian,male,Black,happy,,,,,z,1252,True,False,,1,,,,False,136,AF-217,materials/cfd/Images/CFD/AF-217/CFD-AF-217-155-N.jpg,BM-002,materials/cfd/Images/CFD/BM-002/CFD-BM-002-007-HO.jpg,z,2
7,2,61,study,0,male,White,male,Black,angry,,,,,m,782,True,False,,1,,,,False,139,WM-241,materials/cfd/Images/CFD/WM-241/CFD-WM-241-072-N.jpg,BM-032,materials/cfd/Images/CFD/BM-032/CFD-BM-032-015-A.jpg,m,2
7,2,62,study,0,female,Latino,male,White,happy,,,,,m,1009,False,False,,1,,,,False,141,LF-253,materials/cfd/Images/CFD/LF-253/CFD-LF-253-003-N.jpg,WM-009,materials/cfd/Images/CFD/WM-009/CFD-WM-009-004-HO.jpg,z,2
7,2,63,study,0,female,Black,female,White,angry,,,,,z,824,True,False,,1,,,,False,143,BF-243,materials/cfd/Images/CFD/BF-243/CFD-BF-243-164-N.jpg,WF-033,materials/cfd/Images/CFD/WF-033/CFD-WF-033-031-A.jpg,z,2
7,2,64,study,0,male,White,female,Black,neutral,,,,,z,1074,False,False,,1,,,,False,145,WM-032,materials/cfd/Images/CFD/WM-032/CFD-WM-032-001-N.jpg,BF-240,materials/cfd/Images/CFD/BF-240/CFD-BF-240-179-N.jpg,m,2
7,2,65,study,0,female,Black,male,White,happy,,,,,m,1130,False,False,,1,,,,False,147,BF-010,materials/cfd/Images/CFD/BF-010/CFD-BF-010-001-N.jpg,WM-014,materials/cfd/Images/CFD/WM-014/CFD-WM-014-004-HO.jpg,z,2
7,2,66,study,0,male,Black,male,White,happy,,,,,m,1139,True,False,,1,,,,False,149,BM-233,materials/cfd/Images/CFD/BM-233/CFD-BM-233-285-N.jpg,WM-003,materials/cfd/Images/CFD/WM-003/CFD-WM-003-003-HO.jpg,m,2
7,2,67,study,0,female,White,female,Black,neutral,,,,,z,1503,True,False,,1,,,,False,151,WF-204,materials/cfd/Images/CFD/WF-204/CFD-WF-204-038-N.jpg,BF-045,materials/cfd/Images/CFD/BF-045/CFD-BF-045-003-N.jpg,z,2
7,2,68,study,0,male,Asian,male,White,happy,,,,,m,894,True,False,,1,,,,False,153,AM-244,materials/cfd/Images/CFD/AM-244/CFD-AM-244-222-N.jpg,WM-040,materials/cfd/Images/CFD/WM-040/CFD-WM-040-023-HO.jpg,m,2
7,2,69,study,0,female,Black,female,White,happy,,,,,z,1487,True,False,,1,,,,False,155,BF-017,materials/cfd/Images/CFD/BF-017/CFD-BF-017-003-N.jpg,WF-008,materials/cfd/Images/CFD/WF-008/CFD-WF-008-003-HO.jpg,z,2
7,2,70,study,0,female,Black,female,White,angry,,,,,z,1039,True,False,,1,,,,False,157,BF-040,materials/cfd/Images/CFD/BF-040/CFD-BF-040-003-N.jpg,WF-035,materials/cfd/Images/CFD/WF-035/CFD-WF-035-033-A.jpg,z,2
7,2,71,study,0,female,Asian,male,White,angry,,,,,m,1109,False,False,,1,,,,False,159,AF-202,materials/cfd/Images/CFD/AF-202/CFD-AF-202-122-N.jpg,WM-034,materials/cfd/Images/CFD/WM-034/CFD-WM-034-040-A.jpg,z,2
7,2,72,study,0,male,White,male,Black,neutral,,,,,m,1159,True,False,,1,,,,False,161,WM-200,materials/cfd/Images/CFD/WM-200/CFD-WM-200-034-N.jpg,BM-239,materials/cfd/Images/CFD/BM-239/CFD-BM-239-136-N.jpg,m,2
7,2,73,study,0,male,Latino,male,Black,neutral,,,,,z,1256,False,False,,1,,,,False,163,LM-226,materials/cfd/Images/CFD/LM-226/CFD-LM-226-175-N.jpg,BM-231,materials/cfd/Images/CFD/BM-231/CFD-BM-231-155-N.jpg,m,2
7,2,74,study,0,male,Black,female,Black,neutral,,,,,z,1033,False,False,,1,,,,False,165,BM-025,materials/cfd/Images/CFD/BM-025/CFD-BM-025-035-N.jpg,BF-203,materials/cfd/Images/CFD/BF-203/CFD-BF-203-184-N.jpg,m,2
7,2,75,study,0,male,White,male,White,neutral,,,,,m,1529,True,False,,1,,,,False,167,WM-036,materials/cfd/Images/CFD/WM-036/CFD-WM-036-031-N.jpg,WM-215,materials/cfd/Images/CFD/WM-215/CFD-WM-215-041-N.jpg,m,2
7,2,76,study,0,male,Black,female,Black,happy,,,,,z,1015,False,False,,1,,,,False,169,BM-011,materials/cfd/Images/CFD/BM-011/CFD-BM-011-016-N.jpg,BF-012,materials/cfd/Images/CFD/BF-012/CFD-BF-012-019-HO.jpg,m,2
7,2,77,study,0,female,Black,male,White,angry,,,,,m,1616,False,False,,1,,,,False,171,BF-023,materials/cfd/Images/CFD/BF-023/CFD-BF-023-010-N.jpg,WM-015,materials/cfd/Images/CFD/WM-015/CFD-WM-015-017-A.jpg,z,2
7,2,78,study,0,female,White,male,Black,neutral,,,,,m,1429,False,False,,1,,,,False,173,WF-013,materials/cfd/Images/CFD/WF-013/CFD-WF-013-003-N.jpg,BM-236,materials/cfd/Images/CFD/BM-236/CFD-BM-236-248-N.jpg,z,2
7,2,79,study,0,female,Asian,male,White,neutral,,,,,m,1220,False,False,,1,,,,False,175,AF-219,materials/cfd/Images/CFD/AF-219/CFD-AF-219-106-N.jpg,WM-233,materials/cfd/Images/CFD/WM-233/CFD-WM-233-106-N.jpg,z,2
7,2,80,study,0,male,Black,male,White,angry,,,,,m,1300,True,False,,1,,,,False,177,BM-250,materials/cfd/Images/CFD/BM-250/CFD-BM-250-170-N.jpg,WM-010,materials/cfd/Images/CFD/WM-010/CFD-WM-010-016-A.jpg,m,2
7,2,81,study,0,female,Asian,female,Black,happy,,,,,z,1228,True,False,,1,,,,False,179,AF-216,materials/cfd/Images/CFD/AF-216/CFD-AF-216-106-N.jpg,BF-047,materials/cfd/Images/CFD/BF-047/CFD-BF-047-028-HO.jpg,z,2
7,2,82,study,0,male,Latino,female,Black,neutral,,,,,z,1313,False,False,,1,,,,False,181,LM-251,materials/cfd/Images/CFD/LM-251/CFD-LM-251-073-N.jpg,BF-027,materials/cfd/Images/CFD/BF-027/CFD-BF-027-002-N.jpg,m,2
7,2,83,study,0,male,Asian,male,White,angry,,,,,m,948,True,False,,1,,,,False,183,AM-245,materials/cfd/Images/CFD/AM-245/CFD-AM-245-111-N.jpg,WM-018,materials/cfd/Images/CFD/WM-018/CFD-WM-018-007-A.jpg,m,2
7,2,84,study,0,male,Black,female,Black,happy,,,,,z,1529,False,False,,1,,,,False,185,BM-201,materials/cfd/Images/CFD/BM-201/CFD-BM-201-077-N.jpg,BF-001,materials/cfd/Images/CFD/BF-001/CFD-BF-001-018-HO.jpg,m,2
7,2,85,study,0,female,Latino,male,Black,happy,,,,,m,1469,False,False,,1,,,,False,187,LF-215,materials/cfd/Images/CFD/LF-215/CFD-LF-215-157-N.jpg,BM-043,materials/cfd/Images/CFD/BM-043/CFD-BM-043-076-HO.jpg,z,2
7,2,86,study,0,male,Latino,female,Black,neutral,,,,,z,1114,False,False,,1,,,,False,189,LM-230,materials/cfd/Images/CFD/LM-230/CFD-LM-230-202-N.jpg,BF-228,materials/cfd/Images/CFD/BF-228/CFD-BF-228-212-N.jpg,m,2
7,2,87,study,0,female,Latino,female,Black,neutral,,,,,z,1658,True,False,,1,,,,False,191,LF-214,materials/cfd/Images/CFD/LF-214/CFD-LF-214-090-N.jpg,BF-252,materials/cfd/Images/CFD/BF-252/CFD-BF-252-191-N.jpg,z,2
7,2,88,study,0,male,White,female,Black,angry,,,,,z,905,False,False,,1,,,,False,193,WM-001,materials/cfd/Images/CFD/WM-001/CFD-WM-001-014-N.jpg,BF-032,materials/cfd/Images/CFD/BF-032/CFD-BF-032-017-A.jpg,m,2
7,2,89,study,0,male,Asian,male,Black,happy,,,,,m,1058,True,False,,1,,,,False,195,AM-217,materials/cfd/Images/CFD/AM-217/CFD-AM-217-085-N.jpg,BM-045,materials/cfd/Images/CFD/BM-045/CFD-BM-045-055-HO.jpg,m,2
7,2,90,study,0,female,Black,male,White,angry,,,,,m,1778,False,False,,1,,,,False,197,BF-216,materials/cfd/Images/CFD/BF-216/CFD-BF-216-132-N.jpg,WM-025,materials/cfd/Images/CFD/WM-025/CFD-WM-025-008-A.jpg,z,2
7,2,91,study,1,female,Black,male,White,angry,,,,,m,1114,False,False,,1,,,,False,200,BF-208,materials/cfd/Images/CFD/BF-208/CFD-BF-208-266-N.jpg,WM-028,materials/cfd/Images/CFD/WM-028/CFD-WM-028-029-A.jpg,z,2
7,2,92,study,1,female,Latino,male,Black,happy,,,,,z,818,True,False,,1,,,,False,202,LF-223,materials/cfd/Images/CFD/LF-223/CFD-LF-223-064-N.jpg,BM-030,materials/cfd/Images/CFD/BM-030/CFD-BM-030-004-HO.jpg,z,2
7,2,93,study,1,male,Black,female,Black,angry,,,,,z,1425,False,False,,1,,,,False,204,BM-029,materials/cfd/Images/CFD/BM-029/CFD-BM-029-024-N.jpg,BF-008,materials/cfd/Images/CFD/BF-008/CFD-BF-008-012-A.jpg,m,2
7,2,94,study,1,male,White,female,Black,angry,,,,,z,1383,False,False,,1,,,,False,206,WM-217,materials/cfd/Images/CFD/WM-217/CFD-WM-217-070-N.jpg,BF-020,materials/cfd/Images/CFD/BF-020/CFD-BF-020-017-A.jpg,m,2
7,2,95,study,1,female,White,female,White,neutral,,,,,z,985,True,False,,1,,,,False,208,WF-246,materials/cfd/Images/CFD/WF-246/CFD-WF-246-087-N.jpg,WF-240,materials/cfd/Images/CFD/WF-240/CFD-WF-240-083-N.jpg,z,2
7,2,96,study,1,male,White,female,White,angry,,,,,z,832,False,False,,1,,,,False,210,WM-202,materials/cfd/Images/CFD/WM-202/CFD-WM-202-107-N.jpg,WF-021,materials/cfd/Images/CFD/WF-021/CFD-WF-021-018-A.jpg,m,2
7,2,97,study,1,female,Black,female,White,angry,,,,,z,912,True,False,,1,,,,False,212,BF-239,materials/cfd/Images/CFD/BF-239/CFD-BF-239-180-N.jpg,WF-034,materials/cfd/Images/CFD/WF-034/CFD-WF-034-016-A.jpg,z,2
7,2,98,study,1,female,Black,female,White,happy,,,,,z,1012,True,False,,1,,,,False,214,BF-025,materials/cfd/Images/CFD/BF-025/CFD-BF-025-002-N.jpg,WF-011,materials/cfd/Images/CFD/WF-011/CFD-WF-011-003-HO.jpg,z,2
7,2,99,study,1,female,Latino,male,Black,neutral,,,,,m,1890,False,False,,1,,,,False,216,LF-233,materials/cfd/Images/CFD/LF-233/CFD-LF-233-277-N.jpg,BM-031,materials/cfd/Images/CFD/BM-031/CFD-BM-031-003-N.jpg,z,2
7,2,100,study,1,male,Black,male,White,angry,,,,,m,1061,True,False,,1,,,,False,218,BM-212,materials/cfd/Images/CFD/BM-212/CFD-BM-212-117-N.jpg,WM-026,materials/cfd/Images/CFD/WM-026/CFD-WM-026-019-A.jpg,m,2
7,2,101,study,1,male,Latino,female,Black,neutral,,,,,z,1281,False,False,,1,,,,False,220,LM-250,materials/cfd/Images/CFD/LM-250/CFD-LM-250-077-N.jpg,BF-234,materials/cfd/Images/CFD/BF-234/CFD-BF-234-167-N.jpg,m,2
7,2,102,study,1,female,Asian,male,Black,angry,,,,,m,1056,False,False,,1,,,,False,222,AF-204,materials/cfd/Images/CFD/AF-204/CFD-AF-204-067-N.jpg,BM-022,materials/cfd/Images/CFD/BM-022/CFD-BM-022-030-A.jpg,z,2
7,2,103,study,1,male,Black,female,White,happy,,,,,z,1165,False,False,,1,,,,False,224,BM-040,materials/cfd/Images/CFD/BM-040/CFD-BM-040-002-N.jpg,WF-017,materials/cfd/Images/CFD/WF-017/CFD-WF-017-015-HO.jpg,m,2
7,2,104,study,1,female,Black,female,White,angry,,,,,z,1338,True,False,,1,,,,False,226,BF-254,materials/cfd/Images/CFD/BF-254/CFD-BF-254-201-N.jpg,WF-038,materials/cfd/Images/CFD/WF-038/CFD-WF-038-030-A.jpg,z,2
7,2,105,study,1,female,White,female,Black,happy,,,,,z,945,True,False,,1,,,,False,228,WF-250,materials/cfd/Images/CFD/WF-250/CFD-WF-250-167-N.jpg,BF-007,materials/cfd/Images/CFD/BF-007/CFD-BF-007-004-HO.jpg,z,2
7,2,106,study,1,female,White,female,Black,happy,,,,,z,803,True,False,,1,,,,False,230,WF-226,materials/cfd/Images/CFD/WF-226/CFD-WF-226-095-N.jpg,BF-014,materials/cfd/Images/CFD/BF-014/CFD-BF-014-004-HO.jpg,z,2
7,2,107,study,1,male,Black,male,White,happy,,,,,m,722,True,False,,1,,,,False,232,BM-028,materials/cfd/Images/CFD/BM-028/CFD-BM-028-002-N.jpg,WM-019,materials/cfd/Images/CFD/WM-019/CFD-WM-019-009-HO.jpg,m,2
7,2,108,study,1,female,Asian,female,White,neutral,,,,,z,838,True,False,,1,,,,False,234,AF-221,materials/cfd/Images/CFD/AF-221/CFD-AF-221-147-N.jpg,WF-244,materials/cfd/Images/CFD/WF-244/CFD-WF-244-163-N.jpg,z,2
7,2,109,study,1,male,Asian,male,White,happy,,,,,m,1059,True,False,,1,,,,False,236,AM-232,materials/cfd/Images/CFD/AM-232/CFD-AM-232-251-N.jpg,WM-023,materials/cfd/Images/CFD/WM-023/CFD-WM-023-004-HO.jpg,m,2
7,2,110,study,1,female,Asian,female,Black,angry,,,,,z,1069,True,False,,1,,,,False,238,AF-236,materials/cfd/Images/CFD/AF-236/CFD-AF-236-145-N.jpg,BF-024,materials/cfd/Images/CFD/BF-024/CFD-BF-024-024-A.jpg,z,2
7,2,111,study,1,female,White,male,Black,neutral,,,,,m,977,False,False,,1,,,,False,240,WF-219,materials/cfd/Images/CFD/WF-219/CFD-WF-219-038-N.jpg,BM-247,materials/cfd/Images/CFD/BM-247/CFD-BM-247-240-N.jpg,z,2
7,2,112,study,1,male,Latino,female,White,happy,,,,,z,1438,False,False,,1,,,,False,242,LM-201,materials/cfd/Images/CFD/LM-201/CFD-LM-201-057-N.jpg,WF-001,materials/cfd/Images/CFD/WF-001/CFD-WF-001-009-HO.jpg,m,2
7,2,113,study,1,male,Black,male,White,neutral,,,,,m,1123,True,False,,1,,,,False,244,BM-018,materials/cfd/Images/CFD/BM-018/CFD-BM-018-001-N.jpg,WM-243,materials/cfd/Images/CFD/WM-243/CFD-WM-243-107-N.jpg,m,2
7,2,114,study,1,male,Latino,female,Black,happy,,,,,z,649,False,False,,1,,,,False,246,LM-236,materials/cfd/Images/CFD/LM-236/CFD-LM-236-163-N.jpg,BF-048,materials/cfd/Images/CFD/BF-048/CFD-BF-048-005-HO.jpg,m,2
7,2,115,study,1,female,Latino,female,White,neutral,,,,,z,672,True,False,,1,,,,False,248,LF-220,materials/cfd/Images/CFD/LF-220/CFD-LF-220-120-N.jpg,WF-202,materials/cfd/Images/CFD/WF-202/CFD-WF-202-056-N.jpg,z,2
7,2,116,study,1,female,Latino,male,Black,neutral,,,,,m,845,False,False,,1,,,,False,250,LF-227,materials/cfd/Images/CFD/LF-227/CFD-LF-227-054-N.jpg,BM-218,materials/cfd/Images/CFD/BM-218/CFD-BM-218-132-N.jpg,z,2
7,2,117,study,1,female,Asian,male,Black,happy,,,,,m,922,False,False,,1,,,,False,252,AF-217,materials/cfd/Images/CFD/AF-217/CFD-AF-217-155-N.jpg,BM-002,materials/cfd/Images/CFD/BM-002/CFD-BM-002-007-HO.jpg,z,2
7,2,118,study,1,male,Black,female,White,angry,,,,,z,789,False,False,,1,,,,False,254,BM-217,materials/cfd/Images/CFD/BM-217/CFD-BM-217-082-N.jpg,WF-014,materials/cfd/Images/CFD/WF-014/CFD-WF-014-012-A.jpg,m,2
7,2,119,study,1,male,Black,male,White,angry,,,,,m,934,True,False,,1,,,,False,256,BM-207,materials/cfd/Images/CFD/BM-207/CFD-BM-207-024-N.jpg,WM-011,materials/cfd/Images/CFD/WM-011/CFD-WM-011-011-A.jpg,m,2
7,2,120,study,1,male,Black,male,Black,neutral,,,,,m,914,True,False,,1,,,,False,258,BM-208,materials/cfd/Images/CFD/BM-208/CFD-BM-208-065-N.jpg,BM-200,materials/cfd/Images/CFD/BM-200/CFD-BM-200-046-N.jpg,m,2
7,2,121,test,0,male,White,male,White,angry,,,,rearranged,m,851,True,False,,1,,,,False,275,WM-241,materials/cfd/Images/CFD/WM-241/CFD-WM-241-072-N.jpg,WM-026,materials/cfd/Images/CFD/WM-026/CFD-WM-026-019-A.jpg,m,2
7,2,122,test,0,male,Black,female,White,angry,,,,rearranged,m,916,True,False,,1,,,,False,277,BM-217,materials/cfd/Images/CFD/BM-217/CFD-BM-217-082-N.jpg,WF-021,materials/cfd/Images/CFD/WF-021/CFD-WF-021-018-A.jpg,m,2
7,2,123,test,0,female,Latino,male,White,happy,,,,intact,m,915,False,False,,1,,,,False,279,LF-253,materials/cfd/Images/CFD/LF-253/CFD-LF-253-003-N.jpg,WM-009,materials/cfd/Images/CFD/WM-009/CFD-WM-009-004-HO.jpg,z,2
7,2,124,test,0,male,Black,male,White,angry,,,,rearranged,m,1274,True,False,,1,,,,False,281,BM-212,materials/cfd/Images/CFD/BM-212/CFD-BM-212-117-N.jpg,WM-011,materials/cfd/Images/CFD/WM-011/CFD-WM-011-011-A.jpg,m,2
7,2,125,test,0,female,Black,male,Black,happy,,,,rearranged,m,902,True,False,,1,,,,False,283,BF-010,materials/cfd/Images/CFD/BF-010/CFD-BF-010-001-N.jpg,BM-002,materials/cfd/Images/CFD/BM-002/CFD-BM-002-007-HO.jpg,m,2
7,2,126,test,0,male,Black,male,Black,angry,,,,rearranged,m,930,True,False,,1,,,,False,285,BM-207,materials/cfd/Images/CFD/BM-207/CFD-BM-207-024-N.jpg,BM-032,materials/cfd/Images/CFD/BM-032/CFD-BM-032-015-A.jpg,m,2
7,2,127,test,0,female,Black,male,White,angry,,,,rearranged,m,1297,True,False,,1,,,,False,287,BF-023,materials/cfd/Images/CFD/BF-023/CFD-BF-023-010-N.jpg,WM-034,materials/cfd/Images/CFD/WM-034/CFD-WM-034-040-A.jpg,m,2
7,2,128,test,0,female,Latino,female,White,neutral,,,,rearranged,m,782,True,False,,1,,,,False,289,LF-220,materials/cfd/Images/CFD/LF-220/CFD-LF-220-120-N.jpg,WF-244,materials/cfd/Images/CFD/WF-244/CFD-WF-244-163-N.jpg,m,2
7,2,129,test,0,female,Latino,male,White,neutral,,,,rearranged,m,867,True,False,,1,,,,False,291,LF-227,materials/cfd/Images/CFD/LF-227/CFD-LF-227-054-N.jpg,WM-233,materials/cfd/Images/CFD/WM-233/CFD-WM-233-106-N.jpg,m,2
7,2,130,test,0,female,Black,female,White,angry,,,,intact,m,827,False,False,,1,,,,False,293,BF-243,materials/cfd/Images/CFD/BF-243/CFD-BF-243-164-N.jpg,WF-033,materials/cfd/Images/CFD/WF-033/CFD-WF-033-031-A.jpg,z,2
7,2,131,test,0,male,White,female,Black,neutral,,,,rearranged,m,1119,True,False,,1,,,,False,295,WM-032,materials/cfd/Images/CFD/WM-032/CFD-WM-032-001-N.jpg,BF-228,materials/cfd/Images/CFD/BF-228/CFD-BF-228-212-N.jpg,m,2
7,2,132,test,0,female,Latino,male,Black,happy,,,,intact,m,709,False,False,,1,,,,False,297,LF-223,materials/cfd/Images/CFD/LF-223/CFD-LF-223-064-N.jpg,BM-030,materials/cfd/Images/CFD/BM-030/CFD-BM-030-004-HO.jpg,z,2
7,2,133,test,0,female,Asian,female,White,angry,,,,rearranged,m,1352,True,False,,1,,,,False,299,AF-236,materials/cfd/Images/CFD/AF-236/CFD-AF-236-145-N.jpg,WF-035,materials/cfd/Images/CFD/WF-035/CFD-WF-035-033-A.jpg,m,2
7,2,134,test,0,male,Latino,female,White,happy,,,,intact,m,2181,False,False,,1,,,,False,301,LM-201,materials/cfd/Images/CFD/LM-201/CFD-LM-201-057-N.jpg,WF-001,materials/cfd/Images/CFD/WF-001/CFD-WF-001-009-HO.jpg,z,2
7,2,135,test,0,male,Asian,male,White,happy,,,,rearranged,m,1327,True,False,,1,,,,False,303,AM-244,materials/cfd/Images/CFD/AM-244/CFD-AM-244-222-N.jpg,WM-023,materials/cfd/Images/CFD/WM-023/CFD-WM-023-004-HO.jpg,m,2
7,2,136,test,0,male,Latino,male,Black,neutral,,,,intact,m,910,False,False,,1,,,,False,305,LM-226,materials/cfd/Images/CFD/LM-226/CFD-LM-226-175-N.jpg,BM-231,materials/cfd/Images/CFD/BM-231/CFD-BM-231-155-N.jpg,z,2
7,2,137,test,0,male,White,female,White,angry,,,,rearranged,m,813,True,False,,1,,,,False,307,WM-202,materials/cfd/Images/CFD/WM-202/CFD-WM-202-107-N.jpg,WF-014,materials/cfd/Images/CFD/WF-014/CFD-WF-014-012-A.jpg,m,2
7,2,138,test,0,female,Black,female,White,happy,,,,intact,z,1029,True,False,,1,,,,False,309,BF-025,materials/cfd/Images/CFD/BF-025/CFD-BF-025-002-N.jpg,WF-011,materials/cfd/Images/CFD/WF-011/CFD-WF-011-003-HO.jpg,z,2
7,2,139,test,0,male,White,female,Black,angry,,,,intact,m,984,False,False,,1,,,,False,311,WM-001,materials/cfd/Images/CFD/WM-001/CFD-WM-001-014-N.jpg,BF-032,materials/cfd/Images/CFD/BF-032/CFD-BF-032-017-A.jpg,z,2
7,2,140,test,0,male,Asian,male,Black,happy,,,,intact,m,1307,False,False,,1,,,,False,313,AM-217,materials/cfd/Images/CFD/AM-217/CFD-AM-217-085-N.jpg,BM-045,materials/cfd/Images/CFD/BM-045/CFD-BM-045-055-HO.jpg,z,2
7,2,141,test,0,male,Black,female,Black,neutral,,,,intact,m,1112,False,False,,1,,,,False,315,BM-025,materials/cfd/Images/CFD/BM-025/CFD-BM-025-035-N.jpg,BF-203,materials/cfd/Images/CFD/BF-203/CFD-BF-203-184-N.jpg,z,2
7,2,142,test,0,female,Asian,male,White,happy,,,,rearranged,m,1196,True,False,,1,,,,False,317,AF-217,materials/cfd/Images/CFD/AF-217/CFD-AF-217-155-N.jpg,WM-014,materials/cfd/Images/CFD/WM-014/CFD-WM-014-004-HO.jpg,m,2
7,2,143,test,0,male,Latino,female,Black,neutral,,,,intact,m,1031,False,False,,1,,,,False,319,LM-250,materials/cfd/Images/CFD/LM-250/CFD-LM-250-077-N.jpg,BF-234,materials/cfd/Images/CFD/BF-234/CFD-BF-234-167-N.jpg,z,2
7,2,144,test,0,male,Latino,female,Black,neutral,,,,rearranged,m,1009,True,False,,1,,,,False,321,LM-230,materials/cfd/Images/CFD/LM-230/CFD-LM-230-202-N.jpg,BF-240,materials/cfd/Images/CFD/BF-240/CFD-BF-240-179-N.jpg,m,2
7,2,145,test,0,female,White,female,Black,happy,,,,rearranged,m,840,True,False,,1,,,,False,323,WF-250,materials/cfd/Images/CFD/WF-250/CFD-WF-250-167-N.jpg,BF-047,materials/cfd/Images/CFD/BF-047/CFD-BF-047-028-HO.jpg,m,2
7,2,146,test,0,male,Asian,male,White,happy,,,,rearranged,m,898,True,False,,1,,,,False,325,AM-232,materials/cfd/Images/CFD/AM-232/CFD-AM-232-251-N.jpg,WM-040,materials/cfd/Images/CFD/WM-040/CFD-WM-040-023-HO.jpg,m,2
7,2,147,test,0,male,Latino,female,White,happy,,,,rearranged,m,795,True,False,,1,,,,False,327,LM-236,materials/cfd/Images/CFD/LM-236/CFD-LM-236-163-N.jpg,WF-017,materials/cfd/Images/CFD/WF-017/CFD-WF-017-015-HO.jpg,m,2
7,2,148,test,0,male,White,female,Black,angry,,,,intact,m,1122,False,False,,1,,,,False,329,WM-217,materials/cfd/Images/CFD/WM-217/CFD-WM-217-070-N.jpg,BF-020,materials/cfd/Images/CFD/BF-020/CFD-BF-020-017-A.jpg,z,2
7,2,149,test,0,female,Black,male,White,angry,,,,intact,m,940,False,False,,1,,,,False,331,BF-208,materials/cfd/Images/CFD/BF-208/CFD-BF-208-266-N.jpg,WM-028,materials/cfd/Images/CFD/WM-028/CFD-WM-028-029-A.jpg,z,2
7,2,150,test,0,female,White,female,Black,happy,,,,intact,z,1177,True,False,,1,,,,False,333,WF-226,materials/cfd/Images/CFD/WF-226/CFD-WF-226-095-N.jpg,BF-014,materials/cfd/Images/CFD/BF-014/CFD-BF-014-004-HO.jpg,z,2
7,2,151,test,1,female,Asian,male,White,angry,,,,rearranged,m,1204,True,False,,1,,,,False,336,AF-202,materials/cfd/Images/CFD/AF-202/CFD-AF-202-122-N.jpg,WM-025,materials/cfd/Images/CFD/WM-025/CFD-WM-025-008-A.jpg,m,2
7,2,152,test,1,male,Black,male,White,happy,,,,intact,m,868,False,False,,1,,,,False,338,BM-028,materials/cfd/Images/CFD/BM-028/CFD-BM-028-002-N.jpg,WM-019,materials/cfd/Images/CFD/WM-019/CFD-WM-019-009-HO.jpg,z,2
7,2,153,test,1,female,Asian,male,Black,neutral,,,,rearranged,m,855,True,False,,1,,,,False,340,AF-219,materials/cfd/Images/CFD/AF-219/CFD-AF-219-106-N.jpg,BM-031,materials/cfd/Images/CFD/BM-031/CFD-BM-031-003-N.jpg,m,2
7,2,154,test,1,male,Latino,female,Black,neutral,,,,intact,m,874,False,False,,1,,,,False,342,LM-251,materials/cfd/Images/CFD/LM-251/CFD-LM-251-073-N.jpg,BF-027,materials/cfd/Images/CFD/BF-027/CFD-BF-027-002-N.jpg,z,2
7,2,155,test,1,female,Black,female,White,angry,,,,intact,z,1300,True,False,,1,,,,False,344,BF-254,materials/cfd/Images/CFD/BF-254/CFD-BF-254-201-N.jpg,WF-038,materials/cfd/Images/CFD/WF-038/CFD-WF-038-030-A.jpg,z,2
7,2,156,test,1,female,Latino,female,Black,neutral,,,,intact,z,1208,True,False,,1,,,,False,346,LF-214,materials/cfd/Images/CFD/LF-214/CFD-LF-214-090-N.jpg,BF-252,materials/cfd/Images/CFD/BF-252/CFD-BF-252-191-N.jpg,z,2
7,2,157,test,1,female,White,female,White,neutral,,,,intact,z,1069,True,False,,1,,,,False,348,WF-246,materials/cfd/Images/CFD/WF-246/CFD-WF-246-087-N.jpg,WF-240,materials/cfd/Images/CFD/WF-240/CFD-WF-240-083-N.jpg,z,2
7,2,158,test,1,female,Black,female,Black,happy,,,,rearranged,z,897,False,False,,1,,,,False,350,BF-017,materials/cfd/Images/CFD/BF-017/CFD-BF-017-003-N.jpg,BF-007,materials/cfd/Images/CFD/BF-007/CFD-BF-007-004-HO.jpg,m,2
7,2,159,test,1,male,Black,male,White,angry,,,,intact,z,1433,True,False,,1,,,,False,352,BM-250,materials/cfd/Images/CFD/BM-250/CFD-BM-250-170-N.jpg,WM-010,materials/cfd/Images/CFD/WM-010/CFD-WM-010-016-A.jpg,z,2
7,2,160,test,1,female,Latino,male,Black,happy,,,,intact,m,977,False,False,,1,,,,False,354,LF-215,materials/cfd/Images/CFD/LF-215/CFD-LF-215-157-N.jpg,BM-043,materials/cfd/Images/CFD/BM-043/CFD-BM-043-076-HO.jpg,z,2
7,2,161,test,1,male,Black,male,Black,neutral,,,,rearranged,z,2282,False,False,,1,,,,False,356,BM-018,materials/cfd/Images/CFD/BM-018/CFD-BM-018-001-N.jpg,BM-239,materials/cfd/Images/CFD/BM-239/CFD-BM-239-136-N.jpg,m,2
7,2,162,test,1,female,Asian,female,White,neutral,,,,rearranged,z,1627,False,False,,1,,,,False,358,AF-221,materials/cfd/Images/CFD/AF-221/CFD-AF-221-147-N.jpg,WF-202,materials/cfd/Images/CFD/WF-202/CFD-WF-202-056-N.jpg,m,2
7,2,163,test,1,male,Black,female,Black,happy,,,,intact,m,1741,False,False,,1,,,,False,360,BM-011,materials/cfd/Images/CFD/BM-011/CFD-BM-011-016-N.jpg,BF-012,materials/cfd/Images/CFD/BF-012/CFD-BF-012-019-HO.jpg,z,2
7,2,164,test,1,female,Latino,male,Black,neutral,,,,rearranged,m,1472,True,False,,1,,,,False,362,LF-233,materials/cfd/Images/CFD/LF-233/CFD-LF-233-277-N.jpg,BM-218,materials/cfd/Images/CFD/BM-218/CFD-BM-218-132-N.jpg,m,2
7,2,165,test,1,male,Asian,male,White,angry,,,,intact,z,1494,True,False,,1,,,,False,364,AM-245,materials/cfd/Images/CFD/AM-245/CFD-AM-245-111-N.jpg,WM-018,materials/cfd/Images/CFD/WM-018/CFD-WM-018-007-A.jpg,z,2
7,2,166,test,1,female,Black,female,White,angry,,,,intact,z,1466,True,False,,1,,,,False,366,BF-239,materials/cfd/Images/CFD/BF-239/CFD-BF-239-180-N.jpg,WF-034,materials/cfd/Images/CFD/WF-034/CFD-WF-034-016-A.jpg,z,2
7,2,167,test,1,female,White,male,Black,neutral,,,,intact,m,1646,False,False,,1,,,,False,368,WF-219,materials/cfd/Images/CFD/WF-219/CFD-WF-219-038-N.jpg,BM-247,materials/cfd/Images/CFD/BM-247/CFD-BM-247-240-N.jpg,z,2
7,2,168,test,1,male,Black,female,Black,angry,,,,intact,m,1328,False,False,,1,,,,False,370,BM-029,materials/cfd/Images/CFD/BM-029/CFD-BM-029-024-N.jpg,BF-008,materials/cfd/Images/CFD/BF-008/CFD-BF-008-012-A.jpg,z,2
7,2,169,test,1,male,Black,female,Black,happy,,,,rearranged,m,887,True,False,,1,,,,False,372,BM-201,materials/cfd/Images/CFD/BM-201/CFD-BM-201-077-N.jpg,BF-048,materials/cfd/Images/CFD/BF-048/CFD-BF-048-005-HO.jpg,m,2
7,2,170,test,1,female,Asian,female,White,happy,,,,rearranged,z,563,False,False,,1,,,,False,374,AF-216,materials/cfd/Images/CFD/AF-216/CFD-AF-216-106-N.jpg,WF-008,materials/cfd/Images/CFD/WF-008/CFD-WF-008-003-HO.jpg,m,2
7,2,171,test,1,female,Black,male,White,angry,,,,rearranged,m,2299,True,False,,1,,,,False,376,BF-216,materials/cfd/Images/CFD/BF-216/CFD-BF-216-132-N.jpg,WM-015,materials/cfd/Images/CFD/WM-015/CFD-WM-015-017-A.jpg,m,2
7,2,172,test,1,female,Black,female,Black,angry,,,,rearranged,z,1090,False,False,,1,,,,False,378,BF-040,materials/cfd/Images/CFD/BF-040/CFD-BF-040-003-N.jpg,BF-024,materials/cfd/Images/CFD/BF-024/CFD-BF-024-024-A.jpg,m,2
7,2,173,test,1,female,White,male,Black,neutral,,,,intact,m,1189,False,False,,1,,,,False,380,WF-013,materials/cfd/Images/CFD/WF-013/CFD-WF-013-003-N.jpg,BM-236,materials/cfd/Images/CFD/BM-236/CFD-BM-236-248-N.jpg,z,2
7,2,174,test,1,male,Black,male,White,happy,,,,intact,z,882,True,False,,1,,,,False,382,BM-233,materials/cfd/Images/CFD/BM-233/CFD-BM-233-285-N.jpg,WM-003,materials/cfd/Images/CFD/WM-003/CFD-WM-003-003-HO.jpg,z,2
7,2,175,test,1,female,White,female,Black,neutral,,,,intact,z,835,True,False,,1,,,,False,384,WF-204,materials/cfd/Images/CFD/WF-204/CFD-WF-204-038-N.jpg,BF-045,materials/cfd/Images/CFD/BF-045/CFD-BF-045-003-N.jpg,z,2
7,2,176,test,1,female,Asian,male,Black,angry,,,,intact,m,1130,False,False,,1,,,,False,386,AF-204,materials/cfd/Images/CFD/AF-204/CFD-AF-204-067-N.jpg,BM-022,materials/cfd/Images/CFD/BM-022/CFD-BM-022-030-A.jpg,z,2
7,2,177,test,1,male,Black,female,Black,happy,,,,rearranged,m,1049,True,False,,1,,,,False,388,BM-040,materials/cfd/Images/CFD/BM-040/CFD-BM-040-002-N.jpg,BF-001,materials/cfd/Images/CFD/BF-001/CFD-BF-001-018-HO.jpg,m,2
7,2,178,test,1,male,White,male,White,neutral,,,,rearranged,z,1920,False,False,,1,,,,False,390,WM-200,materials/cfd/Images/CFD/WM-200/CFD-WM-200-034-N.jpg,WM-215,materials/cfd/Images/CFD/WM-215/CFD-WM-215-041-N.jpg,m,2
7,2,179,test,1,male,White,male,White,neutral,,,,rearranged,z,1074,False,False,,1,,,,False,392,WM-036,materials/cfd/Images/CFD/WM-036/CFD-WM-036-031-N.jpg,WM-243,materials/cfd/Images/CFD/WM-243/CFD-WM-243-107-N.jpg,m,2
7,2,180,test,1,male,Black,male,Black,neutral,,,,intact,z,1279,True,False,,1,,,,False,394,BM-208,materials/cfd/Images/CFD/BM-208/CFD-BM-208-065-N.jpg,BM-200,materials/cfd/Images/CFD/BM-200/CFD-BM-200-046-N.jpg,z,2
8,2,1,study,0,female,Black,male,White,neutral,,,,,z,1051,True,False,,2,,,,False,17,BF-206,materials/cfd/Images/CFD/BF-206/CFD-BF-206-143-N.jpg,WM-207,materials/cfd/Images/CFD/WM-207/CFD-WM-207-048-N.jpg,z,1.25
8,2,2,study,0,female,White,male,White,neutral,,,,,z,766,True,False,,2,,,,False,19,WF-026,materials/cfd/Images/CFD/WF-026/CFD-WF-026-002-N.jpg,WM-003,materials/cfd/Images/CFD/WM-003/CFD-WM-003-002-N.jpg,z,1.25
8,2,3,study,0,female,Asian,male,Black,neutral,,,,,z,615,True,False,,2,,,,False,21,AF-221,materials/cfd/Images/CFD/AF-221/CFD-AF-221-147-N.jpg,BM-228,materials/cfd/Images/CFD/BM-228/CFD-BM-228-145-N.jpg,z,1.25
8,2,4,study,0,male,White,female,White,angry,,,,,m,724,True,False,,2,,,,False,23,WM-025,materials/cfd/Images/CFD/WM-025/CFD-WM-025-002-N.jpg,WF-027,materials/cfd/Images/CFD/WF-027/CFD-WF-027-014-A.jpg,m,1.25
8,2,5,study,0,male,White,male,White,neutral,,,,,m,865,True,False,,2,,,,False,25,WM-236,materials/cfd/Images/CFD/WM-236/CFD-WM-236-072-N.jpg,WM-232,materials/cfd/Images/CFD/WM-232/CFD-WM-232-070-N.jpg,m,1.25
8,2,6,study,0,male,Latino,female,Black,happy,,,,,m,584,True,False,,2,,,,False,27,LM-252,materials/cfd/Images/CFD/LM-252/CFD-LM-252-076-N.jpg,BF-009,materials/cfd/Images/CFD/BF-009/CFD-BF-009-006-HO.jpg,m,1.25
8,2,7,study,0,male,White,female,White,angry,,,,,m,653,True,False,,2,,,,False,29,WM-254,materials/cfd/Images/CFD/WM-254/CFD-WM-254-152-N.jpg,WF-035,materials/cfd/Images/CFD/WF-035/CFD-WF-035-033-A.jpg,m,1.25
8,2,8,study,0,male,White,male,White,neutral,,,,,m,731,True,False,,2,,,,False,31,WM-248,materials/cfd/Images/CFD/WM-248/CFD-WM-248-036-N.jpg,WM-242,materials/cfd/Images/CFD/WM-242/CFD-WM-242-011-N.jpg,m,1.25
8,2,9,study,0,male,Latino,male,Black,angry,,,,,m,607,True,False,,2,,,,False,33,LM-231,materials/cfd/Images/CFD/LM-231/CFD-LM-231-214-N.jpg,BM-013,materials/cfd/Images/CFD/BM-013/CFD-BM-013-016-A.jpg,m,1.25
8,2,10,study,0,male,Latino,female,White,happy,,,,,m,594,True,False,,2,,,,False,35,LM-218,materials/cfd/Images/CFD/LM-218/CFD-LM-218-183-N.jpg,WF-007,materials/cfd/Images/CFD/WF-007/CFD-WF-007-003-HO.jpg,m,1.25
8,2,11,study,0,male,Asian,female,White,neutral,,,,,m,604,True,False,,2,,,,False,37,AM-228,materials/cfd/Images/CFD/AM-228/CFD-AM-228-214-N.jpg,WF-008,materials/cfd/Images/CFD/WF-008/CFD-WF-008-002-N.jpg,m,1.25
8,2,12,study,0,male,Black,male,White,happy,,,,,m,555,True,False,,2,,,,False,39,BM-009,materials/cfd/Images/CFD/BM-009/CFD-BM-009-002-N.jpg,WM-010,materials/cfd/Images/CFD/WM-010/CFD-WM-010-004-HO.jpg,m,1.25
8,2,13,study,0,male,Asian,male,White,happy,,,,,m,700,True,False,,2,,,,False,41,AM-241,materials/cfd/Images/CFD/AM-241/CFD-AM-241-287-N.jpg,WM-018,materials/cfd/Images/CFD/WM-018/CFD-WM-018-004-HO.jpg,m,1.25
8,2,14,study,0,female,White,male,White,angry,,,,,z,718,True,False,,2,,,,False,43,WF-229,materials/cfd/Images/CFD/WF-229/CFD-WF-229-004-N.jpg,WM-009,materials/cfd/Images/CFD/WM-009/CFD-WM-009-009-A.jpg,z,1.25
8,2,15,study,0,female,Asian,female,Black,angry,,,,,z,546,True,False,,2,,,,False,45,AF-230,materials/cfd/Images/CFD/AF-230/CFD-AF-230-193-N.jpg,BF-028,materials/cfd/Images/CFD/BF-028/CFD-BF-028-021-A.jpg,z,1.25
8,2,16,study,0,female,Black,male,Black,angry,,,,,z,587,True,False,,2,,,,False,47,BF-027,materials/cfd/Images/CFD/BF-027/CFD-BF-027-002-N.jpg,BM-034,materials/cfd/Images/CFD/BM-034/CFD-BM-034-040-A.jpg,z,1.25
8,2,17,study,0,male,White,female,Black,happy,,,,,m,743,True,False,,2,,,,False,49,WM-245,materials/cfd/Images/CFD/WM-245/CFD-WM-245-123-N.jpg,BF-043,materials/cfd/Images/CFD/BF-043/CFD-BF-043-004-HO.jpg,m,1.25
8,2,18,study,0,male,White,male,Black,angry,,,,,m,611,True,False,,2,,,,False,51,WM-229,materials/cfd/Images/CFD/WM-229/CFD-WM-229-129-N.jpg,BM-019,materials/cfd/Images/CFD/BM-019/CFD-BM-019-045-A.jpg,m,1.25
8,2,19,study,0,female,Asian,male,White,angry,,,,,z,619,True,False,,2,,,,False,53,AF-201,materials/cfd/Images/CFD/AF-201/CFD-AF-201-060-N.jpg,WM-035,materials/cfd/Images/CFD/WM-035/CFD-WM-035-018-A.jpg,z,1.25
8,2,20,study,0,male,White,female,White,happy,,,,,m,699,True,False,,2,,,,False,55,WM-253,materials/cfd/Images/CFD/WM-253/CFD-WM-253-119-N.jpg,WF-016,materials/cfd/Images/CFD/WF-016/CFD-WF-016-003-HO.jpg,m,1.25
8,2,21,study,0,female,Black,female,White,neutral,,,,,z,743,True,False,,2,,,,False,57,BF-015,materials/cfd/Images/CFD/BF-015/CFD-BF-015-004-N.jpg,WF-025,materials/cfd/Images/CFD/WF-025/CFD-WF-025-019-N.jpg,z,1.25
8,2,22,study,0,female,White,male,Black,happy,,,,,z,557,True,False,,2,,,,False,59,WF-030,materials/cfd/Images/CFD/WF-030/CFD-WF-030-002-N.jpg,BM-046,materials/cfd/Images/CFD/BM-046/CFD-BM-046-039-HO.jpg,z,1.25
8,2,23,study,0,female,White,female,Black,angry,,,,,z,849,True,False,,2,,,,False,61,WF-002,materials/cfd/Images/CFD/WF-002/CFD-WF-002-004-N.jpg,BF-029,materials/cfd/Images/CFD/BF-029/CFD-BF-029-046-A.jpg,z,1.25
8,2,24,study,0,male,Asian,male,White,neutral,,,,,m,865,True,False,,2,,,,False,63,AM-205,materials/cfd/Images/CFD/AM-205/CFD-AM-205-153-N.jpg,WM-243,materials/cfd/Images/CFD/WM-243/CFD-WM-243-107-N.jpg,m,1.25
8,2,25,study,0,female,Black,male,Black,happy,,,,,z,573,True,False,,2,,,,False,65,BF-201,materials/cfd/Images/CFD/BF-201/CFD-BF-201-080-N.jpg,BM-044,materials/cfd/Images/CFD/BM-044/CFD-BM-044-037-HO.jpg,z,1.25
8,2,26,study,0,female,White,female,Black,neutral,,,,,z,562,True,False,,2,,,,False,67,WF-012,materials/cfd/Images/CFD/WF-012/CFD-WF-012-002-N.jpg,BF-203,materials/cfd/Images/CFD/BF-203/CFD-BF-203-184-N.jpg,z,1.25
8,2,27,study,0,male,White,female,White,angry,,,,,m,594,True,False,,2,,,,False,69,WM-225,materials/cfd/Images/CFD/WM-225/CFD-WM-225-127-N.jpg,WF-013,materials/cfd/Images/CFD/WF-013/CFD-WF-013-015-A.jpg,m,1.25
8,2,28,study,0,female,White,female,White,neutral,,,,,z,736,True,False,,2,,,,False,71,WF-226,materials/cfd/Images/CFD/WF-226/CFD-WF-226-095-N.jpg,WF-018,materials/cfd/Images/CFD/WF-018/CFD-WF-018-017-N.jpg,z,1.25
8,2,29,study,0,female,Latino,female,White,angry,,,,,z,846,True,False,,2,,,,False,73,LF-203,materials/cfd/Images/CFD/LF-203/CFD-LF-203-066-N.jpg,WF-009,materials/cfd/Images/CFD/WF-009/CFD-WF-009-010-A.jpg,z,1.25
8,2,30,study,0,female,Asian,male,White,happy,,,,,z,636,True,False,,2,,,,False,75,AF-212,materials/cfd/Images/CFD/AF-212/CFD-AF-212-097-N.jpg,WM-026,materials/cfd/Images/CFD/WM-026/CFD-WM-026-006-HO.jpg,z,1.25
8,2,31,study,1,female,Asian,female,White,happy,,,,,z,636,True,False,,2,,,,False,78,AF-243,materials/cfd/Images/CFD/AF-243/CFD-AF-243-170-N.jpg,WF-017,materials/cfd/Images/CFD/WF-017/CFD-WF-017-015-HO.jpg,z,1.25
8,2,32,study,1,female,Black,female,Black,happy,,,,,z,582,True,False,,2,,,,False,80,BF-228,materials/cfd/Images/CFD/BF-228/CFD-BF-228-212-N.jpg,BF-006,materials/cfd/Images/CFD/BF-006/CFD-BF-006-006-HO.jpg,z,1.25
8,2,33,study,1,male,Asian,female,Black,happy,,,,,m,852,True,False,,2,,,,False,82,AM-211,materials/cfd/Images/CFD/AM-211/CFD-AM-211-052-N.jpg,BF-013,materials/cfd/Images/CFD/BF-013/CFD-BF-013-003-HO.jpg,m,1.25
8,2,34,study,1,female,Asian,male,White,neutral,,,,,z,702,True,False,,2,,,,False,84,AF-204,materials/cfd/Images/CFD/AF-204/CFD-AF-204-067-N.jpg,WM-234,materials/cfd/Images/CFD/WM-234/CFD-WM-234-118-N.jpg,z,1.25
8,2,35,study,1,male,Asian,male,White,neutral,,,,,m,640,True,False,,2,,,,False,86,AM-229,materials/cfd/Images/CFD/AM-229/CFD-AM-229-224-N.jpg,WM-247,materials/cfd/Images/CFD/WM-247/CFD-WM-247-084-N.jpg,m,1.25
8,2,36,study,1,female,Latino,male,Black,happy,,,,,z,558,True,False,,2,,,,False,88,LF-254,materials/cfd/Images/CFD/LF-254/CFD-LF-254-125-N.jpg,BM-003,materials/cfd/Images/CFD/BM-003/CFD-BM-003-021-HO.jpg,z,1.25
8,2,37,study,1,male,Black,male,White,angry,,,,,m,809,True,False,,2,,,,False,90,BM-200,materials/cfd/Images/CFD/BM-200/CFD-BM-200-046-N.jpg,WM-014,materials/cfd/Images/CFD/WM-014/CFD-WM-014-013-A.jpg,m,1.25
8,2,38,study,1,male,Black,male,Black,angry,,,,,m,1007,True,False,,2,,,,False,92,BM-040,materials/cfd/Images/CFD/BM-040/CFD-BM-040-002-N.jpg,BM-017,materials/cfd/Images/CFD/BM-017/CFD-BM-017-035-A.jpg,m,1.25
8,2,39,study,1,female,Latino,female,White,happy,,,,,z,565,True,False,,2,,,,False,94,LF-215,materials/cfd/Images/CFD/LF-215/CFD-LF-215-157-N.jpg,WF-014,materials/cfd/Images/CFD/WF-014/CFD-WF-014-004-HO.jpg,z,1.25
8,2,40,study,1,female,Latino,male,Black,happy,,,,,z,757,True,False,,2,,,,False,96,LF-252,materials/cfd/Images/CFD/LF-252/CFD-LF-252-172-N.jpg,BM-011,materials/cfd/Images/CFD/BM-011/CFD-BM-011-017-HO.jpg,z,1.25
8,2,41,study,1,female,White,male,White,angry,,,,,z,519,True,False,,2,,,,False,98,WF-003,materials/cfd/Images/CFD/WF-003/CFD-WF-003-003-N.jpg,WM-037,materials/cfd/Images/CFD/WM-037/CFD-WM-037-060-A.jpg,z,1.25
8,2,42,study,1,female,Latino,female,White,neutral,,,,,z,525,True,False,,2,,,,False,100,LF-214,materials/cfd/Images/CFD/LF-214/CFD-LF-214-090-N.jpg,WF-227,materials/cfd/Images/CFD/WF-227/CFD-WF-227-002-N.jpg,z,1.25
8,2,43,study,1,male,Latino,female,Black,neutral,,,,,m,637,True,False,,2,,,,False,102,LM-201,materials/cfd/Images/CFD/LM-201/CFD-LM-201-057-N.jpg,BF-044,materials/cfd/Images/CFD/BF-044/CFD-BF-044-034-N.jpg,m,1.25
8,2,44,study,1,male,Asian,female,White,angry,,,,,m,681,True,False,,2,,,,False,104,AM-216,materials/cfd/Images/CFD/AM-216/CFD-AM-216-114-N.jpg,WF-023,materials/cfd/Images/CFD/WF-023/CFD-WF-023-013-A.jpg,m,1.25
8,2,45,study,1,female,White,male,White,angry,,,,,z,562,True,False,,2,,,,False,106,WF-006,materials/cfd/Images/CFD/WF-006/CFD-WF-006-002-N.jpg,WM-024,materials/cfd/Images/CFD/WM-024/CFD-WM-024-010-A.jpg,z,1.25
8,2,46,study,1,female,Latino,female,White,happy,,,,,z,620,True,False,,2,,,,False,108,LF-244,materials/cfd/Images/CFD/LF-244/CFD-LF-244-096-N.jpg,WF-036,materials/cfd/Images/CFD/WF-036/CFD-WF-036-026-HO.jpg,z,1.25
8,2,47,study,1,female,Latino,male,Black,neutral,,,,,z,601,True,False,,2,,,,False,110,LF-223,materials/cfd/Images/CFD/LF-223/CFD-LF-223-064-N.jpg,BM-208,materials/cfd/Images/CFD/BM-208/CFD-BM-208-065-N.jpg,z,1.25
8,2,48,study,1,male,White,female,White,neutral,,,,,m,639,True,False,,2,,,,False,112,WM-040,materials/cfd/Images/CFD/WM-040/CFD-WM-040-022-N.jpg,WF-238,materials/cfd/Images/CFD/WF-238/CFD-WF-238-023-N.jpg,m,1.25
8,2,49,study,1,female,White,female,Black,happy,,,,,z,542,True,False,,2,,,,False,114,WF-214,materials/cfd/Images/CFD/WF-214/CFD-WF-214-122-N.jpg,BF-017,materials/cfd/Images/CFD/BF-017/CFD-BF-017-004-HO.jpg,z,1.25
8,2,50,study,1,female,Black,female,Black,angry,,,,,z,629,True,False,,2,,,,False,116,BF-226,materials/cfd/Images/CFD/BF-226/CFD-BF-226-119-N.jpg,BF-014,materials/cfd/Images/CFD/BF-014/CFD-BF-014-013-A.jpg,z,1.25
8,2,51,study,1,male,Black,male,White,happy,,,,,m,766,True,False,,2,,,,False,118,BM-203,materials/cfd/Images/CFD/BM-203/CFD-BM-203-001-N.jpg,WM-031,materials/cfd/Images/CFD/WM-031/CFD-WM-031-004-HO.jpg,m,1.25
8,2,52,study,1,male,Asian,female,White,neutral,,,,,m,682,True,False,,2,,,,False,120,AM-220,materials/cfd/Images/CFD/AM-220/CFD-AM-220-134-N.jpg,WF-230,materials/cfd/Images/CFD/WF-230/CFD-WF-230-158-N.jpg,m,1.25
8,2,53,study,1,male,White,female,White,angry,,,,,m,702,True,False,,2,,,,False,122,WM-221,materials/cfd/Images/CFD/WM-221/CFD-WM-221-091-N.jpg,WF-037,materials/cfd/Images/CFD/WF-037/CFD-WF-037-016-A.jpg,m,1.25
8,2,54,study,1,male,Latino,male,Black,neutral,,,,,m,761,True,False,,2,,,,False,124,LM-208,materials/cfd/Images/CFD/LM-208/CFD-LM-208-110-N.jpg,BM-224,materials/cfd/Images/CFD/BM-224/CFD-BM-224-073-N.jpg,m,1.25
8,2,55,study,1,female,White,female,Black,angry,,,,,z,688,True,False,,2,,,,False,126,WF-211,materials/cfd/Images/CFD/WF-211/CFD-WF-211-001-N.jpg,BF-047,materials/cfd/Images/CFD/BF-047/CFD-BF-047-046-A.jpg,z,1.25
8,2,56,study,1,male,White,male,White,angry,,,,,m,618,True,False,,2,,,,False,128,WM-021,materials/cfd/Images/CFD/WM-021/CFD-WM-021-001-N.jpg,WM-034,materials/cfd/Images/CFD/WM-034/CFD-WM-034-040-A.jpg,m,1.25
8,2,57,study,1,male,Latino,male,White,happy,,,,,m,553,True,False,,2,,,,False,130,LM-213,materials/cfd/Images/CFD/LM-213/CFD-LM-213-061-N.jpg,WM-011,materials/cfd/Images/CFD/WM-011/CFD-WM-011-003-HO.jpg,m,1.25
8,2,58,study,1,female,Black,female,White,neutral,,,,,z,960,True,False,,2,,,,False,132,BF-034,materials/cfd/Images/CFD/BF-034/CFD-BF-034-002-N.jpg,WF-248,materials/cfd/Images/CFD/WF-248/CFD-WF-248-129-N.jpg,z,1.25
8,2,59,study,1,male,Black,male,Black,happy,,,,,m,818,True,False,,2,,,,False,134,BM-245,materials/cfd/Images/CFD/BM-245/CFD-BM-245-164-N.jpg,BM-018,materials/cfd/Images/CFD/BM-018/CFD-BM-018-007-HO.jpg,m,1.25
8,2,60,study,1,male,Latino,female,Black,neutral,,,,,m,787,True,False,,2,,,,False,136,LM-227,materials/cfd/Images/CFD/LM-227/CFD-LM-227-103-N.jpg,BF-215,materials/cfd/Images/CFD/BF-215/CFD-BF-215-177-N.jpg,m,1.25
8,2,61,study,0,female,Black,female,White,neutral,,,,,z,641,True,False,,2,,,,False,139,BF-015,materials/cfd/Images/CFD/BF-015/CFD-BF-015-004-N.jpg,WF-025,materials/cfd/Images/CFD/WF-025/CFD-WF-025-019-N.jpg,z,1.25
8,2,62,study,0,female,Latino,female,White,angry,,,,,z,526,True,False,,2,,,,False,141,LF-203,materials/cfd/Images/CFD/LF-203/CFD-LF-203-066-N.jpg,WF-009,materials/cfd/Images/CFD/WF-009/CFD-WF-009-010-A.jpg,z,1.25
8,2,63,study,0,male,Latino,male,White,happy,,,,,m,523,True,False,,2,,,,False,143,LM-213,materials/cfd/Images/CFD/LM-213/CFD-LM-213-061-N.jpg,WM-011,materials/cfd/Images/CFD/WM-011/CFD-WM-011-003-HO.jpg,m,1.25
8,2,64,study,0,female,Black,male,Black,happy,,,,,z,535,True,False,,2,,,,False,145,BF-201,materials/cfd/Images/CFD/BF-201/CFD-BF-201-080-N.jpg,BM-044,materials/cfd/Images/CFD/BM-044/CFD-BM-044-037-HO.jpg,z,1.25
8,2,65,study,0,male,White,female,White,neutral,,,,,m,641,True,False,,2,,,,False,147,WM-040,materials/cfd/Images/CFD/WM-040/CFD-WM-040-022-N.jpg,WF-238,materials/cfd/Images/CFD/WF-238/CFD-WF-238-023-N.jpg,m,1.25
8,2,66,study,0,male,White,female,White,angry,,,,,m,648,True,False,,2,,,,False,149,WM-221,materials/cfd/Images/CFD/WM-221/CFD-WM-221-091-N.jpg,WF-037,materials/cfd/Images/CFD/WF-037/CFD-WF-037-016-A.jpg,m,1.25
8,2,67,study,0,female,White,female,Black,happy,,,,,z,614,True,False,,2,,,,False,151,WF-214,materials/cfd/Images/CFD/WF-214/CFD-WF-214-122-N.jpg,BF-017,materials/cfd/Images/CFD/BF-017/CFD-BF-017-004-HO.jpg,z,1.25
8,2,68,study,0,male,Latino,female,White,happy,,,,,m,542,True,False,,2,,,,False,153,LM-218,materials/cfd/Images/CFD/LM-218/CFD-LM-218-183-N.jpg,WF-007,materials/cfd/Images/CFD/WF-007/CFD-WF-007-003-HO.jpg,m,1.25
8,2,69,study,0,female,Asian,male,White,happy,,,,,z,615,True,False,,2,,,,False,155,AF-212,materials/cfd/Images/CFD/AF-212/CFD-AF-212-097-N.jpg,WM-026,materials/cfd/Images/CFD/WM-026/CFD-WM-026-006-HO.jpg,z,1.25
8,2,70,study,0,female,White,male,White,angry,,,,,z,742,True,False,,2,,,,False,157,WF-229,materials/cfd/Images/CFD/WF-229/CFD-WF-229-004-N.jpg,WM-009,materials/cfd/Images/CFD/WM-009/CFD-WM-009-009-A.jpg,z,1.25
8,2,71,study,0,male,Asian,female,White,neutral,,,,,z,1397,False,False,,2,,,,False,159,AM-220,materials/cfd/Images/CFD/AM-220/CFD-AM-220-134-N.jpg,WF-230,materials/cfd/Images/CFD/WF-230/CFD-WF-230-158-N.jpg,m,1.25
8,2,72,study,0,female,Black,male,Black,angry,,,,,z,719,True,False,,2,,,,False,161,BF-027,materials/cfd/Images/CFD/BF-027/CFD-BF-027-002-N.jpg,BM-034,materials/cfd/Images/CFD/BM-034/CFD-BM-034-040-A.jpg,z,1.25
8,2,73,study,0,female,Latino,female,White,happy,,,,,z,668,True,False,,2,,,,False,163,LF-215,materials/cfd/Images/CFD/LF-215/CFD-LF-215-157-N.jpg,WF-014,materials/cfd/Images/CFD/WF-014/CFD-WF-014-004-HO.jpg,z,1.25
8,2,74,study,0,male,White,female,White,angry,,,,,m,758,True,False,,2,,,,False,165,WM-225,materials/cfd/Images/CFD/WM-225/CFD-WM-225-127-N.jpg,WF-013,materials/cfd/Images/CFD/WF-013/CFD-WF-013-015-A.jpg,m,1.25
8,2,75,study,0,female,White,female,White,neutral,,,,,z,641,True,False,,2,,,,False,167,WF-226,materials/cfd/Images/CFD/WF-226/CFD-WF-226-095-N.jpg,WF-018,materials/cfd/Images/CFD/WF-018/CFD-WF-018-017-N.jpg,z,1.25
8,2,76,study,0,female,White,female,Black,angry,,,,,z,556,True,False,,2,,,,False,169,WF-002,materials/cfd/Images/CFD/WF-002/CFD-WF-002-004-N.jpg,BF-029,materials/cfd/Images/CFD/BF-029/CFD-BF-029-046-A.jpg,z,1.25
8,2,77,study,0,female,Asian,male,White,angry,,,,,z,565,True,False,,2,,,,False,171,AF-201,materials/cfd/Images/CFD/AF-201/CFD-AF-201-060-N.jpg,WM-035,materials/cfd/Images/CFD/WM-035/CFD-WM-035-018-A.jpg,z,1.25
8,2,78,study,0,male,White,female,White,angry,,,,,m,646,True,False,,2,,,,False,173,WM-254,materials/cfd/Images/CFD/WM-254/CFD-WM-254-152-N.jpg,WF-035,materials/cfd/Images/CFD/WF-035/CFD-WF-035-033-A.jpg,m,1.25
8,2,79,study,0,male,White,female,White,angry,,,,,m,852,True,False,,2,,,,False,175,WM-025,materials/cfd/Images/CFD/WM-025/CFD-WM-025-002-N.jpg,WF-027,materials/cfd/Images/CFD/WF-027/CFD-WF-027-014-A.jpg,m,1.25
8,2,80,study,0,male,Asian,female,White,angry,,,,,m,627,True,False,,2,,,,False,177,AM-216,materials/cfd/Images/CFD/AM-216/CFD-AM-216-114-N.jpg,WF-023,materials/cfd/Images/CFD/WF-023/CFD-WF-023-013-A.jpg,m,1.25
8,2,81,study,0,female,Black,male,White,neutral,,,,,z,671,True,False,,2,,,,False,179,BF-206,materials/cfd/Images/CFD/BF-206/CFD-BF-206-143-N.jpg,WM-207,materials/cfd/Images/CFD/WM-207/CFD-WM-207-048-N.jpg,z,1.25
8,2,82,study,0,female,White,male,White,angry,,,,,z,563,True,False,,2,,,,False,181,WF-006,materials/cfd/Images/CFD/WF-006/CFD-WF-006-002-N.jpg,WM-024,materials/cfd/Images/CFD/WM-024/CFD-WM-024-010-A.jpg,z,1.25
8,2,83,study,0,male,Latino,male,Black,angry,,,,,m,662,True,False,,2,,,,False,183,LM-231,materials/cfd/Images/CFD/LM-231/CFD-LM-231-214-N.jpg,BM-013,materials/cfd/Images/CFD/BM-013/CFD-BM-013-016-A.jpg,m,1.25
8,2,84,study,0,male,White,female,Black,happy,,,,,m,600,True,False,,2,,,,False,185,WM-245,materials/cfd/Images/CFD/WM-245/CFD-WM-245-123-N.jpg,BF-043,materials/cfd/Images/CFD/BF-043/CFD-BF-043-004-HO.jpg,m,1.25
8,2,85,study,0,male,Black,male,Black,happy,,,,,m,717,True,False,,2,,,,False,187,BM-245,materials/cfd/Images/CFD/BM-245/CFD-BM-245-164-N.jpg,BM-018,materials/cfd/Images/CFD/BM-018/CFD-BM-018-007-HO.jpg,m,1.25
8,2,86,study,0,female,Latino,male,Black,happy,,,,,z,617,True,False,,2,,,,False,189,LF-252,materials/cfd/Images/CFD/LF-252/CFD-LF-252-172-N.jpg,BM-011,materials/cfd/Images/CFD/BM-011/CFD-BM-011-017-HO.jpg,z,1.25
8,2,87,study,0,male,Latino,female,Black,neutral,,,,,m,626,True,False,,2,,,,False,191,LM-227,materials/cfd/Images/CFD/LM-227/CFD-LM-227-103-N.jpg,BF-215,materials/cfd/Images/CFD/BF-215/CFD-BF-215-177-N.jpg,m,1.25
8,2,88,study,0,male,Black,male,White,happy,,,,,m,842,True,False,,2,,,,False,193,BM-009,materials/cfd/Images/CFD/BM-009/CFD-BM-009-002-N.jpg,WM-010,materials/cfd/Images/CFD/WM-010/CFD-WM-010-004-HO.jpg,m,1.25
8,2,89,study,0,male,White,male,White,neutral,,,,,m,631,True,False,,2,,,,False,195,WM-248,materials/cfd/Images/CFD/WM-248/CFD-WM-248-036-N.jpg,WM-242,materials/cfd/Images/CFD/WM-242/CFD-WM-242-011-N.jpg,m,1.25
8,2,90,study,0,female,Latino,female,White,happy,,,,,z,576,True,False,,2,,,,False,197,LF-244,materials/cfd/Images/CFD/LF-244/CFD-LF-244-096-N.jpg,WF-036,materials/cfd/Images/CFD/WF-036/CFD-WF-036-026-HO.jpg,z,1.25
8,2,91,study,1,female,White,male,White,angry,,,,,z,576,True,False,,2,,,,False,200,WF-003,materials/cfd/Images/CFD/WF-003/CFD-WF-003-003-N.jpg,WM-037,materials/cfd/Images/CFD/WM-037/CFD-WM-037-060-A.jpg,z,1.25
8,2,92,study,1,female,Black,female,Black,happy,,,,,z,545,True,False,,2,,,,False,202,BF-228,materials/cfd/Images/CFD/BF-228/CFD-BF-228-212-N.jpg,BF-006,materials/cfd/Images/CFD/BF-006/CFD-BF-006-006-HO.jpg,z,1.25
8,2,93,study,1,female,White,male,Black,happy,,,,,z,556,True,False,,2,,,,False,204,WF-030,materials/cfd/Images/CFD/WF-030/CFD-WF-030-002-N.jpg,BM-046,materials/cfd/Images/CFD/BM-046/CFD-BM-046-039-HO.jpg,z,1.25
8,2,94,study,1,male,Black,male,White,angry,,,,,m,733,True,False,,2,,,,False,206,BM-200,materials/cfd/Images/CFD/BM-200/CFD-BM-200-046-N.jpg,WM-014,materials/cfd/Images/CFD/WM-014/CFD-WM-014-013-A.jpg,m,1.25
8,2,95,study,1,female,White,male,White,neutral,,,,,z,636,True,False,,2,,,,False,208,WF-026,materials/cfd/Images/CFD/WF-026/CFD-WF-026-002-N.jpg,WM-003,materials/cfd/Images/CFD/WM-003/CFD-WM-003-002-N.jpg,z,1.25
8,2,96,study,1,male,White,female,White,happy,,,,,m,836,True,False,,2,,,,False,210,WM-253,materials/cfd/Images/CFD/WM-253/CFD-WM-253-119-N.jpg,WF-016,materials/cfd/Images/CFD/WF-016/CFD-WF-016-003-HO.jpg,m,1.25
8,2,97,study,1,female,Asian,female,White,happy,,,,,z,636,True,False,,2,,,,False,212,AF-243,materials/cfd/Images/CFD/AF-243/CFD-AF-243-170-N.jpg,WF-017,materials/cfd/Images/CFD/WF-017/CFD-WF-017-015-HO.jpg,z,1.25
8,2,98,study,1,female,Latino,male,Black,neutral,,,,,z,582,True,False,,2,,,,False,214,LF-223,materials/cfd/Images/CFD/LF-223/CFD-LF-223-064-N.jpg,BM-208,materials/cfd/Images/CFD/BM-208/CFD-BM-208-065-N.jpg,z,1.25
8,2,99,study,1,male,Asian,male,White,neutral,,,,,m,670,True,False,,2,,,,False,216,AM-205,materials/cfd/Images/CFD/AM-205/CFD-AM-205-153-N.jpg,WM-243,materials/cfd/Images/CFD/WM-243/CFD-WM-243-107-N.jpg,m,1.25
8,2,100,study,1,female,White,female,Black,neutral,,,,,z,566,True,False,,2,,,,False,218,WF-012,materials/cfd/Images/CFD/WF-012/CFD-WF-012-002-N.jpg,BF-203,materials/cfd/Images/CFD/BF-203/CFD-BF-203-184-N.jpg,z,1.25
8,2,101,study,1,female,Asian,male,White,neutral,,,,,z,654,True,False,,2,,,,False,220,AF-204,materials/cfd/Images/CFD/AF-204/CFD-AF-204-067-N.jpg,WM-234,materials/cfd/Images/CFD/WM-234/CFD-WM-234-118-N.jpg,z,1.25
8,2,102,study,1,female,Asian,female,Black,angry,,,,,z,570,True,False,,2,,,,False,222,AF-230,materials/cfd/Images/CFD/AF-230/CFD-AF-230-193-N.jpg,BF-028,materials/cfd/Images/CFD/BF-028/CFD-BF-028-021-A.jpg,z,1.25
8,2,103,study,1,female,Latino,male,Black,happy,,,,,z,516,True,False,,2,,,,False,224,LF-254,materials/cfd/Images/CFD/LF-254/CFD-LF-254-125-N.jpg,BM-003,materials/cfd/Images/CFD/BM-003/CFD-BM-003-021-HO.jpg,z,1.25
8,2,104,study,1,male,Asian,male,White,neutral,,,,,m,594,True,False,,2,,,,False,226,AM-229,materials/cfd/Images/CFD/AM-229/CFD-AM-229-224-N.jpg,WM-247,materials/cfd/Images/CFD/WM-247/CFD-WM-247-084-N.jpg,m,1.25
8,2,105,study,1,male,Asian,female,White,neutral,,,,,m,614,True,False,,2,,,,False,228,AM-228,materials/cfd/Images/CFD/AM-228/CFD-AM-228-214-N.jpg,WF-008,materials/cfd/Images/CFD/WF-008/CFD-WF-008-002-N.jpg,m,1.25
8,2,106,study,1,female,Black,female,White,neutral,,,,,z,788,True,False,,2,,,,False,230,BF-034,materials/cfd/Images/CFD/BF-034/CFD-BF-034-002-N.jpg,WF-248,materials/cfd/Images/CFD/WF-248/CFD-WF-248-129-N.jpg,z,1.25
8,2,107,study,1,male,White,male,White,angry,,,,,m,522,True,False,,2,,,,False,232,WM-021,materials/cfd/Images/CFD/WM-021/CFD-WM-021-001-N.jpg,WM-034,materials/cfd/Images/CFD/WM-034/CFD-WM-034-040-A.jpg,m,1.25
8,2,108,study,1,male,White,male,White,neutral,,,,,m,567,True,False,,2,,,,False,234,WM-236,materials/cfd/Images/CFD/WM-236/CFD-WM-236-072-N.jpg,WM-232,materials/cfd/Images/CFD/WM-232/CFD-WM-232-070-N.jpg,m,1.25
8,2,109,study,1,female,Asian,male,Black,neutral,,,,,z,764,True,False,,2,,,,False,236,AF-221,materials/cfd/Images/CFD/AF-221/CFD-AF-221-147-N.jpg,BM-228,materials/cfd/Images/CFD/BM-228/CFD-BM-228-145-N.jpg,z,1.25
8,2,110,study,1,male,Asian,female,Black,happy,,,,,m,649,True,False,,2,,,,False,238,AM-211,materials/cfd/Images/CFD/AM-211/CFD-AM-211-052-N.jpg,BF-013,materials/cfd/Images/CFD/BF-013/CFD-BF-013-003-HO.jpg,m,1.25
8,2,111,study,1,male,Latino,female,Black,happy,,,,,m,664,True,False,,2,,,,False,240,LM-252,materials/cfd/Images/CFD/LM-252/CFD-LM-252-076-N.jpg,BF-009,materials/cfd/Images/CFD/BF-009/CFD-BF-009-006-HO.jpg,m,1.25
8,2,112,study,1,male,Latino,female,Black,neutral,,,,,m,570,True,False,,2,,,,False,242,LM-201,materials/cfd/Images/CFD/LM-201/CFD-LM-201-057-N.jpg,BF-044,materials/cfd/Images/CFD/BF-044/CFD-BF-044-034-N.jpg,m,1.25
8,2,113,study,1,male,White,male,Black,angry,,,,,m,615,True,False,,2,,,,False,244,WM-229,materials/cfd/Images/CFD/WM-229/CFD-WM-229-129-N.jpg,BM-019,materials/cfd/Images/CFD/BM-019/CFD-BM-019-045-A.jpg,m,1.25
8,2,114,study,1,male,Black,male,Black,angry,,,,,m,1251,True,False,,2,,,,False,246,BM-040,materials/cfd/Images/CFD/BM-040/CFD-BM-040-002-N.jpg,BM-017,materials/cfd/Images/CFD/BM-017/CFD-BM-017-035-A.jpg,m,1.25
8,2,115,study,1,female,Latino,female,White,neutral,,,,,z,568,True,False,,2,,,,False,248,LF-214,materials/cfd/Images/CFD/LF-214/CFD-LF-214-090-N.jpg,WF-227,materials/cfd/Images/CFD/WF-227/CFD-WF-227-002-N.jpg,z,1.25
8,2,116,study,1,female,Black,female,Black,angry,,,,,z,663,True,False,,2,,,,False,250,BF-226,materials/cfd/Images/CFD/BF-226/CFD-BF-226-119-N.jpg,BF-014,materials/cfd/Images/CFD/BF-014/CFD-BF-014-013-A.jpg,z,1.25
8,2,117,study,1,male,Latino,male,Black,neutral,,,,,m,772,True,False,,2,,,,False,252,LM-208,materials/cfd/Images/CFD/LM-208/CFD-LM-208-110-N.jpg,BM-224,materials/cfd/Images/CFD/BM-224/CFD-BM-224-073-N.jpg,m,1.25
8,2,118,study,1,female,White,female,Black,angry,,,,,z,851,True,False,,2,,,,False,254,WF-211,materials/cfd/Images/CFD/WF-211/CFD-WF-211-001-N.jpg,BF-047,materials/cfd/Images/CFD/BF-047/CFD-BF-047-046-A.jpg,z,1.25
8,2,119,study,1,male,Black,male,White,happy,,,,,m,789,True,False,,2,,,,False,256,BM-203,materials/cfd/Images/CFD/BM-203/CFD-BM-203-001-N.jpg,WM-031,materials/cfd/Images/CFD/WM-031/CFD-WM-031-004-HO.jpg,m,1.25
8,2,120,study,1,male,Asian,male,White,happy,,,,,m,704,True,False,,2,,,,False,258,AM-241,materials/cfd/Images/CFD/AM-241/CFD-AM-241-287-N.jpg,WM-018,materials/cfd/Images/CFD/WM-018/CFD-WM-018-004-HO.jpg,m,1.25
8,2,121,test,0,male,Latino,male,White,neutral,,,,rearranged,m,1332,False,False,,2,,,,False,275,LM-208,materials/cfd/Images/CFD/LM-208/CFD-LM-208-110-N.jpg,WM-247,materials/cfd/Images/CFD/WM-247/CFD-WM-247-084-N.jpg,z,1.25
8,2,122,test,0,female,White,female,Black,angry,,,,rearranged,m,1231,False,False,,2,,,,False,277,WF-211,materials/cfd/Images/CFD/WF-211/CFD-WF-211-001-N.jpg,BF-028,materials/cfd/Images/CFD/BF-028/CFD-BF-028-021-A.jpg,z,1.25
8,2,123,test,0,female,Asian,male,White,angry,,,,intact,z,1375,False,False,,2,,,,False,279,AF-201,materials/cfd/Images/CFD/AF-201/CFD-AF-201-060-N.jpg,WM-035,materials/cfd/Images/CFD/WM-035/CFD-WM-035-018-A.jpg,m,1.25
8,2,124,test,0,female,Asian,male,White,neutral,,,,rearranged,m,1211,False,False,,2,,,,False,281,AF-221,materials/cfd/Images/CFD/AF-221/CFD-AF-221-147-N.jpg,WM-003,materials/cfd/Images/CFD/WM-003/CFD-WM-003-002-N.jpg,z,1.25
8,2,125,test,0,male,Black,male,Black,happy,,,,intact,z,1623,False,False,,2,,,,False,283,BM-245,materials/cfd/Images/CFD/BM-245/CFD-BM-245-164-N.jpg,BM-018,materials/cfd/Images/CFD/BM-018/CFD-BM-018-007-HO.jpg,m,1.25
8,2,126,test,0,female,Black,female,Black,angry,,,,intact,m,1759,True,False,,2,,,,False,285,BF-226,materials/cfd/Images/CFD/BF-226/CFD-BF-226-119-N.jpg,BF-014,materials/cfd/Images/CFD/BF-014/CFD-BF-014-013-A.jpg,m,1.25
8,2,127,test,0,male,Latino,female,Black,happy,,,,rearranged,m,1415,False,False,,2,,,,False,287,LM-252,materials/cfd/Images/CFD/LM-252/CFD-LM-252-076-N.jpg,BF-013,materials/cfd/Images/CFD/BF-013/CFD-BF-013-003-HO.jpg,z,1.25
8,2,128,test,0,male,Asian,male,White,neutral,,,,rearranged,z,1384,True,False,,2,,,,False,289,AM-229,materials/cfd/Images/CFD/AM-229/CFD-AM-229-224-N.jpg,WM-243,materials/cfd/Images/CFD/WM-243/CFD-WM-243-107-N.jpg,z,1.25
8,2,129,test,0,male,White,male,White,neutral,,,,intact,z,1453,False,False,,2,,,,False,291,WM-236,materials/cfd/Images/CFD/WM-236/CFD-WM-236-072-N.jpg,WM-232,materials/cfd/Images/CFD/WM-232/CFD-WM-232-070-N.jpg,m,1.25
8,2,130,test,0,male,White,female,White,neutral,,,,intact,z,1573,False,False,,2,,,,False,293,WM-040,materials/cfd/Images/CFD/WM-040/CFD-WM-040-022-N.jpg,WF-238,materials/cfd/Images/CFD/WF-238/CFD-WF-238-023-N.jpg,m,1.25
8,2,131,test,0,female,White,male,Black,angry,,,,rearranged,z,1491,True,False,,2,,,,False,295,WF-003,materials/cfd/Images/CFD/WF-003/CFD-WF-003-003-N.jpg,BM-034,materials/cfd/Images/CFD/BM-034/CFD-BM-034-040-A.jpg,z,1.25
8,2,132,test,0,male,White,female,White,happy,,,,intact,z,2267,False,False,,2,,,,False,297,WM-253,materials/cfd/Images/CFD/WM-253/CFD-WM-253-119-N.jpg,WF-016,materials/cfd/Images/CFD/WF-016/CFD-WF-016-003-HO.jpg,m,1.25
8,2,133,test,0,male,Asian,female,White,angry,,,,intact,m,991,True,False,,2,,,,False,299,AM-216,materials/cfd/Images/CFD/AM-216/CFD-AM-216-114-N.jpg,WF-023,materials/cfd/Images/CFD/WF-023/CFD-WF-023-013-A.jpg,m,1.25
8,2,134,test,0,male,Asian,male,Black,neutral,,,,rearranged,z,1250,True,False,,2,,,,False,301,AM-205,materials/cfd/Images/CFD/AM-205/CFD-AM-205-153-N.jpg,BM-224,materials/cfd/Images/CFD/BM-224/CFD-BM-224-073-N.jpg,z,1.25
8,2,135,test,0,male,Latino,male,Black,angry,,,,intact,z,2252,False,False,,2,,,,False,303,LM-231,materials/cfd/Images/CFD/LM-231/CFD-LM-231-214-N.jpg,BM-013,materials/cfd/Images/CFD/BM-013/CFD-BM-013-016-A.jpg,m,1.25
8,2,136,test,0,female,Latino,male,Black,neutral,,,,rearranged,m,1422,False,False,,2,,,,False,305,LF-223,materials/cfd/Images/CFD/LF-223/CFD-LF-223-064-N.jpg,BM-228,materials/cfd/Images/CFD/BM-228/CFD-BM-228-145-N.jpg,z,1.25
8,2,137,test,0,female,Asian,male,Black,happy,,,,rearranged,z,1537,True,False,,2,,,,False,307,AF-212,materials/cfd/Images/CFD/AF-212/CFD-AF-212-097-N.jpg,BM-003,materials/cfd/Images/CFD/BM-003/CFD-BM-003-021-HO.jpg,z,1.25
8,2,138,test,0,female,Latino,female,Black,happy,,,,rearranged,m,2399,False,False,,2,,,,False,309,LF-215,materials/cfd/Images/CFD/LF-215/CFD-LF-215-157-N.jpg,BF-017,materials/cfd/Images/CFD/BF-017/CFD-BF-017-004-HO.jpg,z,1.25
8,2,139,test,0,female,Black,female,White,neutral,,,,intact,z,1251,False,False,,2,,,,False,311,BF-034,materials/cfd/Images/CFD/BF-034/CFD-BF-034-002-N.jpg,WF-248,materials/cfd/Images/CFD/WF-248/CFD-WF-248-129-N.jpg,m,1.25
8,2,140,test,0,male,Latino,female,Black,neutral,,,,intact,z,1598,False,False,,2,,,,False,313,LM-201,materials/cfd/Images/CFD/LM-201/CFD-LM-201-057-N.jpg,BF-044,materials/cfd/Images/CFD/BF-044/CFD-BF-044-034-N.jpg,m,1.25
8,2,141,test,0,female,White,female,White,happy,,,,rearranged,m,1656,False,False,,2,,,,False,315,WF-214,materials/cfd/Images/CFD/WF-214/CFD-WF-214-122-N.jpg,WF-017,materials/cfd/Images/CFD/WF-017/CFD-WF-017-015-HO.jpg,z,1.25
8,2,142,test,0,male,White,female,Black,happy,,,,intact,z,2717,False,False,,2,,,,False,317,WM-245,materials/cfd/Images/CFD/WM-245/CFD-WM-245-123-N.jpg,BF-043,materials/cfd/Images/CFD/BF-043/CFD-BF-043-004-HO.jpg,m,1.25
8,2,143,test,0,female,Black,female,Black,happy,,,,intact,m,1291,True,False,,2,,,,False,319,BF-228,materials/cfd/Images/CFD/BF-228/CFD-BF-228-212-N.jpg,BF-006,materials/cfd/Images/CFD/BF-006/CFD-BF-006-006-HO.jpg,m,1.25
8,2,144,test,0,male,White,male,White,angry,,,,intact,m,1715,True,False,,2,,,,False,321,WM-021,materials/cfd/Images/CFD/WM-021/CFD-WM-021-001-N.jpg,WM-034,materials/cfd/Images/CFD/WM-034/CFD-WM-034-040-A.jpg,m,1.25
8,2,145,test,0,female,Latino,male,Black,happy,,,,intact,z,1917,False,False,,2,,,,False,323,LF-252,materials/cfd/Images/CFD/LF-252/CFD-LF-252-172-N.jpg,BM-011,materials/cfd/Images/CFD/BM-011/CFD-BM-011-017-HO.jpg,m,1.25
8,2,146,test,0,female,Latino,female,White,happy,,,,intact,z,1974,False,False,,2,,,,False,325,LF-244,materials/cfd/Images/CFD/LF-244/CFD-LF-244-096-N.jpg,WF-036,materials/cfd/Images/CFD/WF-036/CFD-WF-036-026-HO.jpg,m,1.25
8,2,147,test,0,female,Latino,female,White,neutral,,,,intact,m,1354,True,False,,2,,,,False,327,LF-214,materials/cfd/Images/CFD/LF-214/CFD-LF-214-090-N.jpg,WF-227,materials/cfd/Images/CFD/WF-227/CFD-WF-227-002-N.jpg,m,1.25
8,2,148,test,0,male,Asian,male,White,happy,,,,rearranged,m,2613,False,False,,2,,,,False,329,AM-241,materials/cfd/Images/CFD/AM-241/CFD-AM-241-287-N.jpg,WM-031,materials/cfd/Images/CFD/WM-031/CFD-WM-031-004-HO.jpg,z,1.25
8,2,149,test,0,male,White,male,White,neutral,,,,intact,m,1509,True,False,,2,,,,False,331,WM-248,materials/cfd/Images/CFD/WM-248/CFD-WM-248-036-N.jpg,WM-242,materials/cfd/Images/CFD/WM-242/CFD-WM-242-011-N.jpg,m,1.25
8,2,150,test,0,female,White,male,Black,happy,,,,intact,z,1304,False,False,,2,,,,False,333,WF-030,materials/cfd/Images/CFD/WF-030/CFD-WF-030-002-N.jpg,BM-046,materials/cfd/Images/CFD/BM-046/CFD-BM-046-039-HO.jpg,m,1.25
8,2,151,test,1,female,Asian,female,White,happy,,,,rearranged,z,2425,True,False,,2,,,,False,336,AF-243,materials/cfd/Images/CFD/AF-243/CFD-AF-243-170-N.jpg,WF-014,materials/cfd/Images/CFD/WF-014/CFD-WF-014-004-HO.jpg,z,1.25
8,2,152,test,1,male,White,female,White,angry,,,,intact,m,1666,True,False,,2,,,,False,338,WM-225,materials/cfd/Images/CFD/WM-225/CFD-WM-225-127-N.jpg,WF-013,materials/cfd/Images/CFD/WF-013/CFD-WF-013-015-A.jpg,m,1.25
8,2,153,test,1,female,Asian,female,Black,angry,,,,rearranged,z,1706,True,False,,2,,,,False,340,AF-230,materials/cfd/Images/CFD/AF-230/CFD-AF-230-193-N.jpg,BF-047,materials/cfd/Images/CFD/BF-047/CFD-BF-047-046-A.jpg,z,1.25
8,2,154,test,1,male,White,female,White,angry,,,,intact,m,2746,True,False,,2,,,,False,342,WM-025,materials/cfd/Images/CFD/WM-025/CFD-WM-025-002-N.jpg,WF-027,materials/cfd/Images/CFD/WF-027/CFD-WF-027-014-A.jpg,m,1.25
8,2,155,test,1,female,White,female,Black,neutral,,,,rearranged,z,2490,True,False,,2,,,,False,344,WF-226,materials/cfd/Images/CFD/WF-226/CFD-WF-226-095-N.jpg,BF-203,materials/cfd/Images/CFD/BF-203/CFD-BF-203-184-N.jpg,z,1.25
8,2,156,test,1,male,Latino,female,White,neutral,,,,rearranged,m,2492,False,False,,2,,,,False,346,LM-227,materials/cfd/Images/CFD/LM-227/CFD-LM-227-103-N.jpg,WF-008,materials/cfd/Images/CFD/WF-008/CFD-WF-008-002-N.jpg,z,1.25
8,2,157,test,1,male,Black,male,Black,angry,,,,rearranged,m,1452,False,False,,2,,,,False,348,BM-200,materials/cfd/Images/CFD/BM-200/CFD-BM-200-046-N.jpg,BM-019,materials/cfd/Images/CFD/BM-019/CFD-BM-019-045-A.jpg,z,1.25
8,2,158,test,1,female,Asian,male,White,neutral,,,,intact,m,1523,True,False,,2,,,,False,350,AF-204,materials/cfd/Images/CFD/AF-204/CFD-AF-204-067-N.jpg,WM-234,materials/cfd/Images/CFD/WM-234/CFD-WM-234-118-N.jpg,m,1.25
8,2,159,test,1,male,Asian,female,White,neutral,,,,intact,m,1989,True,False,,2,,,,False,352,AM-220,materials/cfd/Images/CFD/AM-220/CFD-AM-220-134-N.jpg,WF-230,materials/cfd/Images/CFD/WF-230/CFD-WF-230-158-N.jpg,m,1.25
8,2,160,test,1,male,Black,male,White,happy,,,,rearranged,z,1089,True,False,,2,,,,False,354,BM-203,materials/cfd/Images/CFD/BM-203/CFD-BM-203-001-N.jpg,WM-018,materials/cfd/Images/CFD/WM-018/CFD-WM-018-004-HO.jpg,z,1.25
8,2,161,test,1,female,White,female,White,neutral,,,,rearranged,z,1510,True,False,,2,,,,False,356,WF-012,materials/cfd/Images/CFD/WF-012/CFD-WF-012-002-N.jpg,WF-018,materials/cfd/Images/CFD/WF-018/CFD-WF-018-017-N.jpg,z,1.25
8,2,162,test,1,male,White,female,White,angry,,,,rearranged,z,1597,True,False,,2,,,,False,358,WM-254,materials/cfd/Images/CFD/WM-254/CFD-WM-254-152-N.jpg,WF-037,materials/cfd/Images/CFD/WF-037/CFD-WF-037-016-A.jpg,z,1.25
8,2,163,test,1,female,Black,male,White,angry,,,,rearranged,z,1634,True,False,,2,,,,False,360,BF-027,materials/cfd/Images/CFD/BF-027/CFD-BF-027-002-N.jpg,WM-009,materials/cfd/Images/CFD/WM-009/CFD-WM-009-009-A.jpg,z,1.25
8,2,164,test,1,female,White,male,White,angry,,,,rearranged,m,1985,False,False,,2,,,,False,362,WF-229,materials/cfd/Images/CFD/WF-229/CFD-WF-229-004-N.jpg,WM-037,materials/cfd/Images/CFD/WM-037/CFD-WM-037-060-A.jpg,z,1.25
8,2,165,test,1,female,White,male,White,angry,,,,intact,m,1988,True,False,,2,,,,False,364,WF-006,materials/cfd/Images/CFD/WF-006/CFD-WF-006-002-N.jpg,WM-024,materials/cfd/Images/CFD/WM-024/CFD-WM-024-010-A.jpg,m,1.25
8,2,166,test,1,female,Black,female,White,neutral,,,,intact,m,1534,True,False,,2,,,,False,366,BF-015,materials/cfd/Images/CFD/BF-015/CFD-BF-015-004-N.jpg,WF-025,materials/cfd/Images/CFD/WF-025/CFD-WF-025-019-N.jpg,m,1.25
8,2,167,test,1,male,White,male,Black,angry,,,,rearranged,z,1541,True,False,,2,,,,False,368,WM-229,materials/cfd/Images/CFD/WM-229/CFD-WM-229-129-N.jpg,BM-017,materials/cfd/Images/CFD/BM-017/CFD-BM-017-035-A.jpg,z,1.25
8,2,168,test,1,female,Latino,female,White,angry,,,,intact,m,1247,True,False,,2,,,,False,370,LF-203,materials/cfd/Images/CFD/LF-203/CFD-LF-203-066-N.jpg,WF-009,materials/cfd/Images/CFD/WF-009/CFD-WF-009-010-A.jpg,m,1.25
8,2,169,test,1,female,White,male,Black,neutral,,,,rearranged,m,1233,False,False,,2,,,,False,372,WF-026,materials/cfd/Images/CFD/WF-026/CFD-WF-026-002-N.jpg,BM-208,materials/cfd/Images/CFD/BM-208/CFD-BM-208-065-N.jpg,z,1.25
8,2,170,test,1,male,Asian,female,White,happy,,,,rearranged,z,1150,True,False,,2,,,,False,374,AM-211,materials/cfd/Images/CFD/AM-211/CFD-AM-211-052-N.jpg,WF-007,materials/cfd/Images/CFD/WF-007/CFD-WF-007-003-HO.jpg,z,1.25
8,2,171,test,1,female,White,female,Black,angry,,,,intact,z,1510,False,False,,2,,,,False,376,WF-002,materials/cfd/Images/CFD/WF-002/CFD-WF-002-004-N.jpg,BF-029,materials/cfd/Images/CFD/BF-029/CFD-BF-029-046-A.jpg,m,1.25
8,2,172,test,1,female,Black,male,Black,happy,,,,intact,m,1256,True,False,,2,,,,False,378,BF-201,materials/cfd/Images/CFD/BF-201/CFD-BF-201-080-N.jpg,BM-044,materials/cfd/Images/CFD/BM-044/CFD-BM-044-037-HO.jpg,m,1.25
8,2,173,test,1,male,Latino,female,Black,happy,,,,rearranged,m,1752,False,False,,2,,,,False,380,LM-218,materials/cfd/Images/CFD/LM-218/CFD-LM-218-183-N.jpg,BF-009,materials/cfd/Images/CFD/BF-009/CFD-BF-009-006-HO.jpg,z,1.25
8,2,174,test,1,male,Latino,male,White,happy,,,,intact,m,1530,True,False,,2,,,,False,382,LM-213,materials/cfd/Images/CFD/LM-213/CFD-LM-213-061-N.jpg,WM-011,materials/cfd/Images/CFD/WM-011/CFD-WM-011-003-HO.jpg,m,1.25
8,2,175,test,1,female,Black,male,White,neutral,,,,intact,z,1345,False,False,,2,,,,False,384,BF-206,materials/cfd/Images/CFD/BF-206/CFD-BF-206-143-N.jpg,WM-207,materials/cfd/Images/CFD/WM-207/CFD-WM-207-048-N.jpg,m,1.25
8,2,176,test,1,male,Black,male,White,angry,,,,rearranged,m,2417,False,False,,2,,,,False,386,BM-040,materials/cfd/Images/CFD/BM-040/CFD-BM-040-002-N.jpg,WM-014,materials/cfd/Images/CFD/WM-014/CFD-WM-014-013-A.jpg,z,1.25
8,2,177,test,1,female,Latino,male,White,happy,,,,rearranged,m,1975,False,False,,2,,,,False,388,LF-254,materials/cfd/Images/CFD/LF-254/CFD-LF-254-125-N.jpg,WM-026,materials/cfd/Images/CFD/WM-026/CFD-WM-026-006-HO.jpg,z,1.25
8,2,178,test,1,male,White,female,White,angry,,,,rearranged,z,1565,True,False,,2,,,,False,390,WM-221,materials/cfd/Images/CFD/WM-221/CFD-WM-221-091-N.jpg,WF-035,materials/cfd/Images/CFD/WF-035/CFD-WF-035-033-A.jpg,z,1.25
8,2,179,test,1,male,Asian,female,Black,neutral,,,,rearranged,z,1298,True,False,,2,,,,False,392,AM-228,materials/cfd/Images/CFD/AM-228/CFD-AM-228-214-N.jpg,BF-215,materials/cfd/Images/CFD/BF-215/CFD-BF-215-177-N.jpg,z,1.25
8,2,180,test,1,male,Black,male,White,happy,,,,intact,z,1862,False,False,,2,,,,False,394,BM-009,materials/cfd/Images/CFD/BM-009/CFD-BM-009-002-N.jpg,WM-010,materials/cfd/Images/CFD/WM-010/CFD-WM-010-004-HO.jpg,m,1.25
9,2,1,study,0,male,White,male,White,neutral,,,,,m,814,True,False,,2,,,,False,17,WM-201,materials/cfd/Images/CFD/WM-201/CFD-WM-201-063-N.jpg,WM-023,materials/cfd/Images/CFD/WM-023/CFD-WM-023-001-N.jpg,m,1.5
9,2,2,study,0,male,Black,female,Black,angry,,,,,m,705,True,False,,2,,,,False,19,BM-205,materials/cfd/Images/CFD/BM-205/CFD-BM-205-001-N.jpg,BF-010,materials/cfd/Images/CFD/BF-010/CFD-BF-010-019-A.jpg,m,1.5
9,2,3,study,0,female,Black,female,Black,happy,,,,,z,614,True,False,,2,,,,False,21,BF-027,materials/cfd/Images/CFD/BF-027/CFD-BF-027-002-N.jpg,BF-047,materials/cfd/Images/CFD/BF-047/CFD-BF-047-028-HO.jpg,z,1.5
9,2,4,study,0,male,White,male,White,neutral,,,,,m,1106,True,False,,2,,,,False,23,WM-012,materials/cfd/Images/CFD/WM-012/CFD-WM-012-001-N.jpg,WM-031,materials/cfd/Images/CFD/WM-031/CFD-WM-031-003-N.jpg,m,1.5
9,2,5,study,0,female,Latino,male,White,happy,,,,,z,852,True,False,,2,,,,False,25,LF-213,materials/cfd/Images/CFD/LF-213/CFD-LF-213-079-N.jpg,WM-019,materials/cfd/Images/CFD/WM-019/CFD-WM-019-009-HO.jpg,z,1.5
9,2,6,study,0,female,White,female,White,angry,,,,,z,721,True,False,,2,,,,False,27,WF-250,materials/cfd/Images/CFD/WF-250/CFD-WF-250-167-N.jpg,WF-005,materials/cfd/Images/CFD/WF-005/CFD-WF-005-022-A.jpg,z,1.5
9,2,7,study,0,male,Black,female,White,angry,,,,,m,798,True,False,,2,,,,False,29,BM-237,materials/cfd/Images/CFD/BM-237/CFD-BM-237-188-N.jpg,WF-014,materials/cfd/Images/CFD/WF-014/CFD-WF-014-012-A.jpg,m,1.5
9,2,8,study,0,male,Asian,female,Black,neutral,,,,,m,903,True,False,,2,,,,False,31,AM-212,materials/cfd/Images/CFD/AM-212/CFD-AM-212-050-N.jpg,BF-041,materials/cfd/Images/CFD/BF-041/CFD-BF-041-001-N.jpg,m,1.5
9,2,9,study,0,female,White,male,White,angry,,,,,z,680,True,False,,2,,,,False,33,WF-208,materials/cfd/Images/CFD/WF-208/CFD-WF-208-068-N.jpg,WM-016,materials/cfd/Images/CFD/WM-016/CFD-WM-016-008-A.jpg,z,1.5
9,2,10,study,0,male,Black,female,Black,happy,,,,,m,621,True,False,,2,,,,False,35,BM-228,materials/cfd/Images/CFD/BM-228/CFD-BM-228-145-N.jpg,BF-007,materials/cfd/Images/CFD/BF-007/CFD-BF-007-004-HO.jpg,m,1.5
9,2,11,study,0,female,Asian,male,Black,angry,,,,,z,586,True,False,,2,,,,False,37,AF-216,materials/cfd/Images/CFD/AF-216/CFD-AF-216-106-N.jpg,BM-011,materials/cfd/Images/CFD/BM-011/CFD-BM-011-020-A.jpg,z,1.5
9,2,12,study,0,male,Asian,female,White,angry,,,,,m,1122,True,False,,2,,,,False,39,AM-217,materials/cfd/Images/CFD/AM-217/CFD-AM-217-085-N.jpg,WF-027,materials/cfd/Images/CFD/WF-027/CFD-WF-027-014-A.jpg,m,1.5
9,2,13,study,0,female,Latino,male,Black,neutral,,,,,z,946,True,False,,2,,,,False,41,LF-208,materials/cfd/Images/CFD/LF-208/CFD-LF-208-127-N.jpg,BM-044,materials/cfd/Images/CFD/BM-044/CFD-BM-044-001-N.jpg,z,1.5
9,2,14,study,0,male,Black,male,White,happy,,,,,m,772,True,False,,2,,,,False,43,BM-033,materials/cfd/Images/CFD/BM-033/CFD-BM-033-003-N.jpg,WM-038,materials/cfd/Images/CFD/WM-038/CFD-WM-038-005-HO.jpg,m,1.5
9,2,15,study,0,male,Asian,female,White,angry,,,,,m,674,True,False,,2,,,,False,45,AM-210,materials/cfd/Images/CFD/AM-210/CFD-AM-210-035-N.jpg,WF-003,materials/cfd/Images/CFD/WF-003/CFD-WF-003-014-A.jpg,m,1.5
9,2,16,study,0,female,White,male,Black,happy,,,,,z,661,True,False,,2,,,,False,47,WF-249,materials/cfd/Images/CFD/WF-249/CFD-WF-249-126-N.jpg,BM-041,materials/cfd/Images/CFD/BM-041/CFD-BM-041-041-HO.jpg,z,1.5
9,2,17,study,0,male,Latino,female,Black,happy,,,,,m,747,True,False,,2,,,,False,49,LM-253,materials/cfd/Images/CFD/LM-253/CFD-LM-253-075-N.jpg,BF-025,materials/cfd/Images/CFD/BF-025/CFD-BF-025-005-HO.jpg,m,1.5
9,2,18,study,0,female,Asian,female,Black,neutral,,,,,z,764,True,False,,2,,,,False,51,AF-246,materials/cfd/Images/CFD/AF-246/CFD-AF-246-242-N.jpg,BF-206,materials/cfd/Images/CFD/BF-206/CFD-BF-206-143-N.jpg,z,1.5
9,2,19,study,0,male,Asian,male,White,happy,,,,,m,1110,True,False,,2,,,,False,53,AM-202,materials/cfd/Images/CFD/AM-202/CFD-AM-202-079-N.jpg,WM-022,materials/cfd/Images/CFD/WM-022/CFD-WM-022-005-HO.jpg,m,1.5
9,2,20,study,0,male,Black,male,White,angry,,,,,m,794,True,False,,2,,,,False,55,BM-253,materials/cfd/Images/CFD/BM-253/CFD-BM-253-004-N.jpg,WM-039,materials/cfd/Images/CFD/WM-039/CFD-WM-039-010-A.jpg,m,1.5
9,2,21,study,0,female,White,female,White,neutral,,,,,z,707,True,False,,2,,,,False,57,WF-237,materials/cfd/Images/CFD/WF-237/CFD-WF-237-067-N.jpg,WF-228,materials/cfd/Images/CFD/WF-228/CFD-WF-228-196-N.jpg,z,1.5
9,2,22,study,0,male,Black,male,Black,angry,,,,,m,749,True,False,,2,,,,False,59,BM-026,materials/cfd/Images/CFD/BM-026/CFD-BM-026-002-N.jpg,BM-024,materials/cfd/Images/CFD/BM-024/CFD-BM-024-018-A.jpg,m,1.5
9,2,23,study,0,female,White,female,Black,neutral,,,,,z,676,True,False,,2,,,,False,61,WF-244,materials/cfd/Images/CFD/WF-244/CFD-WF-244-163-N.jpg,BF-204,materials/cfd/Images/CFD/BF-204/CFD-BF-204-189-N.jpg,z,1.5
9,2,24,study,0,male,White,male,White,neutral,,,,,m,596,True,False,,2,,,,False,63,WM-252,materials/cfd/Images/CFD/WM-252/CFD-WM-252-224-N.jpg,WM-037,materials/cfd/Images/CFD/WM-037/CFD-WM-037-025-N.jpg,m,1.5
9,2,25,study,0,female,Asian,male,White,happy,,,,,z,679,True,False,,2,,,,False,65,AF-256,materials/cfd/Images/CFD/AF-256/CFD-AF-256-160-N.jpg,WM-004,materials/cfd/Images/CFD/WM-004/CFD-WM-004-006-HO.jpg,z,1.5
9,2,26,study,0,male,Asian,female,White,neutral,,,,,m,640,True,False,,2,,,,False,67,AM-229,materials/cfd/Images/CFD/AM-229/CFD-AM-229-224-N.jpg,WF-201,materials/cfd/Images/CFD/WF-201/CFD-WF-201-156-N.jpg,m,1.5
9,2,27,study,0,male,Black,male,White,angry,,,,,m,650,True,False,,2,,,,False,69,BM-219,materials/cfd/Images/CFD/BM-219/CFD-BM-219-141-N.jpg,WM-013,materials/cfd/Images/CFD/WM-013/CFD-WM-013-015-A.jpg,m,1.5
9,2,28,study,0,female,Black,male,Black,neutral,,,,,z,687,True,False,,2,,,,False,71,BF-004,materials/cfd/Images/CFD/BF-004/CFD-BF-004-014-N.jpg,BM-046,materials/cfd/Images/CFD/BM-046/CFD-BM-046-006-N.jpg,z,1.5
9,2,29,study,0,male,White,male,White,happy,,,,,m,674,True,False,,2,,,,False,73,WM-248,materials/cfd/Images/CFD/WM-248/CFD-WM-248-036-N.jpg,WM-025,materials/cfd/Images/CFD/WM-025/CFD-WM-025-019-HO.jpg,m,1.5
9,2,30,study,0,male,Black,male,White,neutral,,,,,m,1145,True,False,,2,,,,False,75,BM-247,materials/cfd/Images/CFD/BM-247/CFD-BM-247-240-N.jpg,WM-215,materials/cfd/Images/CFD/WM-215/CFD-WM-215-041-N.jpg,m,1.5
9,2,31,study,1,male,Asian,female,Black,angry,,,,,m,940,True,False,,2,,,,False,78,AM-226,materials/cfd/Images/CFD/AM-226/CFD-AM-226-234-N.jpg,BF-011,materials/cfd/Images/CFD/BF-011/CFD-BF-011-011-A.jpg,m,1.5
9,2,32,study,1,female,Latino,female,Black,happy,,,,,z,561,True,False,,2,,,,False,80,LF-222,materials/cfd/Images/CFD/LF-222/CFD-LF-222-147-N.jpg,BF-003,materials/cfd/Images/CFD/BF-003/CFD-BF-003-004-HO.jpg,z,1.5
9,2,33,study,1,male,Black,female,White,neutral,,,,,m,1333,True,False,,2,,,,False,82,BM-017,materials/cfd/Images/CFD/BM-017/CFD-BM-017-021-N.jpg,WF-241,materials/cfd/Images/CFD/WF-241/CFD-WF-241-210-N.jpg,m,1.5
9,2,34,study,1,female,Black,male,Black,happy,,,,,z,999,True,False,,2,,,,False,84,BF-202,materials/cfd/Images/CFD/BF-202/CFD-BF-202-109-N.jpg,BM-015,materials/cfd/Images/CFD/BM-015/CFD-BM-015-016-HO.jpg,z,1.5
9,2,35,study,1,male,White,female,Black,neutral,,,,,m,1117,True,False,,2,,,,False,86,WM-212,materials/cfd/Images/CFD/WM-212/CFD-WM-212-097-N.jpg,BF-020,materials/cfd/Images/CFD/BF-020/CFD-BF-020-002-N.jpg,m,1.5
9,2,36,study,1,male,Black,female,White,happy,,,,,m,1218,True,False,,2,,,,False,88,BM-229,materials/cfd/Images/CFD/BM-229/CFD-BM-229-209-N.jpg,WF-035,materials/cfd/Images/CFD/WF-035/CFD-WF-035-027-HO.jpg,m,1.5
9,2,37,study,1,male,White,female,White,happy,,,,,m,1106,True,False,,2,,,,False,90,WM-257,materials/cfd/Images/CFD/WM-257/CFD-WM-257-161-N.jpg,WF-017,materials/cfd/Images/CFD/WF-017/CFD-WF-017-015-HO.jpg,m,1.5
9,2,38,study,1,female,White,male,Black,neutral,,,,,z,1080,True,False,,2,,,,False,92,WF-012,materials/cfd/Images/CFD/WF-012/CFD-WF-012-002-N.jpg,BM-206,materials/cfd/Images/CFD/BM-206/CFD-BM-206-114-N.jpg,z,1.5
9,2,39,study,1,male,Latino,female,White,neutral,,,,,m,1035,True,False,,2,,,,False,94,LM-208,materials/cfd/Images/CFD/LM-208/CFD-LM-208-110-N.jpg,WF-251,materials/cfd/Images/CFD/WF-251/CFD-WF-251-014-N.jpg,m,1.5
9,2,40,study,1,female,Black,male,White,angry,,,,,z,1083,True,False,,2,,,,False,96,BF-218,materials/cfd/Images/CFD/BF-218/CFD-BF-218-207-N.jpg,WM-036,materials/cfd/Images/CFD/WM-036/CFD-WM-036-018-A.jpg,z,1.5
9,2,41,study,1,female,Black,female,White,angry,,,,,z,930,True,False,,2,,,,False,98,BF-222,materials/cfd/Images/CFD/BF-222/CFD-BF-222-240-N.jpg,WF-028,materials/cfd/Images/CFD/WF-028/CFD-WF-028-026-A.jpg,z,1.5
9,2,42,study,1,female,Asian,female,White,neutral,,,,,z,697,True,False,,2,,,,False,100,AF-244,materials/cfd/Images/CFD/AF-244/CFD-AF-244-168-N.jpg,WF-221,materials/cfd/Images/CFD/WF-221/CFD-WF-221-005-N.jpg,z,1.5
9,2,43,study,1,female,Black,female,Black,happy,,,,,z,698,True,False,,2,,,,False,102,BF-208,materials/cfd/Images/CFD/BF-208/CFD-BF-208-266-N.jpg,BF-049,materials/cfd/Images/CFD/BF-049/CFD-BF-049-034-HO.jpg,z,1.5
9,2,44,study,1,female,White,female,White,angry,,,,,z,1466,True,False,,2,,,,False,104,WF-202,materials/cfd/Images/CFD/WF-202/CFD-WF-202-056-N.jpg,WF-024,materials/cfd/Images/CFD/WF-024/CFD-WF-024-029-A.jpg,z,1.5
9,2,45,study,1,female,White,male,White,angry,,,,,z,1089,True,False,,2,,,,False,106,WF-247,materials/cfd/Images/CFD/WF-247/CFD-WF-247-065-N.jpg,WM-003,materials/cfd/Images/CFD/WM-003/CFD-WM-003-008-A.jpg,z,1.5
9,2,46,study,1,female,Black,female,Black,happy,,,,,z,991,True,False,,2,,,,False,108,BF-214,materials/cfd/Images/CFD/BF-214/CFD-BF-214-308-N.jpg,BF-017,materials/cfd/Images/CFD/BF-017/CFD-BF-017-004-HO.jpg,z,1.5
9,2,47,study,1,male,White,male,Black,happy,,,,,m,670,True,False,,2,,,,False,110,WM-024,materials/cfd/Images/CFD/WM-024/CFD-WM-024-015-N.jpg,BM-019,materials/cfd/Images/CFD/BM-019/CFD-BM-019-004-HO.jpg,m,1.5
9,2,48,study,1,female,Black,female,Black,angry,,,,,z,657,True,False,,2,,,,False,112,BF-031,materials/cfd/Images/CFD/BF-031/CFD-BF-031-002-N.jpg,BF-048,materials/cfd/Images/CFD/BF-048/CFD-BF-048-038-A.jpg,z,1.5
9,2,49,study,1,male,Black,male,Black,neutral,,,,,m,864,True,False,,2,,,,False,114,BM-004,materials/cfd/Images/CFD/BM-004/CFD-BM-004-002-N.jpg,BM-016,materials/cfd/Images/CFD/BM-016/CFD-BM-016-036-N.jpg,m,1.5
9,2,50,study,1,female,White,female,White,neutral,,,,,z,640,True,False,,2,,,,False,116,WF-025,materials/cfd/Images/CFD/WF-025/CFD-WF-025-019-N.jpg,WF-223,materials/cfd/Images/CFD/WF-223/CFD-WF-223-133-N.jpg,z,1.5
9,2,51,study,1,female,Black,male,Black,neutral,,,,,z,677,True,False,,2,,,,False,118,BF-251,materials/cfd/Images/CFD/BF-251/CFD-BF-251-211-N.jpg,BM-203,materials/cfd/Images/CFD/BM-203/CFD-BM-203-001-N.jpg,z,1.5
9,2,52,study,1,female,White,male,White,happy,,,,,z,635,True,False,,2,,,,False,120,WF-031,materials/cfd/Images/CFD/WF-031/CFD-WF-031-027-N.jpg,WM-015,materials/cfd/Images/CFD/WM-015/CFD-WM-015-005-HO.jpg,z,1.5
9,2,53,study,1,male,Latino,female,Black,happy,,,,,m,696,True,False,,2,,,,False,122,LM-203,materials/cfd/Images/CFD/LM-203/CFD-LM-203-026-N.jpg,BF-044,materials/cfd/Images/CFD/BF-044/CFD-BF-044-007-HO.jpg,m,1.5
9,2,54,study,1,female,Latino,female,White,happy,,,,,z,1008,True,False,,2,,,,False,124,LF-253,materials/cfd/Images/CFD/LF-253/CFD-LF-253-003-N.jpg,WF-001,materials/cfd/Images/CFD/WF-001/CFD-WF-001-009-HO.jpg,z,1.5
9,2,55,study,1,female,Black,male,Black,neutral,,,,,z,857,True,False,,2,,,,False,126,BF-002,materials/cfd/Images/CFD/BF-002/CFD-BF-002-001-N.jpg,BM-201,materials/cfd/Images/CFD/BM-201/CFD-BM-201-077-N.jpg,z,1.5
9,2,56,study,1,female,Black,male,Black,angry,,,,,z,1065,True,False,,2,,,,False,128,BF-233,materials/cfd/Images/CFD/BF-233/CFD-BF-233-116-N.jpg,BM-045,materials/cfd/Images/CFD/BM-045/CFD-BM-045-061-A.jpg,z,1.5
9,2,57,study,1,male,Asian,male,Black,happy,,,,,m,665,True,False,,2,,,,False,130,AM-209,materials/cfd/Images/CFD/AM-209/CFD-AM-209-048-N.jpg,BM-020,materials/cfd/Images/CFD/BM-020/CFD-BM-020-026-HO.jpg,m,1.5
9,2,58,study,1,male,White,male,White,angry,,,,,m,530,True,False,,2,,,,False,132,WM-028,materials/cfd/Images/CFD/WM-028/CFD-WM-028-003-N.jpg,WM-035,materials/cfd/Images/CFD/WM-035/CFD-WM-035-018-A.jpg,m,1.5
9,2,59,study,1,female,Latino,female,White,angry,,,,,z,923,True,False,,2,,,,False,134,LF-232,materials/cfd/Images/CFD/LF-232/CFD-LF-232-199-N.jpg,WF-011,materials/cfd/Images/CFD/WF-011/CFD-WF-011-011-A.jpg,z,1.5
9,2,60,study,1,male,Asian,male,White,angry,,,,,m,951,True,False,,2,,,,False,136,AM-225,materials/cfd/Images/CFD/AM-225/CFD-AM-225-102-N.jpg,WM-018,materials/cfd/Images/CFD/WM-018/CFD-WM-018-007-A.jpg,m,1.5
9,2,61,study,0,female,Latino,female,Black,happy,,,,,z,666,True,False,,2,,,,False,139,LF-222,materials/cfd/Images/CFD/LF-222/CFD-LF-222-147-N.jpg,BF-003,materials/cfd/Images/CFD/BF-003/CFD-BF-003-004-HO.jpg,z,1.5
9,2,62,study,0,male,White,female,Black,neutral,,,,,m,735,True,False,,2,,,,False,141,WM-212,materials/cfd/Images/CFD/WM-212/CFD-WM-212-097-N.jpg,BF-020,materials/cfd/Images/CFD/BF-020/CFD-BF-020-002-N.jpg,m,1.5
9,2,63,study,0,male,Black,male,White,happy,,,,,m,582,True,False,,2,,,,False,143,BM-033,materials/cfd/Images/CFD/BM-033/CFD-BM-033-003-N.jpg,WM-038,materials/cfd/Images/CFD/WM-038/CFD-WM-038-005-HO.jpg,m,1.5
9,2,64,study,0,male,White,male,Black,happy,,,,,m,494,True,False,,2,,,,False,145,WM-024,materials/cfd/Images/CFD/WM-024/CFD-WM-024-015-N.jpg,BM-019,materials/cfd/Images/CFD/BM-019/CFD-BM-019-004-HO.jpg,m,1.5
9,2,65,study,0,male,Black,male,White,angry,,,,,m,664,True,False,,2,,,,False,147,BM-219,materials/cfd/Images/CFD/BM-219/CFD-BM-219-141-N.jpg,WM-013,materials/cfd/Images/CFD/WM-013/CFD-WM-013-015-A.jpg,m,1.5
9,2,66,study,0,female,Latino,male,White,happy,,,,,z,698,True,False,,2,,,,False,149,LF-213,materials/cfd/Images/CFD/LF-213/CFD-LF-213-079-N.jpg,WM-019,materials/cfd/Images/CFD/WM-019/CFD-WM-019-009-HO.jpg,z,1.5
9,2,67,study,0,female,Black,female,White,angry,,,,,z,722,True,False,,2,,,,False,151,BF-222,materials/cfd/Images/CFD/BF-222/CFD-BF-222-240-N.jpg,WF-028,materials/cfd/Images/CFD/WF-028/CFD-WF-028-026-A.jpg,z,1.5
9,2,68,study,0,male,Asian,male,Black,happy,,,,,m,1827,True,False,,2,,,,False,153,AM-209,materials/cfd/Images/CFD/AM-209/CFD-AM-209-048-N.jpg,BM-020,materials/cfd/Images/CFD/BM-020/CFD-BM-020-026-HO.jpg,m,1.5
9,2,69,study,0,female,Black,male,Black,happy,,,,,z,698,True,False,,2,,,,False,155,BF-202,materials/cfd/Images/CFD/BF-202/CFD-BF-202-109-N.jpg,BM-015,materials/cfd/Images/CFD/BM-015/CFD-BM-015-016-HO.jpg,z,1.5
9,2,70,study,0,female,White,female,White,neutral,,,,,z,855,True,False,,2,,,,False,157,WF-237,materials/cfd/Images/CFD/WF-237/CFD-WF-237-067-N.jpg,WF-228,materials/cfd/Images/CFD/WF-228/CFD-WF-228-196-N.jpg,z,1.5
9,2,71,study,0,female,Latino,female,White,happy,,,,,z,652,True,False,,2,,,,False,159,LF-253,materials/cfd/Images/CFD/LF-253/CFD-LF-253-003-N.jpg,WF-001,materials/cfd/Images/CFD/WF-001/CFD-WF-001-009-HO.jpg,z,1.5
9,2,72,study,0,male,Black,female,Black,happy,,,,,m,632,True,False,,2,,,,False,161,BM-228,materials/cfd/Images/CFD/BM-228/CFD-BM-228-145-N.jpg,BF-007,materials/cfd/Images/CFD/BF-007/CFD-BF-007-004-HO.jpg,m,1.5
9,2,73,study,0,male,White,male,White,angry,,,,,m,2372,True,False,,2,,,,False,163,WM-028,materials/cfd/Images/CFD/WM-028/CFD-WM-028-003-N.jpg,WM-035,materials/cfd/Images/CFD/WM-035/CFD-WM-035-018-A.jpg,m,1.5
9,2,74,study,0,female,White,female,White,angry,,,,,z,1701,True,False,,2,,,,False,165,WF-250,materials/cfd/Images/CFD/WF-250/CFD-WF-250-167-N.jpg,WF-005,materials/cfd/Images/CFD/WF-005/CFD-WF-005-022-A.jpg,z,1.5
9,2,75,study,0,female,Black,male,Black,neutral,,,,,z,695,True,False,,2,,,,False,167,BF-251,materials/cfd/Images/CFD/BF-251/CFD-BF-251-211-N.jpg,BM-203,materials/cfd/Images/CFD/BM-203/CFD-BM-203-001-N.jpg,z,1.5
9,2,76,study,0,male,White,male,White,neutral,,,,,m,917,True,False,,2,,,,False,169,WM-252,materials/cfd/Images/CFD/WM-252/CFD-WM-252-224-N.jpg,WM-037,materials/cfd/Images/CFD/WM-037/CFD-WM-037-025-N.jpg,m,1.5
9,2,77,study,0,female,White,female,White,angry,,,,,z,819,True,False,,2,,,,False,171,WF-202,materials/cfd/Images/CFD/WF-202/CFD-WF-202-056-N.jpg,WF-024,materials/cfd/Images/CFD/WF-024/CFD-WF-024-029-A.jpg,z,1.5
9,2,78,study,0,female,Asian,male,White,happy,,,,,z,1128,True,False,,2,,,,False,173,AF-256,materials/cfd/Images/CFD/AF-256/CFD-AF-256-160-N.jpg,WM-004,materials/cfd/Images/CFD/WM-004/CFD-WM-004-006-HO.jpg,z,1.5
9,2,79,study,0,female,Black,female,Black,happy,,,,,z,711,True,False,,2,,,,False,175,BF-208,materials/cfd/Images/CFD/BF-208/CFD-BF-208-266-N.jpg,BF-049,materials/cfd/Images/CFD/BF-049/CFD-BF-049-034-HO.jpg,z,1.5
9,2,80,study,0,female,White,male,White,angry,,,,,z,1100,True,False,,2,,,,False,177,WF-247,materials/cfd/Images/CFD/WF-247/CFD-WF-247-065-N.jpg,WM-003,materials/cfd/Images/CFD/WM-003/CFD-WM-003-008-A.jpg,z,1.5
9,2,81,study,0,female,Black,male,Black,neutral,,,,,z,852,True,False,,2,,,,False,179,BF-002,materials/cfd/Images/CFD/BF-002/CFD-BF-002-001-N.jpg,BM-201,materials/cfd/Images/CFD/BM-201/CFD-BM-201-077-N.jpg,z,1.5
9,2,82,study,0,male,Asian,female,White,neutral,,,,,m,1276,True,False,,2,,,,False,181,AM-229,materials/cfd/Images/CFD/AM-229/CFD-AM-229-224-N.jpg,WF-201,materials/cfd/Images/CFD/WF-201/CFD-WF-201-156-N.jpg,m,1.5
9,2,83,study,0,female,Latino,female,White,angry,,,,,z,632,True,False,,2,,,,False,183,LF-232,materials/cfd/Images/CFD/LF-232/CFD-LF-232-199-N.jpg,WF-011,materials/cfd/Images/CFD/WF-011/CFD-WF-011-011-A.jpg,z,1.5
9,2,84,study,0,female,White,male,White,angry,,,,,z,557,True,False,,2,,,,False,185,WF-208,materials/cfd/Images/CFD/WF-208/CFD-WF-208-068-N.jpg,WM-016,materials/cfd/Images/CFD/WM-016/CFD-WM-016-008-A.jpg,z,1.5
9,2,85,study,0,female,White,male,Black,happy,,,,,z,966,True,False,,2,,,,False,187,WF-249,materials/cfd/Images/CFD/WF-249/CFD-WF-249-126-N.jpg,BM-041,materials/cfd/Images/CFD/BM-041/CFD-BM-041-041-HO.jpg,z,1.5
9,2,86,study,0,female,Asian,female,White,neutral,,,,,z,1008,True,False,,2,,,,False,189,AF-244,materials/cfd/Images/CFD/AF-244/CFD-AF-244-168-N.jpg,WF-221,materials/cfd/Images/CFD/WF-221/CFD-WF-221-005-N.jpg,z,1.5
9,2,87,study,0,female,Asian,male,Black,angry,,,,,z,624,True,False,,2,,,,False,191,AF-216,materials/cfd/Images/CFD/AF-216/CFD-AF-216-106-N.jpg,BM-011,materials/cfd/Images/CFD/BM-011/CFD-BM-011-020-A.jpg,z,1.5
9,2,88,study,0,female,Black,male,Black,angry,,,,,z,922,True,False,,2,,,,False,193,BF-233,materials/cfd/Images/CFD/BF-233/CFD-BF-233-116-N.jpg,BM-045,materials/cfd/Images/CFD/BM-045/CFD-BM-045-061-A.jpg,z,1.5
9,2,89,study,0,male,Black,male,White,angry,,,,,m,1096,True,False,,2,,,,False,195,BM-253,materials/cfd/Images/CFD/BM-253/CFD-BM-253-004-N.jpg,WM-039,materials/cfd/Images/CFD/WM-039/CFD-WM-039-010-A.jpg,m,1.5
9,2,90,study,0,male,Black,male,White,neutral,,,,,m,896,True,False,,2,,,,False,197,BM-247,materials/cfd/Images/CFD/BM-247/CFD-BM-247-240-N.jpg,WM-215,materials/cfd/Images/CFD/WM-215/CFD-WM-215-041-N.jpg,m,1.5
9,2,91,study,1,male,Asian,male,White,happy,,,,,m,1192,True,False,,2,,,,False,200,AM-202,materials/cfd/Images/CFD/AM-202/CFD-AM-202-079-N.jpg,WM-022,materials/cfd/Images/CFD/WM-022/CFD-WM-022-005-HO.jpg,m,1.5
9,2,92,study,1,male,Asian,male,White,angry,,,,,m,1264,True,False,,2,,,,False,202,AM-225,materials/cfd/Images/CFD/AM-225/CFD-AM-225-102-N.jpg,WM-018,materials/cfd/Images/CFD/WM-018/CFD-WM-018-007-A.jpg,m,1.5
9,2,93,study,1,male,White,female,White,happy,,,,,m,1898,True,False,,2,,,,False,204,WM-257,materials/cfd/Images/CFD/WM-257/CFD-WM-257-161-N.jpg,WF-017,materials/cfd/Images/CFD/WF-017/CFD-WF-017-015-HO.jpg,m,1.5
9,2,94,study,1,female,White,male,White,happy,,,,,,,False,True,,2,,,,False,206,WF-031,materials/cfd/Images/CFD/WF-031/CFD-WF-031-027-N.jpg,WM-015,materials/cfd/Images/CFD/WM-015/CFD-WM-015-005-HO.jpg,z,1.5
9,2,95,study,1,male,White,male,White,neutral,,,,,m,1019,True,False,,2,,,,False,208,WM-201,materials/cfd/Images/CFD/WM-201/CFD-WM-201-063-N.jpg,WM-023,materials/cfd/Images/CFD/WM-023/CFD-WM-023-001-N.jpg,m,1.5
9,2,96,study,1,male,Black,male,Black,neutral,,,,,m,965,True,False,,2,,,,False,210,BM-004,materials/cfd/Images/CFD/BM-004/CFD-BM-004-002-N.jpg,BM-016,materials/cfd/Images/CFD/BM-016/CFD-BM-016-036-N.jpg,m,1.5
9,2,97,study,1,male,Black,female,White,happy,,,,,,,False,True,,2,,,,False,212,BM-229,materials/cfd/Images/CFD/BM-229/CFD-BM-229-209-N.jpg,WF-035,materials/cfd/Images/CFD/WF-035/CFD-WF-035-027-HO.jpg,m,1.5
9,2,98,study,1,male,White,male,White,neutral,,,,,m,1590,True,False,,2,,,,False,214,WM-012,materials/cfd/Images/CFD/WM-012/CFD-WM-012-001-N.jpg,WM-031,materials/cfd/Images/CFD/WM-031/CFD-WM-031-003-N.jpg,m,1.5
9,2,99,study,1,female,Black,male,Black,neutral,,,,,z,1034,True,False,,2,,,,False,216,BF-004,materials/cfd/Images/CFD/BF-004/CFD-BF-004-014-N.jpg,BM-046,materials/cfd/Images/CFD/BM-046/CFD-BM-046-006-N.jpg,z,1.5
9,2,100,study,1,male,Asian,female,Black,angry,,,,,m,829,True,False,,2,,,,False,218,AM-226,materials/cfd/Images/CFD/AM-226/CFD-AM-226-234-N.jpg,BF-011,materials/cfd/Images/CFD/BF-011/CFD-BF-011-011-A.jpg,m,1.5
9,2,101,study,1,female,Black,male,White,angry,,,,,z,940,True,False,,2,,,,False,220,BF-218,materials/cfd/Images/CFD/BF-218/CFD-BF-218-207-N.jpg,WM-036,materials/cfd/Images/CFD/WM-036/CFD-WM-036-018-A.jpg,z,1.5
9,2,102,study,1,female,Black,female,Black,happy,,,,,z,833,True,False,,2,,,,False,222,BF-214,materials/cfd/Images/CFD/BF-214/CFD-BF-214-308-N.jpg,BF-017,materials/cfd/Images/CFD/BF-017/CFD-BF-017-004-HO.jpg,z,1.5
9,2,103,study,1,male,Latino,female,Black,happy,,,,,m,1320,True,False,,2,,,,False,224,LM-253,materials/cfd/Images/CFD/LM-253/CFD-LM-253-075-N.jpg,BF-025,materials/cfd/Images/CFD/BF-025/CFD-BF-025-005-HO.jpg,m,1.5
9,2,104,study,1,male,Asian,female,White,angry,,,,,m,795,True,False,,2,,,,False,226,AM-217,materials/cfd/Images/CFD/AM-217/CFD-AM-217-085-N.jpg,WF-027,materials/cfd/Images/CFD/WF-027/CFD-WF-027-014-A.jpg,m,1.5
9,2,105,study,1,female,Black,female,Black,happy,,,,,z,718,True,False,,2,,,,False,228,BF-027,materials/cfd/Images/CFD/BF-027/CFD-BF-027-002-N.jpg,BF-047,materials/cfd/Images/CFD/BF-047/CFD-BF-047-028-HO.jpg,z,1.5
9,2,106,study,1,female,Asian,female,Black,neutral,,,,,z,875,True,False,,2,,,,False,230,AF-246,materials/cfd/Images/CFD/AF-246/CFD-AF-246-242-N.jpg,BF-206,materials/cfd/Images/CFD/BF-206/CFD-BF-206-143-N.jpg,z,1.5
9,2,107,study,1,female,Latino,male,Black,neutral,,,,,z,957,True,False,,2,,,,False,232,LF-208,materials/cfd/Images/CFD/LF-208/CFD-LF-208-127-N.jpg,BM-044,materials/cfd/Images/CFD/BM-044/CFD-BM-044-001-N.jpg,z,1.5
9,2,108,study,1,male,Black,female,White,neutral,,,,,m,871,True,False,,2,,,,False,234,BM-017,materials/cfd/Images/CFD/BM-017/CFD-BM-017-021-N.jpg,WF-241,materials/cfd/Images/CFD/WF-241/CFD-WF-241-210-N.jpg,m,1.5
9,2,109,study,1,male,Latino,female,Black,happy,,,,,m,1074,True,False,,2,,,,False,236,LM-203,materials/cfd/Images/CFD/LM-203/CFD-LM-203-026-N.jpg,BF-044,materials/cfd/Images/CFD/BF-044/CFD-BF-044-007-HO.jpg,m,1.5
9,2,110,study,1,female,White,female,Black,neutral,,,,,z,1259,True,False,,2,,,,False,238,WF-244,materials/cfd/Images/CFD/WF-244/CFD-WF-244-163-N.jpg,BF-204,materials/cfd/Images/CFD/BF-204/CFD-BF-204-189-N.jpg,z,1.5
9,2,111,study,1,female,White,female,White,neutral,,,,,z,1123,True,False,,2,,,,False,240,WF-025,materials/cfd/Images/CFD/WF-025/CFD-WF-025-019-N.jpg,WF-223,materials/cfd/Images/CFD/WF-223/CFD-WF-223-133-N.jpg,z,1.5
9,2,112,study,1,male,Latino,female,White,neutral,,,,,m,2066,True,False,,2,,,,False,242,LM-208,materials/cfd/Images/CFD/LM-208/CFD-LM-208-110-N.jpg,WF-251,materials/cfd/Images/CFD/WF-251/CFD-WF-251-014-N.jpg,m,1.5
9,2,113,study,1,female,Black,female,Black,angry,,,,,z,1127,True,False,,2,,,,False,244,BF-031,materials/cfd/Images/CFD/BF-031/CFD-BF-031-002-N.jpg,BF-048,materials/cfd/Images/CFD/BF-048/CFD-BF-048-038-A.jpg,z,1.5
9,2,114,study,1,male,Black,female,Black,angry,,,,,m,874,True,False,,2,,,,False,246,BM-205,materials/cfd/Images/CFD/BM-205/CFD-BM-205-001-N.jpg,BF-010,materials/cfd/Images/CFD/BF-010/CFD-BF-010-019-A.jpg,m,1.5
9,2,115,study,1,male,Asian,female,Black,neutral,,,,,m,775,True,False,,2,,,,False,248,AM-212,materials/cfd/Images/CFD/AM-212/CFD-AM-212-050-N.jpg,BF-041,materials/cfd/Images/CFD/BF-041/CFD-BF-041-001-N.jpg,m,1.5
9,2,116,study,1,male,Black,male,Black,angry,,,,,m,907,True,False,,2,,,,False,250,BM-026,materials/cfd/Images/CFD/BM-026/CFD-BM-026-002-N.jpg,BM-024,materials/cfd/Images/CFD/BM-024/CFD-BM-024-018-A.jpg,m,1.5
9,2,117,study,1,male,Asian,female,White,angry,,,,,m,1123,True,False,,2,,,,False,252,AM-210,materials/cfd/Images/CFD/AM-210/CFD-AM-210-035-N.jpg,WF-003,materials/cfd/Images/CFD/WF-003/CFD-WF-003-014-A.jpg,m,1.5
9,2,118,study,1,male,Black,female,White,angry,,,,,m,1064,True,False,,2,,,,False,254,BM-237,materials/cfd/Images/CFD/BM-237/CFD-BM-237-188-N.jpg,WF-014,materials/cfd/Images/CFD/WF-014/CFD-WF-014-012-A.jpg,m,1.5
9,2,119,study,1,female,White,male,Black,neutral,,,,,z,1208,True,False,,2,,,,False,256,WF-012,materials/cfd/Images/CFD/WF-012/CFD-WF-012-002-N.jpg,BM-206,materials/cfd/Images/CFD/BM-206/CFD-BM-206-114-N.jpg,z,1.5
9,2,120,study,1,male,White,male,White,happy,,,,,m,955,True,False,,2,,,,False,258,WM-248,materials/cfd/Images/CFD/WM-248/CFD-WM-248-036-N.jpg,WM-025,materials/cfd/Images/CFD/WM-025/CFD-WM-025-019-HO.jpg,m,1.5
9,2,121,test,0,female,Black,male,Black,angry,,,,rearranged,m,1937,False,False,,2,,,,False,275,BF-218,materials/cfd/Images/CFD/BF-218/CFD-BF-218-207-N.jpg,BM-011,materials/cfd/Images/CFD/BM-011/CFD-BM-011-020-A.jpg,z,1.5
9,2,122,test,0,male,Asian,female,Black,angry,,,,rearranged,z,2328,True,False,,2,,,,False,277,AM-210,materials/cfd/Images/CFD/AM-210/CFD-AM-210-035-N.jpg,BF-010,materials/cfd/Images/CFD/BF-010/CFD-BF-010-019-A.jpg,z,1.5
9,2,123,test,0,female,Black,male,Black,neutral,,,,rearranged,m,2297,False,False,,2,,,,False,279,BF-251,materials/cfd/Images/CFD/BF-251/CFD-BF-251-211-N.jpg,BM-206,materials/cfd/Images/CFD/BM-206/CFD-BM-206-114-N.jpg,z,1.5
9,2,124,test,0,female,Black,female,White,angry,,,,intact,z,1357,False,False,,2,,,,False,281,BF-222,materials/cfd/Images/CFD/BF-222/CFD-BF-222-240-N.jpg,WF-028,materials/cfd/Images/CFD/WF-028/CFD-WF-028-026-A.jpg,m,1.5
9,2,125,test,0,male,Black,female,Black,neutral,,,,rearranged,z,2108,True,False,,2,,,,False,283,BM-017,materials/cfd/Images/CFD/BM-017/CFD-BM-017-021-N.jpg,BF-020,materials/cfd/Images/CFD/BF-020/CFD-BF-020-002-N.jpg,z,1.5
9,2,126,test,0,female,White,female,White,angry,,,,intact,m,2155,True,False,,2,,,,False,285,WF-250,materials/cfd/Images/CFD/WF-250/CFD-WF-250-167-N.jpg,WF-005,materials/cfd/Images/CFD/WF-005/CFD-WF-005-022-A.jpg,m,1.5
9,2,127,test,0,male,Black,female,White,angry,,,,rearranged,z,1776,True,False,,2,,,,False,287,BM-205,materials/cfd/Images/CFD/BM-205/CFD-BM-205-001-N.jpg,WF-003,materials/cfd/Images/CFD/WF-003/CFD-WF-003-014-A.jpg,z,1.5
9,2,128,test,0,male,Asian,female,White,neutral,,,,intact,m,2306,True,False,,2,,,,False,289,AM-229,materials/cfd/Images/CFD/AM-229/CFD-AM-229-224-N.jpg,WF-201,materials/cfd/Images/CFD/WF-201/CFD-WF-201-156-N.jpg,m,1.5
9,2,129,test,0,female,White,female,Black,neutral,,,,rearranged,z,2106,True,False,,2,,,,False,291,WF-025,materials/cfd/Images/CFD/WF-025/CFD-WF-025-019-N.jpg,BF-204,materials/cfd/Images/CFD/BF-204/CFD-BF-204-189-N.jpg,z,1.5
9,2,130,test,0,female,Asian,male,White,happy,,,,intact,z,1464,False,False,,2,,,,False,293,AF-256,materials/cfd/Images/CFD/AF-256/CFD-AF-256-160-N.jpg,WM-004,materials/cfd/Images/CFD/WM-004/CFD-WM-004-006-HO.jpg,m,1.5
9,2,131,test,0,female,Asian,female,Black,neutral,,,,intact,z,1997,False,False,,2,,,,False,295,AF-246,materials/cfd/Images/CFD/AF-246/CFD-AF-246-242-N.jpg,BF-206,materials/cfd/Images/CFD/BF-206/CFD-BF-206-143-N.jpg,m,1.5
9,2,132,test,0,female,White,female,White,neutral,,,,intact,m,2575,True,False,,2,,,,False,297,WF-237,materials/cfd/Images/CFD/WF-237/CFD-WF-237-067-N.jpg,WF-228,materials/cfd/Images/CFD/WF-228/CFD-WF-228-196-N.jpg,m,1.5
9,2,133,test,0,male,Black,male,White,neutral,,,,intact,z,2048,False,False,,2,,,,False,299,BM-247,materials/cfd/Images/CFD/BM-247/CFD-BM-247-240-N.jpg,WM-215,materials/cfd/Images/CFD/WM-215/CFD-WM-215-041-N.jpg,m,1.5
9,2,134,test,0,female,Latino,female,White,angry,,,,intact,m,1499,True,False,,2,,,,False,301,LF-232,materials/cfd/Images/CFD/LF-232/CFD-LF-232-199-N.jpg,WF-011,materials/cfd/Images/CFD/WF-011/CFD-WF-011-011-A.jpg,m,1.5
9,2,135,test,0,male,Latino,female,White,happy,,,,rearranged,m,2099,False,False,,2,,,,False,303,LM-253,materials/cfd/Images/CFD/LM-253/CFD-LM-253-075-N.jpg,WF-035,materials/cfd/Images/CFD/WF-035/CFD-WF-035-027-HO.jpg,z,1.5
9,2,136,test,0,female,White,female,White,neutral,,,,rearranged,m,1465,False,False,,2,,,,False,305,WF-244,materials/cfd/Images/CFD/WF-244/CFD-WF-244-163-N.jpg,WF-223,materials/cfd/Images/CFD/WF-223/CFD-WF-223-133-N.jpg,z,1.5
9,2,137,test,0,female,Latino,female,White,happy,,,,intact,m,2614,True,False,,2,,,,False,307,LF-253,materials/cfd/Images/CFD/LF-253/CFD-LF-253-003-N.jpg,WF-001,materials/cfd/Images/CFD/WF-001/CFD-WF-001-009-HO.jpg,m,1.5
9,2,138,test,0,male,Black,male,White,angry,,,,rearranged,z,2153,True,False,,2,,,,False,309,BM-026,materials/cfd/Images/CFD/BM-026/CFD-BM-026-002-N.jpg,WM-018,materials/cfd/Images/CFD/WM-018/CFD-WM-018-007-A.jpg,z,1.5
9,2,139,test,0,male,White,female,White,neutral,,,,rearranged,,,False,True,,2,,,,False,311,WM-212,materials/cfd/Images/CFD/WM-212/CFD-WM-212-097-N.jpg,WF-241,materials/cfd/Images/CFD/WF-241/CFD-WF-241-210-N.jpg,z,1.5
9,2,140,test,0,female,Black,female,Black,happy,,,,rearranged,m,1465,False,False,,2,,,,False,313,BF-214,materials/cfd/Images/CFD/BF-214/CFD-BF-214-308-N.jpg,BF-049,materials/cfd/Images/CFD/BF-049/CFD-BF-049-034-HO.jpg,z,1.5
9,2,141,test,0,female,Latino,male,Black,neutral,,,,intact,m,1536,True,False,,2,,,,False,315,LF-208,materials/cfd/Images/CFD/LF-208/CFD-LF-208-127-N.jpg,BM-044,materials/cfd/Images/CFD/BM-044/CFD-BM-044-001-N.jpg,m,1.5
9,2,142,test,0,female,Latino,female,Black,happy,,,,rearranged,m,1790,False,False,,2,,,,False,317,LF-222,materials/cfd/Images/CFD/LF-222/CFD-LF-222-147-N.jpg,BF-017,materials/cfd/Images/CFD/BF-017/CFD-BF-017-004-HO.jpg,z,1.5
9,2,143,test,0,male,Black,male,White,happy,,,,rearranged,z,1549,True,False,,2,,,,False,319,BM-033,materials/cfd/Images/CFD/BM-033/CFD-BM-033-003-N.jpg,WM-022,materials/cfd/Images/CFD/WM-022/CFD-WM-022-005-HO.jpg,z,1.5
9,2,144,test,0,female,Black,male,Black,happy,,,,intact,m,1860,True,False,,2,,,,False,321,BF-202,materials/cfd/Images/CFD/BF-202/CFD-BF-202-109-N.jpg,BM-015,materials/cfd/Images/CFD/BM-015/CFD-BM-015-016-HO.jpg,m,1.5
9,2,145,test,0,male,Black,male,White,angry,,,,intact,m,1854,True,False,,2,,,,False,323,BM-253,materials/cfd/Images/CFD/BM-253/CFD-BM-253-004-N.jpg,WM-039,materials/cfd/Images/CFD/WM-039/CFD-WM-039-010-A.jpg,m,1.5
9,2,146,test,0,male,Black,male,White,neutral,,,,rearranged,z,1761,True,False,,2,,,,False,325,BM-004,materials/cfd/Images/CFD/BM-004/CFD-BM-004-002-N.jpg,WM-037,materials/cfd/Images/CFD/WM-037/CFD-WM-037-025-N.jpg,z,1.5
9,2,147,test,0,male,White,male,White,happy,,,,intact,m,2089,True,False,,2,,,,False,327,WM-248,materials/cfd/Images/CFD/WM-248/CFD-WM-248-036-N.jpg,WM-025,materials/cfd/Images/CFD/WM-025/CFD-WM-025-019-HO.jpg,m,1.5
9,2,148,test,0,male,White,male,Black,happy,,,,intact,m,1473,True,False,,2,,,,False,329,WM-024,materials/cfd/Images/CFD/WM-024/CFD-WM-024-015-N.jpg,BM-019,materials/cfd/Images/CFD/BM-019/CFD-BM-019-004-HO.jpg,m,1.5
9,2,149,test,0,female,Latino,male,White,happy,,,,intact,m,1545,True,False,,2,,,,False,331,LF-213,materials/cfd/Images/CFD/LF-213/CFD-LF-213-079-N.jpg,WM-019,materials/cfd/Images/CFD/WM-019/CFD-WM-019-009-HO.jpg,m,1.5
9,2,150,test,0,female,White,female,Black,angry,,,,rearranged,z,1617,True,False,,2,,,,False,333,WF-202,materials/cfd/Images/CFD/WF-202/CFD-WF-202-056-N.jpg,BF-048,materials/cfd/Images/CFD/BF-048/CFD-BF-048-038-A.jpg,z,1.5
9,2,151,test,1,male,Asian,male,White,happy,,,,rearranged,z,1392,True,False,,2,,,,False,336,AM-202,materials/cfd/Images/CFD/AM-202/CFD-AM-202-079-N.jpg,WM-038,materials/cfd/Images/CFD/WM-038/CFD-WM-038-005-HO.jpg,z,1.5
9,2,152,test,1,male,Asian,female,White,angry,,,,intact,m,1281,True,False,,2,,,,False,338,AM-217,materials/cfd/Images/CFD/AM-217/CFD-AM-217-085-N.jpg,WF-027,materials/cfd/Images/CFD/WF-027/CFD-WF-027-014-A.jpg,m,1.5
9,2,153,test,1,male,Black,male,White,angry,,,,intact,m,1059,True,False,,2,,,,False,340,BM-219,materials/cfd/Images/CFD/BM-219/CFD-BM-219-141-N.jpg,WM-013,materials/cfd/Images/CFD/WM-013/CFD-WM-013-015-A.jpg,m,1.5
9,2,154,test,1,male,Black,female,White,angry,,,,intact,m,1037,True,False,,2,,,,False,342,BM-237,materials/cfd/Images/CFD/BM-237/CFD-BM-237-188-N.jpg,WF-014,materials/cfd/Images/CFD/WF-014/CFD-WF-014-012-A.jpg,m,1.5
9,2,155,test,1,male,Asian,male,White,angry,,,,rearranged,m,1152,False,False,,2,,,,False,344,AM-225,materials/cfd/Images/CFD/AM-225/CFD-AM-225-102-N.jpg,WM-035,materials/cfd/Images/CFD/WM-035/CFD-WM-035-018-A.jpg,z,1.5
9,2,156,test,1,male,White,female,White,happy,,,,intact,m,1070,True,False,,2,,,,False,346,WM-257,materials/cfd/Images/CFD/WM-257/CFD-WM-257-161-N.jpg,WF-017,materials/cfd/Images/CFD/WF-017/CFD-WF-017-015-HO.jpg,m,1.5
9,2,157,test,1,female,Asian,female,White,neutral,,,,intact,m,1925,True,False,,2,,,,False,348,AF-244,materials/cfd/Images/CFD/AF-244/CFD-AF-244-168-N.jpg,WF-221,materials/cfd/Images/CFD/WF-221/CFD-WF-221-005-N.jpg,m,1.5
9,2,158,test,1,male,Latino,female,White,neutral,,,,intact,z,1871,False,False,,2,,,,False,350,LM-208,materials/cfd/Images/CFD/LM-208/CFD-LM-208-110-N.jpg,WF-251,materials/cfd/Images/CFD/WF-251/CFD-WF-251-014-N.jpg,m,1.5
9,2,159,test,1,female,Black,female,White,angry,,,,rearranged,m,1577,False,False,,2,,,,False,352,BF-031,materials/cfd/Images/CFD/BF-031/CFD-BF-031-002-N.jpg,WF-024,materials/cfd/Images/CFD/WF-024/CFD-WF-024-029-A.jpg,z,1.5
9,2,160,test,1,male,Black,female,Black,happy,,,,intact,m,2342,True,False,,2,,,,False,354,BM-228,materials/cfd/Images/CFD/BM-228/CFD-BM-228-145-N.jpg,BF-007,materials/cfd/Images/CFD/BF-007/CFD-BF-007-004-HO.jpg,m,1.5
9,2,161,test,1,male,Black,female,Black,happy,,,,rearranged,z,1306,True,False,,2,,,,False,356,BM-229,materials/cfd/Images/CFD/BM-229/CFD-BM-229-209-N.jpg,BF-044,materials/cfd/Images/CFD/BF-044/CFD-BF-044-007-HO.jpg,z,1.5
9,2,162,test,1,female,Black,female,Black,happy,,,,intact,m,1520,True,False,,2,,,,False,358,BF-027,materials/cfd/Images/CFD/BF-027/CFD-BF-027-002-N.jpg,BF-047,materials/cfd/Images/CFD/BF-047/CFD-BF-047-028-HO.jpg,m,1.5
9,2,163,test,1,female,White,male,Black,neutral,,,,rearranged,z,1552,True,False,,2,,,,False,360,WF-012,materials/cfd/Images/CFD/WF-012/CFD-WF-012-002-N.jpg,BM-201,materials/cfd/Images/CFD/BM-201/CFD-BM-201-077-N.jpg,z,1.5
9,2,164,test,1,male,Asian,female,Black,neutral,,,,intact,z,1578,False,False,,2,,,,False,362,AM-212,materials/cfd/Images/CFD/AM-212/CFD-AM-212-050-N.jpg,BF-041,materials/cfd/Images/CFD/BF-041/CFD-BF-041-001-N.jpg,m,1.5
9,2,165,test,1,female,White,male,White,angry,,,,intact,m,1385,True,False,,2,,,,False,364,WF-208,materials/cfd/Images/CFD/WF-208/CFD-WF-208-068-N.jpg,WM-016,materials/cfd/Images/CFD/WM-016/CFD-WM-016-008-A.jpg,m,1.5
9,2,166,test,1,female,White,male,Black,happy,,,,rearranged,z,1758,True,False,,2,,,,False,366,WF-031,materials/cfd/Images/CFD/WF-031/CFD-WF-031-027-N.jpg,BM-041,materials/cfd/Images/CFD/BM-041/CFD-BM-041-041-HO.jpg,z,1.5
9,2,167,test,1,female,Black,male,Black,neutral,,,,rearranged,m,1812,False,False,,2,,,,False,368,BF-002,materials/cfd/Images/CFD/BF-002/CFD-BF-002-001-N.jpg,BM-203,materials/cfd/Images/CFD/BM-203/CFD-BM-203-001-N.jpg,z,1.5
9,2,168,test,1,male,Asian,male,Black,happy,,,,intact,m,1786,True,False,,2,,,,False,370,AM-209,materials/cfd/Images/CFD/AM-209/CFD-AM-209-048-N.jpg,BM-020,materials/cfd/Images/CFD/BM-020/CFD-BM-020-026-HO.jpg,m,1.5
9,2,169,test,1,female,Black,male,Black,neutral,,,,intact,m,1708,True,False,,2,,,,False,372,BF-004,materials/cfd/Images/CFD/BF-004/CFD-BF-004-014-N.jpg,BM-046,materials/cfd/Images/CFD/BM-046/CFD-BM-046-006-N.jpg,m,1.5
9,2,170,test,1,female,Asian,male,Black,angry,,,,rearranged,z,1821,True,False,,2,,,,False,374,AF-216,materials/cfd/Images/CFD/AF-216/CFD-AF-216-106-N.jpg,BM-045,materials/cfd/Images/CFD/BM-045/CFD-BM-045-061-A.jpg,z,1.5
9,2,171,test,1,female,Black,female,Black,happy,,,,rearranged,m,1371,False,False,,2,,,,False,376,BF-208,materials/cfd/Images/CFD/BF-208/CFD-BF-208-266-N.jpg,BF-003,materials/cfd/Images/CFD/BF-003/CFD-BF-003-004-HO.jpg,z,1.5
9,2,172,test,1,female,White,male,White,angry,,,,intact,z,1580,False,False,,2,,,,False,378,WF-247,materials/cfd/Images/CFD/WF-247/CFD-WF-247-065-N.jpg,WM-003,materials/cfd/Images/CFD/WM-003/CFD-WM-003-008-A.jpg,m,1.5
9,2,173,test,1,male,White,male,Black,angry,,,,rearranged,z,1248,True,False,,2,,,,False,380,WM-028,materials/cfd/Images/CFD/WM-028/CFD-WM-028-003-N.jpg,BM-024,materials/cfd/Images/CFD/BM-024/CFD-BM-024-018-A.jpg,z,1.5
9,2,174,test,1,male,White,male,White,neutral,,,,rearranged,m,1180,False,False,,2,,,,False,382,WM-252,materials/cfd/Images/CFD/WM-252/CFD-WM-252-224-N.jpg,WM-031,materials/cfd/Images/CFD/WM-031/CFD-WM-031-003-N.jpg,z,1.5
9,2,175,test,1,male,Latino,female,Black,happy,,,,rearranged,z,1252,True,False,,2,,,,False,384,LM-203,materials/cfd/Images/CFD/LM-203/CFD-LM-203-026-N.jpg,BF-025,materials/cfd/Images/CFD/BF-025/CFD-BF-025-005-HO.jpg,z,1.5
9,2,176,test,1,female,Black,male,White,angry,,,,rearranged,m,1385,False,False,,2,,,,False,386,BF-233,materials/cfd/Images/CFD/BF-233/CFD-BF-233-116-N.jpg,WM-036,materials/cfd/Images/CFD/WM-036/CFD-WM-036-018-A.jpg,z,1.5
9,2,177,test,1,male,White,male,White,neutral,,,,intact,m,1271,True,False,,2,,,,False,388,WM-201,materials/cfd/Images/CFD/WM-201/CFD-WM-201-063-N.jpg,WM-023,materials/cfd/Images/CFD/WM-023/CFD-WM-023-001-N.jpg,m,1.5
9,2,178,test,1,male,Asian,female,Black,angry,,,,intact,z,1445,False,False,,2,,,,False,390,AM-226,materials/cfd/Images/CFD/AM-226/CFD-AM-226-234-N.jpg,BF-011,materials/cfd/Images/CFD/BF-011/CFD-BF-011-011-A.jpg,m,1.5
9,2,179,test,1,male,White,male,Black,neutral,,,,rearranged,m,1319,False,False,,2,,,,False,392,WM-012,materials/cfd/Images/CFD/WM-012/CFD-WM-012-001-N.jpg,BM-016,materials/cfd/Images/CFD/BM-016/CFD-BM-016-036-N.jpg,z,1.5
9,2,180,test,1,female,White,male,White,happy,,,,rearranged,z,1353,True,False,,2,,,,False,394,WF-249,materials/cfd/Images/CFD/WF-249/CFD-WF-249-126-N.jpg,WM-015,materials/cfd/Images/CFD/WM-015/CFD-WM-015-005-HO.jpg,z,1.5
10,2,1,study,0,female,Black,male,Black,angry,,,,,z,1080,True,False,,1,,,,False,17,BF-019,materials/cfd/Images/CFD/BF-019/CFD-BF-019-001-N.jpg,BM-031,materials/cfd/Images/CFD/BM-031/CFD-BM-031-030-A.jpg,z,1.25
10,2,2,study,0,female,Latino,female,Black,neutral,,,,,z,1289,True,False,,1,,,,False,19,LF-231,materials/cfd/Images/CFD/LF-231/CFD-LF-231-260-N.jpg,BF-241,materials/cfd/Images/CFD/BF-241/CFD-BF-241-222-N.jpg,z,1.25
10,2,3,study,0,female,Latino,female,Black,happy,,,,,z,904,True,False,,1,,,,False,21,LF-221,materials/cfd/Images/CFD/LF-221/CFD-LF-221-002-N.jpg,BF-015,materials/cfd/Images/CFD/BF-015/CFD-BF-015-006-HO.jpg,z,1.25
10,2,4,study,0,female,Latino,female,Black,happy,,,,,z,1096,True,False,,1,,,,False,23,LF-234,materials/cfd/Images/CFD/LF-234/CFD-LF-234-139-N.jpg,BF-013,materials/cfd/Images/CFD/BF-013/CFD-BF-013-003-HO.jpg,z,1.25
10,2,5,study,0,female,Black,male,Black,happy,,,,,z,1230,True,False,,1,,,,False,25,BF-209,materials/cfd/Images/CFD/BF-209/CFD-BF-209-172-N.jpg,BM-041,materials/cfd/Images/CFD/BM-041/CFD-BM-041-041-HO.jpg,z,1.25
10,2,6,study,0,male,Latino,male,White,neutral,,,,,m,891,True,False,,1,,,,False,27,LM-215,materials/cfd/Images/CFD/LM-215/CFD-LM-215-247-N.jpg,WM-013,materials/cfd/Images/CFD/WM-013/CFD-WM-013-001-N.jpg,m,1.25
10,2,7,study,0,female,White,male,White,neutral,,,,,m,2153,False,False,,1,,,,False,29,WF-035,materials/cfd/Images/CFD/WF-035/CFD-WF-035-024-N.jpg,WM-023,materials/cfd/Images/CFD/WM-023/CFD-WM-023-001-N.jpg,z,1.25
10,2,8,study,0,female,Black,male,White,neutral,,,,,z,1524,True,False,,1,,,,False,31,BF-030,materials/cfd/Images/CFD/BF-030/CFD-BF-030-002-N.jpg,WM-035,materials/cfd/Images/CFD/WM-035/CFD-WM-035-032-N.jpg,z,1.25
10,2,9,study,0,male,White,female,White,neutral,,,,,m,1672,True,False,,1,,,,False,33,WM-003,materials/cfd/Images/CFD/WM-003/CFD-WM-003-002-N.jpg,WF-213,materials/cfd/Images/CFD/WF-213/CFD-WF-213-031-N.jpg,m,1.25
10,2,10,study,0,female,Latino,male,Black,neutral,,,,,z,850,True,False,,1,,,,False,35,LF-238,materials/cfd/Images/CFD/LF-238/CFD-LF-238-154-N.jpg,BM-004,materials/cfd/Images/CFD/BM-004/CFD-BM-004-002-N.jpg,z,1.25
10,2,11,study,0,male,Black,female,White,happy,,,,,m,940,True,False,,1,,,,False,37,BM-207,materials/cfd/Images/CFD/BM-207/CFD-BM-207-024-N.jpg,WF-023,materials/cfd/Images/CFD/WF-023/CFD-WF-023-020-HO.jpg,m,1.25
10,2,12,study,0,male,White,female,Black,happy,,,,,m,881,True,False,,1,,,,False,39,WM-021,materials/cfd/Images/CFD/WM-021/CFD-WM-021-001-N.jpg,BF-032,materials/cfd/Images/CFD/BF-032/CFD-BF-032-043-HO.jpg,m,1.25
10,2,13,study,0,female,Black,male,White,angry,,,,,z,1284,True,False,,1,,,,False,41,BF-028,materials/cfd/Images/CFD/BF-028/CFD-BF-028-001-N.jpg,WM-017,materials/cfd/Images/CFD/WM-017/CFD-WM-017-011-A.jpg,z,1.25
10,2,14,study,0,male,Black,female,Black,neutral,,,,,m,1418,True,False,,1,,,,False,43,BM-018,materials/cfd/Images/CFD/BM-018/CFD-BM-018-001-N.jpg,BF-234,materials/cfd/Images/CFD/BF-234/CFD-BF-234-167-N.jpg,m,1.25
10,2,15,study,0,female,Black,male,Black,neutral,,,,,z,1355,True,False,,1,,,,False,45,BF-050,materials/cfd/Images/CFD/BF-050/CFD-BF-050-003-N.jpg,BM-231,materials/cfd/Images/CFD/BM-231/CFD-BM-231-155-N.jpg,z,1.25
10,2,16,study,0,male,Latino,male,White,neutral,,,,,m,869,True,False,,1,,,,False,47,LM-246,materials/cfd/Images/CFD/LM-246/CFD-LM-246-087-N.jpg,WM-257,materials/cfd/Images/CFD/WM-257/CFD-WM-257-161-N.jpg,m,1.25
10,2,17,study,0,male,White,female,White,angry,,,,,m,902,True,False,,1,,,,False,49,WM-238,materials/cfd/Images/CFD/WM-238/CFD-WM-238-020-N.jpg,WF-026,materials/cfd/Images/CFD/WF-026/CFD-WF-026-008-A.jpg,m,1.25
10,2,18,study,0,male,Latino,male,Black,neutral,,,,,m,775,True,False,,1,,,,False,51,LM-236,materials/cfd/Images/CFD/LM-236/CFD-LM-236-163-N.jpg,BM-210,materials/cfd/Images/CFD/BM-210/CFD-BM-210-148-N.jpg,m,1.25
10,2,19,study,0,male,White,female,White,angry,,,,,m,1189,True,False,,1,,,,False,53,WM-243,materials/cfd/Images/CFD/WM-243/CFD-WM-243-107-N.jpg,WF-011,materials/cfd/Images/CFD/WF-011/CFD-WF-011-011-A.jpg,m,1.25
10,2,20,study,0,male,Asian,female,Black,angry,,,,,m,883,True,False,,1,,,,False,55,AM-231,materials/cfd/Images/CFD/AM-231/CFD-AM-231-136-N.jpg,BF-004,materials/cfd/Images/CFD/BF-004/CFD-BF-004-021-A.jpg,m,1.25
10,2,21,study,0,female,White,female,Black,happy,,,,,z,785,True,False,,1,,,,False,57,WF-238,materials/cfd/Images/CFD/WF-238/CFD-WF-238-023-N.jpg,BF-036,materials/cfd/Images/CFD/BF-036/CFD-BF-036-030-HO.jpg,z,1.25
10,2,22,study,0,female,Latino,male,Black,angry,,,,,z,1480,True,False,,1,,,,False,59,LF-225,materials/cfd/Images/CFD/LF-225/CFD-LF-225-164-N.jpg,BM-040,materials/cfd/Images/CFD/BM-040/CFD-BM-040-013-A.jpg,z,1.25
10,2,23,study,0,female,Black,female,Black,happy,,,,,z,1438,True,False,,1,,,,False,61,BF-251,materials/cfd/Images/CFD/BF-251/CFD-BF-251-211-N.jpg,BF-045,materials/cfd/Images/CFD/BF-045/CFD-BF-045-062-HO.jpg,z,1.25
10,2,24,study,0,female,White,female,Black,angry,,,,,z,2068,True,False,,1,,,,False,63,WF-211,materials/cfd/Images/CFD/WF-211/CFD-WF-211-001-N.jpg,BF-010,materials/cfd/Images/CFD/BF-010/CFD-BF-010-019-A.jpg,z,1.25
10,2,25,study,0,male,Black,female,White,happy,,,,,m,767,True,False,,1,,,,False,65,BM-202,materials/cfd/Images/CFD/BM-202/CFD-BM-202-063-N.jpg,WF-014,materials/cfd/Images/CFD/WF-014/CFD-WF-014-004-HO.jpg,m,1.25
10,2,26,study,0,male,Latino,female,Black,angry,,,,,m,812,True,False,,1,,,,False,67,LM-204,materials/cfd/Images/CFD/LM-204/CFD-LM-204-001-N.jpg,BF-048,materials/cfd/Images/CFD/BF-048/CFD-BF-048-038-A.jpg,m,1.25
10,2,27,study,0,male,White,female,White,happy,,,,,m,1070,True,False,,1,,,,False,69,WM-234,materials/cfd/Images/CFD/WM-234/CFD-WM-234-118-N.jpg,WF-008,materials/cfd/Images/CFD/WF-008/CFD-WF-008-003-HO.jpg,m,1.25
10,2,28,study,0,male,White,female,White,happy,,,,,z,1477,False,False,,1,,,,False,71,WM-242,materials/cfd/Images/CFD/WM-242/CFD-WM-242-011-N.jpg,WF-038,materials/cfd/Images/CFD/WF-038/CFD-WF-038-023-HO.jpg,m,1.25
10,2,29,study,0,male,Asian,female,Black,neutral,,,,,m,1152,True,False,,1,,,,False,73,AM-248,materials/cfd/Images/CFD/AM-248/CFD-AM-248-104-N.jpg,BF-244,materials/cfd/Images/CFD/BF-244/CFD-BF-244-231-N.jpg,m,1.25
10,2,30,study,0,male,Black,female,Black,neutral,,,,,m,749,True,False,,1,,,,False,75,BM-012,materials/cfd/Images/CFD/BM-012/CFD-BM-012-018-N.jpg,BF-231,materials/cfd/Images/CFD/BF-231/CFD-BF-231-202-N.jpg,m,1.25
10,2,31,study,1,female,Asian,female,Black,neutral,,,,,z,937,True,False,,1,,,,False,78,AF-204,materials/cfd/Images/CFD/AF-204/CFD-AF-204-067-N.jpg,BF-002,materials/cfd/Images/CFD/BF-002/CFD-BF-002-001-N.jpg,z,1.25
10,2,32,study,1,female,Asian,male,White,happy,,,,,z,1224,True,False,,1,,,,False,80,AF-222,materials/cfd/Images/CFD/AF-222/CFD-AF-222-134-N.jpg,WM-029,materials/cfd/Images/CFD/WM-029/CFD-WM-029-029-HO.jpg,z,1.25
10,2,33,study,1,male,Black,female,White,angry,,,,,m,730,True,False,,1,,,,False,82,BM-229,materials/cfd/Images/CFD/BM-229/CFD-BM-229-209-N.jpg,WF-018,materials/cfd/Images/CFD/WF-018/CFD-WF-018-012-A.jpg,m,1.25
10,2,34,study,1,female,Asian,male,Black,neutral,,,,,z,683,True,False,,1,,,,False,84,AF-254,materials/cfd/Images/CFD/AF-254/CFD-AF-254-167-N.jpg,BM-009,materials/cfd/Images/CFD/BM-009/CFD-BM-009-002-N.jpg,z,1.25
10,2,35,study,1,female,White,female,White,angry,,,,,z,608,True,False,,1,,,,False,86,WF-012,materials/cfd/Images/CFD/WF-012/CFD-WF-012-002-N.jpg,WF-029,materials/cfd/Images/CFD/WF-029/CFD-WF-029-026-A.jpg,z,1.25
10,2,36,study,1,female,Black,male,Black,happy,,,,,z,1367,True,False,,1,,,,False,88,BF-253,materials/cfd/Images/CFD/BF-253/CFD-BF-253-202-N.jpg,BM-026,materials/cfd/Images/CFD/BM-026/CFD-BM-026-009-HO.jpg,z,1.25
10,2,37,study,1,female,Black,male,Black,angry,,,,,z,1178,True,False,,1,,,,False,90,BF-021,materials/cfd/Images/CFD/BF-021/CFD-BF-021-013-N.jpg,BM-030,materials/cfd/Images/CFD/BM-030/CFD-BM-030-041-A.jpg,z,1.25
10,2,38,study,1,male,Latino,male,Black,neutral,,,,,m,715,True,False,,1,,,,False,92,LM-202,materials/cfd/Images/CFD/LM-202/CFD-LM-202-072-N.jpg,BM-212,materials/cfd/Images/CFD/BM-212/CFD-BM-212-117-N.jpg,m,1.25
10,2,39,study,1,female,Asian,male,Black,happy,,,,,z,1025,True,False,,1,,,,False,94,AF-221,materials/cfd/Images/CFD/AF-221/CFD-AF-221-147-N.jpg,BM-025,materials/cfd/Images/CFD/BM-025/CFD-BM-025-040-HO.jpg,z,1.25
10,2,40,study,1,male,Asian,male,Black,angry,,,,,m,936,True,False,,1,,,,False,96,AM-228,materials/cfd/Images/CFD/AM-228/CFD-AM-228-214-N.jpg,BM-037,materials/cfd/Images/CFD/BM-037/CFD-BM-037-041-A.jpg,m,1.25
10,2,41,study,1,female,Latino,female,Black,neutral,,,,,z,746,True,False,,1,,,,False,98,LF-236,materials/cfd/Images/CFD/LF-236/CFD-LF-236-221-N.jpg,BF-014,materials/cfd/Images/CFD/BF-014/CFD-BF-014-002-N.jpg,z,1.25
10,2,42,study,1,male,Asian,male,Black,neutral,,,,,m,926,True,False,,1,,,,False,100,AM-201,materials/cfd/Images/CFD/AM-201/CFD-AM-201-076-N.jpg,BM-011,materials/cfd/Images/CFD/BM-011/CFD-BM-011-016-N.jpg,m,1.25
10,2,43,study,1,male,White,male,Black,happy,,,,,m,798,True,False,,1,,,,False,102,WM-031,materials/cfd/Images/CFD/WM-031/CFD-WM-031-003-N.jpg,BM-043,materials/cfd/Images/CFD/BM-043/CFD-BM-043-076-HO.jpg,m,1.25
10,2,44,study,1,female,Black,female,White,happy,,,,,z,1009,True,False,,1,,,,False,104,BF-229,materials/cfd/Images/CFD/BF-229/CFD-BF-229-179-N.jpg,WF-017,materials/cfd/Images/CFD/WF-017/CFD-WF-017-015-HO.jpg,z,1.25
10,2,45,study,1,female,White,female,Black,angry,,,,,z,1179,True,False,,1,,,,False,106,WF-202,materials/cfd/Images/CFD/WF-202/CFD-WF-202-056-N.jpg,BF-007,materials/cfd/Images/CFD/BF-007/CFD-BF-007-013-A.jpg,z,1.25
10,2,46,study,1,female,Asian,female,Black,angry,,,,,z,1194,True,False,,1,,,,False,108,AF-225,materials/cfd/Images/CFD/AF-225/CFD-AF-225-141-N.jpg,BF-040,materials/cfd/Images/CFD/BF-040/CFD-BF-040-051-A.jpg,z,1.25
10,2,47,study,1,male,Asian,male,Black,happy,,,,,m,1099,True,False,,1,,,,False,110,AM-226,materials/cfd/Images/CFD/AM-226/CFD-AM-226-234-N.jpg,BM-029,materials/cfd/Images/CFD/BM-029/CFD-BM-029-029-HO.jpg,m,1.25
10,2,48,study,1,male,Black,male,White,happy,,,,,m,1403,True,False,,1,,,,False,112,BM-200,materials/cfd/Images/CFD/BM-200/CFD-BM-200-046-N.jpg,WM-020,materials/cfd/Images/CFD/WM-020/CFD-WM-020-003-HO.jpg,m,1.25
10,2,49,study,1,male,White,male,White,angry,,,,,m,1095,True,False,,1,,,,False,114,WM-014,materials/cfd/Images/CFD/WM-014/CFD-WM-014-002-N.jpg,WM-006,materials/cfd/Images/CFD/WM-006/CFD-WM-006-022-A.jpg,m,1.25
10,2,50,study,1,male,White,female,Black,neutral,,,,,m,1397,True,False,,1,,,,False,116,WM-222,materials/cfd/Images/CFD/WM-222/CFD-WM-222-057-N.jpg,BF-024,materials/cfd/Images/CFD/BF-024/CFD-BF-024-002-N.jpg,m,1.25
10,2,51,study,1,female,Asian,female,White,neutral,,,,,z,1427,True,False,,1,,,,False,118,AF-215,materials/cfd/Images/CFD/AF-215/CFD-AF-215-70-N.jpg,WF-242,materials/cfd/Images/CFD/WF-242/CFD-WF-242-001-N.jpg,z,1.25
10,2,52,study,1,male,Asian,male,Black,happy,,,,,m,768,True,False,,1,,,,False,120,AM-235,materials/cfd/Images/CFD/AM-235/CFD-AM-235-241-N.jpg,BM-028,materials/cfd/Images/CFD/BM-028/CFD-BM-028-028-HO.jpg,m,1.25
10,2,53,study,1,female,Latino,male,Black,angry,,,,,z,658,True,False,,1,,,,False,122,LF-243,materials/cfd/Images/CFD/LF-243/CFD-LF-243-175-N.jpg,BM-046,materials/cfd/Images/CFD/BM-046/CFD-BM-046-048-A.jpg,z,1.25
10,2,54,study,1,male,Black,male,Black,angry,,,,,m,695,True,False,,1,,,,False,124,BM-002,materials/cfd/Images/CFD/BM-002/CFD-BM-002-013-N.jpg,BM-003,materials/cfd/Images/CFD/BM-003/CFD-BM-003-030-A.jpg,m,1.25
10,2,55,study,1,male,Black,male,Black,angry,,,,,m,941,True,False,,1,,,,False,126,BM-241,materials/cfd/Images/CFD/BM-241/CFD-BM-241-235-N.jpg,BM-038,materials/cfd/Images/CFD/BM-038/CFD-BM-038-038-A.jpg,m,1.25
10,2,56,study,1,female,White,male,Black,happy,,,,,z,957,True,False,,1,,,,False,128,WF-208,materials/cfd/Images/CFD/WF-208/CFD-WF-208-068-N.jpg,BM-024,materials/cfd/Images/CFD/BM-024/CFD-BM-024-061-HO.jpg,z,1.25
10,2,57,study,1,female,Latino,female,White,neutral,,,,,z,985,True,False,,1,,,,False,130,LF-235,materials/cfd/Images/CFD/LF-235/CFD-LF-235-219-N.jpg,WF-205,materials/cfd/Images/CFD/WF-205/CFD-WF-205-006-N.jpg,z,1.25
10,2,58,study,1,female,White,female,White,angry,,,,,z,876,True,False,,1,,,,False,132,WF-226,materials/cfd/Images/CFD/WF-226/CFD-WF-226-095-N.jpg,WF-024,materials/cfd/Images/CFD/WF-024/CFD-WF-024-029-A.jpg,z,1.25
10,2,59,study,1,male,Latino,male,White,happy,,,,,m,1473,True,False,,1,,,,False,134,LM-229,materials/cfd/Images/CFD/LM-229/CFD-LM-229-187-N.jpg,WM-036,materials/cfd/Images/CFD/WM-036/CFD-WM-036-034-HO.jpg,m,1.25
10,2,60,study,1,male,White,male,Black,angry,,,,,m,1702,True,False,,1,,,,False,136,WM-026,materials/cfd/Images/CFD/WM-026/CFD-WM-026-001-N.jpg,BM-020,materials/cfd/Images/CFD/BM-020/CFD-BM-020-037-A.jpg,m,1.25
10,2,61,study,0,female,Asian,female,Black,angry,,,,,z,832,True,False,,1,,,,False,139,AF-225,materials/cfd/Images/CFD/AF-225/CFD-AF-225-141-N.jpg,BF-040,materials/cfd/Images/CFD/BF-040/CFD-BF-040-051-A.jpg,z,1.25
10,2,62,study,0,male,Latino,male,Black,neutral,,,,,m,1123,True,False,,1,,,,False,141,LM-202,materials/cfd/Images/CFD/LM-202/CFD-LM-202-072-N.jpg,BM-212,materials/cfd/Images/CFD/BM-212/CFD-BM-212-117-N.jpg,m,1.25
10,2,63,study,0,female,Asian,male,Black,neutral,,,,,z,1106,True,False,,1,,,,False,143,AF-254,materials/cfd/Images/CFD/AF-254/CFD-AF-254-167-N.jpg,BM-009,materials/cfd/Images/CFD/BM-009/CFD-BM-009-002-N.jpg,z,1.25
10,2,64,study,0,male,Black,female,Black,neutral,,,,,m,1138,True,False,,1,,,,False,145,BM-012,materials/cfd/Images/CFD/BM-012/CFD-BM-012-018-N.jpg,BF-231,materials/cfd/Images/CFD/BF-231/CFD-BF-231-202-N.jpg,m,1.25
10,2,65,study,0,male,White,female,White,happy,,,,,m,1394,True,False,,1,,,,False,147,WM-234,materials/cfd/Images/CFD/WM-234/CFD-WM-234-118-N.jpg,WF-008,materials/cfd/Images/CFD/WF-008/CFD-WF-008-003-HO.jpg,m,1.25
10,2,66,study,0,female,White,male,White,neutral,,,,,z,1056,True,False,,1,,,,False,149,WF-035,materials/cfd/Images/CFD/WF-035/CFD-WF-035-024-N.jpg,WM-023,materials/cfd/Images/CFD/WM-023/CFD-WM-023-001-N.jpg,z,1.25
10,2,67,study,0,male,Black,male,Black,angry,,,,,m,876,True,False,,1,,,,False,151,BM-002,materials/cfd/Images/CFD/BM-002/CFD-BM-002-013-N.jpg,BM-003,materials/cfd/Images/CFD/BM-003/CFD-BM-003-030-A.jpg,m,1.25
10,2,68,study,0,female,Latino,male,Black,angry,,,,,z,955,True,False,,1,,,,False,153,LF-243,materials/cfd/Images/CFD/LF-243/CFD-LF-243-175-N.jpg,BM-046,materials/cfd/Images/CFD/BM-046/CFD-BM-046-048-A.jpg,z,1.25
10,2,69,study,0,female,Black,male,White,neutral,,,,,z,1133,True,False,,1,,,,False,155,BF-030,materials/cfd/Images/CFD/BF-030/CFD-BF-030-002-N.jpg,WM-035,materials/cfd/Images/CFD/WM-035/CFD-WM-035-032-N.jpg,z,1.25
10,2,70,study,0,male,White,female,White,happy,,,,,m,1559,True,False,,1,,,,False,157,WM-242,materials/cfd/Images/CFD/WM-242/CFD-WM-242-011-N.jpg,WF-038,materials/cfd/Images/CFD/WF-038/CFD-WF-038-023-HO.jpg,m,1.25
10,2,71,study,0,male,Asian,male,Black,neutral,,,,,m,968,True,False,,1,,,,False,159,AM-201,materials/cfd/Images/CFD/AM-201/CFD-AM-201-076-N.jpg,BM-011,materials/cfd/Images/CFD/BM-011/CFD-BM-011-016-N.jpg,m,1.25
10,2,72,study,0,female,Asian,male,White,happy,,,,,z,1057,True,False,,1,,,,False,161,AF-222,materials/cfd/Images/CFD/AF-222/CFD-AF-222-134-N.jpg,WM-029,materials/cfd/Images/CFD/WM-029/CFD-WM-029-029-HO.jpg,z,1.25
10,2,73,study,0,male,Latino,female,Black,angry,,,,,m,844,True,False,,1,,,,False,163,LM-204,materials/cfd/Images/CFD/LM-204/CFD-LM-204-001-N.jpg,BF-048,materials/cfd/Images/CFD/BF-048/CFD-BF-048-038-A.jpg,m,1.25
10,2,74,study,0,male,White,male,Black,happy,,,,,m,851,True,False,,1,,,,False,165,WM-031,materials/cfd/Images/CFD/WM-031/CFD-WM-031-003-N.jpg,BM-043,materials/cfd/Images/CFD/BM-043/CFD-BM-043-076-HO.jpg,m,1.25
10,2,75,study,0,male,Latino,male,White,neutral,,,,,m,839,True,False,,1,,,,False,167,LM-215,materials/cfd/Images/CFD/LM-215/CFD-LM-215-247-N.jpg,WM-013,materials/cfd/Images/CFD/WM-013/CFD-WM-013-001-N.jpg,m,1.25
10,2,76,study,0,female,Latino,female,Black,neutral,,,,,z,1119,True,False,,1,,,,False,169,LF-231,materials/cfd/Images/CFD/LF-231/CFD-LF-231-260-N.jpg,BF-241,materials/cfd/Images/CFD/BF-241/CFD-BF-241-222-N.jpg,z,1.25
10,2,77,study,0,female,Black,male,Black,happy,,,,,z,1210,True,False,,1,,,,False,171,BF-253,materials/cfd/Images/CFD/BF-253/CFD-BF-253-202-N.jpg,BM-026,materials/cfd/Images/CFD/BM-026/CFD-BM-026-009-HO.jpg,z,1.25
10,2,78,study,0,female,Asian,male,Black,happy,,,,,z,1175,True,False,,1,,,,False,173,AF-221,materials/cfd/Images/CFD/AF-221/CFD-AF-221-147-N.jpg,BM-025,materials/cfd/Images/CFD/BM-025/CFD-BM-025-040-HO.jpg,z,1.25
10,2,79,study,0,female,Latino,female,Black,happy,,,,,z,940,True,False,,1,,,,False,175,LF-234,materials/cfd/Images/CFD/LF-234/CFD-LF-234-139-N.jpg,BF-013,materials/cfd/Images/CFD/BF-013/CFD-BF-013-003-HO.jpg,z,1.25
10,2,80,study,0,male,Black,female,Black,neutral,,,,,m,845,True,False,,1,,,,False,177,BM-018,materials/cfd/Images/CFD/BM-018/CFD-BM-018-001-N.jpg,BF-234,materials/cfd/Images/CFD/BF-234/CFD-BF-234-167-N.jpg,m,1.25
10,2,81,study,0,female,White,female,Black,angry,,,,,z,1452,True,False,,1,,,,False,179,WF-202,materials/cfd/Images/CFD/WF-202/CFD-WF-202-056-N.jpg,BF-007,materials/cfd/Images/CFD/BF-007/CFD-BF-007-013-A.jpg,z,1.25
10,2,82,study,0,male,Black,female,White,happy,,,,,m,986,True,False,,1,,,,False,181,BM-207,materials/cfd/Images/CFD/BM-207/CFD-BM-207-024-N.jpg,WF-023,materials/cfd/Images/CFD/WF-023/CFD-WF-023-020-HO.jpg,m,1.25
10,2,83,study,0,male,White,male,White,angry,,,,,m,804,True,False,,1,,,,False,183,WM-014,materials/cfd/Images/CFD/WM-014/CFD-WM-014-002-N.jpg,WM-006,materials/cfd/Images/CFD/WM-006/CFD-WM-006-022-A.jpg,m,1.25
10,2,84,study,0,male,Asian,male,Black,happy,,,,,m,949,True,False,,1,,,,False,185,AM-226,materials/cfd/Images/CFD/AM-226/CFD-AM-226-234-N.jpg,BM-029,materials/cfd/Images/CFD/BM-029/CFD-BM-029-029-HO.jpg,m,1.25
10,2,85,study,0,male,Black,male,White,happy,,,,,m,957,True,False,,1,,,,False,187,BM-200,materials/cfd/Images/CFD/BM-200/CFD-BM-200-046-N.jpg,WM-020,materials/cfd/Images/CFD/WM-020/CFD-WM-020-003-HO.jpg,m,1.25
10,2,86,study,0,male,White,male,Black,angry,,,,,m,849,True,False,,1,,,,False,189,WM-026,materials/cfd/Images/CFD/WM-026/CFD-WM-026-001-N.jpg,BM-020,materials/cfd/Images/CFD/BM-020/CFD-BM-020-037-A.jpg,m,1.25
10,2,87,study,0,male,Black,female,White,angry,,,,,m,722,True,False,,1,,,,False,191,BM-229,materials/cfd/Images/CFD/BM-229/CFD-BM-229-209-N.jpg,WF-018,materials/cfd/Images/CFD/WF-018/CFD-WF-018-012-A.jpg,m,1.25
10,2,88,study,0,female,Black,male,White,angry,,,,,z,1172,True,False,,1,,,,False,193,BF-028,materials/cfd/Images/CFD/BF-028/CFD-BF-028-001-N.jpg,WM-017,materials/cfd/Images/CFD/WM-017/CFD-WM-017-011-A.jpg,z,1.25
10,2,89,study,0,female,Black,female,White,happy,,,,,z,1081,True,False,,1,,,,False,195,BF-229,materials/cfd/Images/CFD/BF-229/CFD-BF-229-179-N.jpg,WF-017,materials/cfd/Images/CFD/WF-017/CFD-WF-017-015-HO.jpg,z,1.25
10,2,90,study,0,female,White,female,White,angry,,,,,z,929,True,False,,1,,,,False,197,WF-012,materials/cfd/Images/CFD/WF-012/CFD-WF-012-002-N.jpg,WF-029,materials/cfd/Images/CFD/WF-029/CFD-WF-029-026-A.jpg,z,1.25
10,2,91,study,1,female,Asian,female,Black,neutral,,,,,z,1020,True,False,,1,,,,False,200,AF-204,materials/cfd/Images/CFD/AF-204/CFD-AF-204-067-N.jpg,BF-002,materials/cfd/Images/CFD/BF-002/CFD-BF-002-001-N.jpg,z,1.25
10,2,92,study,1,male,Asian,male,Black,happy,,,,,m,926,True,False,,1,,,,False,202,AM-235,materials/cfd/Images/CFD/AM-235/CFD-AM-235-241-N.jpg,BM-028,materials/cfd/Images/CFD/BM-028/CFD-BM-028-028-HO.jpg,m,1.25
10,2,93,study,1,female,Latino,female,White,neutral,,,,,z,1015,True,False,,1,,,,False,204,LF-235,materials/cfd/Images/CFD/LF-235/CFD-LF-235-219-N.jpg,WF-205,materials/cfd/Images/CFD/WF-205/CFD-WF-205-006-N.jpg,z,1.25
10,2,94,study,1,male,Asian,female,Black,neutral,,,,,m,799,True,False,,1,,,,False,206,AM-248,materials/cfd/Images/CFD/AM-248/CFD-AM-248-104-N.jpg,BF-244,materials/cfd/Images/CFD/BF-244/CFD-BF-244-231-N.jpg,m,1.25
10,2,95,study,1,male,White,female,Black,neutral,,,,,m,696,True,False,,1,,,,False,208,WM-222,materials/cfd/Images/CFD/WM-222/CFD-WM-222-057-N.jpg,BF-024,materials/cfd/Images/CFD/BF-024/CFD-BF-024-002-N.jpg,m,1.25
10,2,96,study,1,female,Latino,female,Black,neutral,,,,,z,997,True,False,,1,,,,False,210,LF-236,materials/cfd/Images/CFD/LF-236/CFD-LF-236-221-N.jpg,BF-014,materials/cfd/Images/CFD/BF-014/CFD-BF-014-002-N.jpg,z,1.25
10,2,97,study,1,female,Asian,female,White,neutral,,,,,z,1237,True,False,,1,,,,False,212,AF-215,materials/cfd/Images/CFD/AF-215/CFD-AF-215-70-N.jpg,WF-242,materials/cfd/Images/CFD/WF-242/CFD-WF-242-001-N.jpg,z,1.25
10,2,98,study,1,female,White,female,Black,angry,,,,,z,1030,True,False,,1,,,,False,214,WF-211,materials/cfd/Images/CFD/WF-211/CFD-WF-211-001-N.jpg,BF-010,materials/cfd/Images/CFD/BF-010/CFD-BF-010-019-A.jpg,z,1.25
10,2,99,study,1,male,Black,male,Black,angry,,,,,m,686,True,False,,1,,,,False,216,BM-241,materials/cfd/Images/CFD/BM-241/CFD-BM-241-235-N.jpg,BM-038,materials/cfd/Images/CFD/BM-038/CFD-BM-038-038-A.jpg,m,1.25
10,2,100,study,1,female,Black,male,Black,happy,,,,,z,1544,True,False,,1,,,,False,218,BF-209,materials/cfd/Images/CFD/BF-209/CFD-BF-209-172-N.jpg,BM-041,materials/cfd/Images/CFD/BM-041/CFD-BM-041-041-HO.jpg,z,1.25
10,2,101,study,1,male,White,female,White,angry,,,,,m,2218,True,False,,1,,,,False,220,WM-238,materials/cfd/Images/CFD/WM-238/CFD-WM-238-020-N.jpg,WF-026,materials/cfd/Images/CFD/WF-026/CFD-WF-026-008-A.jpg,m,1.25
10,2,102,study,1,male,White,female,White,angry,,,,,m,996,True,False,,1,,,,False,222,WM-243,materials/cfd/Images/CFD/WM-243/CFD-WM-243-107-N.jpg,WF-011,materials/cfd/Images/CFD/WF-011/CFD-WF-011-011-A.jpg,m,1.25
10,2,103,study,1,female,Latino,male,Black,angry,,,,,z,973,True,False,,1,,,,False,224,LF-225,materials/cfd/Images/CFD/LF-225/CFD-LF-225-164-N.jpg,BM-040,materials/cfd/Images/CFD/BM-040/CFD-BM-040-013-A.jpg,z,1.25
10,2,104,study,1,female,Black,male,Black,neutral,,,,,z,1375,True,False,,1,,,,False,226,BF-050,materials/cfd/Images/CFD/BF-050/CFD-BF-050-003-N.jpg,BM-231,materials/cfd/Images/CFD/BM-231/CFD-BM-231-155-N.jpg,z,1.25
10,2,105,study,1,male,White,female,White,neutral,,,,,m,783,True,False,,1,,,,False,228,WM-003,materials/cfd/Images/CFD/WM-003/CFD-WM-003-002-N.jpg,WF-213,materials/cfd/Images/CFD/WF-213/CFD-WF-213-031-N.jpg,m,1.25
10,2,106,study,1,male,Latino,male,White,happy,,,,,m,827,True,False,,1,,,,False,230,LM-229,materials/cfd/Images/CFD/LM-229/CFD-LM-229-187-N.jpg,WM-036,materials/cfd/Images/CFD/WM-036/CFD-WM-036-034-HO.jpg,m,1.25
10,2,107,study,1,female,Latino,male,Black,neutral,,,,,z,980,True,False,,1,,,,False,232,LF-238,materials/cfd/Images/CFD/LF-238/CFD-LF-238-154-N.jpg,BM-004,materials/cfd/Images/CFD/BM-004/CFD-BM-004-002-N.jpg,z,1.25
10,2,108,study,1,female,White,female,White,angry,,,,,z,1324,True,False,,1,,,,False,234,WF-226,materials/cfd/Images/CFD/WF-226/CFD-WF-226-095-N.jpg,WF-024,materials/cfd/Images/CFD/WF-024/CFD-WF-024-029-A.jpg,z,1.25
10,2,109,study,1,female,Latino,female,Black,happy,,,,,z,1058,True,False,,1,,,,False,236,LF-221,materials/cfd/Images/CFD/LF-221/CFD-LF-221-002-N.jpg,BF-015,materials/cfd/Images/CFD/BF-015/CFD-BF-015-006-HO.jpg,z,1.25
10,2,110,study,1,male,Asian,male,Black,angry,,,,,m,839,True,False,,1,,,,False,238,AM-228,materials/cfd/Images/CFD/AM-228/CFD-AM-228-214-N.jpg,BM-037,materials/cfd/Images/CFD/BM-037/CFD-BM-037-041-A.jpg,m,1.25
10,2,111,study,1,female,White,female,Black,happy,,,,,z,1111,True,False,,1,,,,False,240,WF-238,materials/cfd/Images/CFD/WF-238/CFD-WF-238-023-N.jpg,BF-036,materials/cfd/Images/CFD/BF-036/CFD-BF-036-030-HO.jpg,z,1.25
10,2,112,study,1,female,Black,male,Black,angry,,,,,z,843,True,False,,1,,,,False,242,BF-021,materials/cfd/Images/CFD/BF-021/CFD-BF-021-013-N.jpg,BM-030,materials/cfd/Images/CFD/BM-030/CFD-BM-030-041-A.jpg,z,1.25
10,2,113,study,1,female,Black,male,Black,angry,,,,,z,1351,True,False,,1,,,,False,244,BF-019,materials/cfd/Images/CFD/BF-019/CFD-BF-019-001-N.jpg,BM-031,materials/cfd/Images/CFD/BM-031/CFD-BM-031-030-A.jpg,z,1.25
10,2,114,study,1,male,Latino,male,Black,neutral,,,,,m,798,True,False,,1,,,,False,246,LM-236,materials/cfd/Images/CFD/LM-236/CFD-LM-236-163-N.jpg,BM-210,materials/cfd/Images/CFD/BM-210/CFD-BM-210-148-N.jpg,m,1.25
10,2,115,study,1,male,Latino,male,White,neutral,,,,,m,1035,True,False,,1,,,,False,248,LM-246,materials/cfd/Images/CFD/LM-246/CFD-LM-246-087-N.jpg,WM-257,materials/cfd/Images/CFD/WM-257/CFD-WM-257-161-N.jpg,m,1.25
10,2,116,study,1,male,White,female,Black,happy,,,,,m,973,True,False,,1,,,,False,250,WM-021,materials/cfd/Images/CFD/WM-021/CFD-WM-021-001-N.jpg,BF-032,materials/cfd/Images/CFD/BF-032/CFD-BF-032-043-HO.jpg,m,1.25
10,2,117,study,1,male,Black,female,White,happy,,,,,m,768,True,False,,1,,,,False,252,BM-202,materials/cfd/Images/CFD/BM-202/CFD-BM-202-063-N.jpg,WF-014,materials/cfd/Images/CFD/WF-014/CFD-WF-014-004-HO.jpg,m,1.25
10,2,118,study,1,female,White,male,Black,happy,,,,,z,1233,True,False,,1,,,,False,254,WF-208,materials/cfd/Images/CFD/WF-208/CFD-WF-208-068-N.jpg,BM-024,materials/cfd/Images/CFD/BM-024/CFD-BM-024-061-HO.jpg,z,1.25
10,2,119,study,1,male,Asian,female,Black,angry,,,,,m,778,True,False,,1,,,,False,256,AM-231,materials/cfd/Images/CFD/AM-231/CFD-AM-231-136-N.jpg,BF-004,materials/cfd/Images/CFD/BF-004/CFD-BF-004-021-A.jpg,m,1.25
10,2,120,study,1,female,Black,female,Black,happy,,,,,z,1053,True,False,,1,,,,False,258,BF-251,materials/cfd/Images/CFD/BF-251/CFD-BF-251-211-N.jpg,BF-045,materials/cfd/Images/CFD/BF-045/CFD-BF-045-062-HO.jpg,z,1.25
10,2,121,test,0,male,Asian,male,White,neutral,,,,rearranged,z,1358,False,False,,1,,,,False,275,AM-201,materials/cfd/Images/CFD/AM-201/CFD-AM-201-076-N.jpg,WM-257,materials/cfd/Images/CFD/WM-257/CFD-WM-257-161-N.jpg,m,1.25
10,2,122,test,0,female,Asian,male,Black,happy,,,,rearranged,z,1114,False,False,,1,,,,False,277,AF-221,materials/cfd/Images/CFD/AF-221/CFD-AF-221-147-N.jpg,BM-041,materials/cfd/Images/CFD/BM-041/CFD-BM-041-041-HO.jpg,m,1.25
10,2,123,test,0,female,Black,male,White,neutral,,,,rearranged,m,1579,True,False,,1,,,,False,279,BF-030,materials/cfd/Images/CFD/BF-030/CFD-BF-030-002-N.jpg,WM-023,materials/cfd/Images/CFD/WM-023/CFD-WM-023-001-N.jpg,m,1.25
10,2,124,test,0,male,White,female,White,neutral,,,,intact,z,1676,True,False,,1,,,,False,281,WM-003,materials/cfd/Images/CFD/WM-003/CFD-WM-003-002-N.jpg,WF-213,materials/cfd/Images/CFD/WF-213/CFD-WF-213-031-N.jpg,z,1.25
10,2,125,test,0,female,Black,male,White,neutral,,,,rearranged,z,1626,False,False,,1,,,,False,283,BF-050,materials/cfd/Images/CFD/BF-050/CFD-BF-050-003-N.jpg,WM-035,materials/cfd/Images/CFD/WM-035/CFD-WM-035-032-N.jpg,m,1.25
10,2,126,test,0,male,White,female,White,happy,,,,rearranged,z,1417,False,False,,1,,,,False,285,WM-242,materials/cfd/Images/CFD/WM-242/CFD-WM-242-011-N.jpg,WF-023,materials/cfd/Images/CFD/WF-023/CFD-WF-023-020-HO.jpg,m,1.25
10,2,127,test,0,female,Asian,female,White,neutral,,,,rearranged,z,1130,False,False,,1,,,,False,287,AF-204,materials/cfd/Images/CFD/AF-204/CFD-AF-204-067-N.jpg,WF-205,materials/cfd/Images/CFD/WF-205/CFD-WF-205-006-N.jpg,m,1.25
10,2,128,test,0,male,Asian,female,Black,neutral,,,,rearranged,m,1538,True,False,,1,,,,False,289,AM-248,materials/cfd/Images/CFD/AM-248/CFD-AM-248-104-N.jpg,BF-024,materials/cfd/Images/CFD/BF-024/CFD-BF-024-002-N.jpg,m,1.25
10,2,129,test,0,female,Latino,female,Black,neutral,,,,intact,m,1150,False,False,,1,,,,False,291,LF-231,materials/cfd/Images/CFD/LF-231/CFD-LF-231-260-N.jpg,BF-241,materials/cfd/Images/CFD/BF-241/CFD-BF-241-222-N.jpg,z,1.25
10,2,130,test,0,male,Asian,male,Black,angry,,,,intact,z,1287,True,False,,1,,,,False,293,AM-228,materials/cfd/Images/CFD/AM-228/CFD-AM-228-214-N.jpg,BM-037,materials/cfd/Images/CFD/BM-037/CFD-BM-037-041-A.jpg,z,1.25
10,2,131,test,0,female,Latino,female,Black,happy,,,,intact,m,2082,False,False,,1,,,,False,295,LF-221,materials/cfd/Images/CFD/LF-221/CFD-LF-221-002-N.jpg,BF-015,materials/cfd/Images/CFD/BF-015/CFD-BF-015-006-HO.jpg,z,1.25
10,2,132,test,0,male,Latino,male,Black,neutral,,,,rearranged,m,1437,True,False,,1,,,,False,297,LM-246,materials/cfd/Images/CFD/LM-246/CFD-LM-246-087-N.jpg,BM-212,materials/cfd/Images/CFD/BM-212/CFD-BM-212-117-N.jpg,m,1.25
10,2,133,test,0,female,Asian,male,Black,neutral,,,,intact,z,1583,True,False,,1,,,,False,299,AF-254,materials/cfd/Images/CFD/AF-254/CFD-AF-254-167-N.jpg,BM-009,materials/cfd/Images/CFD/BM-009/CFD-BM-009-002-N.jpg,z,1.25
10,2,134,test,0,male,White,male,Black,angry,,,,rearranged,z,1137,False,False,,1,,,,False,301,WM-026,materials/cfd/Images/CFD/WM-026/CFD-WM-026-001-N.jpg,BM-003,materials/cfd/Images/CFD/BM-003/CFD-BM-003-030-A.jpg,m,1.25
10,2,135,test,0,male,Asian,female,White,angry,,,,rearranged,m,1358,True,False,,1,,,,False,303,AM-231,materials/cfd/Images/CFD/AM-231/CFD-AM-231-136-N.jpg,WF-018,materials/cfd/Images/CFD/WF-018/CFD-WF-018-012-A.jpg,m,1.25
10,2,136,test,0,male,White,female,White,angry,,,,intact,z,1010,True,False,,1,,,,False,305,WM-238,materials/cfd/Images/CFD/WM-238/CFD-WM-238-020-N.jpg,WF-026,materials/cfd/Images/CFD/WF-026/CFD-WF-026-008-A.jpg,z,1.25
10,2,137,test,0,female,White,female,White,angry,,,,intact,m,1474,False,False,,1,,,,False,307,WF-226,materials/cfd/Images/CFD/WF-226/CFD-WF-226-095-N.jpg,WF-024,materials/cfd/Images/CFD/WF-024/CFD-WF-024-029-A.jpg,z,1.25
10,2,138,test,0,female,Asian,male,White,happy,,,,intact,m,1036,False,False,,1,,,,False,309,AF-222,materials/cfd/Images/CFD/AF-222/CFD-AF-222-134-N.jpg,WM-029,materials/cfd/Images/CFD/WM-029/CFD-WM-029-029-HO.jpg,z,1.25
10,2,139,test,0,male,Black,female,Black,neutral,,,,intact,m,1237,False,False,,1,,,,False,311,BM-018,materials/cfd/Images/CFD/BM-018/CFD-BM-018-001-N.jpg,BF-234,materials/cfd/Images/CFD/BF-234/CFD-BF-234-167-N.jpg,z,1.25
10,2,140,test,0,female,Black,female,Black,happy,,,,rearranged,m,1495,True,False,,1,,,,False,313,BF-229,materials/cfd/Images/CFD/BF-229/CFD-BF-229-179-N.jpg,BF-013,materials/cfd/Images/CFD/BF-013/CFD-BF-013-003-HO.jpg,m,1.25
10,2,141,test,0,female,White,male,Black,neutral,,,,rearranged,z,1581,False,False,,1,,,,False,315,WF-035,materials/cfd/Images/CFD/WF-035/CFD-WF-035-024-N.jpg,BM-231,materials/cfd/Images/CFD/BM-231/CFD-BM-231-155-N.jpg,m,1.25
10,2,142,test,0,male,Latino,female,Black,angry,,,,intact,z,1549,True,False,,1,,,,False,317,LM-204,materials/cfd/Images/CFD/LM-204/CFD-LM-204-001-N.jpg,BF-048,materials/cfd/Images/CFD/BF-048/CFD-BF-048-038-A.jpg,z,1.25
10,2,143,test,0,female,Black,male,Black,happy,,,,intact,z,1326,True,False,,1,,,,False,319,BF-253,materials/cfd/Images/CFD/BF-253/CFD-BF-253-202-N.jpg,BM-026,materials/cfd/Images/CFD/BM-026/CFD-BM-026-009-HO.jpg,z,1.25
10,2,144,test,0,female,Black,female,Black,happy,,,,intact,m,1134,False,False,,1,,,,False,321,BF-251,materials/cfd/Images/CFD/BF-251/CFD-BF-251-211-N.jpg,BF-045,materials/cfd/Images/CFD/BF-045/CFD-BF-045-062-HO.jpg,z,1.25
10,2,145,test,0,female,Latino,female,Black,neutral,,,,rearranged,m,920,True,False,,1,,,,False,323,LF-235,materials/cfd/Images/CFD/LF-235/CFD-LF-235-219-N.jpg,BF-002,materials/cfd/Images/CFD/BF-002/CFD-BF-002-001-N.jpg,m,1.25
10,2,146,test,0,female,White,female,Black,angry,,,,rearranged,m,1378,True,False,,1,,,,False,325,WF-202,materials/cfd/Images/CFD/WF-202/CFD-WF-202-056-N.jpg,BF-010,materials/cfd/Images/CFD/BF-010/CFD-BF-010-019-A.jpg,m,1.25
10,2,147,test,0,female,White,female,White,angry,,,,intact,m,1440,False,False,,1,,,,False,327,WF-012,materials/cfd/Images/CFD/WF-012/CFD-WF-012-002-N.jpg,WF-029,materials/cfd/Images/CFD/WF-029/CFD-WF-029-026-A.jpg,z,1.25
10,2,148,test,0,female,Latino,female,Black,neutral,,,,intact,m,1404,False,False,,1,,,,False,329,LF-236,materials/cfd/Images/CFD/LF-236/CFD-LF-236-221-N.jpg,BF-014,materials/cfd/Images/CFD/BF-014/CFD-BF-014-002-N.jpg,z,1.25
10,2,149,test,0,female,White,female,Black,angry,,,,rearranged,z,1464,False,False,,1,,,,False,331,WF-211,materials/cfd/Images/CFD/WF-211/CFD-WF-211-001-N.jpg,BF-007,materials/cfd/Images/CFD/BF-007/CFD-BF-007-013-A.jpg,m,1.25
10,2,150,test,0,male,Black,male,Black,angry,,,,intact,z,1706,True,False,,1,,,,False,333,BM-241,materials/cfd/Images/CFD/BM-241/CFD-BM-241-235-N.jpg,BM-038,materials/cfd/Images/CFD/BM-038/CFD-BM-038-038-A.jpg,z,1.25
10,2,151,test,1,male,Latino,male,Black,neutral,,,,intact,m,1311,False,False,,1,,,,False,336,LM-236,materials/cfd/Images/CFD/LM-236/CFD-LM-236-163-N.jpg,BM-210,materials/cfd/Images/CFD/BM-210/CFD-BM-210-148-N.jpg,z,1.25
10,2,152,test,1,male,Black,female,White,happy,,,,intact,z,1132,True,False,,1,,,,False,338,BM-202,materials/cfd/Images/CFD/BM-202/CFD-BM-202-063-N.jpg,WF-014,materials/cfd/Images/CFD/WF-014/CFD-WF-014-004-HO.jpg,z,1.25
10,2,153,test,1,female,Asian,female,Black,angry,,,,intact,m,1477,False,False,,1,,,,False,340,AF-225,materials/cfd/Images/CFD/AF-225/CFD-AF-225-141-N.jpg,BF-040,materials/cfd/Images/CFD/BF-040/CFD-BF-040-051-A.jpg,z,1.25
10,2,154,test,1,female,Black,male,Black,happy,,,,rearranged,m,1238,True,False,,1,,,,False,342,BF-209,materials/cfd/Images/CFD/BF-209/CFD-BF-209-172-N.jpg,BM-025,materials/cfd/Images/CFD/BM-025/CFD-BM-025-040-HO.jpg,m,1.25
10,2,155,test,1,female,White,male,Black,happy,,,,intact,z,1162,True,False,,1,,,,False,344,WF-208,materials/cfd/Images/CFD/WF-208/CFD-WF-208-068-N.jpg,BM-024,materials/cfd/Images/CFD/BM-024/CFD-BM-024-061-HO.jpg,z,1.25
10,2,156,test,1,male,White,female,White,happy,,,,rearranged,z,1571,False,False,,1,,,,False,346,WM-234,materials/cfd/Images/CFD/WM-234/CFD-WM-234-118-N.jpg,WF-038,materials/cfd/Images/CFD/WF-038/CFD-WF-038-023-HO.jpg,m,1.25
10,2,157,test,1,female,Latino,male,Black,neutral,,,,intact,z,1802,True,False,,1,,,,False,348,LF-238,materials/cfd/Images/CFD/LF-238/CFD-LF-238-154-N.jpg,BM-004,materials/cfd/Images/CFD/BM-004/CFD-BM-004-002-N.jpg,z,1.25
10,2,158,test,1,male,White,female,White,angry,,,,intact,z,1401,True,False,,1,,,,False,350,WM-243,materials/cfd/Images/CFD/WM-243/CFD-WM-243-107-N.jpg,WF-011,materials/cfd/Images/CFD/WF-011/CFD-WF-011-011-A.jpg,z,1.25
10,2,159,test,1,female,Black,male,Black,angry,,,,intact,z,1861,True,False,,1,,,,False,352,BF-019,materials/cfd/Images/CFD/BF-019/CFD-BF-019-001-N.jpg,BM-031,materials/cfd/Images/CFD/BM-031/CFD-BM-031-030-A.jpg,z,1.25
10,2,160,test,1,female,Latino,female,Black,happy,,,,rearranged,z,1766,False,False,,1,,,,False,354,LF-234,materials/cfd/Images/CFD/LF-234/CFD-LF-234-139-N.jpg,BF-036,materials/cfd/Images/CFD/BF-036/CFD-BF-036-030-HO.jpg,m,1.25
10,2,161,test,1,male,White,female,Black,happy,,,,intact,z,1075,True,False,,1,,,,False,356,WM-021,materials/cfd/Images/CFD/WM-021/CFD-WM-021-001-N.jpg,BF-032,materials/cfd/Images/CFD/BF-032/CFD-BF-032-043-HO.jpg,z,1.25
10,2,162,test,1,female,Latino,male,Black,angry,,,,intact,z,1367,True,False,,1,,,,False,358,LF-243,materials/cfd/Images/CFD/LF-243/CFD-LF-243-175-N.jpg,BM-046,materials/cfd/Images/CFD/BM-046/CFD-BM-046-048-A.jpg,z,1.25
10,2,163,test,1,female,Latino,male,White,angry,,,,rearranged,m,1175,True,False,,1,,,,False,360,LF-225,materials/cfd/Images/CFD/LF-225/CFD-LF-225-164-N.jpg,WM-017,materials/cfd/Images/CFD/WM-017/CFD-WM-017-011-A.jpg,m,1.25
10,2,164,test,1,male,Black,male,White,happy,,,,intact,z,1526,True,False,,1,,,,False,362,BM-200,materials/cfd/Images/CFD/BM-200/CFD-BM-200-046-N.jpg,WM-020,materials/cfd/Images/CFD/WM-020/CFD-WM-020-003-HO.jpg,z,1.25
10,2,165,test,1,male,Black,female,Black,angry,,,,rearranged,z,1246,False,False,,1,,,,False,364,BM-229,materials/cfd/Images/CFD/BM-229/CFD-BM-229-209-N.jpg,BF-004,materials/cfd/Images/CFD/BF-004/CFD-BF-004-021-A.jpg,m,1.25
10,2,166,test,1,male,White,female,Black,neutral,,,,rearranged,m,1447,True,False,,1,,,,False,366,WM-222,materials/cfd/Images/CFD/WM-222/CFD-WM-222-057-N.jpg,BF-244,materials/cfd/Images/CFD/BF-244/CFD-BF-244-231-N.jpg,m,1.25
10,2,167,test,1,female,Black,male,Black,angry,,,,rearranged,z,1339,False,False,,1,,,,False,368,BF-028,materials/cfd/Images/CFD/BF-028/CFD-BF-028-001-N.jpg,BM-030,materials/cfd/Images/CFD/BM-030/CFD-BM-030-041-A.jpg,m,1.25
10,2,168,test,1,male,White,male,White,happy,,,,rearranged,m,1890,True,False,,1,,,,False,370,WM-031,materials/cfd/Images/CFD/WM-031/CFD-WM-031-003-N.jpg,WM-036,materials/cfd/Images/CFD/WM-036/CFD-WM-036-034-HO.jpg,m,1.25
10,2,169,test,1,male,Black,female,White,happy,,,,rearranged,m,2215,True,False,,1,,,,False,372,BM-207,materials/cfd/Images/CFD/BM-207/CFD-BM-207-024-N.jpg,WF-008,materials/cfd/Images/CFD/WF-008/CFD-WF-008-003-HO.jpg,m,1.25
10,2,170,test,1,male,Black,female,Black,neutral,,,,intact,z,1241,True,False,,1,,,,False,374,BM-012,materials/cfd/Images/CFD/BM-012/CFD-BM-012-018-N.jpg,BF-231,materials/cfd/Images/CFD/BF-231/CFD-BF-231-202-N.jpg,z,1.25
10,2,171,test,1,female,White,female,White,happy,,,,rearranged,m,1487,True,False,,1,,,,False,376,WF-238,materials/cfd/Images/CFD/WF-238/CFD-WF-238-023-N.jpg,WF-017,materials/cfd/Images/CFD/WF-017/CFD-WF-017-015-HO.jpg,m,1.25
10,2,172,test,1,male,Black,male,White,angry,,,,rearranged,m,2098,True,False,,1,,,,False,378,BM-002,materials/cfd/Images/CFD/BM-002/CFD-BM-002-013-N.jpg,WM-006,materials/cfd/Images/CFD/WM-006/CFD-WM-006-022-A.jpg,m,1.25
10,2,173,test,1,male,Latino,male,Black,happy,,,,rearranged,z,1341,False,False,,1,,,,False,380,LM-229,materials/cfd/Images/CFD/LM-229/CFD-LM-229-187-N.jpg,BM-043,materials/cfd/Images/CFD/BM-043/CFD-BM-043-076-HO.jpg,m,1.25
10,2,174,test,1,male,Asian,male,Black,happy,,,,intact,z,1617,True,False,,1,,,,False,382,AM-235,materials/cfd/Images/CFD/AM-235/CFD-AM-235-241-N.jpg,BM-028,materials/cfd/Images/CFD/BM-028/CFD-BM-028-028-HO.jpg,z,1.25
10,2,175,test,1,male,Asian,male,Black,happy,,,,intact,m,1392,False,False,,1,,,,False,384,AM-226,materials/cfd/Images/CFD/AM-226/CFD-AM-226-234-N.jpg,BM-029,materials/cfd/Images/CFD/BM-029/CFD-BM-029-029-HO.jpg,z,1.25
10,2,176,test,1,female,Asian,female,White,neutral,,,,intact,m,1535,False,False,,1,,,,False,386,AF-215,materials/cfd/Images/CFD/AF-215/CFD-AF-215-70-N.jpg,WF-242,materials/cfd/Images/CFD/WF-242/CFD-WF-242-001-N.jpg,z,1.25
10,2,177,test,1,female,Black,male,Black,angry,,,,rearranged,z,1909,False,False,,1,,,,False,388,BF-021,materials/cfd/Images/CFD/BF-021/CFD-BF-021-013-N.jpg,BM-040,materials/cfd/Images/CFD/BM-040/CFD-BM-040-013-A.jpg,m,1.25
10,2,178,test,1,male,White,male,Black,angry,,,,rearranged,z,1402,False,False,,1,,,,False,390,WM-014,materials/cfd/Images/CFD/WM-014/CFD-WM-014-002-N.jpg,BM-020,materials/cfd/Images/CFD/BM-020/CFD-BM-020-037-A.jpg,m,1.25
10,2,179,test,1,male,Latino,male,White,neutral,,,,intact,z,1601,True,False,,1,,,,False,392,LM-215,materials/cfd/Images/CFD/LM-215/CFD-LM-215-247-N.jpg,WM-013,materials/cfd/Images/CFD/WM-013/CFD-WM-013-001-N.jpg,z,1.25
10,2,180,test,1,male,Latino,male,Black,neutral,,,,rearranged,z,1397,False,False,,1,,,,False,394,LM-202,materials/cfd/Images/CFD/LM-202/CFD-LM-202-072-N.jpg,BM-011,materials/cfd/Images/CFD/BM-011/CFD-BM-011-016-N.jpg,m,1.25
11,2,1,study,0,female,Black,female,Black,angry,,,,,z,643,True,False,,1,,,,False,17,BF-248,materials/cfd/Images/CFD/BF-248/CFD-BF-248-149-N.jpg,BF-029,materials/cfd/Images/CFD/BF-029/CFD-BF-029-046-A.jpg,z,1.125
11,2,2,study,0,male,Asian,male,Black,angry,,,,,m,460,True,False,,1,,,,False,19,AM-206,materials/cfd/Images/CFD/AM-206/CFD-AM-206-086-N.jpg,BM-015,materials/cfd/Images/CFD/BM-015/CFD-BM-015-012-A.jpg,m,1.125
11,2,3,study,0,male,White,female,White,neutral,,,,,z,713,False,False,,1,,,,False,21,WM-037,materials/cfd/Images/CFD/WM-037/CFD-WM-037-025-N.jpg,WF-236,materials/cfd/Images/CFD/WF-236/CFD-WF-236-107-N.jpg,m,1.125
11,2,4,study,0,male,Asian,female,Black,happy,,,,,m,622,True,False,,1,,,,False,23,AM-218,materials/cfd/Images/CFD/AM-218/CFD-AM-218-085-N.jpg,BF-035,materials/cfd/Images/CFD/BF-035/CFD-BF-035-027-HO.jpg,m,1.125
11,2,5,study,0,male,Latino,male,Black,neutral,,,,,m,728,True,False,,1,,,,False,25,LM-244,materials/cfd/Images/CFD/LM-244/CFD-LM-244-068-N.jpg,BM-216,materials/cfd/Images/CFD/BM-216/CFD-BM-216-088-N.jpg,m,1.125
11,2,6,study,0,female,White,female,White,neutral,,,,,z,499,True,False,,1,,,,False,27,WF-018,materials/cfd/Images/CFD/WF-018/CFD-WF-018-017-N.jpg,WF-009,materials/cfd/Images/CFD/WF-009/CFD-WF-009-001-N.jpg,z,1.125
11,2,7,study,0,female,Latino,female,Black,neutral,,,,,z,461,True,False,,1,,,,False,29,LF-232,materials/cfd/Images/CFD/LF-232/CFD-LF-232-199-N.jpg,BF-239,materials/cfd/Images/CFD/BF-239/CFD-BF-239-180-N.jpg,z,1.125
11,2,8,study,0,female,Black,male,White,angry,,,,,m,1433,False,False,,1,,,,False,31,BF-017,materials/cfd/Images/CFD/BF-017/CFD-BF-017-003-N.jpg,WM-013,materials/cfd/Images/CFD/WM-013/CFD-WM-013-015-A.jpg,z,1.125
11,2,9,study,0,male,Latino,male,White,angry,,,,,m,792,True,False,,1,,,,False,33,LM-227,materials/cfd/Images/CFD/LM-227/CFD-LM-227-103-N.jpg,WM-035,materials/cfd/Images/CFD/WM-035/CFD-WM-035-018-A.jpg,m,1.125
11,2,10,study,0,female,Asian,male,Black,happy,,,,,z,976,True,False,,1,,,,False,35,AF-209,materials/cfd/Images/CFD/AF-209/CFD-AF-209-006-N.jpg,BM-026,materials/cfd/Images/CFD/BM-026/CFD-BM-026-009-HO.jpg,z,1.125
11,2,11,study,0,female,White,male,White,neutral,,,,,z,1021,True,False,,1,,,,False,37,WF-002,materials/cfd/Images/CFD/WF-002/CFD-WF-002-004-N.jpg,WM-204,materials/cfd/Images/CFD/WM-204/CFD-WM-204-031-N.jpg,z,1.125
11,2,12,study,0,female,White,female,Black,happy,,,,,z,877,True,False,,1,,,,False,39,WF-230,materials/cfd/Images/CFD/WF-230/CFD-WF-230-158-N.jpg,BF-045,materials/cfd/Images/CFD/BF-045/CFD-BF-045-062-HO.jpg,z,1.125
11,2,13,study,0,male,Black,male,Black,happy,,,,,m,927,True,False,,1,,,,False,41,BM-219,materials/cfd/Images/CFD/BM-219/CFD-BM-219-141-N.jpg,BM-039,materials/cfd/Images/CFD/BM-039/CFD-BM-039-034-HO.jpg,m,1.125
11,2,14,study,0,male,Asian,female,Black,neutral,,,,,m,616,True,False,,1,,,,False,43,AM-253,materials/cfd/Images/CFD/AM-253/CFD-AM-253-161-N.jpg,BF-208,materials/cfd/Images/CFD/BF-208/CFD-BF-208-266-N.jpg,m,1.125
11,2,15,study,0,female,Asian,female,White,neutral,,,,,z,689,True,False,,1,,,,False,45,AF-215,materials/cfd/Images/CFD/AF-215/CFD-AF-215-70-N.jpg,WF-224,materials/cfd/Images/CFD/WF-224/CFD-WF-224-099-N.jpg,z,1.125
11,2,16,study,0,female,White,male,Black,angry,,,,,z,583,True,False,,1,,,,False,47,WF-015,materials/cfd/Images/CFD/WF-015/CFD-WF-015-006-N.jpg,BM-037,materials/cfd/Images/CFD/BM-037/CFD-BM-037-041-A.jpg,z,1.125
11,2,17,study,0,female,Asian,male,White,angry,,,,,z,804,True,False,,1,,,,False,49,AF-237,materials/cfd/Images/CFD/AF-237/CFD-AF-237-223-N.jpg,WM-002,materials/cfd/Images/CFD/WM-002/CFD-WM-002-017-A.jpg,z,1.125
11,2,18,study,0,male,Asian,female,Black,angry,,,,,m,533,True,False,,1,,,,False,51,AM-232,materials/cfd/Images/CFD/AM-232/CFD-AM-232-251-N.jpg,BF-044,materials/cfd/Images/CFD/BF-044/CFD-BF-044-044-A.jpg,m,1.125
11,2,19,study,0,female,White,male,White,neutral,,,,,z,557,True,False,,1,,,,False,53,WF-213,materials/cfd/Images/CFD/WF-213/CFD-WF-213-031-N.jpg,WM-222,materials/cfd/Images/CFD/WM-222/CFD-WM-222-057-N.jpg,z,1.125
11,2,20,study,0,male,Latino,male,Black,happy,,,,,m,601,True,False,,1,,,,False,55,LM-246,materials/cfd/Images/CFD/LM-246/CFD-LM-246-087-N.jpg,BM-041,materials/cfd/Images/CFD/BM-041/CFD-BM-041-041-HO.jpg,m,1.125
11,2,21,study,0,male,White,male,Black,happy,,,,,m,846,True,False,,1,,,,False,57,WM-211,materials/cfd/Images/CFD/WM-211/CFD-WM-211-054-N.jpg,BM-010,materials/cfd/Images/CFD/BM-010/CFD-BM-010-004-HO.jpg,m,1.125
11,2,22,study,0,female,Black,male,White,angry,,,,,z,471,True,False,,1,,,,False,59,BF-021,materials/cfd/Images/CFD/BF-021/CFD-BF-021-013-N.jpg,WM-034,materials/cfd/Images/CFD/WM-034/CFD-WM-034-040-A.jpg,z,1.125
11,2,23,study,0,female,Latino,male,Black,happy,,,,,z,453,True,False,,1,,,,False,61,LF-250,materials/cfd/Images/CFD/LF-250/CFD-LF-250-169-N.jpg,BM-038,materials/cfd/Images/CFD/BM-038/CFD-BM-038-007-HO.jpg,z,1.125
11,2,24,study,0,male,White,male,Black,neutral,,,,,m,1014,True,False,,1,,,,False,63,WM-255,materials/cfd/Images/CFD/WM-255/CFD-WM-255-219-N.jpg,BM-221,materials/cfd/Images/CFD/BM-221/CFD-BM-221-198-N.jpg,m,1.125
11,2,25,study,0,male,Black,female,White,angry,,,,,m,819,True,False,,1,,,,False,65,BM-021,materials/cfd/Images/CFD/BM-021/CFD-BM-021-021-N.jpg,WF-020,materials/cfd/Images/CFD/WF-020/CFD-WF-020-012-A.jpg,m,1.125
11,2,26,study,0,female,Latino,female,White,neutral,,,,,z,765,True,False,,1,,,,False,67,LF-229,materials/cfd/Images/CFD/LF-229/CFD-LF-229-164-N.jpg,WF-034,materials/cfd/Images/CFD/WF-034/CFD-WF-034-006-N.jpg,z,1.125
11,2,27,study,0,male,Asian,male,White,angry,,,,,m,521,True,False,,1,,,,False,69,AM-217,materials/cfd/Images/CFD/AM-217/CFD-AM-217-085-N.jpg,WM-016,materials/cfd/Images/CFD/WM-016/CFD-WM-016-008-A.jpg,m,1.125
11,2,28,study,0,female,Asian,female,Black,neutral,,,,,z,465,True,False,,1,,,,False,71,AF-244,materials/cfd/Images/CFD/AF-244/CFD-AF-244-168-N.jpg,BF-236,materials/cfd/Images/CFD/BF-236/CFD-BF-236-177-N.jpg,z,1.125
11,2,29,study,0,male,White,female,Black,neutral,,,,,m,839,True,False,,1,,,,False,73,WM-249,materials/cfd/Images/CFD/WM-249/CFD-WM-249-239-N.jpg,BF-202,materials/cfd/Images/CFD/BF-202/CFD-BF-202-109-N.jpg,m,1.125
11,2,30,study,0,female,Black,female,Black,happy,,,,,z,805,True,False,,1,,,,False,75,BF-215,materials/cfd/Images/CFD/BF-215/CFD-BF-215-177-N.jpg,BF-051,materials/cfd/Images/CFD/BF-051/CFD-BF-051-037-HO.jpg,z,1.125
11,2,31,study,1,female,Black,male,Black,happy,,,,,z,1127,True,False,,1,,,,False,78,BF-244,materials/cfd/Images/CFD/BF-244/CFD-BF-244-231-N.jpg,BM-025,materials/cfd/Images/CFD/BM-025/CFD-BM-025-040-HO.jpg,z,1.125
11,2,32,study,1,female,White,female,Black,angry,,,,,z,550,True,False,,1,,,,False,80,WF-001,materials/cfd/Images/CFD/WF-001/CFD-WF-001-003-N.jpg,BF-040,materials/cfd/Images/CFD/BF-040/CFD-BF-040-051-A.jpg,z,1.125
11,2,33,study,1,female,Black,male,Black,neutral,,,,,z,686,True,False,,1,,,,False,82,BF-220,materials/cfd/Images/CFD/BF-220/CFD-BF-220-161-N.jpg,BM-046,materials/cfd/Images/CFD/BM-046/CFD-BM-046-006-N.jpg,z,1.125
11,2,34,study,1,female,Asian,female,White,angry,,,,,z,1106,True,False,,1,,,,False,84,AF-212,materials/cfd/Images/CFD/AF-212/CFD-AF-212-097-N.jpg,WF-037,materials/cfd/Images/CFD/WF-037/CFD-WF-037-016-A.jpg,z,1.125
11,2,35,study,1,female,Black,female,White,angry,,,,,z,886,True,False,,1,,,,False,86,BF-027,materials/cfd/Images/CFD/BF-027/CFD-BF-027-002-N.jpg,WF-017,materials/cfd/Images/CFD/WF-017/CFD-WF-017-023-A.jpg,z,1.125
11,2,36,study,1,male,White,female,White,angry,,,,,m,663,True,False,,1,,,,False,88,WM-024,materials/cfd/Images/CFD/WM-024/CFD-WM-024-015-N.jpg,WF-019,materials/cfd/Images/CFD/WF-019/CFD-WF-019-015-A.jpg,m,1.125
11,2,37,study,1,male,Black,male,Black,neutral,,,,,m,575,True,False,,1,,,,False,90,BM-242,materials/cfd/Images/CFD/BM-242/CFD-BM-242-233-N.jpg,BM-235,materials/cfd/Images/CFD/BM-235/CFD-BM-235-226-N.jpg,m,1.125
11,2,38,study,1,male,White,female,Black,happy,,,,,m,457,True,False,,1,,,,False,92,WM-223,materials/cfd/Images/CFD/WM-223/CFD-WM-223-056-N.jpg,BF-020,materials/cfd/Images/CFD/BF-020/CFD-BF-020-004-HO.jpg,m,1.125
11,2,39,study,1,male,Black,female,Black,happy,,,,,m,487,True,False,,1,,,,False,94,BM-207,materials/cfd/Images/CFD/BM-207/CFD-BM-207-024-N.jpg,BF-001,materials/cfd/Images/CFD/BF-001/CFD-BF-001-018-HO.jpg,m,1.125
11,2,40,study,1,female,White,male,White,angry,,,,,z,625,True,False,,1,,,,False,96,WF-036,materials/cfd/Images/CFD/WF-036/CFD-WF-036-023-N.jpg,WM-026,materials/cfd/Images/CFD/WM-026/CFD-WM-026-019-A.jpg,z,1.125
11,2,41,study,1,female,Black,female,Black,happy,,,,,z,459,True,False,,1,,,,False,98,BF-023,materials/cfd/Images/CFD/BF-023/CFD-BF-023-010-N.jpg,BF-039,materials/cfd/Images/CFD/BF-039/CFD-BF-039-033-HO.jpg,z,1.125
11,2,42,study,1,male,Asian,female,Black,angry,,,,,m,410,True,False,,1,,,,False,100,AM-242,materials/cfd/Images/CFD/AM-242/CFD-AM-242-176-N.jpg,BF-018,materials/cfd/Images/CFD/BF-018/CFD-BF-018-019-A.jpg,m,1.125
11,2,43,study,1,male,Black,female,White,happy,,,,,m,685,True,False,,1,,,,False,102,BM-022,materials/cfd/Images/CFD/BM-022/CFD-BM-022-022-N.jpg,WF-021,materials/cfd/Images/CFD/WF-021/CFD-WF-021-016-HO.jpg,m,1.125
11,2,44,study,1,female,Latino,female,Black,happy,,,,,z,504,True,False,,1,,,,False,104,LF-213,materials/cfd/Images/CFD/LF-213/CFD-LF-213-079-N.jpg,BF-042,materials/cfd/Images/CFD/BF-042/CFD-BF-042-028-HO.jpg,z,1.125
11,2,45,study,1,female,Asian,female,Black,happy,,,,,z,476,True,False,,1,,,,False,106,AF-239,materials/cfd/Images/CFD/AF-239/CFD-AF-239-171-N.jpg,BF-008,materials/cfd/Images/CFD/BF-008/CFD-BF-008-003-HO.jpg,z,1.125
11,2,46,study,1,male,Asian,male,Black,neutral,,,,,m,563,True,False,,1,,,,False,108,AM-241,materials/cfd/Images/CFD/AM-241/CFD-AM-241-287-N.jpg,BM-009,materials/cfd/Images/CFD/BM-009/CFD-BM-009-002-N.jpg,m,1.125
11,2,47,study,1,male,White,male,Black,neutral,,,,,m,740,True,False,,1,,,,False,110,WM-232,materials/cfd/Images/CFD/WM-232/CFD-WM-232-070-N.jpg,BM-248,materials/cfd/Images/CFD/BM-248/CFD-BM-248-128-N.jpg,m,1.125
11,2,48,study,1,male,White,female,Black,angry,,,,,m,622,True,False,,1,,,,False,112,WM-207,materials/cfd/Images/CFD/WM-207/CFD-WM-207-048-N.jpg,BF-043,materials/cfd/Images/CFD/BF-043/CFD-BF-043-038-A.jpg,m,1.125
11,2,49,study,1,male,Black,female,White,neutral,,,,,m,465,True,False,,1,,,,False,114,BM-244,materials/cfd/Images/CFD/BM-244/CFD-BM-244-197-N.jpg,WF-027,materials/cfd/Images/CFD/WF-027/CFD-WF-027-003-N.jpg,m,1.125
11,2,50,study,1,male,Black,male,Black,happy,,,,,m,461,True,False,,1,,,,False,116,BM-027,materials/cfd/Images/CFD/BM-027/CFD-BM-027-001-N.jpg,BM-036,materials/cfd/Images/CFD/BM-036/CFD-BM-036-004-HO.jpg,m,1.125
11,2,51,study,1,female,Latino,male,White,neutral,,,,,z,456,True,False,,1,,,,False,118,LF-217,materials/cfd/Images/CFD/LF-217/CFD-LF-217-082-N.jpg,WM-210,materials/cfd/Images/CFD/WM-210/CFD-WM-210-057-N.jpg,z,1.125
11,2,52,study,1,male,Latino,male,Black,angry,,,,,m,400,True,False,,1,,,,False,120,LM-241,materials/cfd/Images/CFD/LM-241/CFD-LM-241-125-N.jpg,BM-003,materials/cfd/Images/CFD/BM-003/CFD-BM-003-030-A.jpg,m,1.125
11,2,53,study,1,female,Black,male,Black,happy,,,,,z,493,True,False,,1,,,,False,122,BF-211,materials/cfd/Images/CFD/BF-211/CFD-BF-211-168-N.jpg,BM-032,materials/cfd/Images/CFD/BM-032/CFD-BM-032-007-HO.jpg,z,1.125
11,2,54,study,1,male,Black,female,White,happy,,,,,m,508,True,False,,1,,,,False,124,BM-232,materials/cfd/Images/CFD/BM-232/CFD-BM-232-213-N.jpg,WF-023,materials/cfd/Images/CFD/WF-023/CFD-WF-023-020-HO.jpg,m,1.125
11,2,55,study,1,male,White,male,White,angry,,,,,m,456,True,False,,1,,,,False,126,WM-009,materials/cfd/Images/CFD/WM-009/CFD-WM-009-002-N.jpg,WM-038,materials/cfd/Images/CFD/WM-038/CFD-WM-038-011-A.jpg,m,1.125
11,2,56,study,1,female,White,male,White,neutral,,,,,z,379,True,False,,1,,,,False,128,WF-238,materials/cfd/Images/CFD/WF-238/CFD-WF-238-023-N.jpg,WM-239,materials/cfd/Images/CFD/WM-239/CFD-WM-239-128-N.jpg,z,1.125
11,2,57,study,1,male,Latino,male,Black,happy,,,,,z,431,False,False,,1,,,,False,130,LM-243,materials/cfd/Images/CFD/LM-243/CFD-LM-243-075-N.jpg,BM-024,materials/cfd/Images/CFD/BM-024/CFD-BM-024-061-HO.jpg,m,1.125
11,2,58,study,1,male,White,female,White,neutral,,,,,m,453,True,False,,1,,,,False,132,WM-036,materials/cfd/Images/CFD/WM-036/CFD-WM-036-031-N.jpg,WF-221,materials/cfd/Images/CFD/WF-221/CFD-WF-221-005-N.jpg,m,1.125
11,2,59,study,1,female,White,male,White,happy,,,,,z,567,True,False,,1,,,,False,134,WF-241,materials/cfd/Images/CFD/WF-241/CFD-WF-241-210-N.jpg,WM-010,materials/cfd/Images/CFD/WM-010/CFD-WM-010-004-HO.jpg,z,1.125
11,2,60,study,1,female,White,female,White,angry,,,,,m,487,False,False,,1,,,,False,136,WF-228,materials/cfd/Images/CFD/WF-228/CFD-WF-228-196-N.jpg,WF-016,materials/cfd/Images/CFD/WF-016/CFD-WF-016-021-A.jpg,z,1.125
11,2,61,study,0,female,White,female,Black,angry,,,,,z,820,True,False,,1,,,,False,139,WF-001,materials/cfd/Images/CFD/WF-001/CFD-WF-001-003-N.jpg,BF-040,materials/cfd/Images/CFD/BF-040/CFD-BF-040-051-A.jpg,z,1.125
11,2,62,study,0,male,White,male,Black,neutral,,,,,m,383,True,False,,1,,,,False,141,WM-232,materials/cfd/Images/CFD/WM-232/CFD-WM-232-070-N.jpg,BM-248,materials/cfd/Images/CFD/BM-248/CFD-BM-248-128-N.jpg,m,1.125
11,2,63,study,0,male,Black,female,White,neutral,,,,,m,581,True,False,,1,,,,False,143,BM-244,materials/cfd/Images/CFD/BM-244/CFD-BM-244-197-N.jpg,WF-027,materials/cfd/Images/CFD/WF-027/CFD-WF-027-003-N.jpg,m,1.125
11,2,64,study,0,female,Black,male,Black,happy,,,,,z,552,True,False,,1,,,,False,145,BF-211,materials/cfd/Images/CFD/BF-211/CFD-BF-211-168-N.jpg,BM-032,materials/cfd/Images/CFD/BM-032/CFD-BM-032-007-HO.jpg,z,1.125
11,2,65,study,0,female,Latino,male,Black,happy,,,,,z,629,True,False,,1,,,,False,147,LF-250,materials/cfd/Images/CFD/LF-250/CFD-LF-250-169-N.jpg,BM-038,materials/cfd/Images/CFD/BM-038/CFD-BM-038-007-HO.jpg,z,1.125
11,2,66,study,0,male,Black,male,Black,neutral,,,,,m,608,True,False,,1,,,,False,149,BM-242,materials/cfd/Images/CFD/BM-242/CFD-BM-242-233-N.jpg,BM-235,materials/cfd/Images/CFD/BM-235/CFD-BM-235-226-N.jpg,m,1.125
11,2,67,study,0,female,Black,female,White,angry,,,,,z,506,True,False,,1,,,,False,151,BF-027,materials/cfd/Images/CFD/BF-027/CFD-BF-027-002-N.jpg,WF-017,materials/cfd/Images/CFD/WF-017/CFD-WF-017-023-A.jpg,z,1.125
11,2,68,study,0,male,White,female,White,angry,,,,,m,557,True,False,,1,,,,False,153,WM-024,materials/cfd/Images/CFD/WM-024/CFD-WM-024-015-N.jpg,WF-019,materials/cfd/Images/CFD/WF-019/CFD-WF-019-015-A.jpg,m,1.125
11,2,69,study,0,female,Latino,female,Black,neutral,,,,,z,555,True,False,,1,,,,False,155,LF-232,materials/cfd/Images/CFD/LF-232/CFD-LF-232-199-N.jpg,BF-239,materials/cfd/Images/CFD/BF-239/CFD-BF-239-180-N.jpg,z,1.125
11,2,70,study,0,female,Latino,female,White,neutral,,,,,z,502,True,False,,1,,,,False,157,LF-229,materials/cfd/Images/CFD/LF-229/CFD-LF-229-164-N.jpg,WF-034,materials/cfd/Images/CFD/WF-034/CFD-WF-034-006-N.jpg,z,1.125
11,2,71,study,0,male,Latino,male,White,angry,,,,,m,520,True,False,,1,,,,False,159,LM-227,materials/cfd/Images/CFD/LM-227/CFD-LM-227-103-N.jpg,WM-035,materials/cfd/Images/CFD/WM-035/CFD-WM-035-018-A.jpg,m,1.125
11,2,72,study,0,male,Asian,female,Black,neutral,,,,,m,637,True,False,,1,,,,False,161,AM-253,materials/cfd/Images/CFD/AM-253/CFD-AM-253-161-N.jpg,BF-208,materials/cfd/Images/CFD/BF-208/CFD-BF-208-266-N.jpg,m,1.125
11,2,73,study,0,male,Latino,male,Black,happy,,,,,m,471,True,False,,1,,,,False,163,LM-243,materials/cfd/Images/CFD/LM-243/CFD-LM-243-075-N.jpg,BM-024,materials/cfd/Images/CFD/BM-024/CFD-BM-024-061-HO.jpg,m,1.125
11,2,74,study,0,male,Asian,male,Black,angry,,,,,m,536,True,False,,1,,,,False,165,AM-206,materials/cfd/Images/CFD/AM-206/CFD-AM-206-086-N.jpg,BM-015,materials/cfd/Images/CFD/BM-015/CFD-BM-015-012-A.jpg,m,1.125
11,2,75,study,0,male,White,male,Black,happy,,,,,m,763,True,False,,1,,,,False,167,WM-211,materials/cfd/Images/CFD/WM-211/CFD-WM-211-054-N.jpg,BM-010,materials/cfd/Images/CFD/BM-010/CFD-BM-010-004-HO.jpg,m,1.125
11,2,76,study,0,male,Black,female,White,happy,,,,,m,544,True,False,,1,,,,False,169,BM-232,materials/cfd/Images/CFD/BM-232/CFD-BM-232-213-N.jpg,WF-023,materials/cfd/Images/CFD/WF-023/CFD-WF-023-020-HO.jpg,m,1.125
11,2,77,study,0,female,Black,female,Black,angry,,,,,z,481,True,False,,1,,,,False,171,BF-248,materials/cfd/Images/CFD/BF-248/CFD-BF-248-149-N.jpg,BF-029,materials/cfd/Images/CFD/BF-029/CFD-BF-029-046-A.jpg,z,1.125
11,2,78,study,0,female,Black,female,Black,happy,,,,,z,615,True,False,,1,,,,False,173,BF-215,materials/cfd/Images/CFD/BF-215/CFD-BF-215-177-N.jpg,BF-051,materials/cfd/Images/CFD/BF-051/CFD-BF-051-037-HO.jpg,z,1.125
11,2,79,study,0,male,Asian,male,White,angry,,,,,m,601,True,False,,1,,,,False,175,AM-217,materials/cfd/Images/CFD/AM-217/CFD-AM-217-085-N.jpg,WM-016,materials/cfd/Images/CFD/WM-016/CFD-WM-016-008-A.jpg,m,1.125
11,2,80,study,0,female,White,female,White,angry,,,,,z,632,True,False,,1,,,,False,177,WF-228,materials/cfd/Images/CFD/WF-228/CFD-WF-228-196-N.jpg,WF-016,materials/cfd/Images/CFD/WF-016/CFD-WF-016-021-A.jpg,z,1.125
11,2,81,study,0,female,Black,male,Black,neutral,,,,,z,744,True,False,,1,,,,False,179,BF-220,materials/cfd/Images/CFD/BF-220/CFD-BF-220-161-N.jpg,BM-046,materials/cfd/Images/CFD/BM-046/CFD-BM-046-006-N.jpg,z,1.125
11,2,82,study,0,male,White,female,White,neutral,,,,,m,685,True,False,,1,,,,False,181,WM-037,materials/cfd/Images/CFD/WM-037/CFD-WM-037-025-N.jpg,WF-236,materials/cfd/Images/CFD/WF-236/CFD-WF-236-107-N.jpg,m,1.125
11,2,83,study,0,male,Asian,female,Black,angry,,,,,m,572,True,False,,1,,,,False,183,AM-232,materials/cfd/Images/CFD/AM-232/CFD-AM-232-251-N.jpg,BF-044,materials/cfd/Images/CFD/BF-044/CFD-BF-044-044-A.jpg,m,1.125
11,2,84,study,0,female,White,male,Black,angry,,,,,z,657,True,False,,1,,,,False,185,WF-015,materials/cfd/Images/CFD/WF-015/CFD-WF-015-006-N.jpg,BM-037,materials/cfd/Images/CFD/BM-037/CFD-BM-037-041-A.jpg,z,1.125
11,2,85,study,0,male,Latino,male,Black,neutral,,,,,m,609,True,False,,1,,,,False,187,LM-244,materials/cfd/Images/CFD/LM-244/CFD-LM-244-068-N.jpg,BM-216,materials/cfd/Images/CFD/BM-216/CFD-BM-216-088-N.jpg,m,1.125
11,2,86,study,0,male,Latino,male,Black,angry,,,,,m,637,True,False,,1,,,,False,189,LM-241,materials/cfd/Images/CFD/LM-241/CFD-LM-241-125-N.jpg,BM-003,materials/cfd/Images/CFD/BM-003/CFD-BM-003-030-A.jpg,m,1.125
11,2,87,study,0,female,Asian,female,White,neutral,,,,,z,699,True,False,,1,,,,False,191,AF-215,materials/cfd/Images/CFD/AF-215/CFD-AF-215-70-N.jpg,WF-224,materials/cfd/Images/CFD/WF-224/CFD-WF-224-099-N.jpg,z,1.125
11,2,88,study,0,female,White,male,White,happy,,,,,z,590,True,False,,1,,,,False,193,WF-241,materials/cfd/Images/CFD/WF-241/CFD-WF-241-210-N.jpg,WM-010,materials/cfd/Images/CFD/WM-010/CFD-WM-010-004-HO.jpg,z,1.125
11,2,89,study,0,male,Black,male,Black,happy,,,,,m,651,True,False,,1,,,,False,195,BM-027,materials/cfd/Images/CFD/BM-027/CFD-BM-027-001-N.jpg,BM-036,materials/cfd/Images/CFD/BM-036/CFD-BM-036-004-HO.jpg,m,1.125
11,2,90,study,0,male,Black,female,Black,happy,,,,,m,576,True,False,,1,,,,False,197,BM-207,materials/cfd/Images/CFD/BM-207/CFD-BM-207-024-N.jpg,BF-001,materials/cfd/Images/CFD/BF-001/CFD-BF-001-018-HO.jpg,m,1.125
11,2,91,study,1,female,Black,female,Black,happy,,,,,z,530,True,False,,1,,,,False,200,BF-023,materials/cfd/Images/CFD/BF-023/CFD-BF-023-010-N.jpg,BF-039,materials/cfd/Images/CFD/BF-039/CFD-BF-039-033-HO.jpg,z,1.125
11,2,92,study,1,female,White,male,White,neutral,,,,,z,548,True,False,,1,,,,False,202,WF-238,materials/cfd/Images/CFD/WF-238/CFD-WF-238-023-N.jpg,WM-239,materials/cfd/Images/CFD/WM-239/CFD-WM-239-128-N.jpg,z,1.125
11,2,93,study,1,female,Asian,female,White,angry,,,,,z,641,True,False,,1,,,,False,204,AF-212,materials/cfd/Images/CFD/AF-212/CFD-AF-212-097-N.jpg,WF-037,materials/cfd/Images/CFD/WF-037/CFD-WF-037-016-A.jpg,z,1.125
11,2,94,study,1,male,Black,female,White,happy,,,,,m,642,True,False,,1,,,,False,206,BM-022,materials/cfd/Images/CFD/BM-022/CFD-BM-022-022-N.jpg,WF-021,materials/cfd/Images/CFD/WF-021/CFD-WF-021-016-HO.jpg,m,1.125
11,2,95,study,1,female,Latino,female,Black,happy,,,,,z,612,True,False,,1,,,,False,208,LF-213,materials/cfd/Images/CFD/LF-213/CFD-LF-213-079-N.jpg,BF-042,materials/cfd/Images/CFD/BF-042/CFD-BF-042-028-HO.jpg,z,1.125
11,2,96,study,1,male,White,female,Black,neutral,,,,,m,623,True,False,,1,,,,False,210,WM-249,materials/cfd/Images/CFD/WM-249/CFD-WM-249-239-N.jpg,BF-202,materials/cfd/Images/CFD/BF-202/CFD-BF-202-109-N.jpg,m,1.125
11,2,97,study,1,female,White,male,White,angry,,,,,z,708,True,False,,1,,,,False,212,WF-036,materials/cfd/Images/CFD/WF-036/CFD-WF-036-023-N.jpg,WM-026,materials/cfd/Images/CFD/WM-026/CFD-WM-026-019-A.jpg,z,1.125
11,2,98,study,1,female,Latino,male,White,neutral,,,,,z,626,True,False,,1,,,,False,214,LF-217,materials/cfd/Images/CFD/LF-217/CFD-LF-217-082-N.jpg,WM-210,materials/cfd/Images/CFD/WM-210/CFD-WM-210-057-N.jpg,z,1.125
11,2,99,study,1,male,Black,male,Black,happy,,,,,m,608,True,False,,1,,,,False,216,BM-219,materials/cfd/Images/CFD/BM-219/CFD-BM-219-141-N.jpg,BM-039,materials/cfd/Images/CFD/BM-039/CFD-BM-039-034-HO.jpg,m,1.125
11,2,100,study,1,male,Latino,male,Black,happy,,,,,m,584,True,False,,1,,,,False,218,LM-246,materials/cfd/Images/CFD/LM-246/CFD-LM-246-087-N.jpg,BM-041,materials/cfd/Images/CFD/BM-041/CFD-BM-041-041-HO.jpg,m,1.125
11,2,101,study,1,male,Asian,female,Black,angry,,,,,m,516,True,False,,1,,,,False,220,AM-242,materials/cfd/Images/CFD/AM-242/CFD-AM-242-176-N.jpg,BF-018,materials/cfd/Images/CFD/BF-018/CFD-BF-018-019-A.jpg,m,1.125
11,2,102,study,1,male,Black,female,White,angry,,,,,m,657,True,False,,1,,,,False,222,BM-021,materials/cfd/Images/CFD/BM-021/CFD-BM-021-021-N.jpg,WF-020,materials/cfd/Images/CFD/WF-020/CFD-WF-020-012-A.jpg,m,1.125
11,2,103,study,1,male,White,female,White,neutral,,,,,m,560,True,False,,1,,,,False,224,WM-036,materials/cfd/Images/CFD/WM-036/CFD-WM-036-031-N.jpg,WF-221,materials/cfd/Images/CFD/WF-221/CFD-WF-221-005-N.jpg,m,1.125
11,2,104,study,1,male,Asian,female,Black,happy,,,,,m,508,True,False,,1,,,,False,226,AM-218,materials/cfd/Images/CFD/AM-218/CFD-AM-218-085-N.jpg,BF-035,materials/cfd/Images/CFD/BF-035/CFD-BF-035-027-HO.jpg,m,1.125
11,2,105,study,1,female,Asian,male,White,angry,,,,,z,656,True,False,,1,,,,False,228,AF-237,materials/cfd/Images/CFD/AF-237/CFD-AF-237-223-N.jpg,WM-002,materials/cfd/Images/CFD/WM-002/CFD-WM-002-017-A.jpg,z,1.125
11,2,106,study,1,female,White,female,Black,happy,,,,,z,738,True,False,,1,,,,False,230,WF-230,materials/cfd/Images/CFD/WF-230/CFD-WF-230-158-N.jpg,BF-045,materials/cfd/Images/CFD/BF-045/CFD-BF-045-062-HO.jpg,z,1.125
11,2,107,study,1,female,White,female,White,neutral,,,,,z,450,True,False,,1,,,,False,232,WF-018,materials/cfd/Images/CFD/WF-018/CFD-WF-018-017-N.jpg,WF-009,materials/cfd/Images/CFD/WF-009/CFD-WF-009-001-N.jpg,z,1.125
11,2,108,study,1,male,White,male,Black,neutral,,,,,m,434,True,False,,1,,,,False,234,WM-255,materials/cfd/Images/CFD/WM-255/CFD-WM-255-219-N.jpg,BM-221,materials/cfd/Images/CFD/BM-221/CFD-BM-221-198-N.jpg,m,1.125
11,2,109,study,1,female,White,male,White,neutral,,,,,z,753,True,False,,1,,,,False,236,WF-002,materials/cfd/Images/CFD/WF-002/CFD-WF-002-004-N.jpg,WM-204,materials/cfd/Images/CFD/WM-204/CFD-WM-204-031-N.jpg,z,1.125
11,2,110,study,1,female,Asian,female,Black,happy,,,,,z,558,True,False,,1,,,,False,238,AF-239,materials/cfd/Images/CFD/AF-239/CFD-AF-239-171-N.jpg,BF-008,materials/cfd/Images/CFD/BF-008/CFD-BF-008-003-HO.jpg,z,1.125
11,2,111,study,1,male,White,male,White,angry,,,,,m,465,True,False,,1,,,,False,240,WM-009,materials/cfd/Images/CFD/WM-009/CFD-WM-009-002-N.jpg,WM-038,materials/cfd/Images/CFD/WM-038/CFD-WM-038-011-A.jpg,m,1.125
11,2,112,study,1,male,White,female,Black,angry,,,,,m,585,True,False,,1,,,,False,242,WM-207,materials/cfd/Images/CFD/WM-207/CFD-WM-207-048-N.jpg,BF-043,materials/cfd/Images/CFD/BF-043/CFD-BF-043-038-A.jpg,m,1.125
11,2,113,study,1,male,White,female,Black,happy,,,,,m,545,True,False,,1,,,,False,244,WM-223,materials/cfd/Images/CFD/WM-223/CFD-WM-223-056-N.jpg,BF-020,materials/cfd/Images/CFD/BF-020/CFD-BF-020-004-HO.jpg,m,1.125
11,2,114,study,1,male,Asian,male,Black,neutral,,,,,m,557,True,False,,1,,,,False,246,AM-241,materials/cfd/Images/CFD/AM-241/CFD-AM-241-287-N.jpg,BM-009,materials/cfd/Images/CFD/BM-009/CFD-BM-009-002-N.jpg,m,1.125
11,2,115,study,1,female,Asian,female,Black,neutral,,,,,z,625,True,False,,1,,,,False,248,AF-244,materials/cfd/Images/CFD/AF-244/CFD-AF-244-168-N.jpg,BF-236,materials/cfd/Images/CFD/BF-236/CFD-BF-236-177-N.jpg,z,1.125
11,2,116,study,1,female,White,male,White,neutral,,,,,z,1168,True,False,,1,,,,False,250,WF-213,materials/cfd/Images/CFD/WF-213/CFD-WF-213-031-N.jpg,WM-222,materials/cfd/Images/CFD/WM-222/CFD-WM-222-057-N.jpg,z,1.125
11,2,117,study,1,female,Black,male,Black,happy,,,,,z,601,True,False,,1,,,,False,252,BF-244,materials/cfd/Images/CFD/BF-244/CFD-BF-244-231-N.jpg,BM-025,materials/cfd/Images/CFD/BM-025/CFD-BM-025-040-HO.jpg,z,1.125
11,2,118,study,1,female,Asian,male,Black,happy,,,,,z,724,True,False,,1,,,,False,254,AF-209,materials/cfd/Images/CFD/AF-209/CFD-AF-209-006-N.jpg,BM-026,materials/cfd/Images/CFD/BM-026/CFD-BM-026-009-HO.jpg,z,1.125
11,2,119,study,1,female,Black,male,White,angry,,,,,z,692,True,False,,1,,,,False,256,BF-017,materials/cfd/Images/CFD/BF-017/CFD-BF-017-003-N.jpg,WM-013,materials/cfd/Images/CFD/WM-013/CFD-WM-013-015-A.jpg,z,1.125
11,2,120,study,1,female,Black,male,White,angry,,,,,z,600,True,False,,1,,,,False,258,BF-021,materials/cfd/Images/CFD/BF-021/CFD-BF-021-013-N.jpg,WM-034,materials/cfd/Images/CFD/WM-034/CFD-WM-034-040-A.jpg,z,1.125
11,2,121,test,0,male,White,female,White,angry,,,,intact,z,735,True,False,,1,,,,False,275,WM-024,materials/cfd/Images/CFD/WM-024/CFD-WM-024-015-N.jpg,WF-019,materials/cfd/Images/CFD/WF-019/CFD-WF-019-015-A.jpg,z,1.125
11,2,122,test,0,male,White,male,Black,neutral,,,,intact,z,634,True,False,,1,,,,False,277,WM-232,materials/cfd/Images/CFD/WM-232/CFD-WM-232-070-N.jpg,BM-248,materials/cfd/Images/CFD/BM-248/CFD-BM-248-128-N.jpg,z,1.125
11,2,123,test,0,male,Black,male,Black,happy,,,,intact,z,583,True,False,,1,,,,False,279,BM-219,materials/cfd/Images/CFD/BM-219/CFD-BM-219-141-N.jpg,BM-039,materials/cfd/Images/CFD/BM-039/CFD-BM-039-034-HO.jpg,z,1.125
11,2,124,test,0,female,Asian,female,Black,happy,,,,intact,z,497,True,False,,1,,,,False,281,AF-239,materials/cfd/Images/CFD/AF-239/CFD-AF-239-171-N.jpg,BF-008,materials/cfd/Images/CFD/BF-008/CFD-BF-008-003-HO.jpg,z,1.125
11,2,125,test,0,female,White,female,Black,happy,,,,intact,z,884,True,False,,1,,,,False,283,WF-230,materials/cfd/Images/CFD/WF-230/CFD-WF-230-158-N.jpg,BF-045,materials/cfd/Images/CFD/BF-045/CFD-BF-045-062-HO.jpg,z,1.125
11,2,126,test,0,male,Asian,female,White,happy,,,,rearranged,z,648,False,False,,1,,,,False,285,AM-218,materials/cfd/Images/CFD/AM-218/CFD-AM-218-085-N.jpg,WF-023,materials/cfd/Images/CFD/WF-023/CFD-WF-023-020-HO.jpg,m,1.125
11,2,127,test,0,female,White,male,White,angry,,,,intact,z,569,True,False,,1,,,,False,287,WF-036,materials/cfd/Images/CFD/WF-036/CFD-WF-036-023-N.jpg,WM-026,materials/cfd/Images/CFD/WM-026/CFD-WM-026-019-A.jpg,z,1.125
11,2,128,test,0,male,Black,female,White,happy,,,,intact,z,701,True,False,,1,,,,False,289,BM-022,materials/cfd/Images/CFD/BM-022/CFD-BM-022-022-N.jpg,WF-021,materials/cfd/Images/CFD/WF-021/CFD-WF-021-016-HO.jpg,z,1.125
11,2,129,test,0,male,White,female,Black,neutral,,,,intact,z,683,True,False,,1,,,,False,291,WM-249,materials/cfd/Images/CFD/WM-249/CFD-WM-249-239-N.jpg,BF-202,materials/cfd/Images/CFD/BF-202/CFD-BF-202-109-N.jpg,z,1.125
11,2,130,test,0,female,Asian,male,White,happy,,,,rearranged,z,549,False,False,,1,,,,False,293,AF-209,materials/cfd/Images/CFD/AF-209/CFD-AF-209-006-N.jpg,WM-010,materials/cfd/Images/CFD/WM-010/CFD-WM-010-004-HO.jpg,m,1.125
11,2,131,test,0,female,Asian,female,White,angry,,,,intact,z,588,True,False,,1,,,,False,295,AF-212,materials/cfd/Images/CFD/AF-212/CFD-AF-212-097-N.jpg,WF-037,materials/cfd/Images/CFD/WF-037/CFD-WF-037-016-A.jpg,z,1.125
11,2,132,test,0,female,Latino,female,Black,neutral,,,,rearranged,z,664,False,False,,1,,,,False,297,LF-229,materials/cfd/Images/CFD/LF-229/CFD-LF-229-164-N.jpg,BF-239,materials/cfd/Images/CFD/BF-239/CFD-BF-239-180-N.jpg,m,1.125
11,2,133,test,0,female,White,male,White,neutral,,,,intact,z,719,True,False,,1,,,,False,299,WF-002,materials/cfd/Images/CFD/WF-002/CFD-WF-002-004-N.jpg,WM-204,materials/cfd/Images/CFD/WM-204/CFD-WM-204-031-N.jpg,z,1.125
11,2,134,test,0,female,Black,male,Black,neutral,,,,intact,z,1039,True,False,,1,,,,False,301,BF-220,materials/cfd/Images/CFD/BF-220/CFD-BF-220-161-N.jpg,BM-046,materials/cfd/Images/CFD/BM-046/CFD-BM-046-006-N.jpg,z,1.125
11,2,135,test,0,female,Asian,male,Black,angry,,,,rearranged,z,1324,False,False,,1,,,,False,303,AF-237,materials/cfd/Images/CFD/AF-237/CFD-AF-237-223-N.jpg,BM-037,materials/cfd/Images/CFD/BM-037/CFD-BM-037-041-A.jpg,m,1.125
11,2,136,test,0,male,Asian,male,White,angry,,,,intact,z,868,True,False,,1,,,,False,305,AM-217,materials/cfd/Images/CFD/AM-217/CFD-AM-217-085-N.jpg,WM-016,materials/cfd/Images/CFD/WM-016/CFD-WM-016-008-A.jpg,z,1.125
11,2,137,test,0,male,Latino,male,Black,neutral,,,,rearranged,z,734,False,False,,1,,,,False,307,LM-244,materials/cfd/Images/CFD/LM-244/CFD-LM-244-068-N.jpg,BM-009,materials/cfd/Images/CFD/BM-009/CFD-BM-009-002-N.jpg,m,1.125
11,2,138,test,0,female,Black,female,Black,happy,,,,rearranged,z,773,False,False,,1,,,,False,309,BF-023,materials/cfd/Images/CFD/BF-023/CFD-BF-023-010-N.jpg,BF-051,materials/cfd/Images/CFD/BF-051/CFD-BF-051-037-HO.jpg,m,1.125
11,2,139,test,0,male,White,female,Black,angry,,,,intact,z,851,True,False,,1,,,,False,311,WM-207,materials/cfd/Images/CFD/WM-207/CFD-WM-207-048-N.jpg,BF-043,materials/cfd/Images/CFD/BF-043/CFD-BF-043-038-A.jpg,z,1.125
11,2,140,test,0,female,White,female,White,neutral,,,,intact,z,722,True,False,,1,,,,False,313,WF-018,materials/cfd/Images/CFD/WF-018/CFD-WF-018-017-N.jpg,WF-009,materials/cfd/Images/CFD/WF-009/CFD-WF-009-001-N.jpg,z,1.125
11,2,141,test,0,male,Asian,male,Black,neutral,,,,rearranged,z,911,False,False,,1,,,,False,315,AM-241,materials/cfd/Images/CFD/AM-241/CFD-AM-241-287-N.jpg,BM-221,materials/cfd/Images/CFD/BM-221/CFD-BM-221-198-N.jpg,m,1.125
11,2,142,test,0,male,Latino,male,White,angry,,,,rearranged,z,618,False,False,,1,,,,False,317,LM-241,materials/cfd/Images/CFD/LM-241/CFD-LM-241-125-N.jpg,WM-035,materials/cfd/Images/CFD/WM-035/CFD-WM-035-018-A.jpg,m,1.125
11,2,143,test,0,female,Latino,male,White,neutral,,,,rearranged,m,1057,True,False,,1,,,,False,319,LF-217,materials/cfd/Images/CFD/LF-217/CFD-LF-217-082-N.jpg,WM-222,materials/cfd/Images/CFD/WM-222/CFD-WM-222-057-N.jpg,m,1.125
11,2,144,test,0,male,White,male,Black,angry,,,,rearranged,m,1086,True,False,,1,,,,False,321,WM-009,materials/cfd/Images/CFD/WM-009/CFD-WM-009-002-N.jpg,BM-003,materials/cfd/Images/CFD/BM-003/CFD-BM-003-030-A.jpg,m,1.125
11,2,145,test,0,male,White,male,Black,neutral,,,,rearranged,z,838,False,False,,1,,,,False,323,WM-255,materials/cfd/Images/CFD/WM-255/CFD-WM-255-219-N.jpg,BM-216,materials/cfd/Images/CFD/BM-216/CFD-BM-216-088-N.jpg,m,1.125
11,2,146,test,0,male,White,female,White,neutral,,,,rearranged,z,898,False,False,,1,,,,False,325,WM-036,materials/cfd/Images/CFD/WM-036/CFD-WM-036-031-N.jpg,WF-027,materials/cfd/Images/CFD/WF-027/CFD-WF-027-003-N.jpg,m,1.125
11,2,147,test,0,female,White,male,White,angry,,,,rearranged,z,703,False,False,,1,,,,False,327,WF-015,materials/cfd/Images/CFD/WF-015/CFD-WF-015-006-N.jpg,WM-013,materials/cfd/Images/CFD/WM-013/CFD-WM-013-015-A.jpg,m,1.125
11,2,148,test,0,female,Black,male,White,angry,,,,intact,z,623,True,False,,1,,,,False,329,BF-021,materials/cfd/Images/CFD/BF-021/CFD-BF-021-013-N.jpg,WM-034,materials/cfd/Images/CFD/WM-034/CFD-WM-034-040-A.jpg,z,1.125
11,2,149,test,0,male,Asian,male,Black,angry,,,,intact,z,676,True,False,,1,,,,False,331,AM-206,materials/cfd/Images/CFD/AM-206/CFD-AM-206-086-N.jpg,BM-015,materials/cfd/Images/CFD/BM-015/CFD-BM-015-012-A.jpg,z,1.125
11,2,150,test,0,male,Asian,female,Black,neutral,,,,intact,z,756,True,False,,1,,,,False,333,AM-253,materials/cfd/Images/CFD/AM-253/CFD-AM-253-161-N.jpg,BF-208,materials/cfd/Images/CFD/BF-208/CFD-BF-208-266-N.jpg,z,1.125
11,2,151,test,1,female,Latino,female,White,neutral,,,,rearranged,z,1585,False,False,,1,,,,False,336,LF-232,materials/cfd/Images/CFD/LF-232/CFD-LF-232-199-N.jpg,WF-034,materials/cfd/Images/CFD/WF-034/CFD-WF-034-006-N.jpg,m,1.125
11,2,152,test,1,male,Black,male,Black,happy,,,,rearranged,m,1077,True,False,,1,,,,False,338,BM-027,materials/cfd/Images/CFD/BM-027/CFD-BM-027-001-N.jpg,BM-024,materials/cfd/Images/CFD/BM-024/CFD-BM-024-061-HO.jpg,m,1.125
11,2,153,test,1,female,Black,male,Black,happy,,,,intact,z,668,True,False,,1,,,,False,340,BF-211,materials/cfd/Images/CFD/BF-211/CFD-BF-211-168-N.jpg,BM-032,materials/cfd/Images/CFD/BM-032/CFD-BM-032-007-HO.jpg,z,1.125
11,2,154,test,1,female,Black,female,Black,angry,,,,rearranged,z,643,False,False,,1,,,,False,342,BF-027,materials/cfd/Images/CFD/BF-027/CFD-BF-027-002-N.jpg,BF-029,materials/cfd/Images/CFD/BF-029/CFD-BF-029-046-A.jpg,m,1.125
11,2,155,test,1,male,Black,female,Black,happy,,,,rearranged,z,603,False,False,,1,,,,False,344,BM-207,materials/cfd/Images/CFD/BM-207/CFD-BM-207-024-N.jpg,BF-035,materials/cfd/Images/CFD/BF-035/CFD-BF-035-027-HO.jpg,m,1.125
11,2,156,test,1,male,Black,female,Black,happy,,,,rearranged,z,587,False,False,,1,,,,False,346,BM-232,materials/cfd/Images/CFD/BM-232/CFD-BM-232-213-N.jpg,BF-001,materials/cfd/Images/CFD/BF-001/CFD-BF-001-018-HO.jpg,m,1.125
11,2,157,test,1,female,White,female,Black,angry,,,,intact,z,674,True,False,,1,,,,False,348,WF-001,materials/cfd/Images/CFD/WF-001/CFD-WF-001-003-N.jpg,BF-040,materials/cfd/Images/CFD/BF-040/CFD-BF-040-051-A.jpg,z,1.125
11,2,158,test,1,female,Latino,female,Black,happy,,,,rearranged,z,757,False,False,,1,,,,False,350,LF-213,materials/cfd/Images/CFD/LF-213/CFD-LF-213-079-N.jpg,BF-039,materials/cfd/Images/CFD/BF-039/CFD-BF-039-033-HO.jpg,m,1.125
11,2,159,test,1,female,Black,female,Black,happy,,,,rearranged,z,698,False,False,,1,,,,False,352,BF-215,materials/cfd/Images/CFD/BF-215/CFD-BF-215-177-N.jpg,BF-042,materials/cfd/Images/CFD/BF-042/CFD-BF-042-028-HO.jpg,m,1.125
11,2,160,test,1,male,Latino,male,White,angry,,,,rearranged,z,922,False,False,,1,,,,False,354,LM-227,materials/cfd/Images/CFD/LM-227/CFD-LM-227-103-N.jpg,WM-038,materials/cfd/Images/CFD/WM-038/CFD-WM-038-011-A.jpg,m,1.125
11,2,161,test,1,male,Black,female,White,neutral,,,,rearranged,m,1049,True,False,,1,,,,False,356,BM-244,materials/cfd/Images/CFD/BM-244/CFD-BM-244-197-N.jpg,WF-221,materials/cfd/Images/CFD/WF-221/CFD-WF-221-005-N.jpg,m,1.125
11,2,162,test,1,male,Latino,male,Black,happy,,,,rearranged,z,777,False,False,,1,,,,False,358,LM-243,materials/cfd/Images/CFD/LM-243/CFD-LM-243-075-N.jpg,BM-036,materials/cfd/Images/CFD/BM-036/CFD-BM-036-004-HO.jpg,m,1.125
11,2,163,test,1,male,Asian,female,White,angry,,,,rearranged,z,803,False,False,,1,,,,False,360,AM-242,materials/cfd/Images/CFD/AM-242/CFD-AM-242-176-N.jpg,WF-020,materials/cfd/Images/CFD/WF-020/CFD-WF-020-012-A.jpg,m,1.125
11,2,164,test,1,female,White,male,White,neutral,,,,rearranged,z,856,False,False,,1,,,,False,362,WF-213,materials/cfd/Images/CFD/WF-213/CFD-WF-213-031-N.jpg,WM-239,materials/cfd/Images/CFD/WM-239/CFD-WM-239-128-N.jpg,m,1.125
11,2,165,test,1,female,White,female,White,angry,,,,intact,z,750,True,False,,1,,,,False,364,WF-228,materials/cfd/Images/CFD/WF-228/CFD-WF-228-196-N.jpg,WF-016,materials/cfd/Images/CFD/WF-016/CFD-WF-016-021-A.jpg,z,1.125
11,2,166,test,1,male,White,female,Black,happy,,,,intact,z,553,True,False,,1,,,,False,366,WM-223,materials/cfd/Images/CFD/WM-223/CFD-WM-223-056-N.jpg,BF-020,materials/cfd/Images/CFD/BF-020/CFD-BF-020-004-HO.jpg,z,1.125
11,2,167,test,1,female,Black,male,White,angry,,,,rearranged,z,632,False,False,,1,,,,False,368,BF-017,materials/cfd/Images/CFD/BF-017/CFD-BF-017-003-N.jpg,WM-002,materials/cfd/Images/CFD/WM-002/CFD-WM-002-017-A.jpg,m,1.125
11,2,168,test,1,male,Black,male,Black,neutral,,,,intact,z,616,True,False,,1,,,,False,370,BM-242,materials/cfd/Images/CFD/BM-242/CFD-BM-242-233-N.jpg,BM-235,materials/cfd/Images/CFD/BM-235/CFD-BM-235-226-N.jpg,z,1.125
11,2,169,test,1,female,Asian,female,Black,neutral,,,,intact,z,678,True,False,,1,,,,False,372,AF-244,materials/cfd/Images/CFD/AF-244/CFD-AF-244-168-N.jpg,BF-236,materials/cfd/Images/CFD/BF-236/CFD-BF-236-177-N.jpg,z,1.125
11,2,170,test,1,male,White,female,White,neutral,,,,intact,z,673,True,False,,1,,,,False,374,WM-037,materials/cfd/Images/CFD/WM-037/CFD-WM-037-025-N.jpg,WF-236,materials/cfd/Images/CFD/WF-236/CFD-WF-236-107-N.jpg,z,1.125
11,2,171,test,1,female,Black,male,Black,happy,,,,intact,z,905,True,False,,1,,,,False,376,BF-244,materials/cfd/Images/CFD/BF-244/CFD-BF-244-231-N.jpg,BM-025,materials/cfd/Images/CFD/BM-025/CFD-BM-025-040-HO.jpg,z,1.125
11,2,172,test,1,male,Latino,male,Black,happy,,,,intact,z,639,True,False,,1,,,,False,378,LM-246,materials/cfd/Images/CFD/LM-246/CFD-LM-246-087-N.jpg,BM-041,materials/cfd/Images/CFD/BM-041/CFD-BM-041-041-HO.jpg,z,1.125
11,2,173,test,1,female,White,male,White,neutral,,,,rearranged,z,636,False,False,,1,,,,False,380,WF-238,materials/cfd/Images/CFD/WF-238/CFD-WF-238-023-N.jpg,WM-210,materials/cfd/Images/CFD/WM-210/CFD-WM-210-057-N.jpg,m,1.125
11,2,174,test,1,female,Black,female,White,angry,,,,rearranged,z,683,False,False,,1,,,,False,382,BF-248,materials/cfd/Images/CFD/BF-248/CFD-BF-248-149-N.jpg,WF-017,materials/cfd/Images/CFD/WF-017/CFD-WF-017-023-A.jpg,m,1.125
11,2,175,test,1,male,White,male,Black,happy,,,,intact,z,666,True,False,,1,,,,False,384,WM-211,materials/cfd/Images/CFD/WM-211/CFD-WM-211-054-N.jpg,BM-010,materials/cfd/Images/CFD/BM-010/CFD-BM-010-004-HO.jpg,z,1.125
11,2,176,test,1,male,Asian,female,Black,angry,,,,intact,z,584,True,False,,1,,,,False,386,AM-232,materials/cfd/Images/CFD/AM-232/CFD-AM-232-251-N.jpg,BF-044,materials/cfd/Images/CFD/BF-044/CFD-BF-044-044-A.jpg,z,1.125
11,2,177,test,1,female,Asian,female,White,neutral,,,,intact,z,648,True,False,,1,,,,False,388,AF-215,materials/cfd/Images/CFD/AF-215/CFD-AF-215-70-N.jpg,WF-224,materials/cfd/Images/CFD/WF-224/CFD-WF-224-099-N.jpg,z,1.125
11,2,178,test,1,female,White,male,Black,happy,,,,rearranged,z,691,False,False,,1,,,,False,390,WF-241,materials/cfd/Images/CFD/WF-241/CFD-WF-241-210-N.jpg,BM-026,materials/cfd/Images/CFD/BM-026/CFD-BM-026-009-HO.jpg,m,1.125
11,2,179,test,1,female,Latino,male,Black,happy,,,,intact,z,570,True,False,,1,,,,False,392,LF-250,materials/cfd/Images/CFD/LF-250/CFD-LF-250-169-N.jpg,BM-038,materials/cfd/Images/CFD/BM-038/CFD-BM-038-007-HO.jpg,z,1.125
11,2,180,test,1,male,Black,female,Black,angry,,,,rearranged,z,553,False,False,,1,,,,False,394,BM-021,materials/cfd/Images/CFD/BM-021/CFD-BM-021-021-N.jpg,BF-018,materials/cfd/Images/CFD/BF-018/CFD-BF-018-019-A.jpg,m,1.125
12,2,1,study,0,male,White,female,White,happy,,,,,,,False,True,,2,,,,False,17,WM-251,materials/cfd/Images/CFD/WM-251/CFD-WM-251-002-N.jpg,WF-031,materials/cfd/Images/CFD/WF-031/CFD-WF-031-005-HO.jpg,m,1.25
12,2,2,study,0,female,Latino,female,Black,angry,,,,,z,866,True,False,,2,,,,False,19,LF-246,materials/cfd/Images/CFD/LF-246/CFD-LF-246-129-N.jpg,BF-048,materials/cfd/Images/CFD/BF-048/CFD-BF-048-038-A.jpg,z,1.25
12,2,3,study,0,female,Black,female,Black,neutral,,,,,z,843,True,False,,2,,,,False,21,BF-006,materials/cfd/Images/CFD/BF-006/CFD-BF-006-017-N.jpg,BF-244,materials/cfd/Images/CFD/BF-244/CFD-BF-244-231-N.jpg,z,1.25
12,2,4,study,0,male,White,male,Black,neutral,,,,,m,681,True,False,,2,,,,False,23,WM-242,materials/cfd/Images/CFD/WM-242/CFD-WM-242-011-N.jpg,BM-202,materials/cfd/Images/CFD/BM-202/CFD-BM-202-063-N.jpg,m,1.25
12,2,5,study,0,male,White,male,White,neutral,,,,,m,603,True,False,,2,,,,False,25,WM-023,materials/cfd/Images/CFD/WM-023/CFD-WM-023-001-N.jpg,WM-218,materials/cfd/Images/CFD/WM-218/CFD-WM-218-074-N.jpg,m,1.25
12,2,6,study,0,male,Black,female,White,happy,,,,,z,1331,False,False,,2,,,,False,27,BM-043,materials/cfd/Images/CFD/BM-043/CFD-BM-043-071-N.jpg,WF-014,materials/cfd/Images/CFD/WF-014/CFD-WF-014-004-HO.jpg,m,1.25
12,2,7,study,0,male,White,female,Black,happy,,,,,m,2443,True,False,,2,,,,False,29,WM-254,materials/cfd/Images/CFD/WM-254/CFD-WM-254-152-N.jpg,BF-040,materials/cfd/Images/CFD/BF-040/CFD-BF-040-043-HO.jpg,m,1.25
12,2,8,study,0,female,Black,male,Black,angry,,,,,z,1568,True,False,,2,,,,False,31,BF-211,materials/cfd/Images/CFD/BF-211/CFD-BF-211-168-N.jpg,BM-002,materials/cfd/Images/CFD/BM-002/CFD-BM-002-016-A.jpg,z,1.25
12,2,9,study,0,male,Black,male,White,neutral,,,,,m,1563,True,False,,2,,,,False,33,BM-241,materials/cfd/Images/CFD/BM-241/CFD-BM-241-235-N.jpg,WM-012,materials/cfd/Images/CFD/WM-012/CFD-WM-012-001-N.jpg,m,1.25
12,2,10,study,0,female,Black,female,Black,happy,,,,,z,1791,True,False,,2,,,,False,35,BF-016,materials/cfd/Images/CFD/BF-016/CFD-BF-016-017-N.jpg,BF-007,materials/cfd/Images/CFD/BF-007/CFD-BF-007-004-HO.jpg,z,1.25
12,2,11,study,0,female,White,female,White,happy,,,,,z,862,True,False,,2,,,,False,37,WF-018,materials/cfd/Images/CFD/WF-018/CFD-WF-018-017-N.jpg,WF-030,materials/cfd/Images/CFD/WF-030/CFD-WF-030-003-HO.jpg,z,1.25
12,2,12,study,0,male,White,female,White,neutral,,,,,z,1898,False,False,,2,,,,False,39,WM-006,materials/cfd/Images/CFD/WM-006/CFD-WM-006-002-N.jpg,WF-218,materials/cfd/Images/CFD/WF-218/CFD-WF-218-087-N.jpg,m,1.25
12,2,13,study,0,female,Black,male,White,happy,,,,,m,1501,False,False,,2,,,,False,41,BF-221,materials/cfd/Images/CFD/BF-221/CFD-BF-221-223-N.jpg,WM-018,materials/cfd/Images/CFD/WM-018/CFD-WM-018-004-HO.jpg,z,1.25
12,2,14,study,0,female,White,male,Black,angry,,,,,m,1221,False,False,,2,,,,False,43,WF-237,materials/cfd/Images/CFD/WF-237/CFD-WF-237-067-N.jpg,BM-010,materials/cfd/Images/CFD/BM-010/CFD-BM-010-019-A.jpg,z,1.25
12,2,15,study,0,male,White,male,White,neutral,,,,,m,578,True,False,,2,,,,False,45,WM-212,materials/cfd/Images/CFD/WM-212/CFD-WM-212-097-N.jpg,WM-233,materials/cfd/Images/CFD/WM-233/CFD-WM-233-106-N.jpg,m,1.25
12,2,16,study,0,male,White,female,White,happy,,,,,z,1251,False,False,,2,,,,False,47,WM-237,materials/cfd/Images/CFD/WM-237/CFD-WM-237-052-N.jpg,WF-005,materials/cfd/Images/CFD/WF-005/CFD-WF-005-013-HO.jpg,m,1.25
12,2,17,study,0,male,Latino,male,White,happy,,,,,m,919,True,False,,2,,,,False,49,LM-229,materials/cfd/Images/CFD/LM-229/CFD-LM-229-187-N.jpg,WM-003,materials/cfd/Images/CFD/WM-003/CFD-WM-003-003-HO.jpg,m,1.25
12,2,18,study,0,female,White,female,Black,angry,,,,,z,1047,True,False,,2,,,,False,51,WF-016,materials/cfd/Images/CFD/WF-016/CFD-WF-016-015-N.jpg,BF-036,materials/cfd/Images/CFD/BF-036/CFD-BF-036-020-A.jpg,z,1.25
12,2,19,study,0,male,White,male,White,angry,,,,,m,1133,True,False,,2,,,,False,53,WM-236,materials/cfd/Images/CFD/WM-236/CFD-WM-236-072-N.jpg,WM-039,materials/cfd/Images/CFD/WM-039/CFD-WM-039-010-A.jpg,m,1.25
12,2,20,study,0,male,Latino,female,White,neutral,,,,,z,894,False,False,,2,,,,False,55,LM-225,materials/cfd/Images/CFD/LM-225/CFD-LM-225-130-N.jpg,WF-232,materials/cfd/Images/CFD/WF-232/CFD-WF-232-161-N.jpg,m,1.25
12,2,21,study,0,male,Latino,female,White,angry,,,,,z,1474,False,False,,2,,,,False,57,LM-209,materials/cfd/Images/CFD/LM-209/CFD-LM-209-111-N.jpg,WF-015,materials/cfd/Images/CFD/WF-015/CFD-WF-015-014-A.jpg,m,1.25
12,2,22,study,0,female,White,male,White,happy,,,,,m,1401,False,False,,2,,,,False,59,WF-029,materials/cfd/Images/CFD/WF-029/CFD-WF-029-002-N.jpg,WM-015,materials/cfd/Images/CFD/WM-015/CFD-WM-015-005-HO.jpg,z,1.25
12,2,23,study,0,female,Latino,female,White,happy,,,,,z,784,True,False,,2,,,,False,61,LF-211,materials/cfd/Images/CFD/LF-211/CFD-LF-211-003-N.jpg,WF-033,materials/cfd/Images/CFD/WF-033/CFD-WF-033-005-HO.jpg,z,1.25
12,2,24,study,0,male,Asian,male,White,neutral,,,,,m,2243,True,False,,2,,,,False,63,AM-234,materials/cfd/Images/CFD/AM-234/CFD-AM-234-355-N.jpg,WM-001,materials/cfd/Images/CFD/WM-001/CFD-WM-001-014-N.jpg,m,1.25
12,2,25,study,0,male,Black,female,White,neutral,,,,,z,2488,False,False,,2,,,,False,65,BM-041,materials/cfd/Images/CFD/BM-041/CFD-BM-041-035-N.jpg,WF-017,materials/cfd/Images/CFD/WF-017/CFD-WF-017-003-N.jpg,m,1.25
12,2,26,study,0,male,White,female,Black,angry,,,,,z,2672,False,False,,2,,,,False,67,WM-037,materials/cfd/Images/CFD/WM-037/CFD-WM-037-025-N.jpg,BF-003,materials/cfd/Images/CFD/BF-003/CFD-BF-003-016-A.jpg,m,1.25
12,2,27,study,0,female,Black,female,Black,angry,,,,,z,2573,True,False,,2,,,,False,69,BF-002,materials/cfd/Images/CFD/BF-002/CFD-BF-002-001-N.jpg,BF-044,materials/cfd/Images/CFD/BF-044/CFD-BF-044-044-A.jpg,z,1.25
12,2,28,study,0,male,Black,male,White,happy,,,,,m,1718,True,False,,2,,,,False,71,BM-238,materials/cfd/Images/CFD/BM-238/CFD-BM-238-242-N.jpg,WM-025,materials/cfd/Images/CFD/WM-025/CFD-WM-025-019-HO.jpg,m,1.25
12,2,29,study,0,female,Asian,male,White,happy,,,,,m,1514,False,False,,2,,,,False,73,AF-228,materials/cfd/Images/CFD/AF-228/CFD-AF-228-173-N.jpg,WM-036,materials/cfd/Images/CFD/WM-036/CFD-WM-036-034-HO.jpg,z,1.25
12,2,30,study,0,female,Black,male,Black,neutral,,,,,m,1872,False,False,,2,,,,False,75,BF-017,materials/cfd/Images/CFD/BF-017/CFD-BF-017-003-N.jpg,BM-243,materials/cfd/Images/CFD/BM-243/CFD-BM-243-218-N.jpg,z,1.25
12,2,31,study,1,male,Latino,male,White,angry,,,,,m,988,True,False,,2,,,,False,78,LM-228,materials/cfd/Images/CFD/LM-228/CFD-LM-228-188-N.jpg,WM-028,materials/cfd/Images/CFD/WM-028/CFD-WM-028-029-A.jpg,m,1.25
12,2,32,study,1,female,White,female,Black,angry,,,,,z,903,True,False,,2,,,,False,80,WF-209,materials/cfd/Images/CFD/WF-209/CFD-WF-209-052-N.jpg,BF-010,materials/cfd/Images/CFD/BF-010/CFD-BF-010-019-A.jpg,z,1.25
12,2,33,study,1,male,Latino,female,White,angry,,,,,z,1507,False,False,,2,,,,False,82,LM-239,materials/cfd/Images/CFD/LM-239/CFD-LM-239-075-N.jpg,WF-003,materials/cfd/Images/CFD/WF-003/CFD-WF-003-014-A.jpg,m,1.25
12,2,34,study,1,female,Asian,female,Black,happy,,,,,z,1067,True,False,,2,,,,False,84,AF-203,materials/cfd/Images/CFD/AF-203/CFD-AF-203-077-N.jpg,BF-009,materials/cfd/Images/CFD/BF-009/CFD-BF-009-006-HO.jpg,z,1.25
12,2,35,study,1,female,White,female,White,neutral,,,,,z,2107,True,False,,2,,,,False,86,WF-010,materials/cfd/Images/CFD/WF-010/CFD-WF-010-004-N.jpg,WF-021,materials/cfd/Images/CFD/WF-021/CFD-WF-021-002-N.jpg,z,1.25
12,2,36,study,1,female,Latino,female,White,neutral,,,,,z,1410,True,False,,2,,,,False,88,LF-247,materials/cfd/Images/CFD/LF-247/CFD-LF-247-051-N.jpg,WF-202,materials/cfd/Images/CFD/WF-202/CFD-WF-202-056-N.jpg,z,1.25
12,2,37,study,1,male,Asian,male,Black,happy,,,,,m,1326,True,False,,2,,,,False,90,AM-225,materials/cfd/Images/CFD/AM-225/CFD-AM-225-102-N.jpg,BM-019,materials/cfd/Images/CFD/BM-019/CFD-BM-019-004-HO.jpg,m,1.25
12,2,38,study,1,female,White,male,White,neutral,,,,,m,2375,False,False,,2,,,,False,92,WF-249,materials/cfd/Images/CFD/WF-249/CFD-WF-249-126-N.jpg,WM-038,materials/cfd/Images/CFD/WM-038/CFD-WM-038-003-N.jpg,z,1.25
12,2,39,study,1,female,White,female,White,angry,,,,,z,1733,True,False,,2,,,,False,94,WF-238,materials/cfd/Images/CFD/WF-238/CFD-WF-238-023-N.jpg,WF-035,materials/cfd/Images/CFD/WF-035/CFD-WF-035-033-A.jpg,z,1.25
12,2,40,study,1,male,Asian,female,White,neutral,,,,,z,2076,False,False,,2,,,,False,96,AM-244,materials/cfd/Images/CFD/AM-244/CFD-AM-244-222-N.jpg,WF-222,materials/cfd/Images/CFD/WF-222/CFD-WF-222-092-N.jpg,m,1.25
12,2,41,study,1,male,Black,female,White,happy,,,,,z,884,False,False,,2,,,,False,98,BM-038,materials/cfd/Images/CFD/BM-038/CFD-BM-038-001-N.jpg,WF-011,materials/cfd/Images/CFD/WF-011/CFD-WF-011-003-HO.jpg,m,1.25
12,2,42,study,1,female,Latino,male,White,angry,,,,,m,1858,False,False,,2,,,,False,100,LF-223,materials/cfd/Images/CFD/LF-223/CFD-LF-223-064-N.jpg,WM-013,materials/cfd/Images/CFD/WM-013/CFD-WM-013-015-A.jpg,z,1.25
12,2,43,study,1,male,Asian,female,White,angry,,,,,z,1517,False,False,,2,,,,False,102,AM-243,materials/cfd/Images/CFD/AM-243/CFD-AM-243-212-N.jpg,WF-039,materials/cfd/Images/CFD/WF-039/CFD-WF-039-032-A.jpg,m,1.25
12,2,44,study,1,female,White,female,Black,neutral,,,,,z,1735,True,False,,2,,,,False,104,WF-226,materials/cfd/Images/CFD/WF-226/CFD-WF-226-095-N.jpg,BF-208,materials/cfd/Images/CFD/BF-208/CFD-BF-208-266-N.jpg,z,1.25
12,2,45,study,1,male,White,male,White,angry,,,,,m,1451,True,False,,2,,,,False,106,WM-252,materials/cfd/Images/CFD/WM-252/CFD-WM-252-224-N.jpg,WM-032,materials/cfd/Images/CFD/WM-032/CFD-WM-032-014-A.jpg,m,1.25
12,2,46,study,1,female,Latino,male,White,neutral,,,,,m,1645,False,False,,2,,,,False,108,LF-254,materials/cfd/Images/CFD/LF-254/CFD-LF-254-125-N.jpg,WM-232,materials/cfd/Images/CFD/WM-232/CFD-WM-232-070-N.jpg,z,1.25
12,2,47,study,1,male,Black,male,Black,angry,,,,,m,958,True,False,,2,,,,False,110,BM-233,materials/cfd/Images/CFD/BM-233/CFD-BM-233-285-N.jpg,BM-045,materials/cfd/Images/CFD/BM-045/CFD-BM-045-061-A.jpg,m,1.25
12,2,48,study,1,male,Latino,female,White,angry,,,,,z,1195,False,False,,2,,,,False,112,LM-220,materials/cfd/Images/CFD/LM-220/CFD-LM-220-329-N.jpg,WF-027,materials/cfd/Images/CFD/WF-027/CFD-WF-027-014-A.jpg,m,1.25
12,2,49,study,1,female,Black,female,Black,neutral,,,,,z,1505,True,False,,2,,,,False,114,BF-227,materials/cfd/Images/CFD/BF-227/CFD-BF-227-137-N.jpg,BF-025,materials/cfd/Images/CFD/BF-025/CFD-BF-025-002-N.jpg,z,1.25
12,2,50,study,1,male,Black,female,Black,neutral,,,,,z,1126,False,False,,2,,,,False,116,BM-201,materials/cfd/Images/CFD/BM-201/CFD-BM-201-077-N.jpg,BF-255,materials/cfd/Images/CFD/BF-255/CFD-BF-255-140-N.jpg,m,1.25
12,2,51,study,1,male,Asian,male,White,angry,,,,,m,987,True,False,,2,,,,False,118,AM-240,materials/cfd/Images/CFD/AM-240/CFD-AM-240-191-N.jpg,WM-031,materials/cfd/Images/CFD/WM-031/CFD-WM-031-045-A.jpg,m,1.25
12,2,52,study,1,female,Latino,male,White,neutral,,,,,m,1024,False,False,,2,,,,False,120,LF-234,materials/cfd/Images/CFD/LF-234/CFD-LF-234-139-N.jpg,WM-024,materials/cfd/Images/CFD/WM-024/CFD-WM-024-015-N.jpg,z,1.25
12,2,53,study,1,male,Asian,male,White,happy,,,,,m,965,True,False,,2,,,,False,122,AM-231,materials/cfd/Images/CFD/AM-231/CFD-AM-231-136-N.jpg,WM-035,materials/cfd/Images/CFD/WM-035/CFD-WM-035-033-HO.jpg,m,1.25
12,2,54,study,1,female,Black,male,Black,angry,,,,,,,False,True,,2,,,,False,124,BF-039,materials/cfd/Images/CFD/BF-039/CFD-BF-039-031-N.jpg,BM-036,materials/cfd/Images/CFD/BM-036/CFD-BM-036-037-A.jpg,z,1.25
12,2,55,study,1,female,Black,male,Black,happy,,,,,m,1135,False,False,,2,,,,False,126,BF-030,materials/cfd/Images/CFD/BF-030/CFD-BF-030-002-N.jpg,BM-029,materials/cfd/Images/CFD/BM-029/CFD-BM-029-029-HO.jpg,z,1.25
12,2,56,study,1,female,Black,male,Black,angry,,,,,m,1155,False,False,,2,,,,False,128,BF-222,materials/cfd/Images/CFD/BF-222/CFD-BF-222-240-N.jpg,BM-020,materials/cfd/Images/CFD/BM-020/CFD-BM-020-037-A.jpg,z,1.25
12,2,57,study,1,female,Black,female,Black,happy,,,,,z,1456,True,False,,2,,,,False,130,BF-233,materials/cfd/Images/CFD/BF-233/CFD-BF-233-116-N.jpg,BF-037,materials/cfd/Images/CFD/BF-037/CFD-BF-037-026-HO.jpg,z,1.25
12,2,58,study,1,male,White,male,Black,happy,,,,,m,1152,True,False,,2,,,,False,132,WM-216,materials/cfd/Images/CFD/WM-216/CFD-WM-216-061-N.jpg,BM-021,materials/cfd/Images/CFD/BM-021/CFD-BM-021-022-HO.jpg,m,1.25
12,2,59,study,1,female,Asian,male,Black,happy,,,,,m,1260,False,False,,2,,,,False,134,AF-250,materials/cfd/Images/CFD/AF-250/CFD-AF-250-200-N.jpg,BM-044,materials/cfd/Images/CFD/BM-044/CFD-BM-044-037-HO.jpg,z,1.25
12,2,60,study,1,female,Black,male,White,neutral,,,,,m,683,False,False,,2,,,,False,136,BF-042,materials/cfd/Images/CFD/BF-042/CFD-BF-042-026-N.jpg,WM-016,materials/cfd/Images/CFD/WM-016/CFD-WM-016-001-N.jpg,z,1.25
12,2,61,study,0,female,Latino,female,White,happy,,,,,z,978,True,False,,2,,,,False,139,LF-211,materials/cfd/Images/CFD/LF-211/CFD-LF-211-003-N.jpg,WF-033,materials/cfd/Images/CFD/WF-033/CFD-WF-033-005-HO.jpg,z,1.25
12,2,62,study,0,male,White,female,Black,happy,,,,,z,784,False,False,,2,,,,False,141,WM-254,materials/cfd/Images/CFD/WM-254/CFD-WM-254-152-N.jpg,BF-040,materials/cfd/Images/CFD/BF-040/CFD-BF-040-043-HO.jpg,m,1.25
12,2,63,study,0,male,White,female,White,neutral,,,,,z,1049,False,False,,2,,,,False,143,WM-006,materials/cfd/Images/CFD/WM-006/CFD-WM-006-002-N.jpg,WF-218,materials/cfd/Images/CFD/WF-218/CFD-WF-218-087-N.jpg,m,1.25
12,2,64,study,0,male,Latino,female,White,angry,,,,,z,900,False,False,,2,,,,False,145,LM-209,materials/cfd/Images/CFD/LM-209/CFD-LM-209-111-N.jpg,WF-015,materials/cfd/Images/CFD/WF-015/CFD-WF-015-014-A.jpg,m,1.25
12,2,65,study,0,female,Asian,female,Black,happy,,,,,z,1119,True,False,,2,,,,False,147,AF-203,materials/cfd/Images/CFD/AF-203/CFD-AF-203-077-N.jpg,BF-009,materials/cfd/Images/CFD/BF-009/CFD-BF-009-006-HO.jpg,z,1.25
12,2,66,study,0,male,Latino,female,White,neutral,,,,,z,1472,False,False,,2,,,,False,149,LM-225,materials/cfd/Images/CFD/LM-225/CFD-LM-225-130-N.jpg,WF-232,materials/cfd/Images/CFD/WF-232/CFD-WF-232-161-N.jpg,m,1.25
12,2,67,study,0,male,White,male,White,neutral,,,,,m,1508,True,False,,2,,,,False,151,WM-023,materials/cfd/Images/CFD/WM-023/CFD-WM-023-001-N.jpg,WM-218,materials/cfd/Images/CFD/WM-218/CFD-WM-218-074-N.jpg,m,1.25
12,2,68,study,0,female,Latino,female,Black,angry,,,,,z,946,True,False,,2,,,,False,153,LF-246,materials/cfd/Images/CFD/LF-246/CFD-LF-246-129-N.jpg,BF-048,materials/cfd/Images/CFD/BF-048/CFD-BF-048-038-A.jpg,z,1.25
12,2,69,study,0,male,Black,female,White,neutral,,,,,z,886,False,False,,2,,,,False,155,BM-041,materials/cfd/Images/CFD/BM-041/CFD-BM-041-035-N.jpg,WF-017,materials/cfd/Images/CFD/WF-017/CFD-WF-017-003-N.jpg,m,1.25
12,2,70,study,0,female,White,female,Black,angry,,,,,z,802,True,False,,2,,,,False,157,WF-016,materials/cfd/Images/CFD/WF-016/CFD-WF-016-015-N.jpg,BF-036,materials/cfd/Images/CFD/BF-036/CFD-BF-036-020-A.jpg,z,1.25
12,2,71,study,0,female,Black,male,Black,angry,,,,,m,1292,False,False,,2,,,,False,159,BF-222,materials/cfd/Images/CFD/BF-222/CFD-BF-222-240-N.jpg,BM-020,materials/cfd/Images/CFD/BM-020/CFD-BM-020-037-A.jpg,z,1.25
12,2,72,study,0,female,White,female,White,happy,,,,,z,1485,True,False,,2,,,,False,161,WF-018,materials/cfd/Images/CFD/WF-018/CFD-WF-018-017-N.jpg,WF-030,materials/cfd/Images/CFD/WF-030/CFD-WF-030-003-HO.jpg,z,1.25
12,2,73,study,0,female,Black,male,Black,angry,,,,,m,1911,False,False,,2,,,,False,163,BF-039,materials/cfd/Images/CFD/BF-039/CFD-BF-039-031-N.jpg,BM-036,materials/cfd/Images/CFD/BM-036/CFD-BM-036-037-A.jpg,z,1.25
12,2,74,study,0,female,White,female,White,neutral,,,,,z,794,True,False,,2,,,,False,165,WF-010,materials/cfd/Images/CFD/WF-010/CFD-WF-010-004-N.jpg,WF-021,materials/cfd/Images/CFD/WF-021/CFD-WF-021-002-N.jpg,z,1.25
12,2,75,study,0,male,Black,female,Black,neutral,,,,,z,777,False,False,,2,,,,False,167,BM-201,materials/cfd/Images/CFD/BM-201/CFD-BM-201-077-N.jpg,BF-255,materials/cfd/Images/CFD/BF-255/CFD-BF-255-140-N.jpg,m,1.25
12,2,76,study,0,female,Latino,male,White,angry,,,,,m,1519,False,False,,2,,,,False,169,LF-223,materials/cfd/Images/CFD/LF-223/CFD-LF-223-064-N.jpg,WM-013,materials/cfd/Images/CFD/WM-013/CFD-WM-013-015-A.jpg,z,1.25
12,2,77,study,0,male,Black,female,White,happy,,,,,z,1113,False,False,,2,,,,False,171,BM-038,materials/cfd/Images/CFD/BM-038/CFD-BM-038-001-N.jpg,WF-011,materials/cfd/Images/CFD/WF-011/CFD-WF-011-003-HO.jpg,m,1.25
12,2,78,study,0,female,Black,female,Black,angry,,,,,z,2495,True,False,,2,,,,False,173,BF-002,materials/cfd/Images/CFD/BF-002/CFD-BF-002-001-N.jpg,BF-044,materials/cfd/Images/CFD/BF-044/CFD-BF-044-044-A.jpg,z,1.25
12,2,79,study,0,male,White,female,Black,angry,,,,,z,1304,False,False,,2,,,,False,175,WM-037,materials/cfd/Images/CFD/WM-037/CFD-WM-037-025-N.jpg,BF-003,materials/cfd/Images/CFD/BF-003/CFD-BF-003-016-A.jpg,m,1.25
12,2,80,study,0,male,Black,male,Black,angry,,,,,m,1581,True,False,,2,,,,False,177,BM-233,materials/cfd/Images/CFD/BM-233/CFD-BM-233-285-N.jpg,BM-045,materials/cfd/Images/CFD/BM-045/CFD-BM-045-061-A.jpg,m,1.25
12,2,81,study,0,male,White,male,Black,happy,,,,,m,1205,True,False,,2,,,,False,179,WM-216,materials/cfd/Images/CFD/WM-216/CFD-WM-216-061-N.jpg,BM-021,materials/cfd/Images/CFD/BM-021/CFD-BM-021-022-HO.jpg,m,1.25
12,2,82,study,0,male,White,male,White,angry,,,,,m,1230,True,False,,2,,,,False,181,WM-252,materials/cfd/Images/CFD/WM-252/CFD-WM-252-224-N.jpg,WM-032,materials/cfd/Images/CFD/WM-032/CFD-WM-032-014-A.jpg,m,1.25
12,2,83,study,0,female,Asian,male,White,happy,,,,,m,2553,False,False,,2,,,,False,183,AF-228,materials/cfd/Images/CFD/AF-228/CFD-AF-228-173-N.jpg,WM-036,materials/cfd/Images/CFD/WM-036/CFD-WM-036-034-HO.jpg,z,1.25
12,2,84,study,0,female,Asian,male,Black,happy,,,,,m,1510,False,False,,2,,,,False,185,AF-250,materials/cfd/Images/CFD/AF-250/CFD-AF-250-200-N.jpg,BM-044,materials/cfd/Images/CFD/BM-044/CFD-BM-044-037-HO.jpg,z,1.25
12,2,85,study,0,male,Asian,male,White,happy,,,,,m,1219,True,False,,2,,,,False,187,AM-231,materials/cfd/Images/CFD/AM-231/CFD-AM-231-136-N.jpg,WM-035,materials/cfd/Images/CFD/WM-035/CFD-WM-035-033-HO.jpg,m,1.25
12,2,86,study,0,male,Black,male,White,happy,,,,,m,1513,True,False,,2,,,,False,189,BM-238,materials/cfd/Images/CFD/BM-238/CFD-BM-238-242-N.jpg,WM-025,materials/cfd/Images/CFD/WM-025/CFD-WM-025-019-HO.jpg,m,1.25
12,2,87,study,0,female,Black,male,White,neutral,,,,,m,1520,False,False,,2,,,,False,191,BF-042,materials/cfd/Images/CFD/BF-042/CFD-BF-042-026-N.jpg,WM-016,materials/cfd/Images/CFD/WM-016/CFD-WM-016-001-N.jpg,z,1.25
12,2,88,study,0,male,Black,male,White,neutral,,,,,m,985,True,False,,2,,,,False,193,BM-241,materials/cfd/Images/CFD/BM-241/CFD-BM-241-235-N.jpg,WM-012,materials/cfd/Images/CFD/WM-012/CFD-WM-012-001-N.jpg,m,1.25
12,2,89,study,0,female,Black,female,Black,happy,,,,,z,1577,True,False,,2,,,,False,195,BF-016,materials/cfd/Images/CFD/BF-016/CFD-BF-016-017-N.jpg,BF-007,materials/cfd/Images/CFD/BF-007/CFD-BF-007-004-HO.jpg,z,1.25
12,2,90,study,0,female,Black,male,White,happy,,,,,m,1313,False,False,,2,,,,False,197,BF-221,materials/cfd/Images/CFD/BF-221/CFD-BF-221-223-N.jpg,WM-018,materials/cfd/Images/CFD/WM-018/CFD-WM-018-004-HO.jpg,z,1.25
12,2,91,study,1,male,Latino,female,White,angry,,,,,z,1179,False,False,,2,,,,False,200,LM-239,materials/cfd/Images/CFD/LM-239/CFD-LM-239-075-N.jpg,WF-003,materials/cfd/Images/CFD/WF-003/CFD-WF-003-014-A.jpg,m,1.25
12,2,92,study,1,male,Black,female,White,happy,,,,,z,843,False,False,,2,,,,False,202,BM-043,materials/cfd/Images/CFD/BM-043/CFD-BM-043-071-N.jpg,WF-014,materials/cfd/Images/CFD/WF-014/CFD-WF-014-004-HO.jpg,m,1.25
12,2,93,study,1,male,White,female,White,happy,,,,,z,864,False,False,,2,,,,False,204,WM-237,materials/cfd/Images/CFD/WM-237/CFD-WM-237-052-N.jpg,WF-005,materials/cfd/Images/CFD/WF-005/CFD-WF-005-013-HO.jpg,m,1.25
12,2,94,study,1,male,White,male,White,neutral,,,,,m,1039,True,False,,2,,,,False,206,WM-212,materials/cfd/Images/CFD/WM-212/CFD-WM-212-097-N.jpg,WM-233,materials/cfd/Images/CFD/WM-233/CFD-WM-233-106-N.jpg,m,1.25
12,2,95,study,1,male,White,male,White,angry,,,,,m,1235,True,False,,2,,,,False,208,WM-236,materials/cfd/Images/CFD/WM-236/CFD-WM-236-072-N.jpg,WM-039,materials/cfd/Images/CFD/WM-039/CFD-WM-039-010-A.jpg,m,1.25
12,2,96,study,1,male,Latino,female,White,angry,,,,,z,1407,False,False,,2,,,,False,210,LM-220,materials/cfd/Images/CFD/LM-220/CFD-LM-220-329-N.jpg,WF-027,materials/cfd/Images/CFD/WF-027/CFD-WF-027-014-A.jpg,m,1.25
12,2,97,study,1,female,Black,female,Black,neutral,,,,,z,1301,True,False,,2,,,,False,212,BF-006,materials/cfd/Images/CFD/BF-006/CFD-BF-006-017-N.jpg,BF-244,materials/cfd/Images/CFD/BF-244/CFD-BF-244-231-N.jpg,z,1.25
12,2,98,study,1,female,Black,male,Black,neutral,,,,,m,1140,False,False,,2,,,,False,214,BF-017,materials/cfd/Images/CFD/BF-017/CFD-BF-017-003-N.jpg,BM-243,materials/cfd/Images/CFD/BM-243/CFD-BM-243-218-N.jpg,z,1.25
12,2,99,study,1,female,White,female,Black,neutral,,,,,z,1074,True,False,,2,,,,False,216,WF-226,materials/cfd/Images/CFD/WF-226/CFD-WF-226-095-N.jpg,BF-208,materials/cfd/Images/CFD/BF-208/CFD-BF-208-266-N.jpg,z,1.25
12,2,100,study,1,female,White,male,Black,angry,,,,,m,1333,False,False,,2,,,,False,218,WF-237,materials/cfd/Images/CFD/WF-237/CFD-WF-237-067-N.jpg,BM-010,materials/cfd/Images/CFD/BM-010/CFD-BM-010-019-A.jpg,z,1.25
12,2,101,study,1,female,Black,male,Black,happy,,,,,m,1516,False,False,,2,,,,False,220,BF-030,materials/cfd/Images/CFD/BF-030/CFD-BF-030-002-N.jpg,BM-029,materials/cfd/Images/CFD/BM-029/CFD-BM-029-029-HO.jpg,z,1.25
12,2,102,study,1,female,Latino,male,White,neutral,,,,,m,1212,False,False,,2,,,,False,222,LF-234,materials/cfd/Images/CFD/LF-234/CFD-LF-234-139-N.jpg,WM-024,materials/cfd/Images/CFD/WM-024/CFD-WM-024-015-N.jpg,z,1.25
12,2,103,study,1,female,White,male,White,neutral,,,,,m,1887,False,False,,2,,,,False,224,WF-249,materials/cfd/Images/CFD/WF-249/CFD-WF-249-126-N.jpg,WM-038,materials/cfd/Images/CFD/WM-038/CFD-WM-038-003-N.jpg,z,1.25
12,2,104,study,1,male,Asian,female,White,angry,,,,,z,1635,False,False,,2,,,,False,226,AM-243,materials/cfd/Images/CFD/AM-243/CFD-AM-243-212-N.jpg,WF-039,materials/cfd/Images/CFD/WF-039/CFD-WF-039-032-A.jpg,m,1.25
12,2,105,study,1,female,Latino,female,White,neutral,,,,,z,1232,True,False,,2,,,,False,228,LF-247,materials/cfd/Images/CFD/LF-247/CFD-LF-247-051-N.jpg,WF-202,materials/cfd/Images/CFD/WF-202/CFD-WF-202-056-N.jpg,z,1.25
12,2,106,study,1,female,Black,female,Black,happy,,,,,z,694,True,False,,2,,,,False,230,BF-233,materials/cfd/Images/CFD/BF-233/CFD-BF-233-116-N.jpg,BF-037,materials/cfd/Images/CFD/BF-037/CFD-BF-037-026-HO.jpg,z,1.25
12,2,107,study,1,female,White,male,White,happy,,,,,m,1205,False,False,,2,,,,False,232,WF-029,materials/cfd/Images/CFD/WF-029/CFD-WF-029-002-N.jpg,WM-015,materials/cfd/Images/CFD/WM-015/CFD-WM-015-005-HO.jpg,z,1.25
12,2,108,study,1,male,White,male,Black,neutral,,,,,m,1110,True,False,,2,,,,False,234,WM-242,materials/cfd/Images/CFD/WM-242/CFD-WM-242-011-N.jpg,BM-202,materials/cfd/Images/CFD/BM-202/CFD-BM-202-063-N.jpg,m,1.25
12,2,109,study,1,male,Asian,female,White,neutral,,,,,z,2207,False,False,,2,,,,False,236,AM-244,materials/cfd/Images/CFD/AM-244/CFD-AM-244-222-N.jpg,WF-222,materials/cfd/Images/CFD/WF-222/CFD-WF-222-092-N.jpg,m,1.25
12,2,110,study,1,male,Latino,male,White,angry,,,,,m,2182,True,False,,2,,,,False,238,LM-228,materials/cfd/Images/CFD/LM-228/CFD-LM-228-188-N.jpg,WM-028,materials/cfd/Images/CFD/WM-028/CFD-WM-028-029-A.jpg,m,1.25
12,2,111,study,1,male,Latino,male,White,happy,,,,,m,1664,True,False,,2,,,,False,240,LM-229,materials/cfd/Images/CFD/LM-229/CFD-LM-229-187-N.jpg,WM-003,materials/cfd/Images/CFD/WM-003/CFD-WM-003-003-HO.jpg,m,1.25
12,2,112,study,1,female,Latino,male,White,neutral,,,,,m,1740,False,False,,2,,,,False,242,LF-254,materials/cfd/Images/CFD/LF-254/CFD-LF-254-125-N.jpg,WM-232,materials/cfd/Images/CFD/WM-232/CFD-WM-232-070-N.jpg,z,1.25
12,2,113,study,1,female,Black,male,Black,angry,,,,,z,2818,True,False,,2,,,,False,244,BF-211,materials/cfd/Images/CFD/BF-211/CFD-BF-211-168-N.jpg,BM-002,materials/cfd/Images/CFD/BM-002/CFD-BM-002-016-A.jpg,z,1.25
12,2,114,study,1,male,Asian,male,Black,happy,,,,,m,1606,True,False,,2,,,,False,246,AM-225,materials/cfd/Images/CFD/AM-225/CFD-AM-225-102-N.jpg,BM-019,materials/cfd/Images/CFD/BM-019/CFD-BM-019-004-HO.jpg,m,1.25
12,2,115,study,1,female,White,female,Black,angry,,,,,z,1278,True,False,,2,,,,False,248,WF-209,materials/cfd/Images/CFD/WF-209/CFD-WF-209-052-N.jpg,BF-010,materials/cfd/Images/CFD/BF-010/CFD-BF-010-019-A.jpg,z,1.25
12,2,116,study,1,male,White,female,White,happy,,,,,z,1256,False,False,,2,,,,False,250,WM-251,materials/cfd/Images/CFD/WM-251/CFD-WM-251-002-N.jpg,WF-031,materials/cfd/Images/CFD/WF-031/CFD-WF-031-005-HO.jpg,m,1.25
12,2,117,study,1,male,Asian,male,White,angry,,,,,m,1149,True,False,,2,,,,False,252,AM-240,materials/cfd/Images/CFD/AM-240/CFD-AM-240-191-N.jpg,WM-031,materials/cfd/Images/CFD/WM-031/CFD-WM-031-045-A.jpg,m,1.25
12,2,118,study,1,male,Asian,male,White,neutral,,,,,m,933,True,False,,2,,,,False,254,AM-234,materials/cfd/Images/CFD/AM-234/CFD-AM-234-355-N.jpg,WM-001,materials/cfd/Images/CFD/WM-001/CFD-WM-001-014-N.jpg,m,1.25
12,2,119,study,1,female,White,female,White,angry,,,,,z,1052,True,False,,2,,,,False,256,WF-238,materials/cfd/Images/CFD/WF-238/CFD-WF-238-023-N.jpg,WF-035,materials/cfd/Images/CFD/WF-035/CFD-WF-035-033-A.jpg,z,1.25
12,2,120,study,1,female,Black,female,Black,neutral,,,,,z,992,True,False,,2,,,,False,258,BF-227,materials/cfd/Images/CFD/BF-227/CFD-BF-227-137-N.jpg,BF-025,materials/cfd/Images/CFD/BF-025/CFD-BF-025-002-N.jpg,z,1.25
12,2,121,test,0,female,White,female,White,angry,,,,rearranged,z,1414,True,False,,2,,,,False,275,WF-209,materials/cfd/Images/CFD/WF-209/CFD-WF-209-052-N.jpg,WF-035,materials/cfd/Images/CFD/WF-035/CFD-WF-035-033-A.jpg,z,1.25
12,2,122,test,0,female,Black,male,Black,angry,,,,rearranged,m,2530,False,False,,2,,,,False,277,BF-039,materials/cfd/Images/CFD/BF-039/CFD-BF-039-031-N.jpg,BM-020,materials/cfd/Images/CFD/BM-020/CFD-BM-020-037-A.jpg,z,1.25
12,2,123,test,0,male,Black,female,White,happy,,,,rearranged,,,False,True,,2,,,,False,279,BM-038,materials/cfd/Images/CFD/BM-038/CFD-BM-038-001-N.jpg,WF-014,materials/cfd/Images/CFD/WF-014/CFD-WF-014-004-HO.jpg,z,1.25
12,2,124,test,0,male,Asian,female,White,angry,,,,intact,z,1877,False,False,,2,,,,False,281,AM-243,materials/cfd/Images/CFD/AM-243/CFD-AM-243-212-N.jpg,WF-039,materials/cfd/Images/CFD/WF-039/CFD-WF-039-032-A.jpg,m,1.25
12,2,125,test,0,female,Black,female,White,neutral,,,,rearranged,m,1934,False,False,,2,,,,False,283,BF-227,materials/cfd/Images/CFD/BF-227/CFD-BF-227-137-N.jpg,WF-021,materials/cfd/Images/CFD/WF-021/CFD-WF-021-002-N.jpg,z,1.25
12,2,126,test,0,male,Black,female,White,neutral,,,,rearranged,z,1341,True,False,,2,,,,False,285,BM-201,materials/cfd/Images/CFD/BM-201/CFD-BM-201-077-N.jpg,WF-017,materials/cfd/Images/CFD/WF-017/CFD-WF-017-003-N.jpg,z,1.25
12,2,127,test,0,male,White,female,White,happy,,,,intact,m,1807,True,False,,2,,,,False,287,WM-237,materials/cfd/Images/CFD/WM-237/CFD-WM-237-052-N.jpg,WF-005,materials/cfd/Images/CFD/WF-005/CFD-WF-005-013-HO.jpg,m,1.25
12,2,128,test,0,female,White,female,White,happy,,,,intact,m,1684,True,False,,2,,,,False,289,WF-018,materials/cfd/Images/CFD/WF-018/CFD-WF-018-017-N.jpg,WF-030,materials/cfd/Images/CFD/WF-030/CFD-WF-030-003-HO.jpg,m,1.25
12,2,129,test,0,male,White,male,White,neutral,,,,rearranged,m,2622,False,False,,2,,,,False,291,WM-023,materials/cfd/Images/CFD/WM-023/CFD-WM-023-001-N.jpg,WM-001,materials/cfd/Images/CFD/WM-001/CFD-WM-001-014-N.jpg,z,1.25
12,2,130,test,0,male,Latino,female,White,angry,,,,rearranged,z,2060,True,False,,2,,,,False,293,LM-220,materials/cfd/Images/CFD/LM-220/CFD-LM-220-329-N.jpg,WF-015,materials/cfd/Images/CFD/WF-015/CFD-WF-015-014-A.jpg,z,1.25
12,2,131,test,0,female,Latino,female,White,happy,,,,intact,z,2264,False,False,,2,,,,False,295,LF-211,materials/cfd/Images/CFD/LF-211/CFD-LF-211-003-N.jpg,WF-033,materials/cfd/Images/CFD/WF-033/CFD-WF-033-005-HO.jpg,m,1.25
12,2,132,test,0,male,Asian,female,White,neutral,,,,intact,z,1717,False,False,,2,,,,False,297,AM-244,materials/cfd/Images/CFD/AM-244/CFD-AM-244-222-N.jpg,WF-222,materials/cfd/Images/CFD/WF-222/CFD-WF-222-092-N.jpg,m,1.25
12,2,133,test,0,female,White,female,Black,angry,,,,rearranged,z,1206,True,False,,2,,,,False,299,WF-238,materials/cfd/Images/CFD/WF-238/CFD-WF-238-023-N.jpg,BF-010,materials/cfd/Images/CFD/BF-010/CFD-BF-010-019-A.jpg,z,1.25
12,2,134,test,0,male,White,female,White,happy,,,,rearranged,z,1471,True,False,,2,,,,False,301,WM-251,materials/cfd/Images/CFD/WM-251/CFD-WM-251-002-N.jpg,WF-011,materials/cfd/Images/CFD/WF-011/CFD-WF-011-003-HO.jpg,z,1.25
12,2,135,test,0,female,White,female,Black,neutral,,,,rearranged,z,1179,True,False,,2,,,,False,303,WF-010,materials/cfd/Images/CFD/WF-010/CFD-WF-010-004-N.jpg,BF-025,materials/cfd/Images/CFD/BF-025/CFD-BF-025-002-N.jpg,z,1.25
12,2,136,test,0,female,Black,female,Black,angry,,,,intact,z,1499,False,False,,2,,,,False,305,BF-002,materials/cfd/Images/CFD/BF-002/CFD-BF-002-001-N.jpg,BF-044,materials/cfd/Images/CFD/BF-044/CFD-BF-044-044-A.jpg,m,1.25
12,2,137,test,0,female,White,male,White,neutral,,,,intact,m,1599,True,False,,2,,,,False,307,WF-249,materials/cfd/Images/CFD/WF-249/CFD-WF-249-126-N.jpg,WM-038,materials/cfd/Images/CFD/WM-038/CFD-WM-038-003-N.jpg,m,1.25
12,2,138,test,0,female,Latino,male,White,neutral,,,,rearranged,m,1450,False,False,,2,,,,False,309,LF-234,materials/cfd/Images/CFD/LF-234/CFD-LF-234-139-N.jpg,WM-232,materials/cfd/Images/CFD/WM-232/CFD-WM-232-070-N.jpg,z,1.25
12,2,139,test,0,male,Black,male,White,neutral,,,,intact,m,1849,True,False,,2,,,,False,311,BM-241,materials/cfd/Images/CFD/BM-241/CFD-BM-241-235-N.jpg,WM-012,materials/cfd/Images/CFD/WM-012/CFD-WM-012-001-N.jpg,m,1.25
12,2,140,test,0,male,White,female,Black,happy,,,,intact,z,1897,False,False,,2,,,,False,313,WM-254,materials/cfd/Images/CFD/WM-254/CFD-WM-254-152-N.jpg,BF-040,materials/cfd/Images/CFD/BF-040/CFD-BF-040-043-HO.jpg,m,1.25
12,2,141,test,0,male,Asian,male,White,happy,,,,rearranged,z,1808,True,False,,2,,,,False,315,AM-225,materials/cfd/Images/CFD/AM-225/CFD-AM-225-102-N.jpg,WM-035,materials/cfd/Images/CFD/WM-035/CFD-WM-035-033-HO.jpg,z,1.25
12,2,142,test,0,female,Asian,male,White,happy,,,,rearranged,z,1865,True,False,,2,,,,False,317,AF-250,materials/cfd/Images/CFD/AF-250/CFD-AF-250-200-N.jpg,WM-015,materials/cfd/Images/CFD/WM-015/CFD-WM-015-005-HO.jpg,z,1.25
12,2,143,test,0,female,Black,male,Black,angry,,,,rearranged,m,1929,False,False,,2,,,,False,319,BF-222,materials/cfd/Images/CFD/BF-222/CFD-BF-222-240-N.jpg,BM-002,materials/cfd/Images/CFD/BM-002/CFD-BM-002-016-A.jpg,z,1.25
12,2,144,test,0,female,White,male,Black,angry,,,,intact,z,2200,False,False,,2,,,,False,321,WF-237,materials/cfd/Images/CFD/WF-237/CFD-WF-237-067-N.jpg,BM-010,materials/cfd/Images/CFD/BM-010/CFD-BM-010-019-A.jpg,m,1.25
12,2,145,test,0,male,Black,female,White,happy,,,,rearranged,m,2887,False,False,,2,,,,False,323,BM-043,materials/cfd/Images/CFD/BM-043/CFD-BM-043-071-N.jpg,WF-031,materials/cfd/Images/CFD/WF-031/CFD-WF-031-005-HO.jpg,z,1.25
12,2,146,test,0,female,Black,male,Black,neutral,,,,intact,z,1630,False,False,,2,,,,False,325,BF-017,materials/cfd/Images/CFD/BF-017/CFD-BF-017-003-N.jpg,BM-243,materials/cfd/Images/CFD/BM-243/CFD-BM-243-218-N.jpg,m,1.25
12,2,147,test,0,male,White,male,White,neutral,,,,intact,z,2549,False,False,,2,,,,False,327,WM-212,materials/cfd/Images/CFD/WM-212/CFD-WM-212-097-N.jpg,WM-233,materials/cfd/Images/CFD/WM-233/CFD-WM-233-106-N.jpg,m,1.25
12,2,148,test,0,male,Latino,female,White,angry,,,,intact,m,1516,True,False,,2,,,,False,329,LM-239,materials/cfd/Images/CFD/LM-239/CFD-LM-239-075-N.jpg,WF-003,materials/cfd/Images/CFD/WF-003/CFD-WF-003-014-A.jpg,m,1.25
12,2,149,test,0,male,White,female,Black,angry,,,,intact,z,1400,False,False,,2,,,,False,331,WM-037,materials/cfd/Images/CFD/WM-037/CFD-WM-037-025-N.jpg,BF-003,materials/cfd/Images/CFD/BF-003/CFD-BF-003-016-A.jpg,m,1.25
12,2,150,test,0,female,Black,male,Black,angry,,,,rearranged,z,2551,True,False,,2,,,,False,333,BF-211,materials/cfd/Images/CFD/BF-211/CFD-BF-211-168-N.jpg,BM-036,materials/cfd/Images/CFD/BM-036/CFD-BM-036-037-A.jpg,z,1.25
12,2,151,test,1,female,Latino,female,White,neutral,,,,intact,m,1576,True,False,,2,,,,False,336,LF-247,materials/cfd/Images/CFD/LF-247/CFD-LF-247-051-N.jpg,WF-202,materials/cfd/Images/CFD/WF-202/CFD-WF-202-056-N.jpg,m,1.25
12,2,152,test,1,female,Black,male,White,happy,,,,intact,m,1625,True,False,,2,,,,False,338,BF-221,materials/cfd/Images/CFD/BF-221/CFD-BF-221-223-N.jpg,WM-018,materials/cfd/Images/CFD/WM-018/CFD-WM-018-004-HO.jpg,m,1.25
12,2,153,test,1,male,White,male,Black,happy,,,,intact,z,916,False,False,,2,,,,False,340,WM-216,materials/cfd/Images/CFD/WM-216/CFD-WM-216-061-N.jpg,BM-021,materials/cfd/Images/CFD/BM-021/CFD-BM-021-022-HO.jpg,m,1.25
12,2,154,test,1,female,Latino,female,Black,angry,,,,intact,m,833,True,False,,2,,,,False,342,LF-246,materials/cfd/Images/CFD/LF-246/CFD-LF-246-129-N.jpg,BF-048,materials/cfd/Images/CFD/BF-048/CFD-BF-048-038-A.jpg,m,1.25
12,2,155,test,1,female,Black,male,White,neutral,,,,rearranged,m,1200,False,False,,2,,,,False,344,BF-042,materials/cfd/Images/CFD/BF-042/CFD-BF-042-026-N.jpg,WM-024,materials/cfd/Images/CFD/WM-024/CFD-WM-024-015-N.jpg,z,1.25
12,2,156,test,1,female,Asian,female,Black,happy,,,,rearranged,z,1020,True,False,,2,,,,False,346,AF-203,materials/cfd/Images/CFD/AF-203/CFD-AF-203-077-N.jpg,BF-007,materials/cfd/Images/CFD/BF-007/CFD-BF-007-004-HO.jpg,z,1.25
12,2,157,test,1,female,Black,female,Black,happy,,,,rearranged,m,1079,False,False,,2,,,,False,348,BF-016,materials/cfd/Images/CFD/BF-016/CFD-BF-016-017-N.jpg,BF-037,materials/cfd/Images/CFD/BF-037/CFD-BF-037-026-HO.jpg,z,1.25
12,2,158,test,1,male,Black,male,Black,angry,,,,intact,m,898,True,False,,2,,,,False,350,BM-233,materials/cfd/Images/CFD/BM-233/CFD-BM-233-285-N.jpg,BM-045,materials/cfd/Images/CFD/BM-045/CFD-BM-045-061-A.jpg,m,1.25
12,2,159,test,1,male,White,male,White,angry,,,,rearranged,m,862,False,False,,2,,,,False,352,WM-236,materials/cfd/Images/CFD/WM-236/CFD-WM-236-072-N.jpg,WM-031,materials/cfd/Images/CFD/WM-031/CFD-WM-031-045-A.jpg,z,1.25
12,2,160,test,1,female,White,female,Black,neutral,,,,intact,m,1802,True,False,,2,,,,False,354,WF-226,materials/cfd/Images/CFD/WF-226/CFD-WF-226-095-N.jpg,BF-208,materials/cfd/Images/CFD/BF-208/CFD-BF-208-266-N.jpg,m,1.25
12,2,161,test,1,male,Latino,female,White,angry,,,,rearranged,m,1934,False,False,,2,,,,False,356,LM-209,materials/cfd/Images/CFD/LM-209/CFD-LM-209-111-N.jpg,WF-027,materials/cfd/Images/CFD/WF-027/CFD-WF-027-014-A.jpg,z,1.25
12,2,162,test,1,male,Latino,male,White,angry,,,,intact,m,2120,True,False,,2,,,,False,358,LM-228,materials/cfd/Images/CFD/LM-228/CFD-LM-228-188-N.jpg,WM-028,materials/cfd/Images/CFD/WM-028/CFD-WM-028-029-A.jpg,m,1.25
12,2,163,test,1,male,Asian,male,White,angry,,,,rearranged,z,984,True,False,,2,,,,False,360,AM-240,materials/cfd/Images/CFD/AM-240/CFD-AM-240-191-N.jpg,WM-032,materials/cfd/Images/CFD/WM-032/CFD-WM-032-014-A.jpg,z,1.25
12,2,164,test,1,male,Latino,male,White,happy,,,,intact,z,1052,False,False,,2,,,,False,362,LM-229,materials/cfd/Images/CFD/LM-229/CFD-LM-229-187-N.jpg,WM-003,materials/cfd/Images/CFD/WM-003/CFD-WM-003-003-HO.jpg,m,1.25
12,2,165,test,1,female,White,female,Black,angry,,,,intact,z,1180,False,False,,2,,,,False,364,WF-016,materials/cfd/Images/CFD/WF-016/CFD-WF-016-015-N.jpg,BF-036,materials/cfd/Images/CFD/BF-036/CFD-BF-036-020-A.jpg,m,1.25
12,2,166,test,1,female,Latino,male,White,neutral,,,,rearranged,z,1033,True,False,,2,,,,False,366,LF-254,materials/cfd/Images/CFD/LF-254/CFD-LF-254-125-N.jpg,WM-016,materials/cfd/Images/CFD/WM-016/CFD-WM-016-001-N.jpg,z,1.25
12,2,167,test,1,female,Latino,male,White,angry,,,,intact,z,1109,False,False,,2,,,,False,368,LF-223,materials/cfd/Images/CFD/LF-223/CFD-LF-223-064-N.jpg,WM-013,materials/cfd/Images/CFD/WM-013/CFD-WM-013-015-A.jpg,m,1.25
12,2,168,test,1,female,White,male,Black,happy,,,,rearranged,z,2262,True,False,,2,,,,False,370,WF-029,materials/cfd/Images/CFD/WF-029/CFD-WF-029-002-N.jpg,BM-044,materials/cfd/Images/CFD/BM-044/CFD-BM-044-037-HO.jpg,z,1.25
12,2,169,test,1,female,Black,female,Black,happy,,,,rearranged,z,1403,True,False,,2,,,,False,372,BF-233,materials/cfd/Images/CFD/BF-233/CFD-BF-233-116-N.jpg,BF-009,materials/cfd/Images/CFD/BF-009/CFD-BF-009-006-HO.jpg,z,1.25
12,2,170,test,1,male,Black,female,Black,neutral,,,,rearranged,m,2073,False,False,,2,,,,False,374,BM-041,materials/cfd/Images/CFD/BM-041/CFD-BM-041-035-N.jpg,BF-255,materials/cfd/Images/CFD/BF-255/CFD-BF-255-140-N.jpg,z,1.25
12,2,171,test,1,male,White,female,White,neutral,,,,intact,m,748,True,False,,2,,,,False,376,WM-006,materials/cfd/Images/CFD/WM-006/CFD-WM-006-002-N.jpg,WF-218,materials/cfd/Images/CFD/WF-218/CFD-WF-218-087-N.jpg,m,1.25
12,2,172,test,1,female,Black,female,Black,neutral,,,,intact,z,1830,False,False,,2,,,,False,378,BF-006,materials/cfd/Images/CFD/BF-006/CFD-BF-006-017-N.jpg,BF-244,materials/cfd/Images/CFD/BF-244/CFD-BF-244-231-N.jpg,m,1.25
12,2,173,test,1,male,Latino,female,White,neutral,,,,intact,m,1500,True,False,,2,,,,False,380,LM-225,materials/cfd/Images/CFD/LM-225/CFD-LM-225-130-N.jpg,WF-232,materials/cfd/Images/CFD/WF-232/CFD-WF-232-161-N.jpg,m,1.25
12,2,174,test,1,male,White,male,White,neutral,,,,rearranged,z,2038,True,False,,2,,,,False,382,WM-242,materials/cfd/Images/CFD/WM-242/CFD-WM-242-011-N.jpg,WM-218,materials/cfd/Images/CFD/WM-218/CFD-WM-218-074-N.jpg,z,1.25
12,2,175,test,1,male,Asian,male,Black,neutral,,,,rearranged,,,False,True,,2,,,,False,384,AM-234,materials/cfd/Images/CFD/AM-234/CFD-AM-234-355-N.jpg,BM-202,materials/cfd/Images/CFD/BM-202/CFD-BM-202-063-N.jpg,z,1.25
12,2,176,test,1,male,Black,male,White,happy,,,,intact,z,2001,False,False,,2,,,,False,386,BM-238,materials/cfd/Images/CFD/BM-238/CFD-BM-238-242-N.jpg,WM-025,materials/cfd/Images/CFD/WM-025/CFD-WM-025-019-HO.jpg,m,1.25
12,2,177,test,1,male,Asian,male,Black,happy,,,,rearranged,z,2130,True,False,,2,,,,False,388,AM-231,materials/cfd/Images/CFD/AM-231/CFD-AM-231-136-N.jpg,BM-019,materials/cfd/Images/CFD/BM-019/CFD-BM-019-004-HO.jpg,z,1.25
12,2,178,test,1,female,Asian,male,White,happy,,,,intact,z,1613,False,False,,2,,,,False,390,AF-228,materials/cfd/Images/CFD/AF-228/CFD-AF-228-173-N.jpg,WM-036,materials/cfd/Images/CFD/WM-036/CFD-WM-036-034-HO.jpg,m,1.25
12,2,179,test,1,male,White,male,White,angry,,,,rearranged,m,2003,False,False,,2,,,,False,392,WM-252,materials/cfd/Images/CFD/WM-252/CFD-WM-252-224-N.jpg,WM-039,materials/cfd/Images/CFD/WM-039/CFD-WM-039-010-A.jpg,z,1.25
12,2,180,test,1,female,Black,male,Black,happy,,,,intact,m,2241,True,False,,2,,,,False,394,BF-030,materials/cfd/Images/CFD/BF-030/CFD-BF-030-002-N.jpg,BM-029,materials/cfd/Images/CFD/BM-029/CFD-BM-029-029-HO.jpg,m,1.25
13,2,1,study,0,female,White,female,Black,angry,,,,,z,984,True,False,,2,,,,False,17,WF-038,materials/cfd/Images/CFD/WF-038/CFD-WF-038-021-N.jpg,BF-012,materials/cfd/Images/CFD/BF-012/CFD-BF-012-015-A.jpg,z,1
13,2,2,study,0,female,Black,male,White,angry,,,,,m,1817,False,False,,2,,,,False,19,BF-253,materials/cfd/Images/CFD/BF-253/CFD-BF-253-202-N.jpg,WM-040,materials/cfd/Images/CFD/WM-040/CFD-WM-040-007-A.jpg,z,1
13,2,3,study,0,female,White,male,Black,neutral,,,,,z,1990,True,False,,2,,,,False,21,WF-021,materials/cfd/Images/CFD/WF-021/CFD-WF-021-002-N.jpg,BM-219,materials/cfd/Images/CFD/BM-219/CFD-BM-219-141-N.jpg,z,1
13,2,4,study,0,male,Latino,female,Black,angry,,,,,z,1153,False,False,,2,,,,False,23,LM-233,materials/cfd/Images/CFD/LM-233/CFD-LM-233-171-N.jpg,BF-049,materials/cfd/Images/CFD/BF-049/CFD-BF-049-039-A.jpg,m,1
13,2,5,study,0,male,Asian,male,Black,neutral,,,,,m,1156,True,False,,2,,,,False,25,AM-245,materials/cfd/Images/CFD/AM-245/CFD-AM-245-111-N.jpg,BM-206,materials/cfd/Images/CFD/BM-206/CFD-BM-206-114-N.jpg,m,1
13,2,6,study,0,male,White,female,Black,happy,,,,,z,1229,False,False,,2,,,,False,27,WM-250,materials/cfd/Images/CFD/WM-250/CFD-WM-250-157-N.jpg,BF-021,materials/cfd/Images/CFD/BF-021/CFD-BF-021-014-HO.jpg,m,1
13,2,7,study,0,female,Latino,female,Black,happy,,,,,z,1730,True,False,,2,,,,False,29,LF-252,materials/cfd/Images/CFD/LF-252/CFD-LF-252-172-N.jpg,BF-009,materials/cfd/Images/CFD/BF-009/CFD-BF-009-006-HO.jpg,z,1
13,2,8,study,0,male,Latino,male,Black,angry,,,,,m,2161,True,False,,2,,,,False,31,LM-236,materials/cfd/Images/CFD/LM-236/CFD-LM-236-163-N.jpg,BM-017,materials/cfd/Images/CFD/BM-017/CFD-BM-017-035-A.jpg,m,1
13,2,9,study,0,male,Black,female,White,angry,,,,,z,1241,False,False,,2,,,,False,33,BM-002,materials/cfd/Images/CFD/BM-002/CFD-BM-002-013-N.jpg,WF-018,materials/cfd/Images/CFD/WF-018/CFD-WF-018-012-A.jpg,m,1
13,2,10,study,0,female,Latino,male,Black,happy,,,,,m,1838,False,False,,2,,,,False,35,LF-239,materials/cfd/Images/CFD/LF-239/CFD-LF-239-148-N.jpg,BM-019,materials/cfd/Images/CFD/BM-019/CFD-BM-019-004-HO.jpg,z,1
13,2,11,study,0,male,White,male,Black,happy,,,,,m,1130,True,False,,2,,,,False,37,WM-010,materials/cfd/Images/CFD/WM-010/CFD-WM-010-001-N.jpg,BM-046,materials/cfd/Images/CFD/BM-046/CFD-BM-046-039-HO.jpg,m,1
13,2,12,study,0,female,Black,female,White,angry,,,,,z,1144,True,False,,2,,,,False,39,BF-251,materials/cfd/Images/CFD/BF-251/CFD-BF-251-211-N.jpg,WF-036,materials/cfd/Images/CFD/WF-036/CFD-WF-036-015-A.jpg,z,1
13,2,13,study,0,female,White,male,White,angry,,,,,m,1387,False,False,,2,,,,False,41,WF-231,materials/cfd/Images/CFD/WF-231/CFD-WF-231-099-N.jpg,WM-024,materials/cfd/Images/CFD/WM-024/CFD-WM-024-010-A.jpg,z,1
13,2,14,study,0,male,Black,female,Black,neutral,,,,,z,1223,False,False,,2,,,,False,43,BM-032,materials/cfd/Images/CFD/BM-032/CFD-BM-032-024-N.jpg,BF-213,materials/cfd/Images/CFD/BF-213/CFD-BF-213-188-N.jpg,m,1
13,2,15,study,0,male,Black,male,White,angry,,,,,m,855,True,False,,2,,,,False,45,BM-034,materials/cfd/Images/CFD/BM-034/CFD-BM-034-031-N.jpg,WM-023,materials/cfd/Images/CFD/WM-023/CFD-WM-023-012-A.jpg,m,1
13,2,16,study,0,female,Asian,female,White,happy,,,,,z,1045,True,False,,2,,,,False,47,AF-228,materials/cfd/Images/CFD/AF-228/CFD-AF-228-173-N.jpg,WF-014,materials/cfd/Images/CFD/WF-014/CFD-WF-014-004-HO.jpg,z,1
13,2,17,study,0,female,Black,female,Black,neutral,,,,,z,934,True,False,,2,,,,False,49,BF-019,materials/cfd/Images/CFD/BF-019/CFD-BF-019-001-N.jpg,BF-237,materials/cfd/Images/CFD/BF-237/CFD-BF-237-172-N.jpg,z,1
13,2,18,study,0,male,White,female,Black,angry,,,,,z,1052,False,False,,2,,,,False,51,WM-031,materials/cfd/Images/CFD/WM-031/CFD-WM-031-003-N.jpg,BF-002,materials/cfd/Images/CFD/BF-002/CFD-BF-002-018-A.jpg,m,1
13,2,19,study,0,male,White,female,Black,neutral,,,,,z,817,False,False,,2,,,,False,53,WM-244,materials/cfd/Images/CFD/WM-244/CFD-WM-244-003-N.jpg,BF-247,materials/cfd/Images/CFD/BF-247/CFD-BF-247-179-N.jpg,m,1
13,2,20,study,0,female,Latino,male,Black,angry,,,,,z,1137,True,False,,2,,,,False,55,LF-230,materials/cfd/Images/CFD/LF-230/CFD-LF-230-203-N.jpg,BM-024,materials/cfd/Images/CFD/BM-024/CFD-BM-024-018-A.jpg,z,1
13,2,21,study,0,male,White,male,White,happy,,,,,m,1283,True,False,,2,,,,False,57,WM-004,materials/cfd/Images/CFD/WM-004/CFD-WM-004-010-N.jpg,WM-020,materials/cfd/Images/CFD/WM-020/CFD-WM-020-003-HO.jpg,m,1
13,2,22,study,0,male,White,female,Black,neutral,,,,,z,628,False,False,,2,,,,False,59,WM-218,materials/cfd/Images/CFD/WM-218/CFD-WM-218-074-N.jpg,BF-204,materials/cfd/Images/CFD/BF-204/CFD-BF-204-189-N.jpg,m,1
13,2,23,study,0,female,White,male,Black,happy,,,,,m,1105,False,False,,2,,,,False,61,WF-242,materials/cfd/Images/CFD/WF-242/CFD-WF-242-001-N.jpg,BM-020,materials/cfd/Images/CFD/BM-020/CFD-BM-020-026-HO.jpg,z,1
13,2,24,study,0,male,Asian,male,Black,happy,,,,,m,1263,True,False,,2,,,,False,63,AM-207,materials/cfd/Images/CFD/AM-207/CFD-AM-207-108-N.jpg,BM-043,materials/cfd/Images/CFD/BM-043/CFD-BM-043-076-HO.jpg,m,1
13,2,25,study,0,male,Latino,female,Black,angry,,,,,z,763,False,False,,2,,,,False,65,LM-216,materials/cfd/Images/CFD/LM-216/CFD-LM-216-082-N.jpg,BF-048,materials/cfd/Images/CFD/BF-048/CFD-BF-048-038-A.jpg,m,1
13,2,26,study,0,male,Black,male,Black,neutral,,,,,m,1325,True,False,,2,,,,False,67,BM-234,materials/cfd/Images/CFD/BM-234/CFD-BM-234-172-N.jpg,BM-213,materials/cfd/Images/CFD/BM-213/CFD-BM-213-134-N.jpg,m,1
13,2,27,study,0,male,Asian,male,White,angry,,,,,m,1299,True,False,,2,,,,False,69,AM-253,materials/cfd/Images/CFD/AM-253/CFD-AM-253-161-N.jpg,WM-039,materials/cfd/Images/CFD/WM-039/CFD-WM-039-010-A.jpg,m,1
13,2,28,study,0,female,Asian,male,Black,happy,,,,,z,1386,True,False,,2,,,,False,71,AF-207,materials/cfd/Images/CFD/AF-207/CFD-AF-207-023-N.jpg,BM-013,materials/cfd/Images/CFD/BM-013/CFD-BM-013-004-HO.jpg,z,1
13,2,29,study,0,male,Asian,female,White,happy,,,,,z,1720,False,False,,2,,,,False,73,AM-219,materials/cfd/Images/CFD/AM-219/CFD-AM-219-101-N.jpg,WF-026,materials/cfd/Images/CFD/WF-026/CFD-WF-026-017-HO.jpg,m,1
13,2,30,study,0,female,Black,female,Black,angry,,,,,z,1111,True,False,,2,,,,False,75,BF-014,materials/cfd/Images/CFD/BF-014/CFD-BF-014-002-N.jpg,BF-016,materials/cfd/Images/CFD/BF-016/CFD-BF-016-020-A.jpg,z,1
13,2,31,study,1,female,Asian,male,Black,neutral,,,,,z,2460,True,False,,2,,,,False,78,AF-251,materials/cfd/Images/CFD/AF-251/CFD-AF-251-093-N.jpg,BM-203,materials/cfd/Images/CFD/BM-203/CFD-BM-203-001-N.jpg,z,1
13,2,32,study,1,male,Black,female,Black,happy,,,,,m,1550,True,False,,2,,,,False,80,BM-239,materials/cfd/Images/CFD/BM-239/CFD-BM-239-136-N.jpg,BF-033,materials/cfd/Images/CFD/BF-033/CFD-BF-033-031-HO.jpg,m,1
13,2,33,study,1,female,White,female,Black,happy,,,,,z,1090,True,False,,2,,,,False,82,WF-019,materials/cfd/Images/CFD/WF-019/CFD-WF-019-005-N.jpg,BF-036,materials/cfd/Images/CFD/BF-036/CFD-BF-036-030-HO.jpg,z,1
13,2,34,study,1,female,Latino,male,White,neutral,,,,,z,1804,True,False,,2,,,,False,84,LF-212,materials/cfd/Images/CFD/LF-212/CFD-LF-212-066-N.jpg,WM-231,materials/cfd/Images/CFD/WM-231/CFD-WM-231-112-N.jpg,z,1
13,2,35,study,1,female,Latino,male,Black,neutral,,,,,z,2262,True,False,,2,,,,False,86,LF-243,materials/cfd/Images/CFD/LF-243/CFD-LF-243-175-N.jpg,BM-004,materials/cfd/Images/CFD/BM-004/CFD-BM-004-002-N.jpg,z,1
13,2,36,study,1,female,Latino,female,White,happy,,,,,z,1011,True,False,,2,,,,False,88,LF-211,materials/cfd/Images/CFD/LF-211/CFD-LF-211-003-N.jpg,WF-025,materials/cfd/Images/CFD/WF-025/CFD-WF-025-006-HO.jpg,z,1
13,2,37,study,1,male,Black,male,Black,neutral,,,,,m,1172,True,False,,2,,,,False,90,BM-201,materials/cfd/Images/CFD/BM-201/CFD-BM-201-077-N.jpg,BM-015,materials/cfd/Images/CFD/BM-015/CFD-BM-015-015-N.jpg,m,1
13,2,38,study,1,male,Latino,female,Black,happy,,,,,z,2492,False,False,,2,,,,False,92,LM-213,materials/cfd/Images/CFD/LM-213/CFD-LM-213-061-N.jpg,BF-043,materials/cfd/Images/CFD/BF-043/CFD-BF-043-004-HO.jpg,m,1
13,2,39,study,1,female,White,female,White,angry,,,,,z,791,True,False,,2,,,,False,94,WF-248,materials/cfd/Images/CFD/WF-248/CFD-WF-248-129-N.jpg,WF-011,materials/cfd/Images/CFD/WF-011/CFD-WF-011-011-A.jpg,z,1
13,2,40,study,1,male,White,female,Black,angry,,,,,z,1606,False,False,,2,,,,False,96,WM-034,materials/cfd/Images/CFD/WM-034/CFD-WM-034-030-N.jpg,BF-018,materials/cfd/Images/CFD/BF-018/CFD-BF-018-019-A.jpg,m,1
13,2,41,study,1,female,Black,female,Black,neutral,,,,,z,776,True,False,,2,,,,False,98,BF-200,materials/cfd/Images/CFD/BF-200/CFD-BF-200-080-N.jpg,BF-217,materials/cfd/Images/CFD/BF-217/CFD-BF-217-189-N.jpg,z,1
13,2,42,study,1,female,Asian,female,White,happy,,,,,z,2234,True,False,,2,,,,False,100,AF-217,materials/cfd/Images/CFD/AF-217/CFD-AF-217-155-N.jpg,WF-020,materials/cfd/Images/CFD/WF-020/CFD-WF-020-023-HO.jpg,z,1
13,2,43,study,1,male,Black,male,White,neutral,,,,,m,1657,True,False,,2,,,,False,102,BM-243,materials/cfd/Images/CFD/BM-243/CFD-BM-243-218-N.jpg,WM-227,materials/cfd/Images/CFD/WM-227/CFD-WM-227-099-N.jpg,m,1
13,2,44,study,1,male,Asian,male,Black,happy,,,,,m,1097,True,False,,2,,,,False,104,AM-223,materials/cfd/Images/CFD/AM-223/CFD-AM-223-138-N.jpg,BM-021,materials/cfd/Images/CFD/BM-021/CFD-BM-021-022-HO.jpg,m,1
13,2,45,study,1,female,Black,female,White,neutral,,,,,z,656,True,False,,2,,,,False,106,BF-243,materials/cfd/Images/CFD/BF-243/CFD-BF-243-164-N.jpg,WF-229,materials/cfd/Images/CFD/WF-229/CFD-WF-229-004-N.jpg,z,1
13,2,46,study,1,female,Asian,male,White,happy,,,,,z,2739,True,False,,2,,,,False,108,AF-226,materials/cfd/Images/CFD/AF-226/CFD-AF-226-251-N.jpg,WM-002,materials/cfd/Images/CFD/WM-002/CFD-WM-002-007-HO.jpg,z,1
13,2,47,study,1,male,Latino,male,Black,happy,,,,,m,898,True,False,,2,,,,False,110,LM-234,materials/cfd/Images/CFD/LM-234/CFD-LM-234-176-N.jpg,BM-025,materials/cfd/Images/CFD/BM-025/CFD-BM-025-040-HO.jpg,m,1
13,2,48,study,1,male,White,female,Black,happy,,,,,z,1281,False,False,,2,,,,False,112,WM-221,materials/cfd/Images/CFD/WM-221/CFD-WM-221-091-N.jpg,BF-004,materials/cfd/Images/CFD/BF-004/CFD-BF-004-009-HO.jpg,m,1
13,2,49,study,1,male,Asian,female,Black,neutral,,,,,z,984,False,False,,2,,,,False,114,AM-243,materials/cfd/Images/CFD/AM-243/CFD-AM-243-212-N.jpg,BF-252,materials/cfd/Images/CFD/BF-252/CFD-BF-252-191-N.jpg,m,1
13,2,50,study,1,female,Black,male,Black,angry,,,,,z,1161,True,False,,2,,,,False,116,BF-212,materials/cfd/Images/CFD/BF-212/CFD-BF-212-315-N.jpg,BM-039,materials/cfd/Images/CFD/BM-039/CFD-BM-039-037-A.jpg,z,1
13,2,51,study,1,female,Asian,female,Black,angry,,,,,z,1484,True,False,,2,,,,False,118,AF-214,materials/cfd/Images/CFD/AF-214/CFD-AF-214-139-N.jpg,BF-038,materials/cfd/Images/CFD/BF-038/CFD-BF-038-029-A.jpg,z,1
13,2,52,study,1,male,Black,male,White,angry,,,,,m,1678,True,False,,2,,,,False,120,BM-214,materials/cfd/Images/CFD/BM-214/CFD-BM-214-075-N.jpg,WM-016,materials/cfd/Images/CFD/WM-016/CFD-WM-016-008-A.jpg,m,1
13,2,53,study,1,male,Latino,male,White,angry,,,,,m,1534,True,False,,2,,,,False,122,LM-221,materials/cfd/Images/CFD/LM-221/CFD-LM-221-216-N.jpg,WM-006,materials/cfd/Images/CFD/WM-006/CFD-WM-006-022-A.jpg,m,1
13,2,54,study,1,female,Black,male,White,neutral,,,,,z,1531,True,False,,2,,,,False,124,BF-254,materials/cfd/Images/CFD/BF-254/CFD-BF-254-201-N.jpg,WM-247,materials/cfd/Images/CFD/WM-247/CFD-WM-247-084-N.jpg,z,1
13,2,55,study,1,male,White,male,Black,neutral,,,,,m,894,True,False,,2,,,,False,126,WM-210,materials/cfd/Images/CFD/WM-210/CFD-WM-210-057-N.jpg,BM-245,materials/cfd/Images/CFD/BM-245/CFD-BM-245-164-N.jpg,m,1
13,2,56,study,1,male,Black,female,Black,neutral,,,,,m,1005,True,False,,2,,,,False,128,BM-225,materials/cfd/Images/CFD/BM-225/CFD-BM-225-154-N.jpg,BF-240,materials/cfd/Images/CFD/BF-240/CFD-BF-240-179-N.jpg,m,1
13,2,57,study,1,female,Black,male,Black,angry,,,,,z,636,True,False,,2,,,,False,130,BF-011,materials/cfd/Images/CFD/BF-011/CFD-BF-011-002-N.jpg,BM-037,materials/cfd/Images/CFD/BM-037/CFD-BM-037-041-A.jpg,z,1
13,2,58,study,1,female,White,female,White,neutral,,,,,z,1014,True,False,,2,,,,False,132,WF-211,materials/cfd/Images/CFD/WF-211/CFD-WF-211-001-N.jpg,WF-227,materials/cfd/Images/CFD/WF-227/CFD-WF-227-002-N.jpg,z,1
13,2,59,study,1,female,Asian,female,White,neutral,,,,,z,1023,True,False,,2,,,,False,134,AF-246,materials/cfd/Images/CFD/AF-246/CFD-AF-246-242-N.jpg,WF-024,materials/cfd/Images/CFD/WF-024/CFD-WF-024-003-N.jpg,z,1
13,2,60,study,1,female,White,male,Black,happy,,,,,z,2785,True,False,,2,,,,False,136,WF-251,materials/cfd/Images/CFD/WF-251/CFD-WF-251-014-N.jpg,BM-030,materials/cfd/Images/CFD/BM-030/CFD-BM-030-004-HO.jpg,z,1
13,2,61,study,0,male,White,male,Black,neutral,,,,,m,795,True,False,,2,,,,False,139,WM-210,materials/cfd/Images/CFD/WM-210/CFD-WM-210-057-N.jpg,BM-245,materials/cfd/Images/CFD/BM-245/CFD-BM-245-164-N.jpg,m,1
13,2,62,study,0,female,Asian,female,White,happy,,,,,z,1283,True,False,,2,,,,False,141,AF-217,materials/cfd/Images/CFD/AF-217/CFD-AF-217-155-N.jpg,WF-020,materials/cfd/Images/CFD/WF-020/CFD-WF-020-023-HO.jpg,z,1
13,2,63,study,0,female,Black,male,Black,angry,,,,,z,816,True,False,,2,,,,False,143,BF-212,materials/cfd/Images/CFD/BF-212/CFD-BF-212-315-N.jpg,BM-039,materials/cfd/Images/CFD/BM-039/CFD-BM-039-037-A.jpg,z,1
13,2,64,study,0,female,White,female,White,neutral,,,,,z,681,True,False,,2,,,,False,145,WF-211,materials/cfd/Images/CFD/WF-211/CFD-WF-211-001-N.jpg,WF-227,materials/cfd/Images/CFD/WF-227/CFD-WF-227-002-N.jpg,z,1
13,2,65,study,0,female,Black,female,Black,neutral,,,,,z,1261,True,False,,2,,,,False,147,BF-200,materials/cfd/Images/CFD/BF-200/CFD-BF-200-080-N.jpg,BF-217,materials/cfd/Images/CFD/BF-217/CFD-BF-217-189-N.jpg,z,1
13,2,66,study,0,female,Black,male,White,neutral,,,,,z,874,True,False,,2,,,,False,149,BF-254,materials/cfd/Images/CFD/BF-254/CFD-BF-254-201-N.jpg,WM-247,materials/cfd/Images/CFD/WM-247/CFD-WM-247-084-N.jpg,z,1
13,2,67,study,0,female,White,male,White,angry,,,,,z,689,True,False,,2,,,,False,151,WF-231,materials/cfd/Images/CFD/WF-231/CFD-WF-231-099-N.jpg,WM-024,materials/cfd/Images/CFD/WM-024/CFD-WM-024-010-A.jpg,z,1
13,2,68,study,0,male,Latino,female,Black,happy,,,,,m,1204,True,False,,2,,,,False,153,LM-213,materials/cfd/Images/CFD/LM-213/CFD-LM-213-061-N.jpg,BF-043,materials/cfd/Images/CFD/BF-043/CFD-BF-043-004-HO.jpg,m,1
13,2,69,study,0,male,Black,female,White,angry,,,,,m,826,True,False,,2,,,,False,155,BM-002,materials/cfd/Images/CFD/BM-002/CFD-BM-002-013-N.jpg,WF-018,materials/cfd/Images/CFD/WF-018/CFD-WF-018-012-A.jpg,m,1
13,2,70,study,0,male,Black,female,Black,neutral,,,,,m,1328,True,False,,2,,,,False,157,BM-032,materials/cfd/Images/CFD/BM-032/CFD-BM-032-024-N.jpg,BF-213,materials/cfd/Images/CFD/BF-213/CFD-BF-213-188-N.jpg,m,1
13,2,71,study,0,female,Black,female,Black,angry,,,,,z,1228,True,False,,2,,,,False,159,BF-014,materials/cfd/Images/CFD/BF-014/CFD-BF-014-002-N.jpg,BF-016,materials/cfd/Images/CFD/BF-016/CFD-BF-016-020-A.jpg,z,1
13,2,72,study,0,male,Asian,male,Black,neutral,,,,,m,680,True,False,,2,,,,False,161,AM-245,materials/cfd/Images/CFD/AM-245/CFD-AM-245-111-N.jpg,BM-206,materials/cfd/Images/CFD/BM-206/CFD-BM-206-114-N.jpg,m,1
13,2,73,study,0,male,Latino,male,Black,angry,,,,,m,701,True,False,,2,,,,False,163,LM-236,materials/cfd/Images/CFD/LM-236/CFD-LM-236-163-N.jpg,BM-017,materials/cfd/Images/CFD/BM-017/CFD-BM-017-035-A.jpg,m,1
13,2,74,study,0,male,White,male,White,happy,,,,,m,888,True,False,,2,,,,False,165,WM-004,materials/cfd/Images/CFD/WM-004/CFD-WM-004-010-N.jpg,WM-020,materials/cfd/Images/CFD/WM-020/CFD-WM-020-003-HO.jpg,m,1
13,2,75,study,0,female,White,male,Black,happy,,,,,z,1093,True,False,,2,,,,False,167,WF-242,materials/cfd/Images/CFD/WF-242/CFD-WF-242-001-N.jpg,BM-020,materials/cfd/Images/CFD/BM-020/CFD-BM-020-026-HO.jpg,z,1
13,2,76,study,0,male,Asian,male,White,angry,,,,,m,1728,True,False,,2,,,,False,169,AM-253,materials/cfd/Images/CFD/AM-253/CFD-AM-253-161-N.jpg,WM-039,materials/cfd/Images/CFD/WM-039/CFD-WM-039-010-A.jpg,m,1
13,2,77,study,0,male,White,female,Black,angry,,,,,m,1090,True,False,,2,,,,False,171,WM-034,materials/cfd/Images/CFD/WM-034/CFD-WM-034-030-N.jpg,BF-018,materials/cfd/Images/CFD/BF-018/CFD-BF-018-019-A.jpg,m,1
13,2,78,study,0,male,Latino,female,Black,angry,,,,,m,1085,True,False,,2,,,,False,173,LM-233,materials/cfd/Images/CFD/LM-233/CFD-LM-233-171-N.jpg,BF-049,materials/cfd/Images/CFD/BF-049/CFD-BF-049-039-A.jpg,m,1
13,2,79,study,0,female,Black,female,White,neutral,,,,,z,1721,True,False,,2,,,,False,175,BF-243,materials/cfd/Images/CFD/BF-243/CFD-BF-243-164-N.jpg,WF-229,materials/cfd/Images/CFD/WF-229/CFD-WF-229-004-N.jpg,z,1
13,2,80,study,0,male,Black,male,White,angry,,,,,m,951,True,False,,2,,,,False,177,BM-214,materials/cfd/Images/CFD/BM-214/CFD-BM-214-075-N.jpg,WM-016,materials/cfd/Images/CFD/WM-016/CFD-WM-016-008-A.jpg,m,1
13,2,81,study,0,male,Black,male,Black,neutral,,,,,m,693,True,False,,2,,,,False,179,BM-201,materials/cfd/Images/CFD/BM-201/CFD-BM-201-077-N.jpg,BM-015,materials/cfd/Images/CFD/BM-015/CFD-BM-015-015-N.jpg,m,1
13,2,82,study,0,female,White,male,Black,neutral,,,,,z,1796,True,False,,2,,,,False,181,WF-021,materials/cfd/Images/CFD/WF-021/CFD-WF-021-002-N.jpg,BM-219,materials/cfd/Images/CFD/BM-219/CFD-BM-219-141-N.jpg,z,1
13,2,83,study,0,female,Asian,male,White,happy,,,,,z,2424,True,False,,2,,,,False,183,AF-226,materials/cfd/Images/CFD/AF-226/CFD-AF-226-251-N.jpg,WM-002,materials/cfd/Images/CFD/WM-002/CFD-WM-002-007-HO.jpg,z,1
13,2,84,study,0,male,Black,male,White,angry,,,,,m,1605,True,False,,2,,,,False,185,BM-034,materials/cfd/Images/CFD/BM-034/CFD-BM-034-031-N.jpg,WM-023,materials/cfd/Images/CFD/WM-023/CFD-WM-023-012-A.jpg,m,1
13,2,85,study,0,female,Asian,male,Black,happy,,,,,z,847,True,False,,2,,,,False,187,AF-207,materials/cfd/Images/CFD/AF-207/CFD-AF-207-023-N.jpg,BM-013,materials/cfd/Images/CFD/BM-013/CFD-BM-013-004-HO.jpg,z,1
13,2,86,study,0,male,Asian,male,Black,happy,,,,,m,769,True,False,,2,,,,False,189,AM-223,materials/cfd/Images/CFD/AM-223/CFD-AM-223-138-N.jpg,BM-021,materials/cfd/Images/CFD/BM-021/CFD-BM-021-022-HO.jpg,m,1
13,2,87,study,0,male,White,male,Black,happy,,,,,m,1346,True,False,,2,,,,False,191,WM-010,materials/cfd/Images/CFD/WM-010/CFD-WM-010-001-N.jpg,BM-046,materials/cfd/Images/CFD/BM-046/CFD-BM-046-039-HO.jpg,m,1
13,2,88,study,0,male,Black,female,Black,neutral,,,,,m,1174,True,False,,2,,,,False,193,BM-225,materials/cfd/Images/CFD/BM-225/CFD-BM-225-154-N.jpg,BF-240,materials/cfd/Images/CFD/BF-240/CFD-BF-240-179-N.jpg,m,1
13,2,89,study,0,female,Asian,male,Black,neutral,,,,,z,1724,True,False,,2,,,,False,195,AF-251,materials/cfd/Images/CFD/AF-251/CFD-AF-251-093-N.jpg,BM-203,materials/cfd/Images/CFD/BM-203/CFD-BM-203-001-N.jpg,z,1
13,2,90,study,0,male,White,female,Black,neutral,,,,,m,2322,True,False,,2,,,,False,197,WM-218,materials/cfd/Images/CFD/WM-218/CFD-WM-218-074-N.jpg,BF-204,materials/cfd/Images/CFD/BF-204/CFD-BF-204-189-N.jpg,m,1
13,2,91,study,1,female,Latino,male,Black,happy,,,,,z,1155,True,False,,2,,,,False,200,LF-239,materials/cfd/Images/CFD/LF-239/CFD-LF-239-148-N.jpg,BM-019,materials/cfd/Images/CFD/BM-019/CFD-BM-019-004-HO.jpg,z,1
13,2,92,study,1,male,White,female,Black,angry,,,,,m,597,True,False,,2,,,,False,202,WM-031,materials/cfd/Images/CFD/WM-031/CFD-WM-031-003-N.jpg,BF-002,materials/cfd/Images/CFD/BF-002/CFD-BF-002-018-A.jpg,m,1
13,2,93,study,1,female,Asian,female,White,happy,,,,,z,1148,True,False,,2,,,,False,204,AF-228,materials/cfd/Images/CFD/AF-228/CFD-AF-228-173-N.jpg,WF-014,materials/cfd/Images/CFD/WF-014/CFD-WF-014-004-HO.jpg,z,1
13,2,94,study,1,female,Latino,male,White,neutral,,,,,z,1562,True,False,,2,,,,False,206,LF-212,materials/cfd/Images/CFD/LF-212/CFD-LF-212-066-N.jpg,WM-231,materials/cfd/Images/CFD/WM-231/CFD-WM-231-112-N.jpg,z,1
13,2,95,study,1,female,Black,female,White,angry,,,,,z,1310,True,False,,2,,,,False,208,BF-251,materials/cfd/Images/CFD/BF-251/CFD-BF-251-211-N.jpg,WF-036,materials/cfd/Images/CFD/WF-036/CFD-WF-036-015-A.jpg,z,1
13,2,96,study,1,male,Latino,male,Black,happy,,,,,m,1606,True,False,,2,,,,False,210,LM-234,materials/cfd/Images/CFD/LM-234/CFD-LM-234-176-N.jpg,BM-025,materials/cfd/Images/CFD/BM-025/CFD-BM-025-040-HO.jpg,m,1
13,2,97,study,1,female,Black,male,White,angry,,,,,z,1029,True,False,,2,,,,False,212,BF-253,materials/cfd/Images/CFD/BF-253/CFD-BF-253-202-N.jpg,WM-040,materials/cfd/Images/CFD/WM-040/CFD-WM-040-007-A.jpg,z,1
13,2,98,study,1,female,Latino,female,White,happy,,,,,z,802,True,False,,2,,,,False,214,LF-211,materials/cfd/Images/CFD/LF-211/CFD-LF-211-003-N.jpg,WF-025,materials/cfd/Images/CFD/WF-025/CFD-WF-025-006-HO.jpg,z,1
13,2,99,study,1,female,Latino,female,Black,happy,,,,,,,False,True,,2,,,,False,216,LF-252,materials/cfd/Images/CFD/LF-252/CFD-LF-252-172-N.jpg,BF-009,materials/cfd/Images/CFD/BF-009/CFD-BF-009-006-HO.jpg,z,1
13,2,100,study,1,female,Latino,male,Black,neutral,,,,,z,510,True,False,,2,,,,False,218,LF-243,materials/cfd/Images/CFD/LF-243/CFD-LF-243-175-N.jpg,BM-004,materials/cfd/Images/CFD/BM-004/CFD-BM-004-002-N.jpg,z,1
13,2,101,study,1,female,Asian,female,Black,angry,,,,,z,626,True,False,,2,,,,False,220,AF-214,materials/cfd/Images/CFD/AF-214/CFD-AF-214-139-N.jpg,BF-038,materials/cfd/Images/CFD/BF-038/CFD-BF-038-029-A.jpg,z,1
13,2,102,study,1,male,White,female,Black,neutral,,,,,m,812,True,False,,2,,,,False,222,WM-244,materials/cfd/Images/CFD/WM-244/CFD-WM-244-003-N.jpg,BF-247,materials/cfd/Images/CFD/BF-247/CFD-BF-247-179-N.jpg,m,1
13,2,103,study,1,male,White,female,Black,happy,,,,,m,616,True,False,,2,,,,False,224,WM-221,materials/cfd/Images/CFD/WM-221/CFD-WM-221-091-N.jpg,BF-004,materials/cfd/Images/CFD/BF-004/CFD-BF-004-009-HO.jpg,m,1
13,2,104,study,1,male,White,female,Black,happy,,,,,m,1650,True,False,,2,,,,False,226,WM-250,materials/cfd/Images/CFD/WM-250/CFD-WM-250-157-N.jpg,BF-021,materials/cfd/Images/CFD/BF-021/CFD-BF-021-014-HO.jpg,m,1
13,2,105,study,1,male,Black,male,Black,neutral,,,,,m,627,True,False,,2,,,,False,228,BM-234,materials/cfd/Images/CFD/BM-234/CFD-BM-234-172-N.jpg,BM-213,materials/cfd/Images/CFD/BM-213/CFD-BM-213-134-N.jpg,m,1
13,2,106,study,1,male,Asian,male,Black,happy,,,,,m,1160,True,False,,2,,,,False,230,AM-207,materials/cfd/Images/CFD/AM-207/CFD-AM-207-108-N.jpg,BM-043,materials/cfd/Images/CFD/BM-043/CFD-BM-043-076-HO.jpg,m,1
13,2,107,study,1,male,Black,female,Black,happy,,,,,m,824,True,False,,2,,,,False,232,BM-239,materials/cfd/Images/CFD/BM-239/CFD-BM-239-136-N.jpg,BF-033,materials/cfd/Images/CFD/BF-033/CFD-BF-033-031-HO.jpg,m,1
13,2,108,study,1,female,White,male,Black,happy,,,,,z,699,True,False,,2,,,,False,234,WF-251,materials/cfd/Images/CFD/WF-251/CFD-WF-251-014-N.jpg,BM-030,materials/cfd/Images/CFD/BM-030/CFD-BM-030-004-HO.jpg,z,1
13,2,109,study,1,female,White,female,Black,happy,,,,,z,608,True,False,,2,,,,False,236,WF-019,materials/cfd/Images/CFD/WF-019/CFD-WF-019-005-N.jpg,BF-036,materials/cfd/Images/CFD/BF-036/CFD-BF-036-030-HO.jpg,z,1
13,2,110,study,1,male,Asian,female,White,happy,,,,,m,723,True,False,,2,,,,False,238,AM-219,materials/cfd/Images/CFD/AM-219/CFD-AM-219-101-N.jpg,WF-026,materials/cfd/Images/CFD/WF-026/CFD-WF-026-017-HO.jpg,m,1
13,2,111,study,1,female,White,female,White,angry,,,,,z,1226,True,False,,2,,,,False,240,WF-248,materials/cfd/Images/CFD/WF-248/CFD-WF-248-129-N.jpg,WF-011,materials/cfd/Images/CFD/WF-011/CFD-WF-011-011-A.jpg,z,1
13,2,112,study,1,male,Asian,female,Black,neutral,,,,,m,661,True,False,,2,,,,False,242,AM-243,materials/cfd/Images/CFD/AM-243/CFD-AM-243-212-N.jpg,BF-252,materials/cfd/Images/CFD/BF-252/CFD-BF-252-191-N.jpg,m,1
13,2,113,study,1,female,Black,female,Black,neutral,,,,,z,775,True,False,,2,,,,False,244,BF-019,materials/cfd/Images/CFD/BF-019/CFD-BF-019-001-N.jpg,BF-237,materials/cfd/Images/CFD/BF-237/CFD-BF-237-172-N.jpg,z,1
13,2,114,study,1,male,Latino,male,White,angry,,,,,m,1136,True,False,,2,,,,False,246,LM-221,materials/cfd/Images/CFD/LM-221/CFD-LM-221-216-N.jpg,WM-006,materials/cfd/Images/CFD/WM-006/CFD-WM-006-022-A.jpg,m,1
13,2,115,study,1,female,Asian,female,White,neutral,,,,,z,715,True,False,,2,,,,False,248,AF-246,materials/cfd/Images/CFD/AF-246/CFD-AF-246-242-N.jpg,WF-024,materials/cfd/Images/CFD/WF-024/CFD-WF-024-003-N.jpg,z,1
13,2,116,study,1,female,Black,male,Black,angry,,,,,z,1540,True,False,,2,,,,False,250,BF-011,materials/cfd/Images/CFD/BF-011/CFD-BF-011-002-N.jpg,BM-037,materials/cfd/Images/CFD/BM-037/CFD-BM-037-041-A.jpg,z,1
13,2,117,study,1,female,Latino,male,Black,angry,,,,,z,1387,True,False,,2,,,,False,252,LF-230,materials/cfd/Images/CFD/LF-230/CFD-LF-230-203-N.jpg,BM-024,materials/cfd/Images/CFD/BM-024/CFD-BM-024-018-A.jpg,z,1
13,2,118,study,1,male,Black,male,White,neutral,,,,,m,1243,True,False,,2,,,,False,254,BM-243,materials/cfd/Images/CFD/BM-243/CFD-BM-243-218-N.jpg,WM-227,materials/cfd/Images/CFD/WM-227/CFD-WM-227-099-N.jpg,m,1
13,2,119,study,1,male,Latino,female,Black,angry,,,,,m,969,True,False,,2,,,,False,256,LM-216,materials/cfd/Images/CFD/LM-216/CFD-LM-216-082-N.jpg,BF-048,materials/cfd/Images/CFD/BF-048/CFD-BF-048-038-A.jpg,m,1
13,2,120,study,1,female,White,female,Black,angry,,,,,z,1714,True,False,,2,,,,False,258,WF-038,materials/cfd/Images/CFD/WF-038/CFD-WF-038-021-N.jpg,BF-012,materials/cfd/Images/CFD/BF-012/CFD-BF-012-015-A.jpg,z,1
13,2,121,test,0,female,Black,female,Black,neutral,,,,intact,m,1739,True,False,,2,,,,False,277,BF-200,materials/cfd/Images/CFD/BF-200/CFD-BF-200-080-N.jpg,BF-217,materials/cfd/Images/CFD/BF-217/CFD-BF-217-189-N.jpg,m,1
13,2,122,test,0,female,White,male,White,angry,,,,rearranged,z,1367,True,False,,2,,,,False,279,WF-231,materials/cfd/Images/CFD/WF-231/CFD-WF-231-099-N.jpg,WM-040,materials/cfd/Images/CFD/WM-040/CFD-WM-040-007-A.jpg,z,1
13,2,123,test,0,male,Black,male,White,angry,,,,rearranged,m,1927,False,False,,2,,,,False,281,BM-034,materials/cfd/Images/CFD/BM-034/CFD-BM-034-031-N.jpg,WM-006,materials/cfd/Images/CFD/WM-006/CFD-WM-006-022-A.jpg,z,1
13,2,124,test,0,female,Asian,male,Black,happy,,,,intact,m,2172,True,False,,2,,,,False,283,AF-207,materials/cfd/Images/CFD/AF-207/CFD-AF-207-023-N.jpg,BM-013,materials/cfd/Images/CFD/BM-013/CFD-BM-013-004-HO.jpg,m,1
13,2,125,test,0,male,White,female,Black,neutral,,,,intact,m,1228,True,False,,2,,,,False,285,WM-244,materials/cfd/Images/CFD/WM-244/CFD-WM-244-003-N.jpg,BF-247,materials/cfd/Images/CFD/BF-247/CFD-BF-247-179-N.jpg,m,1
13,2,126,test,0,female,White,male,Black,happy,,,,intact,m,1736,True,False,,2,,,,False,287,WF-242,materials/cfd/Images/CFD/WF-242/CFD-WF-242-001-N.jpg,BM-020,materials/cfd/Images/CFD/BM-020/CFD-BM-020-026-HO.jpg,m,1
13,2,127,test,0,male,Black,female,Black,neutral,,,,rearranged,z,1798,True,False,,2,,,,False,289,BM-225,materials/cfd/Images/CFD/BM-225/CFD-BM-225-154-N.jpg,BF-252,materials/cfd/Images/CFD/BF-252/CFD-BF-252-191-N.jpg,z,1
13,2,128,test,0,female,Black,female,Black,angry,,,,intact,m,1786,True,False,,2,,,,False,291,BF-014,materials/cfd/Images/CFD/BF-014/CFD-BF-014-002-N.jpg,BF-016,materials/cfd/Images/CFD/BF-016/CFD-BF-016-020-A.jpg,m,1
13,2,129,test,0,female,Asian,male,Black,happy,,,,rearranged,m,2027,False,False,,2,,,,False,293,AF-226,materials/cfd/Images/CFD/AF-226/CFD-AF-226-251-N.jpg,BM-019,materials/cfd/Images/CFD/BM-019/CFD-BM-019-004-HO.jpg,z,1
13,2,130,test,0,female,Black,male,White,angry,,,,rearranged,,,False,True,,2,,,,False,295,BF-212,materials/cfd/Images/CFD/BF-212/CFD-BF-212-315-N.jpg,WM-024,materials/cfd/Images/CFD/WM-024/CFD-WM-024-010-A.jpg,z,1
13,2,131,test,0,male,Black,female,White,angry,,,,intact,z,1182,False,False,,2,,,,False,297,BM-002,materials/cfd/Images/CFD/BM-002/CFD-BM-002-013-N.jpg,WF-018,materials/cfd/Images/CFD/WF-018/CFD-WF-018-012-A.jpg,m,1
13,2,132,test,0,male,Latino,female,Black,angry,,,,rearranged,z,1210,True,False,,2,,,,False,299,LM-216,materials/cfd/Images/CFD/LM-216/CFD-LM-216-082-N.jpg,BF-002,materials/cfd/Images/CFD/BF-002/CFD-BF-002-018-A.jpg,z,1
13,2,133,test,0,male,Black,male,White,angry,,,,rearranged,z,931,True,False,,2,,,,False,301,BM-214,materials/cfd/Images/CFD/BM-214/CFD-BM-214-075-N.jpg,WM-023,materials/cfd/Images/CFD/WM-023/CFD-WM-023-012-A.jpg,z,1
13,2,134,test,0,female,Black,female,White,neutral,,,,intact,z,1342,False,False,,2,,,,False,303,BF-243,materials/cfd/Images/CFD/BF-243/CFD-BF-243-164-N.jpg,WF-229,materials/cfd/Images/CFD/WF-229/CFD-WF-229-004-N.jpg,m,1
13,2,135,test,0,male,White,male,Black,happy,,,,intact,m,1100,True,False,,2,,,,False,305,WM-010,materials/cfd/Images/CFD/WM-010/CFD-WM-010-001-N.jpg,BM-046,materials/cfd/Images/CFD/BM-046/CFD-BM-046-039-HO.jpg,m,1
13,2,136,test,0,male,Latino,female,Black,happy,,,,rearranged,z,1512,True,False,,2,,,,False,307,LM-213,materials/cfd/Images/CFD/LM-213/CFD-LM-213-061-N.jpg,BF-004,materials/cfd/Images/CFD/BF-004/CFD-BF-004-009-HO.jpg,z,1
13,2,137,test,0,female,Black,female,Black,neutral,,,,intact,m,1723,True,False,,2,,,,False,309,BF-019,materials/cfd/Images/CFD/BF-019/CFD-BF-019-001-N.jpg,BF-237,materials/cfd/Images/CFD/BF-237/CFD-BF-237-172-N.jpg,m,1
13,2,138,test,0,male,Latino,male,Black,angry,,,,intact,z,1447,False,False,,2,,,,False,311,LM-236,materials/cfd/Images/CFD/LM-236/CFD-LM-236-163-N.jpg,BM-017,materials/cfd/Images/CFD/BM-017/CFD-BM-017-035-A.jpg,m,1
13,2,139,test,0,female,White,male,Black,happy,,,,intact,z,1965,False,False,,2,,,,False,313,WF-251,materials/cfd/Images/CFD/WF-251/CFD-WF-251-014-N.jpg,BM-030,materials/cfd/Images/CFD/BM-030/CFD-BM-030-004-HO.jpg,m,1
13,2,140,test,0,male,Latino,male,White,happy,,,,rearranged,m,1520,False,False,,2,,,,False,315,LM-234,materials/cfd/Images/CFD/LM-234/CFD-LM-234-176-N.jpg,WM-020,materials/cfd/Images/CFD/WM-020/CFD-WM-020-003-HO.jpg,z,1
13,2,141,test,0,male,Asian,male,White,angry,,,,intact,m,1591,True,False,,2,,,,False,317,AM-253,materials/cfd/Images/CFD/AM-253/CFD-AM-253-161-N.jpg,WM-039,materials/cfd/Images/CFD/WM-039/CFD-WM-039-010-A.jpg,m,1
13,2,142,test,0,female,Latino,male,Black,neutral,,,,rearranged,m,1213,False,False,,2,,,,False,319,LF-212,materials/cfd/Images/CFD/LF-212/CFD-LF-212-066-N.jpg,BM-219,materials/cfd/Images/CFD/BM-219/CFD-BM-219-141-N.jpg,z,1
13,2,143,test,0,male,White,male,Black,happy,,,,rearranged,z,1799,True,False,,2,,,,False,321,WM-004,materials/cfd/Images/CFD/WM-004/CFD-WM-004-010-N.jpg,BM-025,materials/cfd/Images/CFD/BM-025/CFD-BM-025-040-HO.jpg,z,1
13,2,144,test,0,male,Black,male,Black,neutral,,,,rearranged,m,2067,False,False,,2,,,,False,323,BM-234,materials/cfd/Images/CFD/BM-234/CFD-BM-234-172-N.jpg,BM-245,materials/cfd/Images/CFD/BM-245/CFD-BM-245-164-N.jpg,z,1
13,2,145,test,0,female,White,male,White,neutral,,,,rearranged,m,1971,False,False,,2,,,,False,325,WF-021,materials/cfd/Images/CFD/WF-021/CFD-WF-021-002-N.jpg,WM-247,materials/cfd/Images/CFD/WM-247/CFD-WM-247-084-N.jpg,z,1
13,2,146,test,0,female,Asian,female,White,angry,,,,rearranged,m,1666,False,False,,2,,,,False,327,AF-214,materials/cfd/Images/CFD/AF-214/CFD-AF-214-139-N.jpg,WF-036,materials/cfd/Images/CFD/WF-036/CFD-WF-036-015-A.jpg,z,1
13,2,147,test,0,female,Latino,female,White,happy,,,,rearranged,m,1261,False,False,,2,,,,False,329,LF-211,materials/cfd/Images/CFD/LF-211/CFD-LF-211-003-N.jpg,WF-020,materials/cfd/Images/CFD/WF-020/CFD-WF-020-023-HO.jpg,z,1
13,2,148,test,0,female,Black,male,Black,angry,,,,rearranged,m,2102,False,False,,2,,,,False,331,BF-253,materials/cfd/Images/CFD/BF-253/CFD-BF-253-202-N.jpg,BM-039,materials/cfd/Images/CFD/BM-039/CFD-BM-039-037-A.jpg,z,1
13,2,149,test,0,female,Asian,female,White,happy,,,,rearranged,z,2186,True,False,,2,,,,False,333,AF-217,materials/cfd/Images/CFD/AF-217/CFD-AF-217-155-N.jpg,WF-014,materials/cfd/Images/CFD/WF-014/CFD-WF-014-004-HO.jpg,z,1
13,2,150,test,0,female,White,female,White,angry,,,,intact,z,1637,False,False,,2,,,,False,335,WF-248,materials/cfd/Images/CFD/WF-248/CFD-WF-248-129-N.jpg,WF-011,materials/cfd/Images/CFD/WF-011/CFD-WF-011-011-A.jpg,m,1
13,2,151,test,1,female,Latino,male,White,happy,,,,rearranged,z,1404,True,False,,2,,,,False,338,LF-239,materials/cfd/Images/CFD/LF-239/CFD-LF-239-148-N.jpg,WM-002,materials/cfd/Images/CFD/WM-002/CFD-WM-002-007-HO.jpg,z,1
13,2,152,test,1,female,Latino,female,Black,happy,,,,intact,z,1568,False,False,,2,,,,False,340,LF-252,materials/cfd/Images/CFD/LF-252/CFD-LF-252-172-N.jpg,BF-009,materials/cfd/Images/CFD/BF-009/CFD-BF-009-006-HO.jpg,m,1
13,2,153,test,1,male,White,male,White,neutral,,,,rearranged,z,1961,True,False,,2,,,,False,342,WM-210,materials/cfd/Images/CFD/WM-210/CFD-WM-210-057-N.jpg,WM-227,materials/cfd/Images/CFD/WM-227/CFD-WM-227-099-N.jpg,z,1
13,2,154,test,1,male,Asian,female,Black,neutral,,,,rearranged,z,1862,True,False,,2,,,,False,344,AM-243,materials/cfd/Images/CFD/AM-243/CFD-AM-243-212-N.jpg,BF-240,materials/cfd/Images/CFD/BF-240/CFD-BF-240-179-N.jpg,z,1
13,2,155,test,1,male,Latino,female,Black,angry,,,,intact,m,2308,True,False,,2,,,,False,346,LM-233,materials/cfd/Images/CFD/LM-233/CFD-LM-233-171-N.jpg,BF-049,materials/cfd/Images/CFD/BF-049/CFD-BF-049-039-A.jpg,m,1
13,2,156,test,1,male,Asian,male,Black,happy,,,,intact,m,1732,True,False,,2,,,,False,348,AM-207,materials/cfd/Images/CFD/AM-207/CFD-AM-207-108-N.jpg,BM-043,materials/cfd/Images/CFD/BM-043/CFD-BM-043-076-HO.jpg,m,1
13,2,157,test,1,male,Asian,male,Black,happy,,,,intact,m,1732,True,False,,2,,,,False,350,AM-223,materials/cfd/Images/CFD/AM-223/CFD-AM-223-138-N.jpg,BM-021,materials/cfd/Images/CFD/BM-021/CFD-BM-021-022-HO.jpg,m,1
13,2,158,test,1,female,White,female,Black,happy,,,,intact,m,1361,True,False,,2,,,,False,352,WF-019,materials/cfd/Images/CFD/WF-019/CFD-WF-019-005-N.jpg,BF-036,materials/cfd/Images/CFD/BF-036/CFD-BF-036-030-HO.jpg,m,1
13,2,159,test,1,female,Asian,male,Black,neutral,,,,intact,m,1664,True,False,,2,,,,False,354,AF-251,materials/cfd/Images/CFD/AF-251/CFD-AF-251-093-N.jpg,BM-203,materials/cfd/Images/CFD/BM-203/CFD-BM-203-001-N.jpg,m,1
13,2,160,test,1,male,Latino,male,White,angry,,,,rearranged,m,1534,False,False,,2,,,,False,356,LM-221,materials/cfd/Images/CFD/LM-221/CFD-LM-221-216-N.jpg,WM-016,materials/cfd/Images/CFD/WM-016/CFD-WM-016-008-A.jpg,z,1
13,2,161,test,1,female,White,female,Black,angry,,,,intact,z,1533,False,False,,2,,,,False,358,WF-038,materials/cfd/Images/CFD/WF-038/CFD-WF-038-021-N.jpg,BF-012,materials/cfd/Images/CFD/BF-012/CFD-BF-012-015-A.jpg,m,1
13,2,162,test,1,male,Asian,female,White,happy,,,,intact,z,2702,False,False,,2,,,,False,360,AM-219,materials/cfd/Images/CFD/AM-219/CFD-AM-219-101-N.jpg,WF-026,materials/cfd/Images/CFD/WF-026/CFD-WF-026-017-HO.jpg,m,1
13,2,163,test,1,male,Black,male,Black,neutral,,,,rearranged,z,1142,True,False,,2,,,,False,362,BM-243,materials/cfd/Images/CFD/BM-243/CFD-BM-243-218-N.jpg,BM-213,materials/cfd/Images/CFD/BM-213/CFD-BM-213-134-N.jpg,z,1
13,2,164,test,1,male,White,female,Black,angry,,,,intact,m,1433,True,False,,2,,,,False,364,WM-034,materials/cfd/Images/CFD/WM-034/CFD-WM-034-030-N.jpg,BF-018,materials/cfd/Images/CFD/BF-018/CFD-BF-018-019-A.jpg,m,1
13,2,165,test,1,female,Black,male,White,neutral,,,,rearranged,m,1699,False,False,,2,,,,False,366,BF-254,materials/cfd/Images/CFD/BF-254/CFD-BF-254-201-N.jpg,WM-231,materials/cfd/Images/CFD/WM-231/CFD-WM-231-112-N.jpg,z,1
13,2,166,test,1,female,Latino,male,Black,angry,,,,intact,z,1173,False,False,,2,,,,False,368,LF-230,materials/cfd/Images/CFD/LF-230/CFD-LF-230-203-N.jpg,BM-024,materials/cfd/Images/CFD/BM-024/CFD-BM-024-018-A.jpg,m,1
13,2,167,test,1,male,White,female,Black,happy,,,,intact,z,1216,False,False,,2,,,,False,370,WM-250,materials/cfd/Images/CFD/WM-250/CFD-WM-250-157-N.jpg,BF-021,materials/cfd/Images/CFD/BF-021/CFD-BF-021-014-HO.jpg,m,1
13,2,168,test,1,female,Black,male,Black,angry,,,,intact,z,1558,False,False,,2,,,,False,372,BF-011,materials/cfd/Images/CFD/BF-011/CFD-BF-011-002-N.jpg,BM-037,materials/cfd/Images/CFD/BM-037/CFD-BM-037-041-A.jpg,m,1
13,2,169,test,1,female,Asian,female,White,neutral,,,,rearranged,z,1576,True,False,,2,,,,False,374,AF-246,materials/cfd/Images/CFD/AF-246/CFD-AF-246-242-N.jpg,WF-227,materials/cfd/Images/CFD/WF-227/CFD-WF-227-002-N.jpg,z,1
13,2,170,test,1,male,Asian,male,Black,neutral,,,,intact,m,1648,True,False,,2,,,,False,376,AM-245,materials/cfd/Images/CFD/AM-245/CFD-AM-245-111-N.jpg,BM-206,materials/cfd/Images/CFD/BM-206/CFD-BM-206-114-N.jpg,m,1
13,2,171,test,1,male,Black,female,Black,neutral,,,,intact,m,2272,True,False,,2,,,,False,378,BM-032,materials/cfd/Images/CFD/BM-032/CFD-BM-032-024-N.jpg,BF-213,materials/cfd/Images/CFD/BF-213/CFD-BF-213-188-N.jpg,m,1
13,2,172,test,1,male,White,female,Black,happy,,,,rearranged,z,1276,True,False,,2,,,,False,380,WM-221,materials/cfd/Images/CFD/WM-221/CFD-WM-221-091-N.jpg,BF-033,materials/cfd/Images/CFD/BF-033/CFD-BF-033-031-HO.jpg,z,1
13,2,173,test,1,female,White,female,White,neutral,,,,rearranged,m,1575,False,False,,2,,,,False,382,WF-211,materials/cfd/Images/CFD/WF-211/CFD-WF-211-001-N.jpg,WF-024,materials/cfd/Images/CFD/WF-024/CFD-WF-024-003-N.jpg,z,1
13,2,174,test,1,female,Asian,female,White,happy,,,,rearranged,m,2077,False,False,,2,,,,False,384,AF-228,materials/cfd/Images/CFD/AF-228/CFD-AF-228-173-N.jpg,WF-025,materials/cfd/Images/CFD/WF-025/CFD-WF-025-006-HO.jpg,z,1
13,2,175,test,1,male,White,female,Black,neutral,,,,intact,z,1869,False,False,,2,,,,False,386,WM-218,materials/cfd/Images/CFD/WM-218/CFD-WM-218-074-N.jpg,BF-204,materials/cfd/Images/CFD/BF-204/CFD-BF-204-189-N.jpg,m,1
13,2,176,test,1,male,White,female,Black,angry,,,,rearranged,z,2021,True,False,,2,,,,False,388,WM-031,materials/cfd/Images/CFD/WM-031/CFD-WM-031-003-N.jpg,BF-048,materials/cfd/Images/CFD/BF-048/CFD-BF-048-038-A.jpg,z,1
13,2,177,test,1,female,Latino,male,Black,neutral,,,,intact,m,1631,True,False,,2,,,,False,390,LF-243,materials/cfd/Images/CFD/LF-243/CFD-LF-243-175-N.jpg,BM-004,materials/cfd/Images/CFD/BM-004/CFD-BM-004-002-N.jpg,m,1
13,2,178,test,1,female,Black,female,Black,angry,,,,rearranged,m,1372,False,False,,2,,,,False,392,BF-251,materials/cfd/Images/CFD/BF-251/CFD-BF-251-211-N.jpg,BF-038,materials/cfd/Images/CFD/BF-038/CFD-BF-038-029-A.jpg,z,1
13,2,179,test,1,male,Black,male,Black,neutral,,,,intact,m,2023,True,False,,2,,,,False,394,BM-201,materials/cfd/Images/CFD/BM-201/CFD-BM-201-077-N.jpg,BM-015,materials/cfd/Images/CFD/BM-015/CFD-BM-015-015-N.jpg,m,1
13,2,180,test,1,male,Black,female,Black,happy,,,,rearranged,m,2545,False,False,,2,,,,False,396,BM-239,materials/cfd/Images/CFD/BM-239/CFD-BM-239-136-N.jpg,BF-043,materials/cfd/Images/CFD/BF-043/CFD-BF-043-004-HO.jpg,z,1
14,2,1,study,0,male,White,male,Black,happy,,,,,m,627,True,False,,2,,,,False,17,WM-247,materials/cfd/Images/CFD/WM-247/CFD-WM-247-084-N.jpg,BM-031,materials/cfd/Images/CFD/BM-031/CFD-BM-031-004-HO.jpg,m,1
14,2,2,study,0,female,Black,male,Black,angry,,,,,z,1022,True,False,,2,,,,False,19,BF-016,materials/cfd/Images/CFD/BF-016/CFD-BF-016-017-N.jpg,BM-022,materials/cfd/Images/CFD/BM-022/CFD-BM-022-030-A.jpg,z,1
14,2,3,study,0,female,Asian,female,Black,angry,,,,,z,808,True,False,,2,,,,False,21,AF-247,materials/cfd/Images/CFD/AF-247/CFD-AF-247-278-N.jpg,BF-001,materials/cfd/Images/CFD/BF-001/CFD-BF-001-026-A.jpg,z,1
14,2,4,study,0,female,Asian,female,Black,neutral,,,,,z,1130,True,False,,2,,,,False,23,AF-209,materials/cfd/Images/CFD/AF-209/CFD-AF-209-006-N.jpg,BF-235,materials/cfd/Images/CFD/BF-235/CFD-BF-235-168-N.jpg,z,1
14,2,5,study,0,female,Black,male,White,happy,,,,,z,1034,True,False,,2,,,,False,25,BF-242,materials/cfd/Images/CFD/BF-242/CFD-BF-242-154-N.jpg,WM-001,materials/cfd/Images/CFD/WM-001/CFD-WM-001-011-HO.jpg,z,1
14,2,6,study,0,female,Asian,male,White,angry,,,,,z,721,True,False,,2,,,,False,27,AF-231,materials/cfd/Images/CFD/AF-231/CFD-AF-231-357-N.jpg,WM-006,materials/cfd/Images/CFD/WM-006/CFD-WM-006-022-A.jpg,z,1
14,2,7,study,0,male,Black,female,Black,neutral,,,,,m,1156,True,False,,2,,,,False,29,BM-248,materials/cfd/Images/CFD/BM-248/CFD-BM-248-128-N.jpg,BF-032,materials/cfd/Images/CFD/BF-032/CFD-BF-032-038-N.jpg,m,1
14,2,8,study,0,female,Asian,female,White,happy,,,,,z,799,True,False,,2,,,,False,31,AF-250,materials/cfd/Images/CFD/AF-250/CFD-AF-250-200-N.jpg,WF-035,materials/cfd/Images/CFD/WF-035/CFD-WF-035-027-HO.jpg,z,1
14,2,9,study,0,male,Latino,male,White,angry,,,,,m,772,True,False,,2,,,,False,33,LM-221,materials/cfd/Images/CFD/LM-221/CFD-LM-221-216-N.jpg,WM-016,materials/cfd/Images/CFD/WM-016/CFD-WM-016-008-A.jpg,m,1
14,2,10,study,0,male,Latino,male,Black,neutral,,,,,m,729,True,False,,2,,,,False,35,LM-229,materials/cfd/Images/CFD/LM-229/CFD-LM-229-187-N.jpg,BM-243,materials/cfd/Images/CFD/BM-243/CFD-BM-243-218-N.jpg,m,1
14,2,11,study,0,female,Latino,female,White,angry,,,,,z,771,True,False,,2,,,,False,37,LF-228,materials/cfd/Images/CFD/LF-228/CFD-LF-228-125-N.jpg,WF-013,materials/cfd/Images/CFD/WF-013/CFD-WF-013-015-A.jpg,z,1
14,2,12,study,0,female,White,male,White,happy,,,,,z,902,True,False,,2,,,,False,39,WF-037,materials/cfd/Images/CFD/WF-037/CFD-WF-037-029-N.jpg,WM-014,materials/cfd/Images/CFD/WM-014/CFD-WM-014-004-HO.jpg,z,1
14,2,13,study,0,male,Black,female,Black,happy,,,,,m,706,True,False,,2,,,,False,41,BM-235,materials/cfd/Images/CFD/BM-235/CFD-BM-235-226-N.jpg,BF-005,materials/cfd/Images/CFD/BF-005/CFD-BF-005-005-HO.jpg,m,1
14,2,14,study,0,male,Asian,female,White,angry,,,,,m,638,True,False,,2,,,,False,43,AM-239,materials/cfd/Images/CFD/AM-239/CFD-AM-239-147-N.jpg,WF-014,materials/cfd/Images/CFD/WF-014/CFD-WF-014-012-A.jpg,m,1
14,2,15,study,0,male,White,male,Black,happy,,,,,m,799,True,False,,2,,,,False,45,WM-208,materials/cfd/Images/CFD/WM-208/CFD-WM-208-068-N.jpg,BM-037,materials/cfd/Images/CFD/BM-037/CFD-BM-037-036-HO.jpg,m,1
14,2,16,study,0,female,Black,male,White,happy,,,,,z,678,True,False,,2,,,,False,47,BF-231,materials/cfd/Images/CFD/BF-231/CFD-BF-231-202-N.jpg,WM-004,materials/cfd/Images/CFD/WM-004/CFD-WM-004-006-HO.jpg,z,1
14,2,17,study,0,female,Asian,female,Black,happy,,,,,z,797,True,False,,2,,,,False,49,AF-253,materials/cfd/Images/CFD/AF-253/CFD-AF-253-130-N.jpg,BF-011,materials/cfd/Images/CFD/BF-011/CFD-BF-011-004-HO.jpg,z,1
14,2,18,study,0,female,White,female,Black,neutral,,,,,z,878,True,False,,2,,,,False,51,WF-228,materials/cfd/Images/CFD/WF-228/CFD-WF-228-196-N.jpg,BF-029,materials/cfd/Images/CFD/BF-029/CFD-BF-029-031-N.jpg,z,1
14,2,19,study,0,female,White,female,White,neutral,,,,,z,888,True,False,,2,,,,False,53,WF-211,materials/cfd/Images/CFD/WF-211/CFD-WF-211-001-N.jpg,WF-244,materials/cfd/Images/CFD/WF-244/CFD-WF-244-163-N.jpg,z,1
14,2,20,study,0,male,Asian,male,Black,angry,,,,,m,1031,True,False,,2,,,,False,55,AM-202,materials/cfd/Images/CFD/AM-202/CFD-AM-202-079-N.jpg,BM-009,materials/cfd/Images/CFD/BM-009/CFD-BM-009-008-A.jpg,m,1
14,2,21,study,0,male,White,female,White,neutral,,,,,m,1079,True,False,,2,,,,False,57,WM-021,materials/cfd/Images/CFD/WM-021/CFD-WM-021-001-N.jpg,WF-003,materials/cfd/Images/CFD/WF-003/CFD-WF-003-003-N.jpg,m,1
14,2,22,study,0,male,Black,male,Black,angry,,,,,m,538,True,False,,2,,,,False,59,BM-236,materials/cfd/Images/CFD/BM-236/CFD-BM-236-248-N.jpg,BM-010,materials/cfd/Images/CFD/BM-010/CFD-BM-010-019-A.jpg,m,1
14,2,23,study,0,male,Black,female,Black,happy,,,,,m,715,True,False,,2,,,,False,61,BM-040,materials/cfd/Images/CFD/BM-040/CFD-BM-040-002-N.jpg,BF-019,materials/cfd/Images/CFD/BF-019/CFD-BF-019-022-HO.jpg,m,1
14,2,24,study,0,female,Asian,female,Black,happy,,,,,z,841,True,False,,2,,,,False,63,AF-201,materials/cfd/Images/CFD/AF-201/CFD-AF-201-060-N.jpg,BF-015,materials/cfd/Images/CFD/BF-015/CFD-BF-015-006-HO.jpg,z,1
14,2,25,study,0,female,Asian,male,Black,neutral,,,,,z,522,True,False,,2,,,,False,65,AF-208,materials/cfd/Images/CFD/AF-208/CFD-AF-208-003-N.jpg,BM-215,materials/cfd/Images/CFD/BM-215/CFD-BM-215-155-N.jpg,z,1
14,2,26,study,0,male,Latino,male,Black,angry,,,,,m,590,True,False,,2,,,,False,67,LM-225,materials/cfd/Images/CFD/LM-225/CFD-LM-225-130-N.jpg,BM-020,materials/cfd/Images/CFD/BM-020/CFD-BM-020-037-A.jpg,m,1
14,2,27,study,0,male,Asian,male,Black,neutral,,,,,m,669,True,False,,2,,,,False,69,AM-224,materials/cfd/Images/CFD/AM-224/CFD-AM-224-126-N.jpg,BM-021,materials/cfd/Images/CFD/BM-021/CFD-BM-021-021-N.jpg,m,1
14,2,28,study,0,male,Asian,female,Black,happy,,,,,m,614,True,False,,2,,,,False,71,AM-206,materials/cfd/Images/CFD/AM-206/CFD-AM-206-086-N.jpg,BF-014,materials/cfd/Images/CFD/BF-014/CFD-BF-014-004-HO.jpg,m,1
14,2,29,study,0,male,Latino,female,Black,angry,,,,,m,955,True,False,,2,,,,False,73,LM-220,materials/cfd/Images/CFD/LM-220/CFD-LM-220-329-N.jpg,BF-039,materials/cfd/Images/CFD/BF-039/CFD-BF-039-039-A.jpg,m,1
14,2,30,study,0,female,White,female,Black,happy,,,,,z,752,True,False,,2,,,,False,75,WF-036,materials/cfd/Images/CFD/WF-036/CFD-WF-036-023-N.jpg,BF-033,materials/cfd/Images/CFD/BF-033/CFD-BF-033-031-HO.jpg,z,1
14,2,31,study,1,male,Black,male,Black,happy,,,,,m,591,True,False,,2,,,,False,78,BM-240,materials/cfd/Images/CFD/BM-240/CFD-BM-240-207-N.jpg,BM-015,materials/cfd/Images/CFD/BM-015/CFD-BM-015-016-HO.jpg,m,1
14,2,32,study,1,female,Black,female,Black,neutral,,,,,z,720,True,False,,2,,,,False,80,BF-252,materials/cfd/Images/CFD/BF-252/CFD-BF-252-191-N.jpg,BF-208,materials/cfd/Images/CFD/BF-208/CFD-BF-208-266-N.jpg,z,1
14,2,33,study,1,male,White,female,White,neutral,,,,,m,1057,True,False,,2,,,,False,82,WM-038,materials/cfd/Images/CFD/WM-038/CFD-WM-038-003-N.jpg,WF-205,materials/cfd/Images/CFD/WF-205/CFD-WF-205-006-N.jpg,m,1
14,2,34,study,1,male,Black,female,Black,happy,,,,,m,651,True,False,,2,,,,False,84,BM-224,materials/cfd/Images/CFD/BM-224/CFD-BM-224-073-N.jpg,BF-021,materials/cfd/Images/CFD/BF-021/CFD-BF-021-014-HO.jpg,m,1
14,2,35,study,1,male,White,male,Black,angry,,,,,m,841,True,False,,2,,,,False,86,WM-017,materials/cfd/Images/CFD/WM-017/CFD-WM-017-002-N.jpg,BM-033,materials/cfd/Images/CFD/BM-033/CFD-BM-033-032-A.jpg,m,1
14,2,36,study,1,female,White,male,White,neutral,,,,,z,659,True,False,,2,,,,False,88,WF-027,materials/cfd/Images/CFD/WF-027/CFD-WF-027-003-N.jpg,WM-241,materials/cfd/Images/CFD/WM-241/CFD-WM-241-072-N.jpg,z,1
14,2,37,study,1,male,Latino,female,White,happy,,,,,m,1168,True,False,,2,,,,False,90,LM-206,materials/cfd/Images/CFD/LM-206/CFD-LM-206-204-N.jpg,WF-007,materials/cfd/Images/CFD/WF-007/CFD-WF-007-003-HO.jpg,m,1
14,2,38,study,1,female,Black,male,White,neutral,,,,,z,559,True,False,,2,,,,False,92,BF-210,materials/cfd/Images/CFD/BF-210/CFD-BF-210-130-N.jpg,WM-012,materials/cfd/Images/CFD/WM-012/CFD-WM-012-001-N.jpg,z,1
14,2,39,study,1,male,Asian,female,Black,neutral,,,,,m,824,True,False,,2,,,,False,94,AM-208,materials/cfd/Images/CFD/AM-208/CFD-AM-208-143-N.jpg,BF-204,materials/cfd/Images/CFD/BF-204/CFD-BF-204-189-N.jpg,m,1
14,2,40,study,1,male,Black,female,Black,neutral,,,,,m,956,True,False,,2,,,,False,96,BM-002,materials/cfd/Images/CFD/BM-002/CFD-BM-002-013-N.jpg,BF-218,materials/cfd/Images/CFD/BF-218/CFD-BF-218-207-N.jpg,m,1
14,2,41,study,1,female,Black,male,Black,angry,,,,,z,1376,True,False,,2,,,,False,98,BF-222,materials/cfd/Images/CFD/BF-222/CFD-BF-222-240-N.jpg,BM-005,materials/cfd/Images/CFD/BM-005/CFD-BM-005-010-A.jpg,z,1
14,2,42,study,1,male,White,female,White,angry,,,,,m,650,True,False,,2,,,,False,100,WM-258,materials/cfd/Images/CFD/WM-258/CFD-WM-258-125-N.jpg,WF-028,materials/cfd/Images/CFD/WF-028/CFD-WF-028-026-A.jpg,m,1
14,2,43,study,1,female,Latino,male,White,angry,,,,,z,796,True,False,,2,,,,False,102,LF-212,materials/cfd/Images/CFD/LF-212/CFD-LF-212-066-N.jpg,WM-019,materials/cfd/Images/CFD/WM-019/CFD-WM-019-013-A.jpg,z,1
14,2,44,study,1,male,Asian,female,White,angry,,,,,m,767,True,False,,2,,,,False,104,AM-215,materials/cfd/Images/CFD/AM-215/CFD-AM-215-120-N.jpg,WF-006,materials/cfd/Images/CFD/WF-006/CFD-WF-006-019-A.jpg,m,1
14,2,45,study,1,female,Asian,female,White,neutral,,,,,z,904,True,False,,2,,,,False,106,AF-213,materials/cfd/Images/CFD/AF-213/CFD-AF-213-126-N.jpg,WF-252,materials/cfd/Images/CFD/WF-252/CFD-WF-252-159-N.jpg,z,1
14,2,46,study,1,female,Black,male,White,neutral,,,,,z,542,True,False,,2,,,,False,108,BF-023,materials/cfd/Images/CFD/BF-023/CFD-BF-023-010-N.jpg,WM-028,materials/cfd/Images/CFD/WM-028/CFD-WM-028-003-N.jpg,z,1
14,2,47,study,1,female,Black,female,White,angry,,,,,z,583,True,False,,2,,,,False,110,BF-051,materials/cfd/Images/CFD/BF-051/CFD-BF-051-035-N.jpg,WF-023,materials/cfd/Images/CFD/WF-023/CFD-WF-023-013-A.jpg,z,1
14,2,48,study,1,male,Asian,male,White,neutral,,,,,m,911,True,False,,2,,,,False,112,AM-228,materials/cfd/Images/CFD/AM-228/CFD-AM-228-214-N.jpg,WM-223,materials/cfd/Images/CFD/WM-223/CFD-WM-223-056-N.jpg,m,1
14,2,49,study,1,male,White,male,White,neutral,,,,,m,625,True,False,,2,,,,False,114,WM-033,materials/cfd/Images/CFD/WM-033/CFD-WM-033-025-N.jpg,WM-225,materials/cfd/Images/CFD/WM-225/CFD-WM-225-127-N.jpg,m,1
14,2,50,study,1,female,White,male,White,neutral,,,,,z,1018,True,False,,2,,,,False,116,WF-009,materials/cfd/Images/CFD/WF-009/CFD-WF-009-001-N.jpg,WM-022,materials/cfd/Images/CFD/WM-022/CFD-WM-022-001-N.jpg,z,1
14,2,51,study,1,female,Black,male,Black,happy,,,,,z,690,True,False,,2,,,,False,118,BF-040,materials/cfd/Images/CFD/BF-040/CFD-BF-040-003-N.jpg,BM-032,materials/cfd/Images/CFD/BM-032/CFD-BM-032-007-HO.jpg,z,1
14,2,52,study,1,male,Latino,male,Black,happy,,,,,m,890,True,False,,2,,,,False,120,LM-244,materials/cfd/Images/CFD/LM-244/CFD-LM-244-068-N.jpg,BM-044,materials/cfd/Images/CFD/BM-044/CFD-BM-044-037-HO.jpg,m,1
14,2,53,study,1,female,Black,female,Black,angry,,,,,z,654,True,False,,2,,,,False,122,BF-215,materials/cfd/Images/CFD/BF-215/CFD-BF-215-177-N.jpg,BF-009,materials/cfd/Images/CFD/BF-009/CFD-BF-009-024-A.jpg,z,1
14,2,54,study,1,female,Latino,female,White,happy,,,,,z,792,True,False,,2,,,,False,124,LF-219,materials/cfd/Images/CFD/LF-219/CFD-LF-219-223-N.jpg,WF-030,materials/cfd/Images/CFD/WF-030/CFD-WF-030-003-HO.jpg,z,1
14,2,55,study,1,male,Latino,female,Black,angry,,,,,m,774,True,False,,2,,,,False,126,LM-226,materials/cfd/Images/CFD/LM-226/CFD-LM-226-175-N.jpg,BF-041,materials/cfd/Images/CFD/BF-041/CFD-BF-041-047-A.jpg,m,1
14,2,56,study,1,female,White,female,Black,angry,,,,,z,901,True,False,,2,,,,False,128,WF-213,materials/cfd/Images/CFD/WF-213/CFD-WF-213-031-N.jpg,BF-050,materials/cfd/Images/CFD/BF-050/CFD-BF-050-012-A.jpg,z,1
14,2,57,study,1,male,White,male,Black,happy,,,,,m,1006,True,False,,2,,,,False,130,WM-234,materials/cfd/Images/CFD/WM-234/CFD-WM-234-118-N.jpg,BM-019,materials/cfd/Images/CFD/BM-019/CFD-BM-019-004-HO.jpg,m,1
14,2,58,study,1,female,Latino,male,White,angry,,,,,z,898,True,False,,2,,,,False,132,LF-210,materials/cfd/Images/CFD/LF-210/CFD-LF-210-220-N.jpg,WM-023,materials/cfd/Images/CFD/WM-023/CFD-WM-023-012-A.jpg,z,1
14,2,59,study,1,male,Black,male,Black,neutral,,,,,m,826,True,False,,2,,,,False,134,BM-241,materials/cfd/Images/CFD/BM-241/CFD-BM-241-235-N.jpg,BM-250,materials/cfd/Images/CFD/BM-250/CFD-BM-250-170-N.jpg,m,1
14,2,60,study,1,female,White,male,White,happy,,,,,z,1092,True,False,,2,,,,False,136,WF-236,materials/cfd/Images/CFD/WF-236/CFD-WF-236-107-N.jpg,WM-036,materials/cfd/Images/CFD/WM-036/CFD-WM-036-034-HO.jpg,z,1
14,2,61,study,0,female,Black,female,White,angry,,,,,z,890,True,False,,2,,,,False,139,BF-051,materials/cfd/Images/CFD/BF-051/CFD-BF-051-035-N.jpg,WF-023,materials/cfd/Images/CFD/WF-023/CFD-WF-023-013-A.jpg,z,1
14,2,62,study,0,female,Latino,male,White,angry,,,,,z,662,True,False,,2,,,,False,141,LF-212,materials/cfd/Images/CFD/LF-212/CFD-LF-212-066-N.jpg,WM-019,materials/cfd/Images/CFD/WM-019/CFD-WM-019-013-A.jpg,z,1
14,2,63,study,0,male,Latino,female,White,happy,,,,,m,549,True,False,,2,,,,False,143,LM-206,materials/cfd/Images/CFD/LM-206/CFD-LM-206-204-N.jpg,WF-007,materials/cfd/Images/CFD/WF-007/CFD-WF-007-003-HO.jpg,m,1
14,2,64,study,0,male,Black,male,Black,neutral,,,,,m,576,True,False,,2,,,,False,145,BM-241,materials/cfd/Images/CFD/BM-241/CFD-BM-241-235-N.jpg,BM-250,materials/cfd/Images/CFD/BM-250/CFD-BM-250-170-N.jpg,m,1
14,2,65,study,0,female,Black,male,White,neutral,,,,,z,689,True,False,,2,,,,False,147,BF-023,materials/cfd/Images/CFD/BF-023/CFD-BF-023-010-N.jpg,WM-028,materials/cfd/Images/CFD/WM-028/CFD-WM-028-003-N.jpg,z,1
14,2,66,study,0,female,Black,male,Black,happy,,,,,z,746,True,False,,2,,,,False,149,BF-040,materials/cfd/Images/CFD/BF-040/CFD-BF-040-003-N.jpg,BM-032,materials/cfd/Images/CFD/BM-032/CFD-BM-032-007-HO.jpg,z,1
14,2,67,study,0,male,Asian,female,Black,happy,,,,,m,495,True,False,,2,,,,False,151,AM-206,materials/cfd/Images/CFD/AM-206/CFD-AM-206-086-N.jpg,BF-014,materials/cfd/Images/CFD/BF-014/CFD-BF-014-004-HO.jpg,m,1
14,2,68,study,0,male,White,male,Black,happy,,,,,m,699,True,False,,2,,,,False,153,WM-247,materials/cfd/Images/CFD/WM-247/CFD-WM-247-084-N.jpg,BM-031,materials/cfd/Images/CFD/BM-031/CFD-BM-031-004-HO.jpg,m,1
14,2,69,study,0,male,White,male,Black,angry,,,,,m,597,True,False,,2,,,,False,155,WM-017,materials/cfd/Images/CFD/WM-017/CFD-WM-017-002-N.jpg,BM-033,materials/cfd/Images/CFD/BM-033/CFD-BM-033-032-A.jpg,m,1
14,2,70,study,0,female,White,female,White,neutral,,,,,z,688,True,False,,2,,,,False,157,WF-211,materials/cfd/Images/CFD/WF-211/CFD-WF-211-001-N.jpg,WF-244,materials/cfd/Images/CFD/WF-244/CFD-WF-244-163-N.jpg,z,1
14,2,71,study,0,female,Asian,male,White,angry,,,,,z,797,True,False,,2,,,,False,159,AF-231,materials/cfd/Images/CFD/AF-231/CFD-AF-231-357-N.jpg,WM-006,materials/cfd/Images/CFD/WM-006/CFD-WM-006-022-A.jpg,z,1
14,2,72,study,0,male,White,female,White,angry,,,,,m,1087,True,False,,2,,,,False,161,WM-258,materials/cfd/Images/CFD/WM-258/CFD-WM-258-125-N.jpg,WF-028,materials/cfd/Images/CFD/WF-028/CFD-WF-028-026-A.jpg,m,1
14,2,73,study,0,female,Asian,female,White,neutral,,,,,z,833,True,False,,2,,,,False,163,AF-213,materials/cfd/Images/CFD/AF-213/CFD-AF-213-126-N.jpg,WF-252,materials/cfd/Images/CFD/WF-252/CFD-WF-252-159-N.jpg,z,1
14,2,74,study,0,male,Latino,female,Black,angry,,,,,m,1106,True,False,,2,,,,False,165,LM-220,materials/cfd/Images/CFD/LM-220/CFD-LM-220-329-N.jpg,BF-039,materials/cfd/Images/CFD/BF-039/CFD-BF-039-039-A.jpg,m,1
14,2,75,study,0,female,White,female,Black,angry,,,,,z,1097,True,False,,2,,,,False,167,WF-213,materials/cfd/Images/CFD/WF-213/CFD-WF-213-031-N.jpg,BF-050,materials/cfd/Images/CFD/BF-050/CFD-BF-050-012-A.jpg,z,1
14,2,76,study,0,female,Black,male,White,happy,,,,,z,1232,True,False,,2,,,,False,169,BF-231,materials/cfd/Images/CFD/BF-231/CFD-BF-231-202-N.jpg,WM-004,materials/cfd/Images/CFD/WM-004/CFD-WM-004-006-HO.jpg,z,1
14,2,77,study,0,male,Asian,female,Black,neutral,,,,,m,850,True,False,,2,,,,False,171,AM-208,materials/cfd/Images/CFD/AM-208/CFD-AM-208-143-N.jpg,BF-204,materials/cfd/Images/CFD/BF-204/CFD-BF-204-189-N.jpg,m,1
14,2,78,study,0,female,Black,female,Black,neutral,,,,,z,946,True,False,,2,,,,False,173,BF-252,materials/cfd/Images/CFD/BF-252/CFD-BF-252-191-N.jpg,BF-208,materials/cfd/Images/CFD/BF-208/CFD-BF-208-266-N.jpg,z,1
14,2,79,study,0,male,White,male,Black,happy,,,,,m,678,True,False,,2,,,,False,175,WM-234,materials/cfd/Images/CFD/WM-234/CFD-WM-234-118-N.jpg,BM-019,materials/cfd/Images/CFD/BM-019/CFD-BM-019-004-HO.jpg,m,1
14,2,80,study,0,female,Black,female,Black,angry,,,,,z,865,True,False,,2,,,,False,177,BF-215,materials/cfd/Images/CFD/BF-215/CFD-BF-215-177-N.jpg,BF-009,materials/cfd/Images/CFD/BF-009/CFD-BF-009-024-A.jpg,z,1
14,2,81,study,0,female,White,male,White,happy,,,,,z,1016,True,False,,2,,,,False,179,WF-037,materials/cfd/Images/CFD/WF-037/CFD-WF-037-029-N.jpg,WM-014,materials/cfd/Images/CFD/WM-014/CFD-WM-014-004-HO.jpg,z,1
14,2,82,study,0,male,Black,male,Black,happy,,,,,m,1042,True,False,,2,,,,False,181,BM-240,materials/cfd/Images/CFD/BM-240/CFD-BM-240-207-N.jpg,BM-015,materials/cfd/Images/CFD/BM-015/CFD-BM-015-016-HO.jpg,m,1
14,2,83,study,0,male,Latino,male,Black,angry,,,,,m,771,True,False,,2,,,,False,183,LM-225,materials/cfd/Images/CFD/LM-225/CFD-LM-225-130-N.jpg,BM-020,materials/cfd/Images/CFD/BM-020/CFD-BM-020-037-A.jpg,m,1
14,2,84,study,0,male,Black,female,Black,happy,,,,,m,880,True,False,,2,,,,False,185,BM-235,materials/cfd/Images/CFD/BM-235/CFD-BM-235-226-N.jpg,BF-005,materials/cfd/Images/CFD/BF-005/CFD-BF-005-005-HO.jpg,m,1
14,2,85,study,0,female,Asian,female,White,happy,,,,,z,833,True,False,,2,,,,False,187,AF-250,materials/cfd/Images/CFD/AF-250/CFD-AF-250-200-N.jpg,WF-035,materials/cfd/Images/CFD/WF-035/CFD-WF-035-027-HO.jpg,z,1
14,2,86,study,0,male,Asian,male,Black,angry,,,,,m,921,True,False,,2,,,,False,189,AM-202,materials/cfd/Images/CFD/AM-202/CFD-AM-202-079-N.jpg,BM-009,materials/cfd/Images/CFD/BM-009/CFD-BM-009-008-A.jpg,m,1
14,2,87,study,0,male,Latino,male,Black,happy,,,,,m,994,True,False,,2,,,,False,191,LM-244,materials/cfd/Images/CFD/LM-244/CFD-LM-244-068-N.jpg,BM-044,materials/cfd/Images/CFD/BM-044/CFD-BM-044-037-HO.jpg,m,1
14,2,88,study,0,male,White,male,White,neutral,,,,,m,506,True,False,,2,,,,False,193,WM-033,materials/cfd/Images/CFD/WM-033/CFD-WM-033-025-N.jpg,WM-225,materials/cfd/Images/CFD/WM-225/CFD-WM-225-127-N.jpg,m,1
14,2,89,study,0,female,White,male,White,happy,,,,,z,588,True,False,,2,,,,False,195,WF-236,materials/cfd/Images/CFD/WF-236/CFD-WF-236-107-N.jpg,WM-036,materials/cfd/Images/CFD/WM-036/CFD-WM-036-034-HO.jpg,z,1
14,2,90,study,0,female,Asian,female,Black,happy,,,,,z,540,True,False,,2,,,,False,197,AF-253,materials/cfd/Images/CFD/AF-253/CFD-AF-253-130-N.jpg,BF-011,materials/cfd/Images/CFD/BF-011/CFD-BF-011-004-HO.jpg,z,1
14,2,91,study,1,female,Latino,female,White,angry,,,,,z,691,True,False,,2,,,,False,200,LF-228,materials/cfd/Images/CFD/LF-228/CFD-LF-228-125-N.jpg,WF-013,materials/cfd/Images/CFD/WF-013/CFD-WF-013-015-A.jpg,z,1
14,2,92,study,1,male,Black,female,Black,neutral,,,,,m,790,True,False,,2,,,,False,202,BM-248,materials/cfd/Images/CFD/BM-248/CFD-BM-248-128-N.jpg,BF-032,materials/cfd/Images/CFD/BF-032/CFD-BF-032-038-N.jpg,m,1
14,2,93,study,1,male,Black,female,Black,happy,,,,,m,763,True,False,,2,,,,False,204,BM-224,materials/cfd/Images/CFD/BM-224/CFD-BM-224-073-N.jpg,BF-021,materials/cfd/Images/CFD/BF-021/CFD-BF-021-014-HO.jpg,m,1
14,2,94,study,1,male,White,female,White,neutral,,,,,z,604,False,False,,2,,,,False,206,WM-021,materials/cfd/Images/CFD/WM-021/CFD-WM-021-001-N.jpg,WF-003,materials/cfd/Images/CFD/WF-003/CFD-WF-003-003-N.jpg,m,1
14,2,95,study,1,male,Asian,female,White,angry,,,,,m,741,True,False,,2,,,,False,208,AM-239,materials/cfd/Images/CFD/AM-239/CFD-AM-239-147-N.jpg,WF-014,materials/cfd/Images/CFD/WF-014/CFD-WF-014-012-A.jpg,m,1
14,2,96,study,1,male,Latino,female,Black,angry,,,,,m,493,True,False,,2,,,,False,210,LM-226,materials/cfd/Images/CFD/LM-226/CFD-LM-226-175-N.jpg,BF-041,materials/cfd/Images/CFD/BF-041/CFD-BF-041-047-A.jpg,m,1
14,2,97,study,1,female,White,male,White,neutral,,,,,z,702,True,False,,2,,,,False,212,WF-009,materials/cfd/Images/CFD/WF-009/CFD-WF-009-001-N.jpg,WM-022,materials/cfd/Images/CFD/WM-022/CFD-WM-022-001-N.jpg,z,1
14,2,98,study,1,female,Black,male,Black,angry,,,,,z,1099,True,False,,2,,,,False,214,BF-016,materials/cfd/Images/CFD/BF-016/CFD-BF-016-017-N.jpg,BM-022,materials/cfd/Images/CFD/BM-022/CFD-BM-022-030-A.jpg,z,1
14,2,99,study,1,female,Latino,male,White,angry,,,,,z,846,True,False,,2,,,,False,216,LF-210,materials/cfd/Images/CFD/LF-210/CFD-LF-210-220-N.jpg,WM-023,materials/cfd/Images/CFD/WM-023/CFD-WM-023-012-A.jpg,z,1
14,2,100,study,1,female,White,female,Black,neutral,,,,,z,601,True,False,,2,,,,False,218,WF-228,materials/cfd/Images/CFD/WF-228/CFD-WF-228-196-N.jpg,BF-029,materials/cfd/Images/CFD/BF-029/CFD-BF-029-031-N.jpg,z,1
14,2,101,study,1,female,White,male,White,neutral,,,,,z,588,True,False,,2,,,,False,220,WF-027,materials/cfd/Images/CFD/WF-027/CFD-WF-027-003-N.jpg,WM-241,materials/cfd/Images/CFD/WM-241/CFD-WM-241-072-N.jpg,z,1
14,2,102,study,1,male,Asian,female,White,angry,,,,,m,600,True,False,,2,,,,False,222,AM-215,materials/cfd/Images/CFD/AM-215/CFD-AM-215-120-N.jpg,WF-006,materials/cfd/Images/CFD/WF-006/CFD-WF-006-019-A.jpg,m,1
14,2,103,study,1,male,White,male,Black,happy,,,,,m,1108,True,False,,2,,,,False,224,WM-208,materials/cfd/Images/CFD/WM-208/CFD-WM-208-068-N.jpg,BM-037,materials/cfd/Images/CFD/BM-037/CFD-BM-037-036-HO.jpg,m,1
14,2,104,study,1,male,Latino,male,White,angry,,,,,m,601,True,False,,2,,,,False,226,LM-221,materials/cfd/Images/CFD/LM-221/CFD-LM-221-216-N.jpg,WM-016,materials/cfd/Images/CFD/WM-016/CFD-WM-016-008-A.jpg,m,1
14,2,105,study,1,male,Asian,male,White,neutral,,,,,m,892,True,False,,2,,,,False,228,AM-228,materials/cfd/Images/CFD/AM-228/CFD-AM-228-214-N.jpg,WM-223,materials/cfd/Images/CFD/WM-223/CFD-WM-223-056-N.jpg,m,1
14,2,106,study,1,female,Asian,female,Black,happy,,,,,z,1115,True,False,,2,,,,False,230,AF-201,materials/cfd/Images/CFD/AF-201/CFD-AF-201-060-N.jpg,BF-015,materials/cfd/Images/CFD/BF-015/CFD-BF-015-006-HO.jpg,z,1
14,2,107,study,1,male,Latino,male,Black,neutral,,,,,m,551,True,False,,2,,,,False,232,LM-229,materials/cfd/Images/CFD/LM-229/CFD-LM-229-187-N.jpg,BM-243,materials/cfd/Images/CFD/BM-243/CFD-BM-243-218-N.jpg,m,1
14,2,108,study,1,female,Black,male,Black,angry,,,,,z,1025,True,False,,2,,,,False,234,BF-222,materials/cfd/Images/CFD/BF-222/CFD-BF-222-240-N.jpg,BM-005,materials/cfd/Images/CFD/BM-005/CFD-BM-005-010-A.jpg,z,1
14,2,109,study,1,male,Black,female,Black,happy,,,,,m,1017,True,False,,2,,,,False,236,BM-040,materials/cfd/Images/CFD/BM-040/CFD-BM-040-002-N.jpg,BF-019,materials/cfd/Images/CFD/BF-019/CFD-BF-019-022-HO.jpg,m,1
14,2,110,study,1,male,White,female,White,neutral,,,,,m,709,True,False,,2,,,,False,238,WM-038,materials/cfd/Images/CFD/WM-038/CFD-WM-038-003-N.jpg,WF-205,materials/cfd/Images/CFD/WF-205/CFD-WF-205-006-N.jpg,m,1
14,2,111,study,1,female,Asian,male,Black,neutral,,,,,z,654,True,False,,2,,,,False,240,AF-208,materials/cfd/Images/CFD/AF-208/CFD-AF-208-003-N.jpg,BM-215,materials/cfd/Images/CFD/BM-215/CFD-BM-215-155-N.jpg,z,1
14,2,112,study,1,female,Asian,female,Black,angry,,,,,z,678,True,False,,2,,,,False,242,AF-247,materials/cfd/Images/CFD/AF-247/CFD-AF-247-278-N.jpg,BF-001,materials/cfd/Images/CFD/BF-001/CFD-BF-001-026-A.jpg,z,1
14,2,113,study,1,male,Black,male,Black,angry,,,,,m,1080,True,False,,2,,,,False,244,BM-236,materials/cfd/Images/CFD/BM-236/CFD-BM-236-248-N.jpg,BM-010,materials/cfd/Images/CFD/BM-010/CFD-BM-010-019-A.jpg,m,1
14,2,114,study,1,male,Black,female,Black,neutral,,,,,m,992,True,False,,2,,,,False,246,BM-002,materials/cfd/Images/CFD/BM-002/CFD-BM-002-013-N.jpg,BF-218,materials/cfd/Images/CFD/BF-218/CFD-BF-218-207-N.jpg,m,1
14,2,115,study,1,male,Asian,male,Black,neutral,,,,,m,958,True,False,,2,,,,False,248,AM-224,materials/cfd/Images/CFD/AM-224/CFD-AM-224-126-N.jpg,BM-021,materials/cfd/Images/CFD/BM-021/CFD-BM-021-021-N.jpg,m,1
14,2,116,study,1,female,Asian,female,Black,neutral,,,,,z,880,True,False,,2,,,,False,250,AF-209,materials/cfd/Images/CFD/AF-209/CFD-AF-209-006-N.jpg,BF-235,materials/cfd/Images/CFD/BF-235/CFD-BF-235-168-N.jpg,z,1
14,2,117,study,1,female,Latino,female,White,happy,,,,,z,1161,True,False,,2,,,,False,252,LF-219,materials/cfd/Images/CFD/LF-219/CFD-LF-219-223-N.jpg,WF-030,materials/cfd/Images/CFD/WF-030/CFD-WF-030-003-HO.jpg,z,1
14,2,118,study,1,female,Black,male,White,happy,,,,,z,1338,True,False,,2,,,,False,254,BF-242,materials/cfd/Images/CFD/BF-242/CFD-BF-242-154-N.jpg,WM-001,materials/cfd/Images/CFD/WM-001/CFD-WM-001-011-HO.jpg,z,1
14,2,119,study,1,female,White,female,Black,happy,,,,,z,695,True,False,,2,,,,False,256,WF-036,materials/cfd/Images/CFD/WF-036/CFD-WF-036-023-N.jpg,BF-033,materials/cfd/Images/CFD/BF-033/CFD-BF-033-031-HO.jpg,z,1
14,2,120,study,1,female,Black,male,White,neutral,,,,,z,902,True,False,,2,,,,False,258,BF-210,materials/cfd/Images/CFD/BF-210/CFD-BF-210-130-N.jpg,WM-012,materials/cfd/Images/CFD/WM-012/CFD-WM-012-001-N.jpg,z,1
14,2,121,test,0,male,White,male,Black,happy,,,,intact,z,1669,False,False,,2,,,,False,275,WM-234,materials/cfd/Images/CFD/WM-234/CFD-WM-234-118-N.jpg,BM-019,materials/cfd/Images/CFD/BM-019/CFD-BM-019-004-HO.jpg,m,1
14,2,122,test,0,male,White,female,White,angry,,,,rearranged,m,1819,False,False,,2,,,,False,277,WM-258,materials/cfd/Images/CFD/WM-258/CFD-WM-258-125-N.jpg,WF-006,materials/cfd/Images/CFD/WF-006/CFD-WF-006-019-A.jpg,z,1
14,2,123,test,0,male,Black,male,White,angry,,,,rearranged,z,1735,True,False,,2,,,,False,279,BM-236,materials/cfd/Images/CFD/BM-236/CFD-BM-236-248-N.jpg,WM-016,materials/cfd/Images/CFD/WM-016/CFD-WM-016-008-A.jpg,z,1
14,2,124,test,0,female,Asian,male,Black,angry,,,,rearranged,m,1151,False,False,,2,,,,False,281,AF-231,materials/cfd/Images/CFD/AF-231/CFD-AF-231-357-N.jpg,BM-005,materials/cfd/Images/CFD/BM-005/CFD-BM-005-010-A.jpg,z,1
14,2,125,test,0,female,White,female,Black,neutral,,,,intact,z,2250,False,False,,2,,,,False,283,WF-228,materials/cfd/Images/CFD/WF-228/CFD-WF-228-196-N.jpg,BF-029,materials/cfd/Images/CFD/BF-029/CFD-BF-029-031-N.jpg,m,1
14,2,126,test,0,female,White,female,Black,neutral,,,,rearranged,m,1280,False,False,,2,,,,False,285,WF-211,materials/cfd/Images/CFD/WF-211/CFD-WF-211-001-N.jpg,BF-208,materials/cfd/Images/CFD/BF-208/CFD-BF-208-266-N.jpg,z,1
14,2,127,test,0,female,Asian,female,Black,happy,,,,intact,m,1271,True,False,,2,,,,False,287,AF-201,materials/cfd/Images/CFD/AF-201/CFD-AF-201-060-N.jpg,BF-015,materials/cfd/Images/CFD/BF-015/CFD-BF-015-006-HO.jpg,m,1
14,2,128,test,0,female,White,female,Black,happy,,,,intact,z,2867,False,False,,2,,,,False,289,WF-036,materials/cfd/Images/CFD/WF-036/CFD-WF-036-023-N.jpg,BF-033,materials/cfd/Images/CFD/BF-033/CFD-BF-033-031-HO.jpg,m,1
14,2,129,test,0,female,Latino,male,White,angry,,,,intact,z,1535,False,False,,2,,,,False,291,LF-212,materials/cfd/Images/CFD/LF-212/CFD-LF-212-066-N.jpg,WM-019,materials/cfd/Images/CFD/WM-019/CFD-WM-019-013-A.jpg,m,1
14,2,130,test,0,female,Black,female,White,angry,,,,intact,m,1990,True,False,,2,,,,False,293,BF-051,materials/cfd/Images/CFD/BF-051/CFD-BF-051-035-N.jpg,WF-023,materials/cfd/Images/CFD/WF-023/CFD-WF-023-013-A.jpg,m,1
14,2,131,test,0,female,Asian,female,White,neutral,,,,intact,m,1225,True,False,,2,,,,False,295,AF-213,materials/cfd/Images/CFD/AF-213/CFD-AF-213-126-N.jpg,WF-252,materials/cfd/Images/CFD/WF-252/CFD-WF-252-159-N.jpg,m,1
14,2,132,test,0,female,White,male,White,neutral,,,,intact,z,1432,False,False,,2,,,,False,297,WF-009,materials/cfd/Images/CFD/WF-009/CFD-WF-009-001-N.jpg,WM-022,materials/cfd/Images/CFD/WM-022/CFD-WM-022-001-N.jpg,m,1
14,2,133,test,0,female,Asian,female,Black,neutral,,,,intact,m,846,True,False,,2,,,,False,299,AF-209,materials/cfd/Images/CFD/AF-209/CFD-AF-209-006-N.jpg,BF-235,materials/cfd/Images/CFD/BF-235/CFD-BF-235-168-N.jpg,m,1
14,2,134,test,0,female,White,male,White,happy,,,,intact,z,1791,False,False,,2,,,,False,301,WF-236,materials/cfd/Images/CFD/WF-236/CFD-WF-236-107-N.jpg,WM-036,materials/cfd/Images/CFD/WM-036/CFD-WM-036-034-HO.jpg,m,1
14,2,135,test,0,female,Asian,female,White,happy,,,,rearranged,m,1714,False,False,,2,,,,False,303,AF-253,materials/cfd/Images/CFD/AF-253/CFD-AF-253-130-N.jpg,WF-035,materials/cfd/Images/CFD/WF-035/CFD-WF-035-027-HO.jpg,z,1
14,2,136,test,0,male,Asian,female,White,angry,,,,intact,m,2019,True,False,,2,,,,False,305,AM-239,materials/cfd/Images/CFD/AM-239/CFD-AM-239-147-N.jpg,WF-014,materials/cfd/Images/CFD/WF-014/CFD-WF-014-012-A.jpg,m,1
14,2,137,test,0,female,Asian,male,White,neutral,,,,rearranged,m,1139,False,False,,2,,,,False,307,AF-208,materials/cfd/Images/CFD/AF-208/CFD-AF-208-003-N.jpg,WM-241,materials/cfd/Images/CFD/WM-241/CFD-WM-241-072-N.jpg,z,1
14,2,138,test,0,female,Black,male,Black,happy,,,,intact,m,1389,True,False,,2,,,,False,309,BF-040,materials/cfd/Images/CFD/BF-040/CFD-BF-040-003-N.jpg,BM-032,materials/cfd/Images/CFD/BM-032/CFD-BM-032-007-HO.jpg,m,1
14,2,139,test,0,male,Black,male,Black,happy,,,,rearranged,z,1850,True,False,,2,,,,False,311,BM-240,materials/cfd/Images/CFD/BM-240/CFD-BM-240-207-N.jpg,BM-031,materials/cfd/Images/CFD/BM-031/CFD-BM-031-004-HO.jpg,z,1
14,2,140,test,0,male,Asian,female,White,angry,,,,rearranged,z,1678,True,False,,2,,,,False,313,AM-215,materials/cfd/Images/CFD/AM-215/CFD-AM-215-120-N.jpg,WF-028,materials/cfd/Images/CFD/WF-028/CFD-WF-028-026-A.jpg,z,1
14,2,141,test,0,female,Latino,female,Black,happy,,,,rearranged,m,1295,False,False,,2,,,,False,315,LF-219,materials/cfd/Images/CFD/LF-219/CFD-LF-219-223-N.jpg,BF-011,materials/cfd/Images/CFD/BF-011/CFD-BF-011-004-HO.jpg,z,1
14,2,142,test,0,male,Latino,male,Black,happy,,,,intact,z,1359,False,False,,2,,,,False,317,LM-244,materials/cfd/Images/CFD/LM-244/CFD-LM-244-068-N.jpg,BM-044,materials/cfd/Images/CFD/BM-044/CFD-BM-044-037-HO.jpg,m,1
14,2,143,test,0,male,Asian,male,Black,neutral,,,,intact,m,1162,True,False,,2,,,,False,319,AM-224,materials/cfd/Images/CFD/AM-224/CFD-AM-224-126-N.jpg,BM-021,materials/cfd/Images/CFD/BM-021/CFD-BM-021-021-N.jpg,m,1
14,2,144,test,0,male,Latino,male,Black,angry,,,,rearranged,z,1522,True,False,,2,,,,False,321,LM-225,materials/cfd/Images/CFD/LM-225/CFD-LM-225-130-N.jpg,BM-010,materials/cfd/Images/CFD/BM-010/CFD-BM-010-019-A.jpg,z,1
14,2,145,test,0,male,White,male,Black,happy,,,,rearranged,m,1307,False,False,,2,,,,False,323,WM-247,materials/cfd/Images/CFD/WM-247/CFD-WM-247-084-N.jpg,BM-015,materials/cfd/Images/CFD/BM-015/CFD-BM-015-016-HO.jpg,z,1
14,2,146,test,0,male,Latino,male,Black,neutral,,,,intact,m,2190,True,False,,2,,,,False,325,LM-229,materials/cfd/Images/CFD/LM-229/CFD-LM-229-187-N.jpg,BM-243,materials/cfd/Images/CFD/BM-243/CFD-BM-243-218-N.jpg,m,1
14,2,147,test,0,male,White,male,Black,happy,,,,intact,m,2175,True,False,,2,,,,False,327,WM-208,materials/cfd/Images/CFD/WM-208/CFD-WM-208-068-N.jpg,BM-037,materials/cfd/Images/CFD/BM-037/CFD-BM-037-036-HO.jpg,m,1
14,2,148,test,0,female,Black,male,Black,angry,,,,rearranged,m,1090,False,False,,2,,,,False,329,BF-222,materials/cfd/Images/CFD/BF-222/CFD-BF-222-240-N.jpg,BM-022,materials/cfd/Images/CFD/BM-022/CFD-BM-022-030-A.jpg,z,1
14,2,149,test,0,male,Black,female,Black,happy,,,,intact,z,1352,False,False,,2,,,,False,331,BM-224,materials/cfd/Images/CFD/BM-224/CFD-BM-224-073-N.jpg,BF-021,materials/cfd/Images/CFD/BF-021/CFD-BF-021-014-HO.jpg,m,1
14,2,150,test,0,female,Black,male,White,neutral,,,,intact,m,1291,True,False,,2,,,,False,333,BF-023,materials/cfd/Images/CFD/BF-023/CFD-BF-023-010-N.jpg,WM-028,materials/cfd/Images/CFD/WM-028/CFD-WM-028-003-N.jpg,m,1
14,2,151,test,1,male,Latino,female,Black,angry,,,,intact,z,1831,False,False,,2,,,,False,336,LM-220,materials/cfd/Images/CFD/LM-220/CFD-LM-220-329-N.jpg,BF-039,materials/cfd/Images/CFD/BF-039/CFD-BF-039-039-A.jpg,m,1
14,2,152,test,1,female,Black,male,White,happy,,,,rearranged,,,False,True,,2,,,,False,338,BF-242,materials/cfd/Images/CFD/BF-242/CFD-BF-242-154-N.jpg,WM-004,materials/cfd/Images/CFD/WM-004/CFD-WM-004-006-HO.jpg,z,1
14,2,153,test,1,male,White,male,Black,neutral,,,,rearranged,m,864,False,False,,2,,,,False,340,WM-033,materials/cfd/Images/CFD/WM-033/CFD-WM-033-025-N.jpg,BM-250,materials/cfd/Images/CFD/BM-250/CFD-BM-250-170-N.jpg,z,1
14,2,154,test,1,female,Black,male,White,angry,,,,rearranged,m,1172,False,False,,2,,,,False,342,BF-016,materials/cfd/Images/CFD/BF-016/CFD-BF-016-017-N.jpg,WM-006,materials/cfd/Images/CFD/WM-006/CFD-WM-006-022-A.jpg,z,1
14,2,155,test,1,female,Black,female,Black,angry,,,,rearranged,z,935,True,False,,2,,,,False,344,BF-215,materials/cfd/Images/CFD/BF-215/CFD-BF-215-177-N.jpg,BF-050,materials/cfd/Images/CFD/BF-050/CFD-BF-050-012-A.jpg,z,1
14,2,156,test,1,female,White,female,Black,angry,,,,rearranged,z,1295,True,False,,2,,,,False,346,WF-213,materials/cfd/Images/CFD/WF-213/CFD-WF-213-031-N.jpg,BF-009,materials/cfd/Images/CFD/BF-009/CFD-BF-009-024-A.jpg,z,1
14,2,157,test,1,female,Black,male,Black,neutral,,,,rearranged,m,922,False,False,,2,,,,False,348,BF-210,materials/cfd/Images/CFD/BF-210/CFD-BF-210-130-N.jpg,BM-215,materials/cfd/Images/CFD/BM-215/CFD-BM-215-155-N.jpg,z,1
14,2,158,test,1,male,Asian,female,Black,neutral,,,,intact,z,1020,False,False,,2,,,,False,350,AM-208,materials/cfd/Images/CFD/AM-208/CFD-AM-208-143-N.jpg,BF-204,materials/cfd/Images/CFD/BF-204/CFD-BF-204-189-N.jpg,m,1
14,2,159,test,1,male,Asian,male,White,neutral,,,,rearranged,m,1067,False,False,,2,,,,False,352,AM-228,materials/cfd/Images/CFD/AM-228/CFD-AM-228-214-N.jpg,WM-225,materials/cfd/Images/CFD/WM-225/CFD-WM-225-127-N.jpg,z,1
14,2,160,test,1,female,Latino,female,White,angry,,,,intact,m,1160,True,False,,2,,,,False,354,LF-228,materials/cfd/Images/CFD/LF-228/CFD-LF-228-125-N.jpg,WF-013,materials/cfd/Images/CFD/WF-013/CFD-WF-013-015-A.jpg,m,1
14,2,161,test,1,male,Latino,male,Black,angry,,,,rearranged,m,1019,False,False,,2,,,,False,356,LM-221,materials/cfd/Images/CFD/LM-221/CFD-LM-221-216-N.jpg,BM-020,materials/cfd/Images/CFD/BM-020/CFD-BM-020-037-A.jpg,z,1
14,2,162,test,1,female,Asian,female,White,happy,,,,rearranged,z,997,True,False,,2,,,,False,358,AF-250,materials/cfd/Images/CFD/AF-250/CFD-AF-250-200-N.jpg,WF-030,materials/cfd/Images/CFD/WF-030/CFD-WF-030-003-HO.jpg,z,1
14,2,163,test,1,female,Asian,female,Black,angry,,,,intact,z,1159,False,False,,2,,,,False,360,AF-247,materials/cfd/Images/CFD/AF-247/CFD-AF-247-278-N.jpg,BF-001,materials/cfd/Images/CFD/BF-001/CFD-BF-001-026-A.jpg,m,1
14,2,164,test,1,female,Black,male,White,happy,,,,rearranged,m,980,False,False,,2,,,,False,362,BF-231,materials/cfd/Images/CFD/BF-231/CFD-BF-231-202-N.jpg,WM-001,materials/cfd/Images/CFD/WM-001/CFD-WM-001-011-HO.jpg,z,1
14,2,165,test,1,male,Asian,female,Black,happy,,,,rearranged,z,1097,True,False,,2,,,,False,364,AM-206,materials/cfd/Images/CFD/AM-206/CFD-AM-206-086-N.jpg,BF-019,materials/cfd/Images/CFD/BF-019/CFD-BF-019-022-HO.jpg,z,1
14,2,166,test,1,male,White,female,White,neutral,,,,intact,z,1372,False,False,,2,,,,False,366,WM-021,materials/cfd/Images/CFD/WM-021/CFD-WM-021-001-N.jpg,WF-003,materials/cfd/Images/CFD/WF-003/CFD-WF-003-003-N.jpg,m,1
14,2,167,test,1,male,Black,female,White,neutral,,,,rearranged,z,1208,True,False,,2,,,,False,368,BM-002,materials/cfd/Images/CFD/BM-002/CFD-BM-002-013-N.jpg,WF-205,materials/cfd/Images/CFD/WF-205/CFD-WF-205-006-N.jpg,z,1
14,2,168,test,1,male,White,male,Black,angry,,,,intact,m,1640,True,False,,2,,,,False,370,WM-017,materials/cfd/Images/CFD/WM-017/CFD-WM-017-002-N.jpg,BM-033,materials/cfd/Images/CFD/BM-033/CFD-BM-033-032-A.jpg,m,1
14,2,169,test,1,female,White,male,White,happy,,,,intact,z,1298,False,False,,2,,,,False,372,WF-037,materials/cfd/Images/CFD/WF-037/CFD-WF-037-029-N.jpg,WM-014,materials/cfd/Images/CFD/WM-014/CFD-WM-014-004-HO.jpg,m,1
14,2,170,test,1,male,Latino,female,White,happy,,,,intact,m,1321,True,False,,2,,,,False,374,LM-206,materials/cfd/Images/CFD/LM-206/CFD-LM-206-204-N.jpg,WF-007,materials/cfd/Images/CFD/WF-007/CFD-WF-007-003-HO.jpg,m,1
14,2,171,test,1,female,Latino,male,White,angry,,,,intact,z,1385,False,False,,2,,,,False,376,LF-210,materials/cfd/Images/CFD/LF-210/CFD-LF-210-220-N.jpg,WM-023,materials/cfd/Images/CFD/WM-023/CFD-WM-023-012-A.jpg,m,1
14,2,172,test,1,male,Latino,female,Black,angry,,,,intact,m,1093,True,False,,2,,,,False,378,LM-226,materials/cfd/Images/CFD/LM-226/CFD-LM-226-175-N.jpg,BF-041,materials/cfd/Images/CFD/BF-041/CFD-BF-041-047-A.jpg,m,1
14,2,173,test,1,male,White,female,Black,neutral,,,,rearranged,z,1606,True,False,,2,,,,False,380,WM-038,materials/cfd/Images/CFD/WM-038/CFD-WM-038-003-N.jpg,BF-218,materials/cfd/Images/CFD/BF-218/CFD-BF-218-207-N.jpg,z,1
14,2,174,test,1,male,Black,female,Black,happy,,,,rearranged,m,1416,False,False,,2,,,,False,382,BM-235,materials/cfd/Images/CFD/BM-235/CFD-BM-235-226-N.jpg,BF-014,materials/cfd/Images/CFD/BF-014/CFD-BF-014-004-HO.jpg,z,1
14,2,175,test,1,male,Black,female,Black,happy,,,,rearranged,z,1577,True,False,,2,,,,False,384,BM-040,materials/cfd/Images/CFD/BM-040/CFD-BM-040-002-N.jpg,BF-005,materials/cfd/Images/CFD/BF-005/CFD-BF-005-005-HO.jpg,z,1
14,2,176,test,1,female,White,male,White,neutral,,,,rearranged,z,2370,True,False,,2,,,,False,386,WF-027,materials/cfd/Images/CFD/WF-027/CFD-WF-027-003-N.jpg,WM-012,materials/cfd/Images/CFD/WM-012/CFD-WM-012-001-N.jpg,z,1
14,2,177,test,1,male,Asian,male,Black,angry,,,,intact,m,1478,True,False,,2,,,,False,388,AM-202,materials/cfd/Images/CFD/AM-202/CFD-AM-202-079-N.jpg,BM-009,materials/cfd/Images/CFD/BM-009/CFD-BM-009-008-A.jpg,m,1
14,2,178,test,1,male,Black,male,White,neutral,,,,rearranged,z,1713,True,False,,2,,,,False,390,BM-241,materials/cfd/Images/CFD/BM-241/CFD-BM-241-235-N.jpg,WM-223,materials/cfd/Images/CFD/WM-223/CFD-WM-223-056-N.jpg,z,1
14,2,179,test,1,male,Black,female,Black,neutral,,,,intact,m,1119,True,False,,2,,,,False,392,BM-248,materials/cfd/Images/CFD/BM-248/CFD-BM-248-128-N.jpg,BF-032,materials/cfd/Images/CFD/BF-032/CFD-BF-032-038-N.jpg,m,1
14,2,180,test,1,female,Black,female,White,neutral,,,,rearranged,m,1589,False,False,,2,,,,False,394,BF-252,materials/cfd/Images/CFD/BF-252/CFD-BF-252-191-N.jpg,WF-244,materials/cfd/Images/CFD/WF-244/CFD-WF-244-163-N.jpg,z,1
15,2,1,study,0,female,Latino,male,White,neutral,,,,,z,563,True,False,,1,,,,False,17,LF-200,materials/cfd/Images/CFD/LF-200/CFD-LF-200-058-N.jpg,WM-002,materials/cfd/Images/CFD/WM-002/CFD-WM-002-009-N.jpg,z,1
15,2,2,study,0,male,Asian,female,White,happy,,,,,m,703,True,False,,1,,,,False,19,AM-247,materials/cfd/Images/CFD/AM-247/CFD-AM-247-165-N.jpg,WF-026,materials/cfd/Images/CFD/WF-026/CFD-WF-026-017-HO.jpg,m,1
15,2,3,study,0,male,Black,male,Black,neutral,,,,,m,647,True,False,,1,,,,False,21,BM-215,materials/cfd/Images/CFD/BM-215/CFD-BM-215-155-N.jpg,BM-226,materials/cfd/Images/CFD/BM-226/CFD-BM-226-276-N.jpg,m,1
15,2,4,study,0,female,Asian,male,White,happy,,,,,z,635,True,False,,1,,,,False,23,AF-215,materials/cfd/Images/CFD/AF-215/CFD-AF-215-70-N.jpg,WM-022,materials/cfd/Images/CFD/WM-022/CFD-WM-022-005-HO.jpg,z,1
15,2,5,study,0,female,Black,male,Black,angry,,,,,z,484,True,False,,1,,,,False,25,BF-208,materials/cfd/Images/CFD/BF-208/CFD-BF-208-266-N.jpg,BM-028,materials/cfd/Images/CFD/BM-028/CFD-BM-028-012-A.jpg,z,1
15,2,6,study,0,female,Asian,female,White,angry,,,,,z,803,True,False,,1,,,,False,27,AF-218,materials/cfd/Images/CFD/AF-218/CFD-AF-218-157-N.jpg,WF-033,materials/cfd/Images/CFD/WF-033/CFD-WF-033-031-A.jpg,z,1
15,2,7,study,0,female,Latino,female,White,neutral,,,,,z,447,True,False,,1,,,,False,29,LF-230,materials/cfd/Images/CFD/LF-230/CFD-LF-230-203-N.jpg,WF-227,materials/cfd/Images/CFD/WF-227/CFD-WF-227-002-N.jpg,z,1
15,2,8,study,0,female,Black,male,Black,neutral,,,,,z,532,True,False,,1,,,,False,31,BF-255,materials/cfd/Images/CFD/BF-255/CFD-BF-255-140-N.jpg,BM-208,materials/cfd/Images/CFD/BM-208/CFD-BM-208-065-N.jpg,z,1
15,2,9,study,0,male,Black,male,Black,happy,,,,,m,612,True,False,,1,,,,False,33,BM-009,materials/cfd/Images/CFD/BM-009/CFD-BM-009-002-N.jpg,BM-044,materials/cfd/Images/CFD/BM-044/CFD-BM-044-037-HO.jpg,m,1
15,2,10,study,0,female,White,female,Black,angry,,,,,z,631,True,False,,1,,,,False,35,WF-202,materials/cfd/Images/CFD/WF-202/CFD-WF-202-056-N.jpg,BF-024,materials/cfd/Images/CFD/BF-024/CFD-BF-024-024-A.jpg,z,1
15,2,11,study,0,male,Black,female,White,neutral,,,,,m,560,True,False,,1,,,,False,37,BM-225,materials/cfd/Images/CFD/BM-225/CFD-BM-225-154-N.jpg,WF-218,materials/cfd/Images/CFD/WF-218/CFD-WF-218-087-N.jpg,m,1
15,2,12,study,0,female,Black,female,White,angry,,,,,z,562,True,False,,1,,,,False,39,BF-204,materials/cfd/Images/CFD/BF-204/CFD-BF-204-189-N.jpg,WF-010,materials/cfd/Images/CFD/WF-010/CFD-WF-010-014-A.jpg,z,1
15,2,13,study,0,female,Asian,male,Black,happy,,,,,z,563,True,False,,1,,,,False,41,AF-205,materials/cfd/Images/CFD/AF-205/CFD-AF-205-155-N.jpg,BM-026,materials/cfd/Images/CFD/BM-026/CFD-BM-026-009-HO.jpg,z,1
15,2,14,study,0,male,Asian,female,Black,angry,,,,,m,671,True,False,,1,,,,False,43,AM-239,materials/cfd/Images/CFD/AM-239/CFD-AM-239-147-N.jpg,BF-033,materials/cfd/Images/CFD/BF-033/CFD-BF-033-016-A.jpg,m,1
15,2,15,study,0,female,Latino,male,White,angry,,,,,z,510,True,False,,1,,,,False,45,LF-246,materials/cfd/Images/CFD/LF-246/CFD-LF-246-129-N.jpg,WM-039,materials/cfd/Images/CFD/WM-039/CFD-WM-039-010-A.jpg,z,1
15,2,16,study,0,male,White,male,White,neutral,,,,,m,456,True,False,,1,,,,False,47,WM-221,materials/cfd/Images/CFD/WM-221/CFD-WM-221-091-N.jpg,WM-200,materials/cfd/Images/CFD/WM-200/CFD-WM-200-034-N.jpg,m,1
15,2,17,study,0,female,White,male,White,angry,,,,,z,465,True,False,,1,,,,False,49,WF-242,materials/cfd/Images/CFD/WF-242/CFD-WF-242-001-N.jpg,WM-018,materials/cfd/Images/CFD/WM-018/CFD-WM-018-007-A.jpg,z,1
15,2,18,study,0,male,Black,female,Black,angry,,,,,m,478,True,False,,1,,,,False,51,BM-242,materials/cfd/Images/CFD/BM-242/CFD-BM-242-233-N.jpg,BF-032,materials/cfd/Images/CFD/BF-032/CFD-BF-032-017-A.jpg,m,1
15,2,19,study,0,male,Latino,female,White,angry,,,,,m,589,True,False,,1,,,,False,53,LM-211,materials/cfd/Images/CFD/LM-211/CFD-LM-211-128-N.jpg,WF-007,materials/cfd/Images/CFD/WF-007/CFD-WF-007-029-A.jpg,m,1
15,2,20,study,0,female,Black,male,White,happy,,,,,z,793,True,False,,1,,,,False,55,BF-015,materials/cfd/Images/CFD/BF-015/CFD-BF-015-004-N.jpg,WM-013,materials/cfd/Images/CFD/WM-013/CFD-WM-013-006-HO.jpg,z,1
15,2,21,study,0,male,Asian,male,White,angry,,,,,m,406,True,False,,1,,,,False,57,AM-226,materials/cfd/Images/CFD/AM-226/CFD-AM-226-234-N.jpg,WM-034,materials/cfd/Images/CFD/WM-034/CFD-WM-034-040-A.jpg,m,1
15,2,22,study,0,male,White,male,White,angry,,,,,m,588,True,False,,1,,,,False,59,WM-212,materials/cfd/Images/CFD/WM-212/CFD-WM-212-097-N.jpg,WM-019,materials/cfd/Images/CFD/WM-019/CFD-WM-019-013-A.jpg,m,1
15,2,23,study,0,female,Latino,female,Black,happy,,,,,z,560,True,False,,1,,,,False,61,LF-232,materials/cfd/Images/CFD/LF-232/CFD-LF-232-199-N.jpg,BF-043,materials/cfd/Images/CFD/BF-043/CFD-BF-043-004-HO.jpg,z,1
15,2,24,study,0,male,White,female,White,angry,,,,,m,480,True,False,,1,,,,False,63,WM-006,materials/cfd/Images/CFD/WM-006/CFD-WM-006-002-N.jpg,WF-025,materials/cfd/Images/CFD/WF-025/CFD-WF-025-015-A.jpg,m,1
15,2,25,study,0,male,Latino,female,White,happy,,,,,m,526,True,False,,1,,,,False,65,LM-200,materials/cfd/Images/CFD/LM-200/CFD-LM-200-045-N.jpg,WF-024,materials/cfd/Images/CFD/WF-024/CFD-WF-024-006-HO.jpg,m,1
15,2,26,study,0,male,White,male,Black,happy,,,,,m,363,True,False,,1,,,,False,67,WM-012,materials/cfd/Images/CFD/WM-012/CFD-WM-012-001-N.jpg,BM-001,materials/cfd/Images/CFD/BM-001/CFD-BM-001-011-HO.jpg,m,1
15,2,27,study,0,male,Black,male,White,neutral,,,,,m,474,True,False,,1,,,,False,69,BM-235,materials/cfd/Images/CFD/BM-235/CFD-BM-235-226-N.jpg,WM-241,materials/cfd/Images/CFD/WM-241/CFD-WM-241-072-N.jpg,m,1
15,2,28,study,0,female,White,male,Black,angry,,,,,z,401,True,False,,1,,,,False,71,WF-246,materials/cfd/Images/CFD/WF-246/CFD-WF-246-087-N.jpg,BM-031,materials/cfd/Images/CFD/BM-031/CFD-BM-031-030-A.jpg,z,1
15,2,29,study,0,female,Asian,female,White,happy,,,,,z,568,True,False,,1,,,,False,73,AF-203,materials/cfd/Images/CFD/AF-203/CFD-AF-203-077-N.jpg,WF-020,materials/cfd/Images/CFD/WF-020/CFD-WF-020-023-HO.jpg,z,1
15,2,30,study,0,male,Asian,female,Black,angry,,,,,m,428,True,False,,1,,,,False,75,AM-207,materials/cfd/Images/CFD/AM-207/CFD-AM-207-108-N.jpg,BF-034,materials/cfd/Images/CFD/BF-034/CFD-BF-034-035-A.jpg,m,1
15,2,31,study,1,female,Black,male,Black,neutral,,,,,z,520,True,False,,1,,,,False,78,BF-221,materials/cfd/Images/CFD/BF-221/CFD-BF-221-223-N.jpg,BM-201,materials/cfd/Images/CFD/BM-201/CFD-BM-201-077-N.jpg,z,1
15,2,32,study,1,female,Latino,female,Black,angry,,,,,z,404,True,False,,1,,,,False,80,LF-211,materials/cfd/Images/CFD/LF-211/CFD-LF-211-003-N.jpg,BF-031,materials/cfd/Images/CFD/BF-031/CFD-BF-031-020-A.jpg,z,1
15,2,33,study,1,male,Latino,female,White,happy,,,,,m,490,True,False,,1,,,,False,82,LM-238,materials/cfd/Images/CFD/LM-238/CFD-LM-238-129-N.jpg,WF-012,materials/cfd/Images/CFD/WF-012/CFD-WF-012-007-HO.jpg,m,1
15,2,34,study,1,female,Black,female,Black,neutral,,,,,z,491,True,False,,1,,,,False,84,BF-239,materials/cfd/Images/CFD/BF-239/CFD-BF-239-180-N.jpg,BF-202,materials/cfd/Images/CFD/BF-202/CFD-BF-202-109-N.jpg,z,1
15,2,35,study,1,female,White,female,White,happy,,,,,z,438,True,False,,1,,,,False,86,WF-215,materials/cfd/Images/CFD/WF-215/CFD-WF-215-145-N.jpg,WF-027,materials/cfd/Images/CFD/WF-027/CFD-WF-027-021-HO.jpg,z,1
15,2,36,study,1,male,White,female,Black,neutral,,,,,m,681,True,False,,1,,,,False,88,WM-032,materials/cfd/Images/CFD/WM-032/CFD-WM-032-001-N.jpg,BF-229,materials/cfd/Images/CFD/BF-229/CFD-BF-229-179-N.jpg,m,1
15,2,37,study,1,female,Black,female,Black,neutral,,,,,z,698,True,False,,1,,,,False,90,BF-212,materials/cfd/Images/CFD/BF-212/CFD-BF-212-315-N.jpg,BF-027,materials/cfd/Images/CFD/BF-027/CFD-BF-027-002-N.jpg,z,1
15,2,38,study,1,male,Asian,female,White,neutral,,,,,m,585,True,False,,1,,,,False,92,AM-244,materials/cfd/Images/CFD/AM-244/CFD-AM-244-222-N.jpg,WF-250,materials/cfd/Images/CFD/WF-250/CFD-WF-250-167-N.jpg,m,1
15,2,39,study,1,male,Latino,male,White,happy,,,,,m,453,True,False,,1,,,,False,94,LM-234,materials/cfd/Images/CFD/LM-234/CFD-LM-234-176-N.jpg,WM-017,materials/cfd/Images/CFD/WM-017/CFD-WM-017-005-HO.jpg,m,1
15,2,40,study,1,female,White,male,Black,happy,,,,,z,715,True,False,,1,,,,False,96,WF-232,materials/cfd/Images/CFD/WF-232/CFD-WF-232-161-N.jpg,BM-029,materials/cfd/Images/CFD/BM-029/CFD-BM-029-029-HO.jpg,z,1
15,2,41,study,1,male,White,male,White,neutral,,,,,m,456,True,False,,1,,,,False,98,WM-001,materials/cfd/Images/CFD/WM-001/CFD-WM-001-014-N.jpg,WM-207,materials/cfd/Images/CFD/WM-207/CFD-WM-207-048-N.jpg,m,1
15,2,42,study,1,female,White,male,Black,neutral,,,,,z,477,True,False,,1,,,,False,100,WF-213,materials/cfd/Images/CFD/WF-213/CFD-WF-213-031-N.jpg,BM-030,materials/cfd/Images/CFD/BM-030/CFD-BM-030-003-N.jpg,z,1
15,2,43,study,1,female,Asian,male,Black,neutral,,,,,z,545,True,False,,1,,,,False,102,AF-248,materials/cfd/Images/CFD/AF-248/CFD-AF-248-148-N.jpg,BM-241,materials/cfd/Images/CFD/BM-241/CFD-BM-241-235-N.jpg,z,1
15,2,44,study,1,male,White,male,Black,happy,,,,,m,647,True,False,,1,,,,False,104,WM-206,materials/cfd/Images/CFD/WM-206/CFD-WM-206-045-N.jpg,BM-043,materials/cfd/Images/CFD/BM-043/CFD-BM-043-076-HO.jpg,m,1
15,2,45,study,1,male,White,female,Black,happy,,,,,m,556,True,False,,1,,,,False,106,WM-251,materials/cfd/Images/CFD/WM-251/CFD-WM-251-002-N.jpg,BF-009,materials/cfd/Images/CFD/BF-009/CFD-BF-009-006-HO.jpg,m,1
15,2,46,study,1,male,White,male,Black,angry,,,,,m,538,True,False,,1,,,,False,108,WM-029,materials/cfd/Images/CFD/WM-029/CFD-WM-029-023-N.jpg,BM-011,materials/cfd/Images/CFD/BM-011/CFD-BM-011-020-A.jpg,m,1
15,2,47,study,1,male,White,female,White,happy,,,,,m,647,True,False,,1,,,,False,110,WM-023,materials/cfd/Images/CFD/WM-023/CFD-WM-023-001-N.jpg,WF-015,materials/cfd/Images/CFD/WF-015/CFD-WF-015-022-HO.jpg,m,1
15,2,48,study,1,male,White,male,Black,angry,,,,,m,523,True,False,,1,,,,False,112,WM-223,materials/cfd/Images/CFD/WM-223/CFD-WM-223-056-N.jpg,BM-036,materials/cfd/Images/CFD/BM-036/CFD-BM-036-037-A.jpg,m,1
15,2,49,study,1,male,Latino,female,Black,neutral,,,,,m,486,True,False,,1,,,,False,114,LM-230,materials/cfd/Images/CFD/LM-230/CFD-LM-230-202-N.jpg,BF-012,materials/cfd/Images/CFD/BF-012/CFD-BF-012-001-N.jpg,m,1
15,2,50,study,1,female,White,female,Black,angry,,,,,z,538,True,False,,1,,,,False,116,WF-244,materials/cfd/Images/CFD/WF-244/CFD-WF-244-163-N.jpg,BF-051,materials/cfd/Images/CFD/BF-051/CFD-BF-051-043-A.jpg,z,1
15,2,51,study,1,female,Black,male,White,happy,,,,,z,518,True,False,,1,,,,False,118,BF-003,materials/cfd/Images/CFD/BF-003/CFD-BF-003-003-N.jpg,WM-040,materials/cfd/Images/CFD/WM-040/CFD-WM-040-023-HO.jpg,z,1
15,2,52,study,1,male,White,male,Black,happy,,,,,m,452,True,False,,1,,,,False,120,WM-238,materials/cfd/Images/CFD/WM-238/CFD-WM-238-020-N.jpg,BM-016,materials/cfd/Images/CFD/BM-016/CFD-BM-016-040-HO.jpg,m,1
15,2,53,study,1,male,Latino,male,White,angry,,,,,m,423,True,False,,1,,,,False,122,LM-202,materials/cfd/Images/CFD/LM-202/CFD-LM-202-072-N.jpg,WM-035,materials/cfd/Images/CFD/WM-035/CFD-WM-035-018-A.jpg,m,1
15,2,54,study,1,female,White,female,Black,neutral,,,,,z,590,True,False,,1,,,,False,124,WF-248,materials/cfd/Images/CFD/WF-248/CFD-WF-248-129-N.jpg,BF-040,materials/cfd/Images/CFD/BF-040/CFD-BF-040-003-N.jpg,z,1
15,2,55,study,1,male,Black,male,White,neutral,,,,,m,373,True,False,,1,,,,False,126,BM-018,materials/cfd/Images/CFD/BM-018/CFD-BM-018-001-N.jpg,WM-235,materials/cfd/Images/CFD/WM-235/CFD-WM-235-147-N.jpg,m,1
15,2,56,study,1,female,Asian,female,Black,happy,,,,,z,431,True,False,,1,,,,False,128,AF-255,materials/cfd/Images/CFD/AF-255/CFD-AF-255-209-N.jpg,BF-045,materials/cfd/Images/CFD/BF-045/CFD-BF-045-062-HO.jpg,z,1
15,2,57,study,1,male,White,female,White,neutral,,,,,m,470,True,False,,1,,,,False,130,WM-036,materials/cfd/Images/CFD/WM-036/CFD-WM-036-031-N.jpg,WF-035,materials/cfd/Images/CFD/WF-035/CFD-WF-035-024-N.jpg,m,1
15,2,58,study,1,female,Black,male,White,angry,,,,,z,505,True,False,,1,,,,False,132,BF-228,materials/cfd/Images/CFD/BF-228/CFD-BF-228-212-N.jpg,WM-037,materials/cfd/Images/CFD/WM-037/CFD-WM-037-060-A.jpg,z,1
15,2,59,study,1,female,Black,female,Black,happy,,,,,z,470,True,False,,1,,,,False,134,BF-231,materials/cfd/Images/CFD/BF-231/CFD-BF-231-202-N.jpg,BF-037,materials/cfd/Images/CFD/BF-037/CFD-BF-037-026-HO.jpg,z,1
15,2,60,study,1,female,White,female,White,neutral,,,,,z,534,True,False,,1,,,,False,136,WF-234,materials/cfd/Images/CFD/WF-234/CFD-WF-234-086-N.jpg,WF-252,materials/cfd/Images/CFD/WF-252/CFD-WF-252-159-N.jpg,z,1
15,2,61,study,0,female,Latino,female,White,neutral,,,,,z,1180,True,False,,1,,,,False,139,LF-230,materials/cfd/Images/CFD/LF-230/CFD-LF-230-203-N.jpg,WF-227,materials/cfd/Images/CFD/WF-227/CFD-WF-227-002-N.jpg,z,1
15,2,62,study,0,female,White,male,White,angry,,,,,z,1014,True,False,,1,,,,False,141,WF-242,materials/cfd/Images/CFD/WF-242/CFD-WF-242-001-N.jpg,WM-018,materials/cfd/Images/CFD/WM-018/CFD-WM-018-007-A.jpg,z,1
15,2,63,study,0,female,White,male,Black,angry,,,,,z,779,True,False,,1,,,,False,143,WF-246,materials/cfd/Images/CFD/WF-246/CFD-WF-246-087-N.jpg,BM-031,materials/cfd/Images/CFD/BM-031/CFD-BM-031-030-A.jpg,z,1
15,2,64,study,0,male,White,male,Black,angry,,,,,m,835,True,False,,1,,,,False,145,WM-223,materials/cfd/Images/CFD/WM-223/CFD-WM-223-056-N.jpg,BM-036,materials/cfd/Images/CFD/BM-036/CFD-BM-036-037-A.jpg,m,1
15,2,65,study,0,female,Asian,female,White,happy,,,,,z,1036,True,False,,1,,,,False,147,AF-203,materials/cfd/Images/CFD/AF-203/CFD-AF-203-077-N.jpg,WF-020,materials/cfd/Images/CFD/WF-020/CFD-WF-020-023-HO.jpg,z,1
15,2,66,study,0,male,Latino,male,White,happy,,,,,m,1328,True,False,,1,,,,False,149,LM-234,materials/cfd/Images/CFD/LM-234/CFD-LM-234-176-N.jpg,WM-017,materials/cfd/Images/CFD/WM-017/CFD-WM-017-005-HO.jpg,m,1
15,2,67,study,0,female,Asian,female,White,angry,,,,,z,937,True,False,,1,,,,False,151,AF-218,materials/cfd/Images/CFD/AF-218/CFD-AF-218-157-N.jpg,WF-033,materials/cfd/Images/CFD/WF-033/CFD-WF-033-031-A.jpg,z,1
15,2,68,study,0,male,White,male,White,angry,,,,,z,791,False,False,,1,,,,False,153,WM-212,materials/cfd/Images/CFD/WM-212/CFD-WM-212-097-N.jpg,WM-019,materials/cfd/Images/CFD/WM-019/CFD-WM-019-013-A.jpg,m,1
15,2,69,study,0,female,Black,female,Black,neutral,,,,,z,721,True,False,,1,,,,False,155,BF-212,materials/cfd/Images/CFD/BF-212/CFD-BF-212-315-N.jpg,BF-027,materials/cfd/Images/CFD/BF-027/CFD-BF-027-002-N.jpg,z,1
15,2,70,study,0,female,Asian,female,Black,happy,,,,,z,903,True,False,,1,,,,False,157,AF-255,materials/cfd/Images/CFD/AF-255/CFD-AF-255-209-N.jpg,BF-045,materials/cfd/Images/CFD/BF-045/CFD-BF-045-062-HO.jpg,z,1
15,2,71,study,0,male,White,female,White,neutral,,,,,m,1189,True,False,,1,,,,False,159,WM-036,materials/cfd/Images/CFD/WM-036/CFD-WM-036-031-N.jpg,WF-035,materials/cfd/Images/CFD/WF-035/CFD-WF-035-024-N.jpg,m,1
15,2,72,study,0,male,Black,female,White,neutral,,,,,m,709,True,False,,1,,,,False,161,BM-225,materials/cfd/Images/CFD/BM-225/CFD-BM-225-154-N.jpg,WF-218,materials/cfd/Images/CFD/WF-218/CFD-WF-218-087-N.jpg,m,1
15,2,73,study,0,female,Black,male,Black,angry,,,,,z,994,True,False,,1,,,,False,163,BF-208,materials/cfd/Images/CFD/BF-208/CFD-BF-208-266-N.jpg,BM-028,materials/cfd/Images/CFD/BM-028/CFD-BM-028-012-A.jpg,z,1
15,2,74,study,0,male,White,female,Black,neutral,,,,,m,828,True,False,,1,,,,False,165,WM-032,materials/cfd/Images/CFD/WM-032/CFD-WM-032-001-N.jpg,BF-229,materials/cfd/Images/CFD/BF-229/CFD-BF-229-179-N.jpg,m,1
15,2,75,study,0,male,Black,male,Black,neutral,,,,,m,828,True,False,,1,,,,False,167,BM-215,materials/cfd/Images/CFD/BM-215/CFD-BM-215-155-N.jpg,BM-226,materials/cfd/Images/CFD/BM-226/CFD-BM-226-276-N.jpg,m,1
15,2,76,study,0,male,Asian,female,Black,angry,,,,,m,771,True,False,,1,,,,False,169,AM-239,materials/cfd/Images/CFD/AM-239/CFD-AM-239-147-N.jpg,BF-033,materials/cfd/Images/CFD/BF-033/CFD-BF-033-016-A.jpg,m,1
15,2,77,study,0,female,Black,female,Black,neutral,,,,,z,848,True,False,,1,,,,False,171,BF-239,materials/cfd/Images/CFD/BF-239/CFD-BF-239-180-N.jpg,BF-202,materials/cfd/Images/CFD/BF-202/CFD-BF-202-109-N.jpg,z,1
15,2,78,study,0,male,White,female,White,happy,,,,,m,702,True,False,,1,,,,False,173,WM-023,materials/cfd/Images/CFD/WM-023/CFD-WM-023-001-N.jpg,WF-015,materials/cfd/Images/CFD/WF-015/CFD-WF-015-022-HO.jpg,m,1
15,2,79,study,0,female,White,female,Black,angry,,,,,z,788,True,False,,1,,,,False,175,WF-202,materials/cfd/Images/CFD/WF-202/CFD-WF-202-056-N.jpg,BF-024,materials/cfd/Images/CFD/BF-024/CFD-BF-024-024-A.jpg,z,1
15,2,80,study,0,male,Asian,female,White,neutral,,,,,m,804,True,False,,1,,,,False,177,AM-244,materials/cfd/Images/CFD/AM-244/CFD-AM-244-222-N.jpg,WF-250,materials/cfd/Images/CFD/WF-250/CFD-WF-250-167-N.jpg,m,1
15,2,81,study,0,female,White,female,White,neutral,,,,,z,826,True,False,,1,,,,False,179,WF-234,materials/cfd/Images/CFD/WF-234/CFD-WF-234-086-N.jpg,WF-252,materials/cfd/Images/CFD/WF-252/CFD-WF-252-159-N.jpg,z,1
15,2,82,study,0,male,Latino,male,White,angry,,,,,m,656,True,False,,1,,,,False,181,LM-202,materials/cfd/Images/CFD/LM-202/CFD-LM-202-072-N.jpg,WM-035,materials/cfd/Images/CFD/WM-035/CFD-WM-035-018-A.jpg,m,1
15,2,83,study,0,female,Black,female,Black,happy,,,,,z,915,True,False,,1,,,,False,183,BF-231,materials/cfd/Images/CFD/BF-231/CFD-BF-231-202-N.jpg,BF-037,materials/cfd/Images/CFD/BF-037/CFD-BF-037-026-HO.jpg,z,1
15,2,84,study,0,male,Latino,female,White,happy,,,,,m,871,True,False,,1,,,,False,185,LM-238,materials/cfd/Images/CFD/LM-238/CFD-LM-238-129-N.jpg,WF-012,materials/cfd/Images/CFD/WF-012/CFD-WF-012-007-HO.jpg,m,1
15,2,85,study,0,male,White,male,White,neutral,,,,,m,654,True,False,,1,,,,False,187,WM-001,materials/cfd/Images/CFD/WM-001/CFD-WM-001-014-N.jpg,WM-207,materials/cfd/Images/CFD/WM-207/CFD-WM-207-048-N.jpg,m,1
15,2,86,study,0,female,Black,male,White,happy,,,,,z,856,True,False,,1,,,,False,189,BF-003,materials/cfd/Images/CFD/BF-003/CFD-BF-003-003-N.jpg,WM-040,materials/cfd/Images/CFD/WM-040/CFD-WM-040-023-HO.jpg,z,1
15,2,87,study,0,female,Black,male,White,angry,,,,,z,1059,True,False,,1,,,,False,191,BF-228,materials/cfd/Images/CFD/BF-228/CFD-BF-228-212-N.jpg,WM-037,materials/cfd/Images/CFD/WM-037/CFD-WM-037-060-A.jpg,z,1
15,2,88,study,0,male,Latino,female,Black,neutral,,,,,m,861,True,False,,1,,,,False,193,LM-230,materials/cfd/Images/CFD/LM-230/CFD-LM-230-202-N.jpg,BF-012,materials/cfd/Images/CFD/BF-012/CFD-BF-012-001-N.jpg,m,1
15,2,89,study,0,female,Asian,male,Black,happy,,,,,z,863,True,False,,1,,,,False,195,AF-205,materials/cfd/Images/CFD/AF-205/CFD-AF-205-155-N.jpg,BM-026,materials/cfd/Images/CFD/BM-026/CFD-BM-026-009-HO.jpg,z,1
15,2,90,study,0,female,Asian,male,White,happy,,,,,z,943,True,False,,1,,,,False,197,AF-215,materials/cfd/Images/CFD/AF-215/CFD-AF-215-70-N.jpg,WM-022,materials/cfd/Images/CFD/WM-022/CFD-WM-022-005-HO.jpg,z,1
15,2,91,study,1,male,White,male,Black,angry,,,,,m,920,True,False,,1,,,,False,200,WM-029,materials/cfd/Images/CFD/WM-029/CFD-WM-029-023-N.jpg,BM-011,materials/cfd/Images/CFD/BM-011/CFD-BM-011-020-A.jpg,m,1
15,2,92,study,1,male,Latino,female,White,angry,,,,,m,901,True,False,,1,,,,False,202,LM-211,materials/cfd/Images/CFD/LM-211/CFD-LM-211-128-N.jpg,WF-007,materials/cfd/Images/CFD/WF-007/CFD-WF-007-029-A.jpg,m,1
15,2,93,study,1,female,White,male,Black,happy,,,,,z,954,True,False,,1,,,,False,204,WF-232,materials/cfd/Images/CFD/WF-232/CFD-WF-232-161-N.jpg,BM-029,materials/cfd/Images/CFD/BM-029/CFD-BM-029-029-HO.jpg,z,1
15,2,94,study,1,female,Black,female,White,angry,,,,,z,759,True,False,,1,,,,False,206,BF-204,materials/cfd/Images/CFD/BF-204/CFD-BF-204-189-N.jpg,WF-010,materials/cfd/Images/CFD/WF-010/CFD-WF-010-014-A.jpg,z,1
15,2,95,study,1,male,Asian,male,White,angry,,,,,m,958,True,False,,1,,,,False,208,AM-226,materials/cfd/Images/CFD/AM-226/CFD-AM-226-234-N.jpg,WM-034,materials/cfd/Images/CFD/WM-034/CFD-WM-034-040-A.jpg,m,1
15,2,96,study,1,male,Black,female,Black,angry,,,,,m,631,True,False,,1,,,,False,210,BM-242,materials/cfd/Images/CFD/BM-242/CFD-BM-242-233-N.jpg,BF-032,materials/cfd/Images/CFD/BF-032/CFD-BF-032-017-A.jpg,m,1
15,2,97,study,1,female,Asian,male,Black,neutral,,,,,z,915,True,False,,1,,,,False,212,AF-248,materials/cfd/Images/CFD/AF-248/CFD-AF-248-148-N.jpg,BM-241,materials/cfd/Images/CFD/BM-241/CFD-BM-241-235-N.jpg,z,1
15,2,98,study,1,male,White,male,White,neutral,,,,,m,815,True,False,,1,,,,False,214,WM-221,materials/cfd/Images/CFD/WM-221/CFD-WM-221-091-N.jpg,WM-200,materials/cfd/Images/CFD/WM-200/CFD-WM-200-034-N.jpg,m,1
15,2,99,study,1,male,Latino,female,White,happy,,,,,m,908,True,False,,1,,,,False,216,LM-200,materials/cfd/Images/CFD/LM-200/CFD-LM-200-045-N.jpg,WF-024,materials/cfd/Images/CFD/WF-024/CFD-WF-024-006-HO.jpg,m,1
15,2,100,study,1,male,White,male,Black,happy,,,,,m,951,True,False,,1,,,,False,218,WM-012,materials/cfd/Images/CFD/WM-012/CFD-WM-012-001-N.jpg,BM-001,materials/cfd/Images/CFD/BM-001/CFD-BM-001-011-HO.jpg,m,1
15,2,101,study,1,female,White,female,Black,neutral,,,,,z,866,True,False,,1,,,,False,220,WF-248,materials/cfd/Images/CFD/WF-248/CFD-WF-248-129-N.jpg,BF-040,materials/cfd/Images/CFD/BF-040/CFD-BF-040-003-N.jpg,z,1
15,2,102,study,1,female,Black,male,White,happy,,,,,z,1082,True,False,,1,,,,False,222,BF-015,materials/cfd/Images/CFD/BF-015/CFD-BF-015-004-N.jpg,WM-013,materials/cfd/Images/CFD/WM-013/CFD-WM-013-006-HO.jpg,z,1
15,2,103,study,1,male,Black,male,White,neutral,,,,,m,925,True,False,,1,,,,False,224,BM-235,materials/cfd/Images/CFD/BM-235/CFD-BM-235-226-N.jpg,WM-241,materials/cfd/Images/CFD/WM-241/CFD-WM-241-072-N.jpg,m,1
15,2,104,study,1,female,Black,male,Black,neutral,,,,,z,1023,True,False,,1,,,,False,226,BF-221,materials/cfd/Images/CFD/BF-221/CFD-BF-221-223-N.jpg,BM-201,materials/cfd/Images/CFD/BM-201/CFD-BM-201-077-N.jpg,z,1
15,2,105,study,1,female,White,male,Black,neutral,,,,,z,945,True,False,,1,,,,False,228,WF-213,materials/cfd/Images/CFD/WF-213/CFD-WF-213-031-N.jpg,BM-030,materials/cfd/Images/CFD/BM-030/CFD-BM-030-003-N.jpg,z,1
15,2,106,study,1,female,White,female,Black,angry,,,,,z,828,True,False,,1,,,,False,230,WF-244,materials/cfd/Images/CFD/WF-244/CFD-WF-244-163-N.jpg,BF-051,materials/cfd/Images/CFD/BF-051/CFD-BF-051-043-A.jpg,z,1
15,2,107,study,1,female,Latino,female,Black,happy,,,,,z,940,True,False,,1,,,,False,232,LF-232,materials/cfd/Images/CFD/LF-232/CFD-LF-232-199-N.jpg,BF-043,materials/cfd/Images/CFD/BF-043/CFD-BF-043-004-HO.jpg,z,1
15,2,108,study,1,female,Latino,female,Black,angry,,,,,z,852,True,False,,1,,,,False,234,LF-211,materials/cfd/Images/CFD/LF-211/CFD-LF-211-003-N.jpg,BF-031,materials/cfd/Images/CFD/BF-031/CFD-BF-031-020-A.jpg,z,1
15,2,109,study,1,female,Latino,male,White,angry,,,,,z,900,True,False,,1,,,,False,236,LF-246,materials/cfd/Images/CFD/LF-246/CFD-LF-246-129-N.jpg,WM-039,materials/cfd/Images/CFD/WM-039/CFD-WM-039-010-A.jpg,z,1
15,2,110,study,1,male,Asian,female,Black,angry,,,,,m,879,True,False,,1,,,,False,238,AM-207,materials/cfd/Images/CFD/AM-207/CFD-AM-207-108-N.jpg,BF-034,materials/cfd/Images/CFD/BF-034/CFD-BF-034-035-A.jpg,m,1
15,2,111,study,1,female,Latino,male,White,neutral,,,,,z,855,True,False,,1,,,,False,240,LF-200,materials/cfd/Images/CFD/LF-200/CFD-LF-200-058-N.jpg,WM-002,materials/cfd/Images/CFD/WM-002/CFD-WM-002-009-N.jpg,z,1
15,2,112,study,1,male,White,female,White,angry,,,,,m,1125,True,False,,1,,,,False,242,WM-006,materials/cfd/Images/CFD/WM-006/CFD-WM-006-002-N.jpg,WF-025,materials/cfd/Images/CFD/WF-025/CFD-WF-025-015-A.jpg,m,1
15,2,113,study,1,male,Black,male,White,neutral,,,,,m,945,True,False,,1,,,,False,244,BM-018,materials/cfd/Images/CFD/BM-018/CFD-BM-018-001-N.jpg,WM-235,materials/cfd/Images/CFD/WM-235/CFD-WM-235-147-N.jpg,m,1
15,2,114,study,1,male,White,male,Black,happy,,,,,m,879,True,False,,1,,,,False,246,WM-206,materials/cfd/Images/CFD/WM-206/CFD-WM-206-045-N.jpg,BM-043,materials/cfd/Images/CFD/BM-043/CFD-BM-043-076-HO.jpg,m,1
15,2,115,study,1,male,White,female,Black,happy,,,,,m,911,True,False,,1,,,,False,248,WM-251,materials/cfd/Images/CFD/WM-251/CFD-WM-251-002-N.jpg,BF-009,materials/cfd/Images/CFD/BF-009/CFD-BF-009-006-HO.jpg,m,1
15,2,116,study,1,female,White,female,White,happy,,,,,z,998,True,False,,1,,,,False,250,WF-215,materials/cfd/Images/CFD/WF-215/CFD-WF-215-145-N.jpg,WF-027,materials/cfd/Images/CFD/WF-027/CFD-WF-027-021-HO.jpg,z,1
15,2,117,study,1,male,Black,male,Black,happy,,,,,m,733,True,False,,1,,,,False,252,BM-009,materials/cfd/Images/CFD/BM-009/CFD-BM-009-002-N.jpg,BM-044,materials/cfd/Images/CFD/BM-044/CFD-BM-044-037-HO.jpg,m,1
15,2,118,study,1,female,Black,male,Black,neutral,,,,,z,800,True,False,,1,,,,False,254,BF-255,materials/cfd/Images/CFD/BF-255/CFD-BF-255-140-N.jpg,BM-208,materials/cfd/Images/CFD/BM-208/CFD-BM-208-065-N.jpg,z,1
15,2,119,study,1,male,Asian,female,White,happy,,,,,m,808,True,False,,1,,,,False,256,AM-247,materials/cfd/Images/CFD/AM-247/CFD-AM-247-165-N.jpg,WF-026,materials/cfd/Images/CFD/WF-026/CFD-WF-026-017-HO.jpg,m,1
15,2,120,study,1,male,White,male,Black,happy,,,,,m,871,True,False,,1,,,,False,258,WM-238,materials/cfd/Images/CFD/WM-238/CFD-WM-238-020-N.jpg,BM-016,materials/cfd/Images/CFD/BM-016/CFD-BM-016-040-HO.jpg,m,1
15,2,121,test,0,male,Asian,female,Black,angry,,,,intact,z,941,True,False,,1,,,,False,275,AM-239,materials/cfd/Images/CFD/AM-239/CFD-AM-239-147-N.jpg,BF-033,materials/cfd/Images/CFD/BF-033/CFD-BF-033-016-A.jpg,z,1
15,2,122,test,0,male,White,female,White,happy,,,,rearranged,z,1352,False,False,,1,,,,False,277,WM-023,materials/cfd/Images/CFD/WM-023/CFD-WM-023-001-N.jpg,WF-012,materials/cfd/Images/CFD/WF-012/CFD-WF-012-007-HO.jpg,m,1
15,2,123,test,0,male,White,female,White,neutral,,,,intact,m,771,False,False,,1,,,,False,279,WM-036,materials/cfd/Images/CFD/WM-036/CFD-WM-036-031-N.jpg,WF-035,materials/cfd/Images/CFD/WF-035/CFD-WF-035-024-N.jpg,z,1
15,2,124,test,0,female,Black,male,Black,angry,,,,rearranged,m,1110,True,False,,1,,,,False,281,BF-228,materials/cfd/Images/CFD/BF-228/CFD-BF-228-212-N.jpg,BM-031,materials/cfd/Images/CFD/BM-031/CFD-BM-031-030-A.jpg,m,1
15,2,125,test,0,female,Black,male,Black,neutral,,,,rearranged,z,1033,False,False,,1,,,,False,283,BF-255,materials/cfd/Images/CFD/BF-255/CFD-BF-255-140-N.jpg,BM-030,materials/cfd/Images/CFD/BM-030/CFD-BM-030-003-N.jpg,m,1
15,2,126,test,0,female,White,male,White,angry,,,,rearranged,z,1056,False,False,,1,,,,False,285,WF-246,materials/cfd/Images/CFD/WF-246/CFD-WF-246-087-N.jpg,WM-018,materials/cfd/Images/CFD/WM-018/CFD-WM-018-007-A.jpg,m,1
15,2,127,test,0,female,White,female,White,happy,,,,intact,m,1106,False,False,,1,,,,False,287,WF-215,materials/cfd/Images/CFD/WF-215/CFD-WF-215-145-N.jpg,WF-027,materials/cfd/Images/CFD/WF-027/CFD-WF-027-021-HO.jpg,z,1
15,2,128,test,0,female,Latino,female,Black,happy,,,,rearranged,z,1035,False,False,,1,,,,False,289,LF-232,materials/cfd/Images/CFD/LF-232/CFD-LF-232-199-N.jpg,BF-037,materials/cfd/Images/CFD/BF-037/CFD-BF-037-026-HO.jpg,m,1
15,2,129,test,0,female,White,female,White,neutral,,,,intact,m,1248,False,False,,1,,,,False,291,WF-234,materials/cfd/Images/CFD/WF-234/CFD-WF-234-086-N.jpg,WF-252,materials/cfd/Images/CFD/WF-252/CFD-WF-252-159-N.jpg,z,1
15,2,130,test,0,male,White,male,White,angry,,,,intact,m,943,False,False,,1,,,,False,293,WM-212,materials/cfd/Images/CFD/WM-212/CFD-WM-212-097-N.jpg,WM-019,materials/cfd/Images/CFD/WM-019/CFD-WM-019-013-A.jpg,z,1
15,2,131,test,0,male,White,male,White,neutral,,,,rearranged,m,1032,True,False,,1,,,,False,295,WM-221,materials/cfd/Images/CFD/WM-221/CFD-WM-221-091-N.jpg,WM-207,materials/cfd/Images/CFD/WM-207/CFD-WM-207-048-N.jpg,m,1
15,2,132,test,0,female,Black,female,White,angry,,,,intact,m,905,False,False,,1,,,,False,297,BF-204,materials/cfd/Images/CFD/BF-204/CFD-BF-204-189-N.jpg,WF-010,materials/cfd/Images/CFD/WF-010/CFD-WF-010-014-A.jpg,z,1
15,2,133,test,0,female,Black,male,Black,neutral,,,,intact,z,597,True,False,,1,,,,False,299,BF-221,materials/cfd/Images/CFD/BF-221/CFD-BF-221-223-N.jpg,BM-201,materials/cfd/Images/CFD/BM-201/CFD-BM-201-077-N.jpg,z,1
15,2,134,test,0,male,White,female,Black,happy,,,,intact,z,1019,True,False,,1,,,,False,301,WM-251,materials/cfd/Images/CFD/WM-251/CFD-WM-251-002-N.jpg,BF-009,materials/cfd/Images/CFD/BF-009/CFD-BF-009-006-HO.jpg,z,1
15,2,135,test,0,female,Latino,female,Black,angry,,,,intact,m,958,False,False,,1,,,,False,303,LF-211,materials/cfd/Images/CFD/LF-211/CFD-LF-211-003-N.jpg,BF-031,materials/cfd/Images/CFD/BF-031/CFD-BF-031-020-A.jpg,z,1
15,2,136,test,0,female,White,male,White,neutral,,,,rearranged,m,672,True,False,,1,,,,False,305,WF-213,materials/cfd/Images/CFD/WF-213/CFD-WF-213-031-N.jpg,WM-002,materials/cfd/Images/CFD/WM-002/CFD-WM-002-009-N.jpg,m,1
15,2,137,test,0,female,Asian,male,Black,happy,,,,rearranged,z,598,False,False,,1,,,,False,307,AF-215,materials/cfd/Images/CFD/AF-215/CFD-AF-215-70-N.jpg,BM-029,materials/cfd/Images/CFD/BM-029/CFD-BM-029-029-HO.jpg,m,1
15,2,138,test,0,male,Asian,female,White,neutral,,,,rearranged,m,1061,True,False,,1,,,,False,309,AM-244,materials/cfd/Images/CFD/AM-244/CFD-AM-244-222-N.jpg,WF-218,materials/cfd/Images/CFD/WF-218/CFD-WF-218-087-N.jpg,m,1
15,2,139,test,0,female,Latino,female,White,neutral,,,,intact,z,847,True,False,,1,,,,False,311,LF-230,materials/cfd/Images/CFD/LF-230/CFD-LF-230-203-N.jpg,WF-227,materials/cfd/Images/CFD/WF-227/CFD-WF-227-002-N.jpg,z,1
15,2,140,test,0,male,Latino,female,White,happy,,,,rearranged,m,1327,True,False,,1,,,,False,313,LM-200,materials/cfd/Images/CFD/LM-200/CFD-LM-200-045-N.jpg,WF-015,materials/cfd/Images/CFD/WF-015/CFD-WF-015-022-HO.jpg,m,1
15,2,141,test,0,male,White,male,Black,angry,,,,rearranged,z,935,False,False,,1,,,,False,315,WM-029,materials/cfd/Images/CFD/WM-029/CFD-WM-029-023-N.jpg,BM-036,materials/cfd/Images/CFD/BM-036/CFD-BM-036-037-A.jpg,m,1
15,2,142,test,0,male,Latino,female,White,happy,,,,rearranged,z,1051,False,False,,1,,,,False,317,LM-238,materials/cfd/Images/CFD/LM-238/CFD-LM-238-129-N.jpg,WF-024,materials/cfd/Images/CFD/WF-024/CFD-WF-024-006-HO.jpg,m,1
15,2,143,test,0,male,Black,male,Black,neutral,,,,intact,m,1063,False,False,,1,,,,False,319,BM-215,materials/cfd/Images/CFD/BM-215/CFD-BM-215-155-N.jpg,BM-226,materials/cfd/Images/CFD/BM-226/CFD-BM-226-276-N.jpg,z,1
15,2,144,test,0,female,Black,female,White,happy,,,,rearranged,z,846,False,False,,1,,,,False,321,BF-231,materials/cfd/Images/CFD/BF-231/CFD-BF-231-202-N.jpg,WF-020,materials/cfd/Images/CFD/WF-020/CFD-WF-020-023-HO.jpg,m,1
15,2,145,test,0,male,White,female,White,angry,,,,intact,m,1099,False,False,,1,,,,False,323,WM-006,materials/cfd/Images/CFD/WM-006/CFD-WM-006-002-N.jpg,WF-025,materials/cfd/Images/CFD/WF-025/CFD-WF-025-015-A.jpg,z,1
15,2,146,test,0,female,White,male,White,angry,,,,rearranged,z,1086,False,False,,1,,,,False,325,WF-242,materials/cfd/Images/CFD/WF-242/CFD-WF-242-001-N.jpg,WM-037,materials/cfd/Images/CFD/WM-037/CFD-WM-037-060-A.jpg,m,1
15,2,147,test,0,male,Asian,male,White,angry,,,,intact,m,902,False,False,,1,,,,False,327,AM-226,materials/cfd/Images/CFD/AM-226/CFD-AM-226-234-N.jpg,WM-034,materials/cfd/Images/CFD/WM-034/CFD-WM-034-040-A.jpg,z,1
15,2,148,test,0,male,White,male,Black,happy,,,,intact,z,730,True,False,,1,,,,False,329,WM-206,materials/cfd/Images/CFD/WM-206/CFD-WM-206-045-N.jpg,BM-043,materials/cfd/Images/CFD/BM-043/CFD-BM-043-076-HO.jpg,z,1
15,2,149,test,0,female,Latino,male,Black,neutral,,,,rearranged,m,1161,True,False,,1,,,,False,331,LF-200,materials/cfd/Images/CFD/LF-200/CFD-LF-200-058-N.jpg,BM-208,materials/cfd/Images/CFD/BM-208/CFD-BM-208-065-N.jpg,m,1
15,2,150,test,0,male,Black,female,White,angry,,,,rearranged,m,1561,True,False,,1,,,,False,333,BM-242,materials/cfd/Images/CFD/BM-242/CFD-BM-242-233-N.jpg,WF-007,materials/cfd/Images/CFD/WF-007/CFD-WF-007-029-A.jpg,m,1
15,2,151,test,1,male,Black,female,White,neutral,,,,rearranged,m,1529,True,False,,1,,,,False,336,BM-225,materials/cfd/Images/CFD/BM-225/CFD-BM-225-154-N.jpg,WF-250,materials/cfd/Images/CFD/WF-250/CFD-WF-250-167-N.jpg,m,1
15,2,152,test,1,female,Black,female,Black,neutral,,,,rearranged,z,926,False,False,,1,,,,False,338,BF-212,materials/cfd/Images/CFD/BF-212/CFD-BF-212-315-N.jpg,BF-040,materials/cfd/Images/CFD/BF-040/CFD-BF-040-003-N.jpg,m,1
15,2,153,test,1,male,White,female,Black,neutral,,,,intact,m,1925,False,False,,1,,,,False,340,WM-032,materials/cfd/Images/CFD/WM-032/CFD-WM-032-001-N.jpg,BF-229,materials/cfd/Images/CFD/BF-229/CFD-BF-229-179-N.jpg,z,1
15,2,154,test,1,female,Asian,female,Black,happy,,,,rearranged,m,1691,True,False,,1,,,,False,342,AF-203,materials/cfd/Images/CFD/AF-203/CFD-AF-203-077-N.jpg,BF-043,materials/cfd/Images/CFD/BF-043/CFD-BF-043-004-HO.jpg,m,1
15,2,155,test,1,male,White,male,Black,happy,,,,rearranged,z,1350,False,False,,1,,,,False,344,WM-012,materials/cfd/Images/CFD/WM-012/CFD-WM-012-001-N.jpg,BM-044,materials/cfd/Images/CFD/BM-044/CFD-BM-044-037-HO.jpg,m,1
15,2,156,test,1,female,White,male,White,happy,,,,rearranged,z,1385,False,False,,1,,,,False,346,WF-232,materials/cfd/Images/CFD/WF-232/CFD-WF-232-161-N.jpg,WM-022,materials/cfd/Images/CFD/WM-022/CFD-WM-022-005-HO.jpg,m,1
15,2,157,test,1,female,Asian,male,Black,neutral,,,,intact,z,1263,True,False,,1,,,,False,348,AF-248,materials/cfd/Images/CFD/AF-248/CFD-AF-248-148-N.jpg,BM-241,materials/cfd/Images/CFD/BM-241/CFD-BM-241-235-N.jpg,z,1
15,2,158,test,1,female,Black,male,Black,angry,,,,intact,m,1698,False,False,,1,,,,False,350,BF-208,materials/cfd/Images/CFD/BF-208/CFD-BF-208-266-N.jpg,BM-028,materials/cfd/Images/CFD/BM-028/CFD-BM-028-012-A.jpg,z,1
15,2,159,test,1,female,Asian,female,Black,happy,,,,intact,m,2266,False,False,,1,,,,False,352,AF-255,materials/cfd/Images/CFD/AF-255/CFD-AF-255-209-N.jpg,BF-045,materials/cfd/Images/CFD/BF-045/CFD-BF-045-062-HO.jpg,z,1
15,2,160,test,1,male,White,male,White,angry,,,,rearranged,m,1314,True,False,,1,,,,False,354,WM-223,materials/cfd/Images/CFD/WM-223/CFD-WM-223-056-N.jpg,WM-035,materials/cfd/Images/CFD/WM-035/CFD-WM-035-018-A.jpg,m,1
15,2,161,test,1,female,White,female,Black,neutral,,,,rearranged,z,1034,False,False,,1,,,,False,356,WF-248,materials/cfd/Images/CFD/WF-248/CFD-WF-248-129-N.jpg,BF-027,materials/cfd/Images/CFD/BF-027/CFD-BF-027-002-N.jpg,m,1
15,2,162,test,1,male,Latino,female,Black,neutral,,,,intact,m,1470,False,False,,1,,,,False,358,LM-230,materials/cfd/Images/CFD/LM-230/CFD-LM-230-202-N.jpg,BF-012,materials/cfd/Images/CFD/BF-012/CFD-BF-012-001-N.jpg,z,1
15,2,163,test,1,male,Latino,male,Black,angry,,,,rearranged,z,1107,False,False,,1,,,,False,360,LM-202,materials/cfd/Images/CFD/LM-202/CFD-LM-202-072-N.jpg,BM-011,materials/cfd/Images/CFD/BM-011/CFD-BM-011-020-A.jpg,m,1
15,2,164,test,1,male,White,male,White,neutral,,,,rearranged,m,1069,True,False,,1,,,,False,362,WM-001,materials/cfd/Images/CFD/WM-001/CFD-WM-001-014-N.jpg,WM-241,materials/cfd/Images/CFD/WM-241/CFD-WM-241-072-N.jpg,m,1
15,2,165,test,1,female,Asian,female,Black,angry,,,,rearranged,z,1422,False,False,,1,,,,False,364,AF-218,materials/cfd/Images/CFD/AF-218/CFD-AF-218-157-N.jpg,BF-051,materials/cfd/Images/CFD/BF-051/CFD-BF-051-043-A.jpg,m,1
15,2,166,test,1,male,Black,male,Black,happy,,,,rearranged,m,1208,True,False,,1,,,,False,366,BM-009,materials/cfd/Images/CFD/BM-009/CFD-BM-009-002-N.jpg,BM-001,materials/cfd/Images/CFD/BM-001/CFD-BM-001-011-HO.jpg,m,1
15,2,167,test,1,female,Asian,male,Black,happy,,,,intact,m,1282,False,False,,1,,,,False,368,AF-205,materials/cfd/Images/CFD/AF-205/CFD-AF-205-155-N.jpg,BM-026,materials/cfd/Images/CFD/BM-026/CFD-BM-026-009-HO.jpg,z,1
15,2,168,test,1,male,Asian,female,White,happy,,,,intact,z,1456,True,False,,1,,,,False,370,AM-247,materials/cfd/Images/CFD/AM-247/CFD-AM-247-165-N.jpg,WF-026,materials/cfd/Images/CFD/WF-026/CFD-WF-026-017-HO.jpg,z,1
15,2,169,test,1,male,Black,male,White,neutral,,,,intact,m,1193,False,False,,1,,,,False,372,BM-018,materials/cfd/Images/CFD/BM-018/CFD-BM-018-001-N.jpg,WM-235,materials/cfd/Images/CFD/WM-235/CFD-WM-235-147-N.jpg,z,1
15,2,170,test,1,female,White,female,Black,angry,,,,intact,m,1101,False,False,,1,,,,False,374,WF-202,materials/cfd/Images/CFD/WF-202/CFD-WF-202-056-N.jpg,BF-024,materials/cfd/Images/CFD/BF-024/CFD-BF-024-024-A.jpg,z,1
15,2,171,test,1,male,Latino,female,Black,angry,,,,rearranged,m,1599,True,False,,1,,,,False,376,LM-211,materials/cfd/Images/CFD/LM-211/CFD-LM-211-128-N.jpg,BF-032,materials/cfd/Images/CFD/BF-032/CFD-BF-032-017-A.jpg,m,1
15,2,172,test,1,female,Black,male,White,happy,,,,intact,m,1585,False,False,,1,,,,False,378,BF-015,materials/cfd/Images/CFD/BF-015/CFD-BF-015-004-N.jpg,WM-013,materials/cfd/Images/CFD/WM-013/CFD-WM-013-006-HO.jpg,z,1
15,2,173,test,1,male,White,male,Black,happy,,,,intact,z,1356,True,False,,1,,,,False,380,WM-238,materials/cfd/Images/CFD/WM-238/CFD-WM-238-020-N.jpg,BM-016,materials/cfd/Images/CFD/BM-016/CFD-BM-016-040-HO.jpg,z,1
15,2,174,test,1,female,Latino,male,White,angry,,,,intact,m,1375,False,False,,1,,,,False,382,LF-246,materials/cfd/Images/CFD/LF-246/CFD-LF-246-129-N.jpg,WM-039,materials/cfd/Images/CFD/WM-039/CFD-WM-039-010-A.jpg,z,1
15,2,175,test,1,female,Black,female,Black,neutral,,,,intact,m,1091,False,False,,1,,,,False,384,BF-239,materials/cfd/Images/CFD/BF-239/CFD-BF-239-180-N.jpg,BF-202,materials/cfd/Images/CFD/BF-202/CFD-BF-202-109-N.jpg,z,1
15,2,176,test,1,male,Black,male,White,neutral,,,,rearranged,z,1379,False,False,,1,,,,False,386,BM-235,materials/cfd/Images/CFD/BM-235/CFD-BM-235-226-N.jpg,WM-200,materials/cfd/Images/CFD/WM-200/CFD-WM-200-034-N.jpg,m,1
15,2,177,test,1,female,White,female,White,angry,,,,rearranged,m,980,True,False,,1,,,,False,388,WF-244,materials/cfd/Images/CFD/WF-244/CFD-WF-244-163-N.jpg,WF-033,materials/cfd/Images/CFD/WF-033/CFD-WF-033-031-A.jpg,m,1
15,2,178,test,1,male,Asian,female,Black,angry,,,,intact,z,1150,True,False,,1,,,,False,390,AM-207,materials/cfd/Images/CFD/AM-207/CFD-AM-207-108-N.jpg,BF-034,materials/cfd/Images/CFD/BF-034/CFD-BF-034-035-A.jpg,z,1
15,2,179,test,1,male,Latino,male,White,happy,,,,intact,m,1575,False,False,,1,,,,False,392,LM-234,materials/cfd/Images/CFD/LM-234/CFD-LM-234-176-N.jpg,WM-017,materials/cfd/Images/CFD/WM-017/CFD-WM-017-005-HO.jpg,z,1
15,2,180,test,1,female,Black,male,White,happy,,,,intact,z,1736,True,False,,1,,,,False,394,BF-003,materials/cfd/Images/CFD/BF-003/CFD-BF-003-003-N.jpg,WM-040,materials/cfd/Images/CFD/WM-040/CFD-WM-040-023-HO.jpg,z,1
16,2,1,study,0,female,Latino,male,White,happy,,,,,z,968,True,False,,1,,,,False,17,LF-202,materials/cfd/Images/CFD/LF-202/CFD-LF-202-065-N.jpg,WM-029,materials/cfd/Images/CFD/WM-029/CFD-WM-029-029-HO.jpg,z,1
16,2,2,study,0,male,Black,female,White,happy,,,,,m,675,True,False,,1,,,,False,19,BM-245,materials/cfd/Images/CFD/BM-245/CFD-BM-245-164-N.jpg,WF-019,materials/cfd/Images/CFD/WF-019/CFD-WF-019-035-HO.jpg,m,1
16,2,3,study,0,male,Black,female,White,happy,,,,,m,785,True,False,,1,,,,False,21,BM-027,materials/cfd/Images/CFD/BM-027/CFD-BM-027-001-N.jpg,WF-020,materials/cfd/Images/CFD/WF-020/CFD-WF-020-023-HO.jpg,m,1
16,2,4,study,0,male,White,male,White,neutral,,,,,m,1091,True,False,,1,,,,False,23,WM-229,materials/cfd/Images/CFD/WM-229/CFD-WM-229-129-N.jpg,WM-223,materials/cfd/Images/CFD/WM-223/CFD-WM-223-056-N.jpg,m,1
16,2,5,study,0,male,Asian,male,White,angry,,,,,m,1094,True,False,,1,,,,False,25,AM-245,materials/cfd/Images/CFD/AM-245/CFD-AM-245-111-N.jpg,WM-021,materials/cfd/Images/CFD/WM-021/CFD-WM-021-009-A.jpg,m,1
16,2,6,study,0,female,Black,female,White,angry,,,,,z,724,True,False,,1,,,,False,27,BF-021,materials/cfd/Images/CFD/BF-021/CFD-BF-021-013-N.jpg,WF-023,materials/cfd/Images/CFD/WF-023/CFD-WF-023-013-A.jpg,z,1
16,2,7,study,0,female,White,male,White,neutral,,,,,z,911,True,False,,1,,,,False,29,WF-221,materials/cfd/Images/CFD/WF-221/CFD-WF-221-005-N.jpg,WM-248,materials/cfd/Images/CFD/WM-248/CFD-WM-248-036-N.jpg,z,1
16,2,8,study,0,female,White,male,White,happy,,,,,z,758,True,False,,1,,,,False,31,WF-245,materials/cfd/Images/CFD/WF-245/CFD-WF-245-084-N.jpg,WM-020,materials/cfd/Images/CFD/WM-020/CFD-WM-020-003-HO.jpg,z,1
16,2,9,study,0,male,White,male,Black,neutral,,,,,m,1022,True,False,,1,,,,False,33,WM-038,materials/cfd/Images/CFD/WM-038/CFD-WM-038-003-N.jpg,BM-250,materials/cfd/Images/CFD/BM-250/CFD-BM-250-170-N.jpg,m,1
16,2,10,study,0,female,Black,female,Black,neutral,,,,,z,975,True,False,,1,,,,False,35,BF-020,materials/cfd/Images/CFD/BF-020/CFD-BF-020-002-N.jpg,BF-251,materials/cfd/Images/CFD/BF-251/CFD-BF-251-211-N.jpg,z,1
16,2,11,study,0,female,Black,male,White,angry,,,,,z,1360,True,False,,1,,,,False,37,BF-049,materials/cfd/Images/CFD/BF-049/CFD-BF-049-032-N.jpg,WM-036,materials/cfd/Images/CFD/WM-036/CFD-WM-036-018-A.jpg,z,1
16,2,12,study,0,female,Latino,female,White,happy,,,,,z,833,True,False,,1,,,,False,39,LF-246,materials/cfd/Images/CFD/LF-246/CFD-LF-246-129-N.jpg,WF-013,materials/cfd/Images/CFD/WF-013/CFD-WF-013-006-HO.jpg,z,1
16,2,13,study,0,male,Black,male,White,angry,,,,,m,750,True,False,,1,,,,False,41,BM-202,materials/cfd/Images/CFD/BM-202/CFD-BM-202-063-N.jpg,WM-034,materials/cfd/Images/CFD/WM-034/CFD-WM-034-040-A.jpg,m,1
16,2,14,study,0,male,Asian,female,White,neutral,,,,,m,703,True,False,,1,,,,False,43,AM-226,materials/cfd/Images/CFD/AM-226/CFD-AM-226-234-N.jpg,WF-214,materials/cfd/Images/CFD/WF-214/CFD-WF-214-122-N.jpg,m,1
16,2,15,study,0,male,Latino,male,Black,happy,,,,,m,802,True,False,,1,,,,False,45,LM-221,materials/cfd/Images/CFD/LM-221/CFD-LM-221-216-N.jpg,BM-029,materials/cfd/Images/CFD/BM-029/CFD-BM-029-029-HO.jpg,m,1
16,2,16,study,0,male,Asian,female,Black,angry,,,,,m,1352,True,False,,1,,,,False,47,AM-248,materials/cfd/Images/CFD/AM-248/CFD-AM-248-104-N.jpg,BF-041,materials/cfd/Images/CFD/BF-041/CFD-BF-041-047-A.jpg,m,1
16,2,17,study,0,male,White,male,Black,happy,,,,,m,823,True,False,,1,,,,False,49,WM-249,materials/cfd/Images/CFD/WM-249/CFD-WM-249-239-N.jpg,BM-031,materials/cfd/Images/CFD/BM-031/CFD-BM-031-004-HO.jpg,m,1
16,2,18,study,0,female,Asian,female,Black,happy,,,,,z,825,True,False,,1,,,,False,51,AF-254,materials/cfd/Images/CFD/AF-254/CFD-AF-254-167-N.jpg,BF-001,materials/cfd/Images/CFD/BF-001/CFD-BF-001-018-HO.jpg,z,1
16,2,19,study,0,male,Black,female,White,angry,,,,,m,859,True,False,,1,,,,False,53,BM-201,materials/cfd/Images/CFD/BM-201/CFD-BM-201-077-N.jpg,WF-015,materials/cfd/Images/CFD/WF-015/CFD-WF-015-014-A.jpg,m,1
16,2,20,study,0,male,Latino,male,Black,neutral,,,,,m,886,True,False,,1,,,,False,55,LM-211,materials/cfd/Images/CFD/LM-211/CFD-LM-211-128-N.jpg,BM-017,materials/cfd/Images/CFD/BM-017/CFD-BM-017-021-N.jpg,m,1
16,2,21,study,0,female,Asian,male,White,angry,,,,,z,851,True,False,,1,,,,False,57,AF-234,materials/cfd/Images/CFD/AF-234/CFD-AF-234-208-N.jpg,WM-015,materials/cfd/Images/CFD/WM-015/CFD-WM-015-017-A.jpg,z,1
16,2,22,study,0,male,White,male,White,angry,,,,,m,850,True,False,,1,,,,False,59,WM-210,materials/cfd/Images/CFD/WM-210/CFD-WM-210-057-N.jpg,WM-004,materials/cfd/Images/CFD/WM-004/CFD-WM-004-011-A.jpg,m,1
16,2,23,study,0,female,White,female,Black,happy,,,,,z,707,True,False,,1,,,,False,61,WF-251,materials/cfd/Images/CFD/WF-251/CFD-WF-251-014-N.jpg,BF-011,materials/cfd/Images/CFD/BF-011/CFD-BF-011-004-HO.jpg,z,1
16,2,24,study,0,female,Latino,male,White,happy,,,,,z,809,True,False,,1,,,,False,63,LF-242,materials/cfd/Images/CFD/LF-242/CFD-LF-242-121-N.jpg,WM-031,materials/cfd/Images/CFD/WM-031/CFD-WM-031-004-HO.jpg,z,1
16,2,25,study,0,male,White,female,White,happy,,,,,m,889,True,False,,1,,,,False,65,WM-206,materials/cfd/Images/CFD/WM-206/CFD-WM-206-045-N.jpg,WF-033,materials/cfd/Images/CFD/WF-033/CFD-WF-033-005-HO.jpg,m,1
16,2,26,study,0,female,White,female,White,neutral,,,,,z,618,True,False,,1,,,,False,67,WF-231,materials/cfd/Images/CFD/WF-231/CFD-WF-231-099-N.jpg,WF-223,materials/cfd/Images/CFD/WF-223/CFD-WF-223-133-N.jpg,z,1
16,2,27,study,0,female,White,male,Black,angry,,,,,z,701,True,False,,1,,,,False,69,WF-039,materials/cfd/Images/CFD/WF-039/CFD-WF-039-025-N.jpg,BM-039,materials/cfd/Images/CFD/BM-039/CFD-BM-039-037-A.jpg,z,1
16,2,28,study,0,male,White,male,White,happy,,,,,m,1036,True,False,,1,,,,False,71,WM-215,materials/cfd/Images/CFD/WM-215/CFD-WM-215-041-N.jpg,WM-002,materials/cfd/Images/CFD/WM-002/CFD-WM-002-007-HO.jpg,m,1
16,2,29,study,0,female,Black,female,White,neutral,,,,,z,943,True,False,,1,,,,False,73,BF-216,materials/cfd/Images/CFD/BF-216/CFD-BF-216-132-N.jpg,WF-017,materials/cfd/Images/CFD/WF-017/CFD-WF-017-003-N.jpg,z,1
16,2,30,study,0,male,Latino,female,Black,neutral,,,,,m,836,True,False,,1,,,,False,75,LM-246,materials/cfd/Images/CFD/LM-246/CFD-LM-246-087-N.jpg,BF-009,materials/cfd/Images/CFD/BF-009/CFD-BF-009-002-N.jpg,m,1
16,2,31,study,1,male,Black,female,Black,angry,,,,,m,932,True,False,,1,,,,False,78,BM-001,materials/cfd/Images/CFD/BM-001/CFD-BM-001-014-N.jpg,BF-051,materials/cfd/Images/CFD/BF-051/CFD-BF-051-043-A.jpg,m,1
16,2,32,study,1,male,White,female,Black,neutral,,,,,m,918,True,False,,1,,,,False,80,WM-230,materials/cfd/Images/CFD/WM-230/CFD-WM-230-131-N.jpg,BF-203,materials/cfd/Images/CFD/BF-203/CFD-BF-203-184-N.jpg,m,1
16,2,33,study,1,male,Latino,male,White,neutral,,,,,m,746,True,False,,1,,,,False,82,LM-226,materials/cfd/Images/CFD/LM-226/CFD-LM-226-175-N.jpg,WM-255,materials/cfd/Images/CFD/WM-255/CFD-WM-255-219-N.jpg,m,1
16,2,34,study,1,female,Asian,female,White,angry,,,,,z,588,True,False,,1,,,,False,84,AF-214,materials/cfd/Images/CFD/AF-214/CFD-AF-214-139-N.jpg,WF-021,materials/cfd/Images/CFD/WF-021/CFD-WF-021-018-A.jpg,z,1
16,2,35,study,1,female,Asian,female,White,neutral,,,,,z,1481,True,False,,1,,,,False,86,AF-225,materials/cfd/Images/CFD/AF-225/CFD-AF-225-141-N.jpg,WF-018,materials/cfd/Images/CFD/WF-018/CFD-WF-018-017-N.jpg,z,1
16,2,36,study,1,male,Black,male,Black,angry,,,,,m,875,True,False,,1,,,,False,88,BM-242,materials/cfd/Images/CFD/BM-242/CFD-BM-242-233-N.jpg,BM-020,materials/cfd/Images/CFD/BM-020/CFD-BM-020-037-A.jpg,m,1
16,2,37,study,1,male,Black,male,White,neutral,,,,,m,1523,True,False,,1,,,,False,90,BM-253,materials/cfd/Images/CFD/BM-253/CFD-BM-253-004-N.jpg,WM-039,materials/cfd/Images/CFD/WM-039/CFD-WM-039-018-N.jpg,m,1
16,2,38,study,1,female,Latino,female,Black,happy,,,,,z,984,True,False,,1,,,,False,92,LF-205,materials/cfd/Images/CFD/LF-205/CFD-LF-205-100-N.jpg,BF-014,materials/cfd/Images/CFD/BF-014/CFD-BF-014-004-HO.jpg,z,1
16,2,39,study,1,male,Black,male,Black,angry,,,,,m,663,True,False,,1,,,,False,94,BM-228,materials/cfd/Images/CFD/BM-228/CFD-BM-228-145-N.jpg,BM-025,materials/cfd/Images/CFD/BM-025/CFD-BM-025-045-A.jpg,m,1
16,2,40,study,1,female,White,male,Black,angry,,,,,z,1198,True,False,,1,,,,False,96,WF-229,materials/cfd/Images/CFD/WF-229/CFD-WF-229-004-N.jpg,BM-005,materials/cfd/Images/CFD/BM-005/CFD-BM-005-010-A.jpg,z,1
16,2,41,study,1,male,Latino,female,White,angry,,,,,m,912,True,False,,1,,,,False,98,LM-241,materials/cfd/Images/CFD/LM-241/CFD-LM-241-125-N.jpg,WF-007,materials/cfd/Images/CFD/WF-007/CFD-WF-007-029-A.jpg,m,1
16,2,42,study,1,female,Latino,male,Black,neutral,,,,,z,843,True,False,,1,,,,False,100,LF-221,materials/cfd/Images/CFD/LF-221/CFD-LF-221-002-N.jpg,BM-210,materials/cfd/Images/CFD/BM-210/CFD-BM-210-148-N.jpg,z,1
16,2,43,study,1,female,Latino,male,Black,neutral,,,,,z,813,True,False,,1,,,,False,102,LF-230,materials/cfd/Images/CFD/LF-230/CFD-LF-230-203-N.jpg,BM-217,materials/cfd/Images/CFD/BM-217/CFD-BM-217-082-N.jpg,z,1
16,2,44,study,1,female,Black,female,White,angry,,,,,z,691,True,False,,1,,,,False,104,BF-007,materials/cfd/Images/CFD/BF-007/CFD-BF-007-001-N.jpg,WF-028,materials/cfd/Images/CFD/WF-028/CFD-WF-028-026-A.jpg,z,1
16,2,45,study,1,female,Asian,male,White,neutral,,,,,z,786,True,False,,1,,,,False,106,AF-231,materials/cfd/Images/CFD/AF-231/CFD-AF-231-357-N.jpg,WM-016,materials/cfd/Images/CFD/WM-016/CFD-WM-016-001-N.jpg,z,1
16,2,46,study,1,female,White,female,Black,angry,,,,,z,857,True,False,,1,,,,False,108,WF-211,materials/cfd/Images/CFD/WF-211/CFD-WF-211-001-N.jpg,BF-003,materials/cfd/Images/CFD/BF-003/CFD-BF-003-016-A.jpg,z,1
16,2,47,study,1,male,Asian,female,Black,neutral,,,,,m,684,True,False,,1,,,,False,110,AM-241,materials/cfd/Images/CFD/AM-241/CFD-AM-241-287-N.jpg,BF-006,materials/cfd/Images/CFD/BF-006/CFD-BF-006-017-N.jpg,m,1
16,2,48,study,1,male,White,male,Black,happy,,,,,m,623,True,False,,1,,,,False,112,WM-208,materials/cfd/Images/CFD/WM-208/CFD-WM-208-068-N.jpg,BM-003,materials/cfd/Images/CFD/BM-003/CFD-BM-003-021-HO.jpg,m,1
16,2,49,study,1,female,Black,female,Black,happy,,,,,z,1089,True,False,,1,,,,False,114,BF-024,materials/cfd/Images/CFD/BF-024/CFD-BF-024-002-N.jpg,BF-023,materials/cfd/Images/CFD/BF-023/CFD-BF-023-003-HO.jpg,z,1
16,2,50,study,1,female,White,male,White,happy,,,,,z,1115,True,False,,1,,,,False,116,WF-026,materials/cfd/Images/CFD/WF-026/CFD-WF-026-002-N.jpg,WM-026,materials/cfd/Images/CFD/WM-026/CFD-WM-026-006-HO.jpg,z,1
16,2,51,study,1,female,Asian,male,White,happy,,,,,z,994,True,False,,1,,,,False,118,AF-226,materials/cfd/Images/CFD/AF-226/CFD-AF-226-251-N.jpg,WM-009,materials/cfd/Images/CFD/WM-009/CFD-WM-009-004-HO.jpg,z,1
16,2,52,study,1,female,White,male,White,angry,,,,,z,1518,True,False,,1,,,,False,120,WF-240,materials/cfd/Images/CFD/WF-240/CFD-WF-240-083-N.jpg,WM-019,materials/cfd/Images/CFD/WM-019/CFD-WM-019-013-A.jpg,z,1
16,2,53,study,1,male,White,male,Black,happy,,,,,m,1274,True,False,,1,,,,False,122,WM-013,materials/cfd/Images/CFD/WM-013/CFD-WM-013-001-N.jpg,BM-036,materials/cfd/Images/CFD/BM-036/CFD-BM-036-004-HO.jpg,m,1
16,2,54,study,1,female,Latino,female,Black,angry,,,,,z,948,True,False,,1,,,,False,124,LF-254,materials/cfd/Images/CFD/LF-254/CFD-LF-254-125-N.jpg,BF-017,materials/cfd/Images/CFD/BF-017/CFD-BF-017-011-A.jpg,z,1
16,2,55,study,1,female,Black,male,Black,neutral,,,,,z,793,True,False,,1,,,,False,126,BF-042,materials/cfd/Images/CFD/BF-042/CFD-BF-042-026-N.jpg,BM-229,materials/cfd/Images/CFD/BM-229/CFD-BM-229-209-N.jpg,z,1
16,2,56,study,1,male,White,female,Black,angry,,,,,m,916,True,False,,1,,,,False,128,WM-234,materials/cfd/Images/CFD/WM-234/CFD-WM-234-118-N.jpg,BF-033,materials/cfd/Images/CFD/BF-033/CFD-BF-033-016-A.jpg,m,1
16,2,57,study,1,female,Black,female,Black,neutral,,,,,z,1857,True,False,,1,,,,False,130,BF-012,materials/cfd/Images/CFD/BF-012/CFD-BF-012-001-N.jpg,BF-038,materials/cfd/Images/CFD/BF-038/CFD-BF-038-037-N.jpg,z,1
16,2,58,study,1,male,White,female,Black,happy,,,,,m,1536,True,False,,1,,,,False,132,WM-211,materials/cfd/Images/CFD/WM-211/CFD-WM-211-054-N.jpg,BF-004,materials/cfd/Images/CFD/BF-004/CFD-BF-004-009-HO.jpg,m,1
16,2,59,study,1,male,Black,female,Black,neutral,,,,,m,1754,True,False,,1,,,,False,134,BM-209,materials/cfd/Images/CFD/BM-209/CFD-BM-209-088-N.jpg,BF-029,materials/cfd/Images/CFD/BF-029/CFD-BF-029-031-N.jpg,m,1
16,2,60,study,1,male,Asian,female,Black,happy,,,,,m,1185,True,False,,1,,,,False,136,AM-234,materials/cfd/Images/CFD/AM-234/CFD-AM-234-355-N.jpg,BF-040,materials/cfd/Images/CFD/BF-040/CFD-BF-040-043-HO.jpg,m,1
16,2,61,study,0,female,Asian,male,White,neutral,,,,,z,1188,True,False,,1,,,,False,139,AF-231,materials/cfd/Images/CFD/AF-231/CFD-AF-231-357-N.jpg,WM-016,materials/cfd/Images/CFD/WM-016/CFD-WM-016-001-N.jpg,z,1
16,2,62,study,0,female,Asian,male,White,happy,,,,,z,903,True,False,,1,,,,False,141,AF-226,materials/cfd/Images/CFD/AF-226/CFD-AF-226-251-N.jpg,WM-009,materials/cfd/Images/CFD/WM-009/CFD-WM-009-004-HO.jpg,z,1
16,2,63,study,0,male,Latino,male,Black,happy,,,,,m,746,True,False,,1,,,,False,143,LM-221,materials/cfd/Images/CFD/LM-221/CFD-LM-221-216-N.jpg,BM-029,materials/cfd/Images/CFD/BM-029/CFD-BM-029-029-HO.jpg,m,1
16,2,64,study,0,female,Latino,female,Black,angry,,,,,z,576,True,False,,1,,,,False,145,LF-254,materials/cfd/Images/CFD/LF-254/CFD-LF-254-125-N.jpg,BF-017,materials/cfd/Images/CFD/BF-017/CFD-BF-017-011-A.jpg,z,1
16,2,65,study,0,male,Black,female,White,angry,,,,,m,717,True,False,,1,,,,False,147,BM-201,materials/cfd/Images/CFD/BM-201/CFD-BM-201-077-N.jpg,WF-015,materials/cfd/Images/CFD/WF-015/CFD-WF-015-014-A.jpg,m,1
16,2,66,study,0,male,Asian,male,White,angry,,,,,m,819,True,False,,1,,,,False,149,AM-245,materials/cfd/Images/CFD/AM-245/CFD-AM-245-111-N.jpg,WM-021,materials/cfd/Images/CFD/WM-021/CFD-WM-021-009-A.jpg,m,1
16,2,67,study,0,female,White,male,Black,angry,,,,,z,771,True,False,,1,,,,False,151,WF-229,materials/cfd/Images/CFD/WF-229/CFD-WF-229-004-N.jpg,BM-005,materials/cfd/Images/CFD/BM-005/CFD-BM-005-010-A.jpg,z,1
16,2,68,study,0,female,White,female,White,neutral,,,,,z,875,True,False,,1,,,,False,153,WF-231,materials/cfd/Images/CFD/WF-231/CFD-WF-231-099-N.jpg,WF-223,materials/cfd/Images/CFD/WF-223/CFD-WF-223-133-N.jpg,z,1
16,2,69,study,0,male,Black,female,Black,neutral,,,,,m,486,True,False,,1,,,,False,155,BM-209,materials/cfd/Images/CFD/BM-209/CFD-BM-209-088-N.jpg,BF-029,materials/cfd/Images/CFD/BF-029/CFD-BF-029-031-N.jpg,m,1
16,2,70,study,0,male,Latino,female,Black,neutral,,,,,m,635,True,False,,1,,,,False,157,LM-246,materials/cfd/Images/CFD/LM-246/CFD-LM-246-087-N.jpg,BF-009,materials/cfd/Images/CFD/BF-009/CFD-BF-009-002-N.jpg,m,1
16,2,71,study,0,female,Black,male,Black,neutral,,,,,z,1649,True,False,,1,,,,False,159,BF-042,materials/cfd/Images/CFD/BF-042/CFD-BF-042-026-N.jpg,BM-229,materials/cfd/Images/CFD/BM-229/CFD-BM-229-209-N.jpg,z,1
16,2,72,study,0,female,Black,female,White,angry,,,,,z,792,True,False,,1,,,,False,161,BF-021,materials/cfd/Images/CFD/BF-021/CFD-BF-021-013-N.jpg,WF-023,materials/cfd/Images/CFD/WF-023/CFD-WF-023-013-A.jpg,z,1
16,2,73,study,0,female,Asian,male,White,angry,,,,,z,2080,True,False,,1,,,,False,163,AF-234,materials/cfd/Images/CFD/AF-234/CFD-AF-234-208-N.jpg,WM-015,materials/cfd/Images/CFD/WM-015/CFD-WM-015-017-A.jpg,z,1
16,2,74,study,0,female,Latino,male,White,happy,,,,,z,785,True,False,,1,,,,False,165,LF-242,materials/cfd/Images/CFD/LF-242/CFD-LF-242-121-N.jpg,WM-031,materials/cfd/Images/CFD/WM-031/CFD-WM-031-004-HO.jpg,z,1
16,2,75,study,0,male,Black,male,White,angry,,,,,m,805,True,False,,1,,,,False,167,BM-202,materials/cfd/Images/CFD/BM-202/CFD-BM-202-063-N.jpg,WM-034,materials/cfd/Images/CFD/WM-034/CFD-WM-034-040-A.jpg,m,1
16,2,76,study,0,male,Latino,male,Black,neutral,,,,,m,895,True,False,,1,,,,False,169,LM-211,materials/cfd/Images/CFD/LM-211/CFD-LM-211-128-N.jpg,BM-017,materials/cfd/Images/CFD/BM-017/CFD-BM-017-021-N.jpg,m,1
16,2,77,study,0,male,White,male,White,happy,,,,,m,581,True,False,,1,,,,False,171,WM-215,materials/cfd/Images/CFD/WM-215/CFD-WM-215-041-N.jpg,WM-002,materials/cfd/Images/CFD/WM-002/CFD-WM-002-007-HO.jpg,m,1
16,2,78,study,0,female,White,female,Black,angry,,,,,z,676,True,False,,1,,,,False,173,WF-211,materials/cfd/Images/CFD/WF-211/CFD-WF-211-001-N.jpg,BF-003,materials/cfd/Images/CFD/BF-003/CFD-BF-003-016-A.jpg,z,1
16,2,79,study,0,male,White,male,Black,happy,,,,,m,630,True,False,,1,,,,False,175,WM-013,materials/cfd/Images/CFD/WM-013/CFD-WM-013-001-N.jpg,BM-036,materials/cfd/Images/CFD/BM-036/CFD-BM-036-004-HO.jpg,m,1
16,2,80,study,0,female,Latino,female,Black,happy,,,,,z,557,True,False,,1,,,,False,177,LF-205,materials/cfd/Images/CFD/LF-205/CFD-LF-205-100-N.jpg,BF-014,materials/cfd/Images/CFD/BF-014/CFD-BF-014-004-HO.jpg,z,1
16,2,81,study,0,female,White,male,White,neutral,,,,,z,580,True,False,,1,,,,False,179,WF-221,materials/cfd/Images/CFD/WF-221/CFD-WF-221-005-N.jpg,WM-248,materials/cfd/Images/CFD/WM-248/CFD-WM-248-036-N.jpg,z,1
16,2,82,study,0,female,Black,female,Black,neutral,,,,,z,914,True,False,,1,,,,False,181,BF-020,materials/cfd/Images/CFD/BF-020/CFD-BF-020-002-N.jpg,BF-251,materials/cfd/Images/CFD/BF-251/CFD-BF-251-211-N.jpg,z,1
16,2,83,study,0,male,Black,female,White,happy,,,,,m,740,True,False,,1,,,,False,183,BM-027,materials/cfd/Images/CFD/BM-027/CFD-BM-027-001-N.jpg,WF-020,materials/cfd/Images/CFD/WF-020/CFD-WF-020-023-HO.jpg,m,1
16,2,84,study,0,male,White,male,Black,neutral,,,,,m,1487,True,False,,1,,,,False,185,WM-038,materials/cfd/Images/CFD/WM-038/CFD-WM-038-003-N.jpg,BM-250,materials/cfd/Images/CFD/BM-250/CFD-BM-250-170-N.jpg,m,1
16,2,85,study,0,male,Asian,female,Black,happy,,,,,m,1374,True,False,,1,,,,False,187,AM-234,materials/cfd/Images/CFD/AM-234/CFD-AM-234-355-N.jpg,BF-040,materials/cfd/Images/CFD/BF-040/CFD-BF-040-043-HO.jpg,m,1
16,2,86,study,0,female,Latino,male,Black,neutral,,,,,z,886,True,False,,1,,,,False,189,LF-230,materials/cfd/Images/CFD/LF-230/CFD-LF-230-203-N.jpg,BM-217,materials/cfd/Images/CFD/BM-217/CFD-BM-217-082-N.jpg,z,1
16,2,87,study,0,female,Latino,male,White,happy,,,,,z,698,True,False,,1,,,,False,191,LF-202,materials/cfd/Images/CFD/LF-202/CFD-LF-202-065-N.jpg,WM-029,materials/cfd/Images/CFD/WM-029/CFD-WM-029-029-HO.jpg,z,1
16,2,88,study,0,female,Asian,female,White,angry,,,,,z,805,True,False,,1,,,,False,193,AF-214,materials/cfd/Images/CFD/AF-214/CFD-AF-214-139-N.jpg,WF-021,materials/cfd/Images/CFD/WF-021/CFD-WF-021-018-A.jpg,z,1
16,2,89,study,0,male,White,female,Black,happy,,,,,m,839,True,False,,1,,,,False,195,WM-211,materials/cfd/Images/CFD/WM-211/CFD-WM-211-054-N.jpg,BF-004,materials/cfd/Images/CFD/BF-004/CFD-BF-004-009-HO.jpg,m,1
16,2,90,study,0,male,Latino,male,White,neutral,,,,,m,827,True,False,,1,,,,False,197,LM-226,materials/cfd/Images/CFD/LM-226/CFD-LM-226-175-N.jpg,WM-255,materials/cfd/Images/CFD/WM-255/CFD-WM-255-219-N.jpg,m,1
16,2,91,study,1,male,Asian,female,Black,neutral,,,,,m,821,True,False,,1,,,,False,200,AM-241,materials/cfd/Images/CFD/AM-241/CFD-AM-241-287-N.jpg,BF-006,materials/cfd/Images/CFD/BF-006/CFD-BF-006-017-N.jpg,m,1
16,2,92,study,1,female,Black,female,Black,happy,,,,,z,901,True,False,,1,,,,False,202,BF-024,materials/cfd/Images/CFD/BF-024/CFD-BF-024-002-N.jpg,BF-023,materials/cfd/Images/CFD/BF-023/CFD-BF-023-003-HO.jpg,z,1
16,2,93,study,1,male,White,female,White,happy,,,,,m,789,True,False,,1,,,,False,204,WM-206,materials/cfd/Images/CFD/WM-206/CFD-WM-206-045-N.jpg,WF-033,materials/cfd/Images/CFD/WF-033/CFD-WF-033-005-HO.jpg,m,1
16,2,94,study,1,male,White,male,Black,happy,,,,,m,876,True,False,,1,,,,False,206,WM-208,materials/cfd/Images/CFD/WM-208/CFD-WM-208-068-N.jpg,BM-003,materials/cfd/Images/CFD/BM-003/CFD-BM-003-021-HO.jpg,m,1
16,2,95,study,1,male,White,male,Black,happy,,,,,m,1087,True,False,,1,,,,False,208,WM-249,materials/cfd/Images/CFD/WM-249/CFD-WM-249-239-N.jpg,BM-031,materials/cfd/Images/CFD/BM-031/CFD-BM-031-004-HO.jpg,m,1
16,2,96,study,1,female,Latino,female,White,happy,,,,,z,677,True,False,,1,,,,False,210,LF-246,materials/cfd/Images/CFD/LF-246/CFD-LF-246-129-N.jpg,WF-013,materials/cfd/Images/CFD/WF-013/CFD-WF-013-006-HO.jpg,z,1
16,2,97,study,1,female,Black,male,White,angry,,,,,z,883,True,False,,1,,,,False,212,BF-049,materials/cfd/Images/CFD/BF-049/CFD-BF-049-032-N.jpg,WM-036,materials/cfd/Images/CFD/WM-036/CFD-WM-036-018-A.jpg,z,1
16,2,98,study,1,female,White,male,White,happy,,,,,z,992,True,False,,1,,,,False,214,WF-026,materials/cfd/Images/CFD/WF-026/CFD-WF-026-002-N.jpg,WM-026,materials/cfd/Images/CFD/WM-026/CFD-WM-026-006-HO.jpg,z,1
16,2,99,study,1,male,Asian,female,White,neutral,,,,,m,891,True,False,,1,,,,False,216,AM-226,materials/cfd/Images/CFD/AM-226/CFD-AM-226-234-N.jpg,WF-214,materials/cfd/Images/CFD/WF-214/CFD-WF-214-122-N.jpg,m,1
16,2,100,study,1,male,Latino,female,White,angry,,,,,m,815,True,False,,1,,,,False,218,LM-241,materials/cfd/Images/CFD/LM-241/CFD-LM-241-125-N.jpg,WF-007,materials/cfd/Images/CFD/WF-007/CFD-WF-007-029-A.jpg,m,1
16,2,101,study,1,male,Black,female,Black,angry,,,,,m,694,True,False,,1,,,,False,220,BM-001,materials/cfd/Images/CFD/BM-001/CFD-BM-001-014-N.jpg,BF-051,materials/cfd/Images/CFD/BF-051/CFD-BF-051-043-A.jpg,m,1
16,2,102,study,1,male,White,female,Black,angry,,,,,m,1022,True,False,,1,,,,False,222,WM-234,materials/cfd/Images/CFD/WM-234/CFD-WM-234-118-N.jpg,BF-033,materials/cfd/Images/CFD/BF-033/CFD-BF-033-016-A.jpg,m,1
16,2,103,study,1,female,White,female,Black,happy,,,,,z,874,True,False,,1,,,,False,224,WF-251,materials/cfd/Images/CFD/WF-251/CFD-WF-251-014-N.jpg,BF-011,materials/cfd/Images/CFD/BF-011/CFD-BF-011-004-HO.jpg,z,1
16,2,104,study,1,female,White,male,White,angry,,,,,z,1109,True,False,,1,,,,False,226,WF-240,materials/cfd/Images/CFD/WF-240/CFD-WF-240-083-N.jpg,WM-019,materials/cfd/Images/CFD/WM-019/CFD-WM-019-013-A.jpg,z,1
16,2,105,study,1,male,White,female,Black,neutral,,,,,m,877,True,False,,1,,,,False,228,WM-230,materials/cfd/Images/CFD/WM-230/CFD-WM-230-131-N.jpg,BF-203,materials/cfd/Images/CFD/BF-203/CFD-BF-203-184-N.jpg,m,1
16,2,106,study,1,female,Black,female,White,neutral,,,,,z,933,True,False,,1,,,,False,230,BF-216,materials/cfd/Images/CFD/BF-216/CFD-BF-216-132-N.jpg,WF-017,materials/cfd/Images/CFD/WF-017/CFD-WF-017-003-N.jpg,z,1
16,2,107,study,1,female,Black,female,White,angry,,,,,z,1388,True,False,,1,,,,False,232,BF-007,materials/cfd/Images/CFD/BF-007/CFD-BF-007-001-N.jpg,WF-028,materials/cfd/Images/CFD/WF-028/CFD-WF-028-026-A.jpg,z,1
16,2,108,study,1,male,White,male,White,angry,,,,,m,945,True,False,,1,,,,False,234,WM-210,materials/cfd/Images/CFD/WM-210/CFD-WM-210-057-N.jpg,WM-004,materials/cfd/Images/CFD/WM-004/CFD-WM-004-011-A.jpg,m,1
16,2,109,study,1,female,Latino,male,Black,neutral,,,,,z,820,True,False,,1,,,,False,236,LF-221,materials/cfd/Images/CFD/LF-221/CFD-LF-221-002-N.jpg,BM-210,materials/cfd/Images/CFD/BM-210/CFD-BM-210-148-N.jpg,z,1
16,2,110,study,1,female,Black,female,Black,neutral,,,,,z,983,True,False,,1,,,,False,238,BF-012,materials/cfd/Images/CFD/BF-012/CFD-BF-012-001-N.jpg,BF-038,materials/cfd/Images/CFD/BF-038/CFD-BF-038-037-N.jpg,z,1
16,2,111,study,1,female,White,male,White,happy,,,,,z,965,True,False,,1,,,,False,240,WF-245,materials/cfd/Images/CFD/WF-245/CFD-WF-245-084-N.jpg,WM-020,materials/cfd/Images/CFD/WM-020/CFD-WM-020-003-HO.jpg,z,1
16,2,112,study,1,female,White,male,Black,angry,,,,,z,1183,True,False,,1,,,,False,242,WF-039,materials/cfd/Images/CFD/WF-039/CFD-WF-039-025-N.jpg,BM-039,materials/cfd/Images/CFD/BM-039/CFD-BM-039-037-A.jpg,z,1
16,2,113,study,1,male,Black,male,Black,angry,,,,,m,1074,True,False,,1,,,,False,244,BM-242,materials/cfd/Images/CFD/BM-242/CFD-BM-242-233-N.jpg,BM-020,materials/cfd/Images/CFD/BM-020/CFD-BM-020-037-A.jpg,m,1
16,2,114,study,1,male,Black,male,Black,angry,,,,,m,857,True,False,,1,,,,False,246,BM-228,materials/cfd/Images/CFD/BM-228/CFD-BM-228-145-N.jpg,BM-025,materials/cfd/Images/CFD/BM-025/CFD-BM-025-045-A.jpg,m,1
16,2,115,study,1,female,Asian,female,Black,happy,,,,,z,980,True,False,,1,,,,False,248,AF-254,materials/cfd/Images/CFD/AF-254/CFD-AF-254-167-N.jpg,BF-001,materials/cfd/Images/CFD/BF-001/CFD-BF-001-018-HO.jpg,z,1
16,2,116,study,1,male,White,male,White,neutral,,,,,z,1369,False,False,,1,,,,False,250,WM-229,materials/cfd/Images/CFD/WM-229/CFD-WM-229-129-N.jpg,WM-223,materials/cfd/Images/CFD/WM-223/CFD-WM-223-056-N.jpg,m,1
16,2,117,study,1,female,Asian,female,White,neutral,,,,,z,912,True,False,,1,,,,False,252,AF-225,materials/cfd/Images/CFD/AF-225/CFD-AF-225-141-N.jpg,WF-018,materials/cfd/Images/CFD/WF-018/CFD-WF-018-017-N.jpg,z,1
16,2,118,study,1,male,Black,male,White,neutral,,,,,m,1044,True,False,,1,,,,False,254,BM-253,materials/cfd/Images/CFD/BM-253/CFD-BM-253-004-N.jpg,WM-039,materials/cfd/Images/CFD/WM-039/CFD-WM-039-018-N.jpg,m,1
16,2,119,study,1,male,Asian,female,Black,angry,,,,,m,846,True,False,,1,,,,False,256,AM-248,materials/cfd/Images/CFD/AM-248/CFD-AM-248-104-N.jpg,BF-041,materials/cfd/Images/CFD/BF-041/CFD-BF-041-047-A.jpg,m,1
16,2,120,study,1,male,Black,female,White,happy,,,,,m,857,True,False,,1,,,,False,258,BM-245,materials/cfd/Images/CFD/BM-245/CFD-BM-245-164-N.jpg,WF-019,materials/cfd/Images/CFD/WF-019/CFD-WF-019-035-HO.jpg,m,1
16,2,121,test,0,male,White,male,White,angry,,,,intact,m,1534,False,False,,1,,,,False,277,WM-210,materials/cfd/Images/CFD/WM-210/CFD-WM-210-057-N.jpg,WM-004,materials/cfd/Images/CFD/WM-004/CFD-WM-004-011-A.jpg,z,1
16,2,122,test,0,male,White,female,Black,happy,,,,rearranged,z,1118,False,False,,1,,,,False,279,WM-206,materials/cfd/Images/CFD/WM-206/CFD-WM-206-045-N.jpg,BF-040,materials/cfd/Images/CFD/BF-040/CFD-BF-040-043-HO.jpg,m,1
16,2,123,test,0,female,Asian,female,Black,neutral,,,,rearranged,z,1166,False,False,,1,,,,False,281,AF-225,materials/cfd/Images/CFD/AF-225/CFD-AF-225-141-N.jpg,BF-251,materials/cfd/Images/CFD/BF-251/CFD-BF-251-211-N.jpg,m,1
16,2,124,test,0,female,Asian,male,White,neutral,,,,intact,m,1539,False,False,,1,,,,False,283,AF-231,materials/cfd/Images/CFD/AF-231/CFD-AF-231-357-N.jpg,WM-016,materials/cfd/Images/CFD/WM-016/CFD-WM-016-001-N.jpg,z,1
16,2,125,test,0,female,Black,female,White,neutral,,,,intact,z,1452,True,False,,1,,,,False,285,BF-216,materials/cfd/Images/CFD/BF-216/CFD-BF-216-132-N.jpg,WF-017,materials/cfd/Images/CFD/WF-017/CFD-WF-017-003-N.jpg,z,1
16,2,126,test,0,female,White,male,White,angry,,,,rearranged,z,1239,False,False,,1,,,,False,287,WF-039,materials/cfd/Images/CFD/WF-039/CFD-WF-039-025-N.jpg,WM-019,materials/cfd/Images/CFD/WM-019/CFD-WM-019-013-A.jpg,m,1
16,2,127,test,0,male,Asian,female,White,neutral,,,,intact,z,1208,True,False,,1,,,,False,289,AM-226,materials/cfd/Images/CFD/AM-226/CFD-AM-226-234-N.jpg,WF-214,materials/cfd/Images/CFD/WF-214/CFD-WF-214-122-N.jpg,z,1
16,2,128,test,0,female,White,male,Black,angry,,,,intact,m,1623,False,False,,1,,,,False,291,WF-229,materials/cfd/Images/CFD/WF-229/CFD-WF-229-004-N.jpg,BM-005,materials/cfd/Images/CFD/BM-005/CFD-BM-005-010-A.jpg,z,1
16,2,129,test,0,male,Black,male,Black,angry,,,,rearranged,z,1274,False,False,,1,,,,False,293,BM-202,materials/cfd/Images/CFD/BM-202/CFD-BM-202-063-N.jpg,BM-020,materials/cfd/Images/CFD/BM-020/CFD-BM-020-037-A.jpg,m,1
16,2,130,test,0,male,White,male,Black,neutral,,,,rearranged,m,1729,True,False,,1,,,,False,295,WM-229,materials/cfd/Images/CFD/WM-229/CFD-WM-229-129-N.jpg,BM-250,materials/cfd/Images/CFD/BM-250/CFD-BM-250-170-N.jpg,m,1
16,2,131,test,0,female,Black,female,Black,neutral,,,,intact,z,1361,True,False,,1,,,,False,297,BF-012,materials/cfd/Images/CFD/BF-012/CFD-BF-012-001-N.jpg,BF-038,materials/cfd/Images/CFD/BF-038/CFD-BF-038-037-N.jpg,z,1
16,2,132,test,0,female,White,female,White,neutral,,,,intact,z,1626,True,False,,1,,,,False,299,WF-231,materials/cfd/Images/CFD/WF-231/CFD-WF-231-099-N.jpg,WF-223,materials/cfd/Images/CFD/WF-223/CFD-WF-223-133-N.jpg,z,1
16,2,133,test,0,male,Black,male,White,angry,,,,rearranged,m,1140,True,False,,1,,,,False,301,BM-228,materials/cfd/Images/CFD/BM-228/CFD-BM-228-145-N.jpg,WM-034,materials/cfd/Images/CFD/WM-034/CFD-WM-034-040-A.jpg,m,1
16,2,134,test,0,female,Black,male,White,neutral,,,,rearranged,m,1968,True,False,,1,,,,False,303,BF-042,materials/cfd/Images/CFD/BF-042/CFD-BF-042-026-N.jpg,WM-248,materials/cfd/Images/CFD/WM-248/CFD-WM-248-036-N.jpg,m,1
16,2,135,test,0,male,White,male,Black,happy,,,,intact,m,1532,False,False,,1,,,,False,305,WM-249,materials/cfd/Images/CFD/WM-249/CFD-WM-249-239-N.jpg,BM-031,materials/cfd/Images/CFD/BM-031/CFD-BM-031-004-HO.jpg,z,1
16,2,136,test,0,male,White,male,Black,happy,,,,rearranged,z,1501,False,False,,1,,,,False,307,WM-013,materials/cfd/Images/CFD/WM-013/CFD-WM-013-001-N.jpg,BM-003,materials/cfd/Images/CFD/BM-003/CFD-BM-003-021-HO.jpg,m,1
16,2,137,test,0,male,Black,female,Black,angry,,,,intact,z,1279,True,False,,1,,,,False,309,BM-001,materials/cfd/Images/CFD/BM-001/CFD-BM-001-014-N.jpg,BF-051,materials/cfd/Images/CFD/BF-051/CFD-BF-051-043-A.jpg,z,1
16,2,138,test,0,female,Asian,female,Black,happy,,,,rearranged,z,982,False,False,,1,,,,False,311,AF-254,materials/cfd/Images/CFD/AF-254/CFD-AF-254-167-N.jpg,BF-011,materials/cfd/Images/CFD/BF-011/CFD-BF-011-004-HO.jpg,m,1
16,2,139,test,0,female,Asian,female,White,angry,,,,rearranged,z,1220,False,False,,1,,,,False,313,AF-214,materials/cfd/Images/CFD/AF-214/CFD-AF-214-139-N.jpg,WF-023,materials/cfd/Images/CFD/WF-023/CFD-WF-023-013-A.jpg,m,1
16,2,140,test,0,female,Black,female,Black,happy,,,,intact,z,1511,True,False,,1,,,,False,315,BF-024,materials/cfd/Images/CFD/BF-024/CFD-BF-024-002-N.jpg,BF-023,materials/cfd/Images/CFD/BF-023/CFD-BF-023-003-HO.jpg,z,1
16,2,141,test,0,male,Latino,male,Black,happy,,,,intact,z,1422,True,False,,1,,,,False,317,LM-221,materials/cfd/Images/CFD/LM-221/CFD-LM-221-216-N.jpg,BM-029,materials/cfd/Images/CFD/BM-029/CFD-BM-029-029-HO.jpg,z,1
16,2,142,test,0,female,Latino,female,Black,happy,,,,rearranged,z,1593,False,False,,1,,,,False,319,LF-246,materials/cfd/Images/CFD/LF-246/CFD-LF-246-129-N.jpg,BF-001,materials/cfd/Images/CFD/BF-001/CFD-BF-001-018-HO.jpg,m,1
16,2,143,test,0,female,Latino,male,White,happy,,,,rearranged,m,1260,True,False,,1,,,,False,321,LF-242,materials/cfd/Images/CFD/LF-242/CFD-LF-242-121-N.jpg,WM-029,materials/cfd/Images/CFD/WM-029/CFD-WM-029-029-HO.jpg,m,1
16,2,144,test,0,male,White,male,Black,happy,,,,rearranged,m,1643,True,False,,1,,,,False,323,WM-208,materials/cfd/Images/CFD/WM-208/CFD-WM-208-068-N.jpg,BM-036,materials/cfd/Images/CFD/BM-036/CFD-BM-036-004-HO.jpg,m,1
16,2,145,test,0,male,Black,female,White,happy,,,,intact,m,1875,False,False,,1,,,,False,325,BM-027,materials/cfd/Images/CFD/BM-027/CFD-BM-027-001-N.jpg,WF-020,materials/cfd/Images/CFD/WF-020/CFD-WF-020-023-HO.jpg,z,1
16,2,146,test,0,female,White,female,White,happy,,,,rearranged,z,1499,False,False,,1,,,,False,327,WF-251,materials/cfd/Images/CFD/WF-251/CFD-WF-251-014-N.jpg,WF-013,materials/cfd/Images/CFD/WF-013/CFD-WF-013-006-HO.jpg,m,1
16,2,147,test,0,male,Asian,female,White,angry,,,,rearranged,z,1477,False,False,,1,,,,False,329,AM-248,materials/cfd/Images/CFD/AM-248/CFD-AM-248-104-N.jpg,WF-015,materials/cfd/Images/CFD/WF-015/CFD-WF-015-014-A.jpg,m,1
16,2,148,test,0,male,Latino,female,Black,neutral,,,,rearranged,m,1895,True,False,,1,,,,False,331,LM-246,materials/cfd/Images/CFD/LM-246/CFD-LM-246-087-N.jpg,BF-029,materials/cfd/Images/CFD/BF-029/CFD-BF-029-031-N.jpg,m,1
16,2,149,test,0,male,Asian,male,White,angry,,,,intact,z,1525,True,False,,1,,,,False,333,AM-245,materials/cfd/Images/CFD/AM-245/CFD-AM-245-111-N.jpg,WM-021,materials/cfd/Images/CFD/WM-021/CFD-WM-021-009-A.jpg,z,1
16,2,150,test,0,female,Asian,male,White,angry,,,,intact,z,1229,True,False,,1,,,,False,335,AF-234,materials/cfd/Images/CFD/AF-234/CFD-AF-234-208-N.jpg,WM-015,materials/cfd/Images/CFD/WM-015/CFD-WM-015-017-A.jpg,z,1
16,2,151,test,1,male,Latino,male,White,neutral,,,,intact,z,1129,True,False,,1,,,,False,338,LM-226,materials/cfd/Images/CFD/LM-226/CFD-LM-226-175-N.jpg,WM-255,materials/cfd/Images/CFD/WM-255/CFD-WM-255-219-N.jpg,z,1
16,2,152,test,1,female,Asian,male,White,happy,,,,intact,m,1581,False,False,,1,,,,False,340,AF-226,materials/cfd/Images/CFD/AF-226/CFD-AF-226-251-N.jpg,WM-009,materials/cfd/Images/CFD/WM-009/CFD-WM-009-004-HO.jpg,z,1
16,2,153,test,1,male,Black,male,Black,angry,,,,rearranged,z,1283,False,False,,1,,,,False,342,BM-242,materials/cfd/Images/CFD/BM-242/CFD-BM-242-233-N.jpg,BM-025,materials/cfd/Images/CFD/BM-025/CFD-BM-025-045-A.jpg,m,1
16,2,154,test,1,female,Latino,female,Black,happy,,,,intact,z,1115,True,False,,1,,,,False,344,LF-205,materials/cfd/Images/CFD/LF-205/CFD-LF-205-100-N.jpg,BF-014,materials/cfd/Images/CFD/BF-014/CFD-BF-014-004-HO.jpg,z,1
16,2,155,test,1,female,Black,female,White,angry,,,,intact,m,1020,False,False,,1,,,,False,346,BF-007,materials/cfd/Images/CFD/BF-007/CFD-BF-007-001-N.jpg,WF-028,materials/cfd/Images/CFD/WF-028/CFD-WF-028-026-A.jpg,z,1
16,2,156,test,1,male,White,male,White,happy,,,,intact,z,1467,True,False,,1,,,,False,348,WM-215,materials/cfd/Images/CFD/WM-215/CFD-WM-215-041-N.jpg,WM-002,materials/cfd/Images/CFD/WM-002/CFD-WM-002-007-HO.jpg,z,1
16,2,157,test,1,male,Asian,female,Black,happy,,,,rearranged,z,1093,False,False,,1,,,,False,350,AM-234,materials/cfd/Images/CFD/AM-234/CFD-AM-234-355-N.jpg,BF-004,materials/cfd/Images/CFD/BF-004/CFD-BF-004-009-HO.jpg,m,1
16,2,158,test,1,male,Black,female,Black,angry,,,,rearranged,m,1171,True,False,,1,,,,False,352,BM-201,materials/cfd/Images/CFD/BM-201/CFD-BM-201-077-N.jpg,BF-041,materials/cfd/Images/CFD/BF-041/CFD-BF-041-047-A.jpg,m,1
16,2,159,test,1,female,Latino,female,Black,angry,,,,intact,z,1091,True,False,,1,,,,False,354,LF-254,materials/cfd/Images/CFD/LF-254/CFD-LF-254-125-N.jpg,BF-017,materials/cfd/Images/CFD/BF-017/CFD-BF-017-011-A.jpg,z,1
16,2,160,test,1,male,Latino,female,White,angry,,,,intact,z,1456,True,False,,1,,,,False,356,LM-241,materials/cfd/Images/CFD/LM-241/CFD-LM-241-125-N.jpg,WF-007,materials/cfd/Images/CFD/WF-007/CFD-WF-007-029-A.jpg,z,1
16,2,161,test,1,male,Black,female,Black,neutral,,,,rearranged,m,1584,True,False,,1,,,,False,358,BM-209,materials/cfd/Images/CFD/BM-209/CFD-BM-209-088-N.jpg,BF-009,materials/cfd/Images/CFD/BF-009/CFD-BF-009-002-N.jpg,m,1
16,2,162,test,1,male,Latino,male,White,neutral,,,,rearranged,z,1213,False,False,,1,,,,False,360,LM-211,materials/cfd/Images/CFD/LM-211/CFD-LM-211-128-N.jpg,WM-223,materials/cfd/Images/CFD/WM-223/CFD-WM-223-056-N.jpg,m,1
16,2,163,test,1,male,White,female,Black,neutral,,,,intact,m,1513,False,False,,1,,,,False,362,WM-230,materials/cfd/Images/CFD/WM-230/CFD-WM-230-131-N.jpg,BF-203,materials/cfd/Images/CFD/BF-203/CFD-BF-203-184-N.jpg,z,1
16,2,164,test,1,female,Black,female,White,angry,,,,rearranged,z,1319,False,False,,1,,,,False,364,BF-021,materials/cfd/Images/CFD/BF-021/CFD-BF-021-013-N.jpg,WF-021,materials/cfd/Images/CFD/WF-021/CFD-WF-021-018-A.jpg,m,1
16,2,165,test,1,female,Latino,male,White,happy,,,,rearranged,m,1171,True,False,,1,,,,False,366,LF-202,materials/cfd/Images/CFD/LF-202/CFD-LF-202-065-N.jpg,WM-031,materials/cfd/Images/CFD/WM-031/CFD-WM-031-004-HO.jpg,m,1
16,2,166,test,1,female,White,female,Black,angry,,,,intact,z,1726,True,False,,1,,,,False,368,WF-211,materials/cfd/Images/CFD/WF-211/CFD-WF-211-001-N.jpg,BF-003,materials/cfd/Images/CFD/BF-003/CFD-BF-003-016-A.jpg,z,1
16,2,167,test,1,male,White,female,White,happy,,,,rearranged,z,1323,False,False,,1,,,,False,370,WM-211,materials/cfd/Images/CFD/WM-211/CFD-WM-211-054-N.jpg,WF-033,materials/cfd/Images/CFD/WF-033/CFD-WF-033-005-HO.jpg,m,1
16,2,168,test,1,male,White,female,Black,angry,,,,intact,m,1034,False,False,,1,,,,False,372,WM-234,materials/cfd/Images/CFD/WM-234/CFD-WM-234-118-N.jpg,BF-033,materials/cfd/Images/CFD/BF-033/CFD-BF-033-016-A.jpg,z,1
16,2,169,test,1,female,White,male,White,angry,,,,rearranged,m,1101,True,False,,1,,,,False,374,WF-240,materials/cfd/Images/CFD/WF-240/CFD-WF-240-083-N.jpg,WM-036,materials/cfd/Images/CFD/WM-036/CFD-WM-036-018-A.jpg,m,1
16,2,170,test,1,male,Black,female,White,happy,,,,intact,m,1298,False,False,,1,,,,False,376,BM-245,materials/cfd/Images/CFD/BM-245/CFD-BM-245-164-N.jpg,WF-019,materials/cfd/Images/CFD/WF-019/CFD-WF-019-035-HO.jpg,z,1
16,2,171,test,1,female,White,male,White,happy,,,,intact,z,1593,True,False,,1,,,,False,378,WF-026,materials/cfd/Images/CFD/WF-026/CFD-WF-026-002-N.jpg,WM-026,materials/cfd/Images/CFD/WM-026/CFD-WM-026-006-HO.jpg,z,1
16,2,172,test,1,female,White,male,Black,neutral,,,,rearranged,z,1653,False,False,,1,,,,False,380,WF-221,materials/cfd/Images/CFD/WF-221/CFD-WF-221-005-N.jpg,BM-217,materials/cfd/Images/CFD/BM-217/CFD-BM-217-082-N.jpg,m,1
16,2,173,test,1,male,Black,male,White,neutral,,,,intact,z,1709,True,False,,1,,,,False,382,BM-253,materials/cfd/Images/CFD/BM-253/CFD-BM-253-004-N.jpg,WM-039,materials/cfd/Images/CFD/WM-039/CFD-WM-039-018-N.jpg,z,1
16,2,174,test,1,female,Black,male,Black,angry,,,,rearranged,m,1300,True,False,,1,,,,False,384,BF-049,materials/cfd/Images/CFD/BF-049/CFD-BF-049-032-N.jpg,BM-039,materials/cfd/Images/CFD/BM-039/CFD-BM-039-037-A.jpg,m,1
16,2,175,test,1,female,Latino,male,Black,neutral,,,,rearranged,m,1264,True,False,,1,,,,False,386,LF-230,materials/cfd/Images/CFD/LF-230/CFD-LF-230-203-N.jpg,BM-229,materials/cfd/Images/CFD/BM-229/CFD-BM-229-209-N.jpg,m,1
16,2,176,test,1,female,Latino,male,Black,neutral,,,,intact,m,940,False,False,,1,,,,False,388,LF-221,materials/cfd/Images/CFD/LF-221/CFD-LF-221-002-N.jpg,BM-210,materials/cfd/Images/CFD/BM-210/CFD-BM-210-148-N.jpg,z,1
16,2,177,test,1,male,Asian,female,Black,neutral,,,,intact,m,1789,False,False,,1,,,,False,390,AM-241,materials/cfd/Images/CFD/AM-241/CFD-AM-241-287-N.jpg,BF-006,materials/cfd/Images/CFD/BF-006/CFD-BF-006-017-N.jpg,z,1
16,2,178,test,1,female,White,male,White,happy,,,,intact,z,1486,True,False,,1,,,,False,392,WF-245,materials/cfd/Images/CFD/WF-245/CFD-WF-245-084-N.jpg,WM-020,materials/cfd/Images/CFD/WM-020/CFD-WM-020-003-HO.jpg,z,1
16,2,179,test,1,female,Black,female,White,neutral,,,,rearranged,m,1543,True,False,,1,,,,False,394,BF-020,materials/cfd/Images/CFD/BF-020/CFD-BF-020-002-N.jpg,WF-018,materials/cfd/Images/CFD/WF-018/CFD-WF-018-017-N.jpg,m,1
16,2,180,test,1,male,White,male,Black,neutral,,,,rearranged,z,1478,False,False,,1,,,,False,396,WM-038,materials/cfd/Images/CFD/WM-038/CFD-WM-038-003-N.jpg,BM-017,materials/cfd/Images/CFD/BM-017/CFD-BM-017-021-N.jpg,m,1
17,2,1,study,0,male,White,female,Black,neutral,,,,,m,839,True,False,,1,,,,False,17,WM-235,materials/cfd/Images/CFD/WM-235/CFD-WM-235-147-N.jpg,BF-019,materials/cfd/Images/CFD/BF-019/CFD-BF-019-001-N.jpg,m,1
17,2,2,study,0,female,Asian,female,White,happy,,,,,z,565,True,False,,1,,,,False,19,AF-216,materials/cfd/Images/CFD/AF-216/CFD-AF-216-106-N.jpg,WF-014,materials/cfd/Images/CFD/WF-014/CFD-WF-014-004-HO.jpg,z,1
17,2,3,study,0,male,Black,female,Black,angry,,,,,m,820,True,False,,1,,,,False,21,BM-011,materials/cfd/Images/CFD/BM-011/CFD-BM-011-016-N.jpg,BF-039,materials/cfd/Images/CFD/BF-039/CFD-BF-039-039-A.jpg,m,1
17,2,4,study,0,male,White,male,Black,happy,,,,,z,957,False,False,,1,,,,False,23,WM-256,materials/cfd/Images/CFD/WM-256/CFD-WM-256-138-N.jpg,BM-037,materials/cfd/Images/CFD/BM-037/CFD-BM-037-036-HO.jpg,m,1
17,2,5,study,0,male,Latino,female,Black,angry,,,,,m,691,True,False,,1,,,,False,25,LM-200,materials/cfd/Images/CFD/LM-200/CFD-LM-200-045-N.jpg,BF-004,materials/cfd/Images/CFD/BF-004/CFD-BF-004-021-A.jpg,m,1
17,2,6,study,0,female,Asian,male,Black,angry,,,,,z,897,True,False,,1,,,,False,27,AF-223,materials/cfd/Images/CFD/AF-223/CFD-AF-223-183-N.jpg,BM-002,materials/cfd/Images/CFD/BM-002/CFD-BM-002-016-A.jpg,z,1
17,2,7,study,0,female,Asian,female,Black,happy,,,,,z,1069,True,False,,1,,,,False,29,AF-234,materials/cfd/Images/CFD/AF-234/CFD-AF-234-208-N.jpg,BF-014,materials/cfd/Images/CFD/BF-014/CFD-BF-014-004-HO.jpg,z,1
17,2,8,study,0,male,White,female,Black,neutral,,,,,m,1245,True,False,,1,,,,False,31,WM-014,materials/cfd/Images/CFD/WM-014/CFD-WM-014-002-N.jpg,BF-236,materials/cfd/Images/CFD/BF-236/CFD-BF-236-177-N.jpg,m,1
17,2,9,study,0,male,Black,female,White,neutral,,,,,m,807,True,False,,1,,,,False,33,BM-242,materials/cfd/Images/CFD/BM-242/CFD-BM-242-233-N.jpg,WF-213,materials/cfd/Images/CFD/WF-213/CFD-WF-213-031-N.jpg,m,1
17,2,10,study,0,male,Asian,female,White,happy,,,,,m,1003,True,False,,1,,,,False,35,AM-249,materials/cfd/Images/CFD/AM-249/CFD-AM-249-163-N.jpg,WF-013,materials/cfd/Images/CFD/WF-013/CFD-WF-013-006-HO.jpg,m,1
17,2,11,study,0,male,Asian,male,White,angry,,,,,m,1268,True,False,,1,,,,False,37,AM-226,materials/cfd/Images/CFD/AM-226/CFD-AM-226-234-N.jpg,WM-036,materials/cfd/Images/CFD/WM-036/CFD-WM-036-018-A.jpg,m,1
17,2,12,study,0,male,White,male,White,neutral,,,,,m,1003,True,False,,1,,,,False,39,WM-013,materials/cfd/Images/CFD/WM-013/CFD-WM-013-001-N.jpg,WM-236,materials/cfd/Images/CFD/WM-236/CFD-WM-236-072-N.jpg,m,1
17,2,13,study,0,female,White,female,Black,angry,,,,,z,945,True,False,,1,,,,False,41,WF-224,materials/cfd/Images/CFD/WF-224/CFD-WF-224-099-N.jpg,BF-031,materials/cfd/Images/CFD/BF-031/CFD-BF-031-020-A.jpg,z,1
17,2,14,study,0,female,White,male,Black,happy,,,,,z,1461,True,False,,1,,,,False,43,WF-231,materials/cfd/Images/CFD/WF-231/CFD-WF-231-099-N.jpg,BM-001,materials/cfd/Images/CFD/BM-001/CFD-BM-001-011-HO.jpg,z,1
17,2,15,study,0,male,Black,female,White,happy,,,,,m,1225,True,False,,1,,,,False,45,BM-003,materials/cfd/Images/CFD/BM-003/CFD-BM-003-003-N.jpg,WF-033,materials/cfd/Images/CFD/WF-033/CFD-WF-033-005-HO.jpg,m,1
17,2,16,study,0,female,Latino,female,Black,neutral,,,,,z,1557,True,False,,1,,,,False,47,LF-206,materials/cfd/Images/CFD/LF-206/CFD-LF-206-078-N.jpg,BF-047,materials/cfd/Images/CFD/BF-047/CFD-BF-047-003-N.jpg,z,1
17,2,17,study,0,female,Black,female,White,neutral,,,,,z,1109,True,False,,1,,,,False,49,BF-251,materials/cfd/Images/CFD/BF-251/CFD-BF-251-211-N.jpg,WF-207,materials/cfd/Images/CFD/WF-207/CFD-WF-207-014-N.jpg,z,1
17,2,18,study,0,female,White,female,Black,happy,,,,,z,1085,True,False,,1,,,,False,51,WF-200,materials/cfd/Images/CFD/WF-200/CFD-WF-200-099-N.jpg,BF-002,materials/cfd/Images/CFD/BF-002/CFD-BF-002-004-HO.jpg,z,1
17,2,19,study,0,female,Black,female,Black,neutral,,,,,m,1356,False,False,,1,,,,False,53,BF-033,materials/cfd/Images/CFD/BF-033/CFD-BF-033-028-N.jpg,BF-229,materials/cfd/Images/CFD/BF-229/CFD-BF-229-179-N.jpg,z,1
17,2,20,study,0,male,Latino,male,White,angry,,,,,z,1550,False,False,,1,,,,False,55,LM-227,materials/cfd/Images/CFD/LM-227/CFD-LM-227-103-N.jpg,WM-018,materials/cfd/Images/CFD/WM-018/CFD-WM-018-007-A.jpg,m,1
17,2,21,study,0,female,Black,female,Black,happy,,,,,z,1898,True,False,,1,,,,False,57,BF-034,materials/cfd/Images/CFD/BF-034/CFD-BF-034-002-N.jpg,BF-005,materials/cfd/Images/CFD/BF-005/CFD-BF-005-005-HO.jpg,z,1
17,2,22,study,0,male,Black,male,White,angry,,,,,m,1896,True,False,,1,,,,False,59,BM-211,materials/cfd/Images/CFD/BM-211/CFD-BM-211-174-N.jpg,WM-022,materials/cfd/Images/CFD/WM-022/CFD-WM-022-008-A.jpg,m,1
17,2,23,study,0,female,White,male,White,happy,,,,,z,1204,True,False,,1,,,,False,61,WF-203,materials/cfd/Images/CFD/WF-203/CFD-WF-203-229-N.jpg,WM-003,materials/cfd/Images/CFD/WM-003/CFD-WM-003-003-HO.jpg,z,1
17,2,24,study,0,female,Black,male,Black,angry,,,,,z,2882,True,False,,1,,,,False,63,BF-020,materials/cfd/Images/CFD/BF-020/CFD-BF-020-002-N.jpg,BM-043,materials/cfd/Images/CFD/BM-043/CFD-BM-043-014-A.jpg,z,1
17,2,25,study,0,female,Latino,female,White,happy,,,,,,,False,True,,1,,,,False,65,LF-220,materials/cfd/Images/CFD/LF-220/CFD-LF-220-120-N.jpg,WF-035,materials/cfd/Images/CFD/WF-035/CFD-WF-035-027-HO.jpg,z,1
17,2,26,study,0,female,White,female,Black,angry,,,,,m,1104,False,False,,1,,,,False,67,WF-209,materials/cfd/Images/CFD/WF-209/CFD-WF-209-052-N.jpg,BF-036,materials/cfd/Images/CFD/BF-036/CFD-BF-036-020-A.jpg,z,1
17,2,27,study,0,female,Asian,female,White,angry,,,,,z,1603,True,False,,1,,,,False,69,AF-243,materials/cfd/Images/CFD/AF-243/CFD-AF-243-170-N.jpg,WF-008,materials/cfd/Images/CFD/WF-008/CFD-WF-008-011-A.jpg,z,1
17,2,28,study,0,female,Latino,male,Black,angry,,,,,,,False,True,,1,,,,False,71,LF-222,materials/cfd/Images/CFD/LF-222/CFD-LF-222-147-N.jpg,BM-045,materials/cfd/Images/CFD/BM-045/CFD-BM-045-061-A.jpg,z,1
17,2,29,study,0,female,White,male,White,angry,,,,,,,False,True,,1,,,,False,73,WF-009,materials/cfd/Images/CFD/WF-009/CFD-WF-009-001-N.jpg,WM-010,materials/cfd/Images/CFD/WM-010/CFD-WM-010-016-A.jpg,z,1
17,2,30,study,0,male,Latino,male,White,happy,,,,,m,847,True,False,,1,,,,False,75,LM-204,materials/cfd/Images/CFD/LM-204/CFD-LM-204-001-N.jpg,WM-017,materials/cfd/Images/CFD/WM-017/CFD-WM-017-005-HO.jpg,m,1
17,2,31,study,1,male,White,female,Black,happy,,,,,z,474,False,False,,1,,,,False,78,WM-023,materials/cfd/Images/CFD/WM-023/CFD-WM-023-001-N.jpg,BF-024,materials/cfd/Images/CFD/BF-024/CFD-BF-024-005-HO.jpg,m,1
17,2,32,study,1,male,Black,male,White,neutral,,,,,m,654,True,False,,1,,,,False,80,BM-214,materials/cfd/Images/CFD/BM-214/CFD-BM-214-075-N.jpg,WM-213,materials/cfd/Images/CFD/WM-213/CFD-WM-213-076-N.jpg,m,1
17,2,33,study,1,female,Latino,male,Black,angry,,,,,z,674,True,False,,1,,,,False,82,LF-239,materials/cfd/Images/CFD/LF-239/CFD-LF-239-148-N.jpg,BM-040,materials/cfd/Images/CFD/BM-040/CFD-BM-040-013-A.jpg,z,1
17,2,34,study,1,female,Black,male,Black,neutral,,,,,z,1643,True,False,,1,,,,False,84,BF-016,materials/cfd/Images/CFD/BF-016/CFD-BF-016-017-N.jpg,BM-223,materials/cfd/Images/CFD/BM-223/CFD-BM-223-171-N.jpg,z,1
17,2,35,study,1,male,White,male,Black,happy,,,,,m,762,True,False,,1,,,,False,86,WM-224,materials/cfd/Images/CFD/WM-224/CFD-WM-224-197-N.jpg,BM-039,materials/cfd/Images/CFD/BM-039/CFD-BM-039-034-HO.jpg,m,1
17,2,36,study,1,male,Black,male,White,neutral,,,,,m,728,True,False,,1,,,,False,88,BM-036,materials/cfd/Images/CFD/BM-036/CFD-BM-036-003-N.jpg,WM-245,materials/cfd/Images/CFD/WM-245/CFD-WM-245-123-N.jpg,m,1
17,2,37,study,1,female,White,male,Black,neutral,,,,,z,825,True,False,,1,,,,False,90,WF-027,materials/cfd/Images/CFD/WF-027/CFD-WF-027-003-N.jpg,BM-225,materials/cfd/Images/CFD/BM-225/CFD-BM-225-154-N.jpg,z,1
17,2,38,study,1,male,Black,female,Black,neutral,,,,,z,694,False,False,,1,,,,False,92,BM-212,materials/cfd/Images/CFD/BM-212/CFD-BM-212-117-N.jpg,BF-030,materials/cfd/Images/CFD/BF-030/CFD-BF-030-002-N.jpg,m,1
17,2,39,study,1,female,White,male,Black,happy,,,,,z,1456,True,False,,1,,,,False,94,WF-017,materials/cfd/Images/CFD/WF-017/CFD-WF-017-003-N.jpg,BM-020,materials/cfd/Images/CFD/BM-020/CFD-BM-020-026-HO.jpg,z,1
17,2,40,study,1,male,White,male,White,happy,,,,,m,1660,True,False,,1,,,,False,96,WM-211,materials/cfd/Images/CFD/WM-211/CFD-WM-211-054-N.jpg,WM-033,materials/cfd/Images/CFD/WM-033/CFD-WM-033-007-HO.jpg,m,1
17,2,41,study,1,male,Asian,female,Black,happy,,,,,m,1030,True,False,,1,,,,False,98,AM-240,materials/cfd/Images/CFD/AM-240/CFD-AM-240-191-N.jpg,BF-029,materials/cfd/Images/CFD/BF-029/CFD-BF-029-005-HO.jpg,m,1
17,2,42,study,1,male,Black,male,Black,neutral,,,,,m,2051,True,False,,1,,,,False,100,BM-222,materials/cfd/Images/CFD/BM-222/CFD-BM-222-173-N.jpg,BM-015,materials/cfd/Images/CFD/BM-015/CFD-BM-015-015-N.jpg,m,1
17,2,43,study,1,male,Black,female,Black,neutral,,,,,z,2007,False,False,,1,,,,False,102,BM-213,materials/cfd/Images/CFD/BM-213/CFD-BM-213-134-N.jpg,BF-023,materials/cfd/Images/CFD/BF-023/CFD-BF-023-010-N.jpg,m,1
17,2,44,study,1,female,White,female,White,angry,,,,,m,973,False,False,,1,,,,False,104,WF-036,materials/cfd/Images/CFD/WF-036/CFD-WF-036-023-N.jpg,WF-012,materials/cfd/Images/CFD/WF-012/CFD-WF-012-012-A.jpg,z,1
17,2,45,study,1,female,Asian,female,White,neutral,,,,,z,820,True,False,,1,,,,False,106,AF-237,materials/cfd/Images/CFD/AF-237/CFD-AF-237-223-N.jpg,WF-019,materials/cfd/Images/CFD/WF-019/CFD-WF-019-005-N.jpg,z,1
17,2,46,study,1,male,White,male,Black,angry,,,,,m,807,True,False,,1,,,,False,108,WM-233,materials/cfd/Images/CFD/WM-233/CFD-WM-233-106-N.jpg,BM-030,materials/cfd/Images/CFD/BM-030/CFD-BM-030-041-A.jpg,m,1
17,2,47,study,1,male,Latino,female,White,angry,,,,,m,1549,True,False,,1,,,,False,110,LM-212,materials/cfd/Images/CFD/LM-212/CFD-LM-212-143-N.jpg,WF-003,materials/cfd/Images/CFD/WF-003/CFD-WF-003-014-A.jpg,m,1
17,2,48,study,1,male,Asian,female,White,happy,,,,,m,958,True,False,,1,,,,False,112,AM-237,materials/cfd/Images/CFD/AM-237/CFD-AM-237-154-N.jpg,WF-015,materials/cfd/Images/CFD/WF-015/CFD-WF-015-022-HO.jpg,m,1
17,2,49,study,1,female,Black,male,White,happy,,,,,z,784,True,False,,1,,,,False,114,BF-012,materials/cfd/Images/CFD/BF-012/CFD-BF-012-001-N.jpg,WM-019,materials/cfd/Images/CFD/WM-019/CFD-WM-019-009-HO.jpg,z,1
17,2,50,study,1,female,White,female,White,angry,,,,,m,1713,False,False,,1,,,,False,116,WF-001,materials/cfd/Images/CFD/WF-001/CFD-WF-001-003-N.jpg,WF-030,materials/cfd/Images/CFD/WF-030/CFD-WF-030-033-A.jpg,z,1
17,2,51,study,1,male,White,male,Black,angry,,,,,z,715,False,False,,1,,,,False,118,WM-026,materials/cfd/Images/CFD/WM-026/CFD-WM-026-001-N.jpg,BM-046,materials/cfd/Images/CFD/BM-046/CFD-BM-046-048-A.jpg,m,1
17,2,52,study,1,male,White,male,White,neutral,,,,,m,891,True,False,,1,,,,False,120,WM-247,materials/cfd/Images/CFD/WM-247/CFD-WM-247-084-N.jpg,WM-253,materials/cfd/Images/CFD/WM-253/CFD-WM-253-119-N.jpg,m,1
17,2,53,study,1,female,Latino,male,White,neutral,,,,,z,914,True,False,,1,,,,False,122,LF-202,materials/cfd/Images/CFD/LF-202/CFD-LF-202-065-N.jpg,WM-234,materials/cfd/Images/CFD/WM-234/CFD-WM-234-118-N.jpg,z,1
17,2,54,study,1,male,White,male,White,happy,,,,,m,1616,True,False,,1,,,,False,124,WM-257,materials/cfd/Images/CFD/WM-257/CFD-WM-257-161-N.jpg,WM-024,materials/cfd/Images/CFD/WM-024/CFD-WM-024-003-HO.jpg,m,1
17,2,55,study,1,female,Black,male,Black,neutral,,,,,z,2073,True,False,,1,,,,False,126,BF-221,materials/cfd/Images/CFD/BF-221/CFD-BF-221-223-N.jpg,BM-219,materials/cfd/Images/CFD/BM-219/CFD-BM-219-141-N.jpg,z,1
17,2,56,study,1,female,Black,male,Black,neutral,,,,,z,2780,True,False,,1,,,,False,128,BF-213,materials/cfd/Images/CFD/BF-213/CFD-BF-213-188-N.jpg,BM-202,materials/cfd/Images/CFD/BM-202/CFD-BM-202-063-N.jpg,z,1
17,2,57,study,1,female,Latino,female,White,neutral,,,,,z,2333,True,False,,1,,,,False,130,LF-231,materials/cfd/Images/CFD/LF-231/CFD-LF-231-260-N.jpg,WF-225,materials/cfd/Images/CFD/WF-225/CFD-WF-225-101-N.jpg,z,1
17,2,58,study,1,male,Latino,female,White,angry,,,,,m,1441,True,False,,1,,,,False,132,LM-229,materials/cfd/Images/CFD/LM-229/CFD-LM-229-187-N.jpg,WF-011,materials/cfd/Images/CFD/WF-011/CFD-WF-011-011-A.jpg,m,1
17,2,59,study,1,male,Latino,female,Black,angry,,,,,m,1936,True,False,,1,,,,False,134,LM-216,materials/cfd/Images/CFD/LM-216/CFD-LM-216-082-N.jpg,BF-011,materials/cfd/Images/CFD/BF-011/CFD-BF-011-011-A.jpg,m,1
17,2,60,study,1,female,Asian,male,Black,happy,,,,,m,2450,False,False,,1,,,,False,136,AF-211,materials/cfd/Images/CFD/AF-211/CFD-AF-211-066-N.jpg,BM-028,materials/cfd/Images/CFD/BM-028/CFD-BM-028-028-HO.jpg,z,1
17,2,61,study,0,female,White,female,White,angry,,,,,m,2082,False,False,,1,,,,False,139,WF-036,materials/cfd/Images/CFD/WF-036/CFD-WF-036-023-N.jpg,WF-012,materials/cfd/Images/CFD/WF-012/CFD-WF-012-012-A.jpg,z,1
17,2,62,study,0,female,White,male,Black,happy,,,,,z,851,True,False,,1,,,,False,141,WF-017,materials/cfd/Images/CFD/WF-017/CFD-WF-017-003-N.jpg,BM-020,materials/cfd/Images/CFD/BM-020/CFD-BM-020-026-HO.jpg,z,1
17,2,63,study,0,female,White,male,White,angry,,,,,z,585,True,False,,1,,,,False,143,WF-009,materials/cfd/Images/CFD/WF-009/CFD-WF-009-001-N.jpg,WM-010,materials/cfd/Images/CFD/WM-010/CFD-WM-010-016-A.jpg,z,1
17,2,64,study,0,male,Asian,female,White,happy,,,,,m,872,True,False,,1,,,,False,145,AM-249,materials/cfd/Images/CFD/AM-249/CFD-AM-249-163-N.jpg,WF-013,materials/cfd/Images/CFD/WF-013/CFD-WF-013-006-HO.jpg,m,1
17,2,65,study,0,male,White,male,White,neutral,,,,,z,769,False,False,,1,,,,False,147,WM-013,materials/cfd/Images/CFD/WM-013/CFD-WM-013-001-N.jpg,WM-236,materials/cfd/Images/CFD/WM-236/CFD-WM-236-072-N.jpg,m,1
17,2,66,study,0,female,White,male,Black,happy,,,,,m,807,False,False,,1,,,,False,149,WF-231,materials/cfd/Images/CFD/WF-231/CFD-WF-231-099-N.jpg,BM-001,materials/cfd/Images/CFD/BM-001/CFD-BM-001-011-HO.jpg,z,1
17,2,67,study,0,female,Asian,female,White,happy,,,,,z,843,True,False,,1,,,,False,151,AF-216,materials/cfd/Images/CFD/AF-216/CFD-AF-216-106-N.jpg,WF-014,materials/cfd/Images/CFD/WF-014/CFD-WF-014-004-HO.jpg,z,1
17,2,68,study,0,male,White,male,Black,happy,,,,,m,931,True,False,,1,,,,False,153,WM-256,materials/cfd/Images/CFD/WM-256/CFD-WM-256-138-N.jpg,BM-037,materials/cfd/Images/CFD/BM-037/CFD-BM-037-036-HO.jpg,m,1
17,2,69,study,0,female,Black,male,Black,neutral,,,,,z,747,True,False,,1,,,,False,155,BF-016,materials/cfd/Images/CFD/BF-016/CFD-BF-016-017-N.jpg,BM-223,materials/cfd/Images/CFD/BM-223/CFD-BM-223-171-N.jpg,z,1
17,2,70,study,0,male,White,male,White,happy,,,,,m,1488,True,False,,1,,,,False,157,WM-257,materials/cfd/Images/CFD/WM-257/CFD-WM-257-161-N.jpg,WM-024,materials/cfd/Images/CFD/WM-024/CFD-WM-024-003-HO.jpg,m,1
17,2,71,study,0,female,Black,male,Black,angry,,,,,z,2672,True,False,,1,,,,False,159,BF-020,materials/cfd/Images/CFD/BF-020/CFD-BF-020-002-N.jpg,BM-043,materials/cfd/Images/CFD/BM-043/CFD-BM-043-014-A.jpg,z,1
17,2,72,study,0,male,Latino,female,Black,angry,,,,,,,False,True,,1,,,,False,161,LM-216,materials/cfd/Images/CFD/LM-216/CFD-LM-216-082-N.jpg,BF-011,materials/cfd/Images/CFD/BF-011/CFD-BF-011-011-A.jpg,m,1
17,2,73,study,0,male,Black,male,Black,neutral,,,,,m,1217,True,False,,1,,,,False,163,BM-222,materials/cfd/Images/CFD/BM-222/CFD-BM-222-173-N.jpg,BM-015,materials/cfd/Images/CFD/BM-015/CFD-BM-015-015-N.jpg,m,1
17,2,74,study,0,male,White,female,Black,neutral,,,,,m,575,True,False,,1,,,,False,165,WM-235,materials/cfd/Images/CFD/WM-235/CFD-WM-235-147-N.jpg,BF-019,materials/cfd/Images/CFD/BF-019/CFD-BF-019-001-N.jpg,m,1
17,2,75,study,0,female,White,female,Black,angry,,,,,z,1212,True,False,,1,,,,False,167,WF-224,materials/cfd/Images/CFD/WF-224/CFD-WF-224-099-N.jpg,BF-031,materials/cfd/Images/CFD/BF-031/CFD-BF-031-020-A.jpg,z,1
17,2,76,study,0,female,Latino,female,White,happy,,,,,,,False,True,,1,,,,False,169,LF-220,materials/cfd/Images/CFD/LF-220/CFD-LF-220-120-N.jpg,WF-035,materials/cfd/Images/CFD/WF-035/CFD-WF-035-027-HO.jpg,z,1
17,2,77,study,0,male,Black,female,White,neutral,,,,,,,False,True,,1,,,,False,171,BM-242,materials/cfd/Images/CFD/BM-242/CFD-BM-242-233-N.jpg,WF-213,materials/cfd/Images/CFD/WF-213/CFD-WF-213-031-N.jpg,m,1
17,2,78,study,0,male,Black,male,White,angry,,,,,m,1024,True,False,,1,,,,False,173,BM-211,materials/cfd/Images/CFD/BM-211/CFD-BM-211-174-N.jpg,WM-022,materials/cfd/Images/CFD/WM-022/CFD-WM-022-008-A.jpg,m,1
17,2,79,study,0,female,White,female,White,angry,,,,,m,890,False,False,,1,,,,False,175,WF-001,materials/cfd/Images/CFD/WF-001/CFD-WF-001-003-N.jpg,WF-030,materials/cfd/Images/CFD/WF-030/CFD-WF-030-033-A.jpg,z,1
17,2,80,study,0,female,White,male,Black,neutral,,,,,z,2361,True,False,,1,,,,False,177,WF-027,materials/cfd/Images/CFD/WF-027/CFD-WF-027-003-N.jpg,BM-225,materials/cfd/Images/CFD/BM-225/CFD-BM-225-154-N.jpg,z,1
17,2,81,study,0,male,White,male,Black,angry,,,,,z,2285,False,False,,1,,,,False,179,WM-233,materials/cfd/Images/CFD/WM-233/CFD-WM-233-106-N.jpg,BM-030,materials/cfd/Images/CFD/BM-030/CFD-BM-030-041-A.jpg,m,1
17,2,82,study,0,female,Asian,male,Black,angry,,,,,z,1738,True,False,,1,,,,False,181,AF-223,materials/cfd/Images/CFD/AF-223/CFD-AF-223-183-N.jpg,BM-002,materials/cfd/Images/CFD/BM-002/CFD-BM-002-016-A.jpg,z,1
17,2,83,study,0,male,Latino,male,White,happy,,,,,m,1837,True,False,,1,,,,False,183,LM-204,materials/cfd/Images/CFD/LM-204/CFD-LM-204-001-N.jpg,WM-017,materials/cfd/Images/CFD/WM-017/CFD-WM-017-005-HO.jpg,m,1
17,2,84,study,0,female,Latino,male,Black,angry,,,,,z,1789,True,False,,1,,,,False,185,LF-222,materials/cfd/Images/CFD/LF-222/CFD-LF-222-147-N.jpg,BM-045,materials/cfd/Images/CFD/BM-045/CFD-BM-045-061-A.jpg,z,1
17,2,85,study,0,female,White,female,Black,happy,,,,,m,1210,False,False,,1,,,,False,187,WF-200,materials/cfd/Images/CFD/WF-200/CFD-WF-200-099-N.jpg,BF-002,materials/cfd/Images/CFD/BF-002/CFD-BF-002-004-HO.jpg,z,1
17,2,86,study,0,female,Black,male,Black,neutral,,,,,z,654,True,False,,1,,,,False,189,BF-213,materials/cfd/Images/CFD/BF-213/CFD-BF-213-188-N.jpg,BM-202,materials/cfd/Images/CFD/BM-202/CFD-BM-202-063-N.jpg,z,1
17,2,87,study,0,female,Black,female,White,neutral,,,,,z,692,True,False,,1,,,,False,191,BF-251,materials/cfd/Images/CFD/BF-251/CFD-BF-251-211-N.jpg,WF-207,materials/cfd/Images/CFD/WF-207/CFD-WF-207-014-N.jpg,z,1
17,2,88,study,0,female,Asian,male,Black,happy,,,,,z,2055,True,False,,1,,,,False,193,AF-211,materials/cfd/Images/CFD/AF-211/CFD-AF-211-066-N.jpg,BM-028,materials/cfd/Images/CFD/BM-028/CFD-BM-028-028-HO.jpg,z,1
17,2,89,study,0,male,Latino,female,White,angry,,,,,m,993,True,False,,1,,,,False,195,LM-229,materials/cfd/Images/CFD/LM-229/CFD-LM-229-187-N.jpg,WF-011,materials/cfd/Images/CFD/WF-011/CFD-WF-011-011-A.jpg,m,1
17,2,90,study,0,male,White,female,Black,neutral,,,,,m,1200,True,False,,1,,,,False,197,WM-014,materials/cfd/Images/CFD/WM-014/CFD-WM-014-002-N.jpg,BF-236,materials/cfd/Images/CFD/BF-236/CFD-BF-236-177-N.jpg,m,1
17,2,91,study,1,male,White,female,Black,happy,,,,,m,709,True,False,,1,,,,False,200,WM-023,materials/cfd/Images/CFD/WM-023/CFD-WM-023-001-N.jpg,BF-024,materials/cfd/Images/CFD/BF-024/CFD-BF-024-005-HO.jpg,m,1
17,2,92,study,1,female,Black,male,Black,neutral,,,,,z,532,True,False,,1,,,,False,202,BF-221,materials/cfd/Images/CFD/BF-221/CFD-BF-221-223-N.jpg,BM-219,materials/cfd/Images/CFD/BM-219/CFD-BM-219-141-N.jpg,z,1
17,2,93,study,1,female,Latino,male,White,neutral,,,,,z,708,True,False,,1,,,,False,204,LF-202,materials/cfd/Images/CFD/LF-202/CFD-LF-202-065-N.jpg,WM-234,materials/cfd/Images/CFD/WM-234/CFD-WM-234-118-N.jpg,z,1
17,2,94,study,1,male,Asian,female,Black,happy,,,,,m,2765,True,False,,1,,,,False,206,AM-240,materials/cfd/Images/CFD/AM-240/CFD-AM-240-191-N.jpg,BF-029,materials/cfd/Images/CFD/BF-029/CFD-BF-029-005-HO.jpg,m,1
17,2,95,study,1,male,Black,male,White,neutral,,,,,z,2645,False,False,,1,,,,False,208,BM-036,materials/cfd/Images/CFD/BM-036/CFD-BM-036-003-N.jpg,WM-245,materials/cfd/Images/CFD/WM-245/CFD-WM-245-123-N.jpg,m,1
17,2,96,study,1,female,Asian,female,White,neutral,,,,,z,1210,True,False,,1,,,,False,210,AF-237,materials/cfd/Images/CFD/AF-237/CFD-AF-237-223-N.jpg,WF-019,materials/cfd/Images/CFD/WF-019/CFD-WF-019-005-N.jpg,z,1
17,2,97,study,1,male,White,male,White,neutral,,,,,m,971,True,False,,1,,,,False,212,WM-247,materials/cfd/Images/CFD/WM-247/CFD-WM-247-084-N.jpg,WM-253,materials/cfd/Images/CFD/WM-253/CFD-WM-253-119-N.jpg,m,1
17,2,98,study,1,male,Black,female,Black,neutral,,,,,m,719,True,False,,1,,,,False,214,BM-212,materials/cfd/Images/CFD/BM-212/CFD-BM-212-117-N.jpg,BF-030,materials/cfd/Images/CFD/BF-030/CFD-BF-030-002-N.jpg,m,1
17,2,99,study,1,female,White,male,White,happy,,,,,z,566,True,False,,1,,,,False,216,WF-203,materials/cfd/Images/CFD/WF-203/CFD-WF-203-229-N.jpg,WM-003,materials/cfd/Images/CFD/WM-003/CFD-WM-003-003-HO.jpg,z,1
17,2,100,study,1,male,Latino,male,White,angry,,,,,m,692,True,False,,1,,,,False,218,LM-227,materials/cfd/Images/CFD/LM-227/CFD-LM-227-103-N.jpg,WM-018,materials/cfd/Images/CFD/WM-018/CFD-WM-018-007-A.jpg,m,1
17,2,101,study,1,female,Black,female,Black,happy,,,,,z,1173,True,False,,1,,,,False,220,BF-034,materials/cfd/Images/CFD/BF-034/CFD-BF-034-002-N.jpg,BF-005,materials/cfd/Images/CFD/BF-005/CFD-BF-005-005-HO.jpg,z,1
17,2,102,study,1,male,White,male,Black,happy,,,,,z,925,False,False,,1,,,,False,222,WM-224,materials/cfd/Images/CFD/WM-224/CFD-WM-224-197-N.jpg,BM-039,materials/cfd/Images/CFD/BM-039/CFD-BM-039-034-HO.jpg,m,1
17,2,103,study,1,female,Black,male,White,happy,,,,,z,1314,True,False,,1,,,,False,224,BF-012,materials/cfd/Images/CFD/BF-012/CFD-BF-012-001-N.jpg,WM-019,materials/cfd/Images/CFD/WM-019/CFD-WM-019-009-HO.jpg,z,1
17,2,104,study,1,female,Asian,female,Black,happy,,,,,z,1255,True,False,,1,,,,False,226,AF-234,materials/cfd/Images/CFD/AF-234/CFD-AF-234-208-N.jpg,BF-014,materials/cfd/Images/CFD/BF-014/CFD-BF-014-004-HO.jpg,z,1
17,2,105,study,1,female,White,female,Black,angry,,,,,z,1395,True,False,,1,,,,False,228,WF-209,materials/cfd/Images/CFD/WF-209/CFD-WF-209-052-N.jpg,BF-036,materials/cfd/Images/CFD/BF-036/CFD-BF-036-020-A.jpg,z,1
17,2,106,study,1,male,White,male,White,happy,,,,,z,1246,False,False,,1,,,,False,230,WM-211,materials/cfd/Images/CFD/WM-211/CFD-WM-211-054-N.jpg,WM-033,materials/cfd/Images/CFD/WM-033/CFD-WM-033-007-HO.jpg,m,1
17,2,107,study,1,male,Asian,female,White,happy,,,,,m,696,True,False,,1,,,,False,232,AM-237,materials/cfd/Images/CFD/AM-237/CFD-AM-237-154-N.jpg,WF-015,materials/cfd/Images/CFD/WF-015/CFD-WF-015-022-HO.jpg,m,1
17,2,108,study,1,female,Latino,male,Black,angry,,,,,z,855,True,False,,1,,,,False,234,LF-239,materials/cfd/Images/CFD/LF-239/CFD-LF-239-148-N.jpg,BM-040,materials/cfd/Images/CFD/BM-040/CFD-BM-040-013-A.jpg,z,1
17,2,109,study,1,female,Asian,female,White,angry,,,,,z,1053,True,False,,1,,,,False,236,AF-243,materials/cfd/Images/CFD/AF-243/CFD-AF-243-170-N.jpg,WF-008,materials/cfd/Images/CFD/WF-008/CFD-WF-008-011-A.jpg,z,1
17,2,110,study,1,male,Latino,female,White,angry,,,,,m,1125,True,False,,1,,,,False,238,LM-212,materials/cfd/Images/CFD/LM-212/CFD-LM-212-143-N.jpg,WF-003,materials/cfd/Images/CFD/WF-003/CFD-WF-003-014-A.jpg,m,1
17,2,111,study,1,female,Latino,female,White,neutral,,,,,z,2339,True,False,,1,,,,False,240,LF-231,materials/cfd/Images/CFD/LF-231/CFD-LF-231-260-N.jpg,WF-225,materials/cfd/Images/CFD/WF-225/CFD-WF-225-101-N.jpg,z,1
17,2,112,study,1,female,Latino,female,Black,neutral,,,,,,,False,True,,1,,,,False,242,LF-206,materials/cfd/Images/CFD/LF-206/CFD-LF-206-078-N.jpg,BF-047,materials/cfd/Images/CFD/BF-047/CFD-BF-047-003-N.jpg,z,1
17,2,113,study,1,male,Latino,female,Black,angry,,,,,m,2780,True,False,,1,,,,False,244,LM-200,materials/cfd/Images/CFD/LM-200/CFD-LM-200-045-N.jpg,BF-004,materials/cfd/Images/CFD/BF-004/CFD-BF-004-021-A.jpg,m,1
17,2,114,study,1,male,Black,male,White,neutral,,,,,z,964,False,False,,1,,,,False,246,BM-214,materials/cfd/Images/CFD/BM-214/CFD-BM-214-075-N.jpg,WM-213,materials/cfd/Images/CFD/WM-213/CFD-WM-213-076-N.jpg,m,1
17,2,115,study,1,male,Black,female,Black,angry,,,,,m,1127,True,False,,1,,,,False,248,BM-011,materials/cfd/Images/CFD/BM-011/CFD-BM-011-016-N.jpg,BF-039,materials/cfd/Images/CFD/BF-039/CFD-BF-039-039-A.jpg,m,1
17,2,116,study,1,male,Asian,male,White,angry,,,,,m,784,True,False,,1,,,,False,250,AM-226,materials/cfd/Images/CFD/AM-226/CFD-AM-226-234-N.jpg,WM-036,materials/cfd/Images/CFD/WM-036/CFD-WM-036-018-A.jpg,m,1
17,2,117,study,1,male,White,male,Black,angry,,,,,m,1006,True,False,,1,,,,False,252,WM-026,materials/cfd/Images/CFD/WM-026/CFD-WM-026-001-N.jpg,BM-046,materials/cfd/Images/CFD/BM-046/CFD-BM-046-048-A.jpg,m,1
17,2,118,study,1,female,Black,female,Black,neutral,,,,,z,1319,True,False,,1,,,,False,254,BF-033,materials/cfd/Images/CFD/BF-033/CFD-BF-033-028-N.jpg,BF-229,materials/cfd/Images/CFD/BF-229/CFD-BF-229-179-N.jpg,z,1
17,2,119,study,1,male,Black,female,White,happy,,,,,m,867,True,False,,1,,,,False,256,BM-003,materials/cfd/Images/CFD/BM-003/CFD-BM-003-003-N.jpg,WF-033,materials/cfd/Images/CFD/WF-033/CFD-WF-033-005-HO.jpg,m,1
17,2,120,study,1,male,Black,female,Black,neutral,,,,,m,810,True,False,,1,,,,False,258,BM-213,materials/cfd/Images/CFD/BM-213/CFD-BM-213-134-N.jpg,BF-023,materials/cfd/Images/CFD/BF-023/CFD-BF-023-010-N.jpg,m,1
17,2,121,test,0,male,Latino,female,White,angry,,,,intact,m,517,False,False,,1,,,,False,275,LM-212,materials/cfd/Images/CFD/LM-212/CFD-LM-212-143-N.jpg,WF-003,materials/cfd/Images/CFD/WF-003/CFD-WF-003-014-A.jpg,z,1
17,2,122,test,0,male,White,male,Black,angry,,,,rearranged,m,1730,True,False,,1,,,,False,277,WM-026,materials/cfd/Images/CFD/WM-026/CFD-WM-026-001-N.jpg,BM-030,materials/cfd/Images/CFD/BM-030/CFD-BM-030-041-A.jpg,m,1
17,2,123,test,0,female,Black,male,Black,neutral,,,,intact,z,1039,True,False,,1,,,,False,279,BF-213,materials/cfd/Images/CFD/BF-213/CFD-BF-213-188-N.jpg,BM-202,materials/cfd/Images/CFD/BM-202/CFD-BM-202-063-N.jpg,z,1
17,2,124,test,0,female,White,female,Black,angry,,,,intact,z,990,True,False,,1,,,,False,281,WF-209,materials/cfd/Images/CFD/WF-209/CFD-WF-209-052-N.jpg,BF-036,materials/cfd/Images/CFD/BF-036/CFD-BF-036-020-A.jpg,z,1
17,2,125,test,0,male,Black,female,Black,angry,,,,intact,z,1737,True,False,,1,,,,False,283,BM-011,materials/cfd/Images/CFD/BM-011/CFD-BM-011-016-N.jpg,BF-039,materials/cfd/Images/CFD/BF-039/CFD-BF-039-039-A.jpg,z,1
17,2,126,test,0,male,Black,female,Black,neutral,,,,intact,z,925,True,False,,1,,,,False,285,BM-212,materials/cfd/Images/CFD/BM-212/CFD-BM-212-117-N.jpg,BF-030,materials/cfd/Images/CFD/BF-030/CFD-BF-030-002-N.jpg,z,1
17,2,127,test,0,female,Black,female,Black,neutral,,,,intact,z,1072,True,False,,1,,,,False,287,BF-033,materials/cfd/Images/CFD/BF-033/CFD-BF-033-028-N.jpg,BF-229,materials/cfd/Images/CFD/BF-229/CFD-BF-229-179-N.jpg,z,1
17,2,128,test,0,male,Black,male,Black,neutral,,,,rearranged,z,1234,False,False,,1,,,,False,289,BM-214,materials/cfd/Images/CFD/BM-214/CFD-BM-214-075-N.jpg,BM-015,materials/cfd/Images/CFD/BM-015/CFD-BM-015-015-N.jpg,m,1
17,2,129,test,0,male,White,female,White,neutral,,,,rearranged,m,1382,True,False,,1,,,,False,291,WM-235,materials/cfd/Images/CFD/WM-235/CFD-WM-235-147-N.jpg,WF-213,materials/cfd/Images/CFD/WF-213/CFD-WF-213-031-N.jpg,m,1
17,2,130,test,0,male,White,female,Black,neutral,,,,intact,m,600,False,False,,1,,,,False,293,WM-014,materials/cfd/Images/CFD/WM-014/CFD-WM-014-002-N.jpg,BF-236,materials/cfd/Images/CFD/BF-236/CFD-BF-236-177-N.jpg,z,1
17,2,131,test,0,female,Latino,male,Black,neutral,,,,rearranged,z,660,False,False,,1,,,,False,295,LF-202,materials/cfd/Images/CFD/LF-202/CFD-LF-202-065-N.jpg,BM-219,materials/cfd/Images/CFD/BM-219/CFD-BM-219-141-N.jpg,m,1
17,2,132,test,0,male,Asian,male,Black,angry,,,,rearranged,m,331,True,False,,1,,,,False,297,AM-226,materials/cfd/Images/CFD/AM-226/CFD-AM-226-234-N.jpg,BM-046,materials/cfd/Images/CFD/BM-046/CFD-BM-046-048-A.jpg,m,1
17,2,133,test,0,female,Latino,female,Black,happy,,,,rearranged,m,244,True,False,,1,,,,False,299,LF-220,materials/cfd/Images/CFD/LF-220/CFD-LF-220-120-N.jpg,BF-005,materials/cfd/Images/CFD/BF-005/CFD-BF-005-005-HO.jpg,m,1
17,2,134,test,0,male,Latino,female,Black,angry,,,,rearranged,z,411,False,False,,1,,,,False,301,LM-229,materials/cfd/Images/CFD/LM-229/CFD-LM-229-187-N.jpg,BF-004,materials/cfd/Images/CFD/BF-004/CFD-BF-004-021-A.jpg,m,1
17,2,135,test,0,female,White,female,Black,angry,,,,rearranged,m,200,True,False,,1,,,,False,303,WF-036,materials/cfd/Images/CFD/WF-036/CFD-WF-036-023-N.jpg,BF-031,materials/cfd/Images/CFD/BF-031/CFD-BF-031-020-A.jpg,m,1
17,2,136,test,0,female,White,male,Black,happy,,,,intact,m,268,False,False,,1,,,,False,305,WF-231,materials/cfd/Images/CFD/WF-231/CFD-WF-231-099-N.jpg,BM-001,materials/cfd/Images/CFD/BM-001/CFD-BM-001-011-HO.jpg,z,1
17,2,137,test,0,female,Latino,male,Black,angry,,,,rearranged,z,327,False,False,,1,,,,False,307,LF-222,materials/cfd/Images/CFD/LF-222/CFD-LF-222-147-N.jpg,BM-002,materials/cfd/Images/CFD/BM-002/CFD-BM-002-016-A.jpg,m,1
17,2,138,test,0,female,Black,female,White,neutral,,,,rearranged,z,502,False,False,,1,,,,False,309,BF-251,materials/cfd/Images/CFD/BF-251/CFD-BF-251-211-N.jpg,WF-019,materials/cfd/Images/CFD/WF-019/CFD-WF-019-005-N.jpg,m,1
17,2,139,test,0,female,Asian,male,Black,angry,,,,rearranged,m,1517,True,False,,1,,,,False,311,AF-223,materials/cfd/Images/CFD/AF-223/CFD-AF-223-183-N.jpg,BM-040,materials/cfd/Images/CFD/BM-040/CFD-BM-040-013-A.jpg,m,1
17,2,140,test,0,female,Asian,female,White,neutral,,,,rearranged,z,1266,False,False,,1,,,,False,313,AF-237,materials/cfd/Images/CFD/AF-237/CFD-AF-237-223-N.jpg,WF-207,materials/cfd/Images/CFD/WF-207/CFD-WF-207-014-N.jpg,m,1
17,2,141,test,0,male,Asian,female,Black,happy,,,,rearranged,m,849,True,False,,1,,,,False,315,AM-240,materials/cfd/Images/CFD/AM-240/CFD-AM-240-191-N.jpg,BF-024,materials/cfd/Images/CFD/BF-024/CFD-BF-024-005-HO.jpg,m,1
17,2,142,test,0,female,Black,female,Black,happy,,,,rearranged,z,899,False,False,,1,,,,False,317,BF-034,materials/cfd/Images/CFD/BF-034/CFD-BF-034-002-N.jpg,BF-014,materials/cfd/Images/CFD/BF-014/CFD-BF-014-004-HO.jpg,m,1
17,2,143,test,0,female,White,female,Black,happy,,,,intact,z,1178,True,False,,1,,,,False,319,WF-200,materials/cfd/Images/CFD/WF-200/CFD-WF-200-099-N.jpg,BF-002,materials/cfd/Images/CFD/BF-002/CFD-BF-002-004-HO.jpg,z,1
17,2,144,test,0,male,Latino,female,White,angry,,,,rearranged,m,1109,True,False,,1,,,,False,321,LM-200,materials/cfd/Images/CFD/LM-200/CFD-LM-200-045-N.jpg,WF-011,materials/cfd/Images/CFD/WF-011/CFD-WF-011-011-A.jpg,m,1
17,2,145,test,0,female,Asian,female,White,happy,,,,intact,z,2353,True,False,,1,,,,False,323,AF-216,materials/cfd/Images/CFD/AF-216/CFD-AF-216-106-N.jpg,WF-014,materials/cfd/Images/CFD/WF-014/CFD-WF-014-004-HO.jpg,z,1
17,2,146,test,0,male,White,male,White,angry,,,,rearranged,m,1251,True,False,,1,,,,False,325,WM-233,materials/cfd/Images/CFD/WM-233/CFD-WM-233-106-N.jpg,WM-036,materials/cfd/Images/CFD/WM-036/CFD-WM-036-018-A.jpg,m,1
17,2,147,test,0,male,Black,female,Black,neutral,,,,intact,z,1475,True,False,,1,,,,False,327,BM-213,materials/cfd/Images/CFD/BM-213/CFD-BM-213-134-N.jpg,BF-023,materials/cfd/Images/CFD/BF-023/CFD-BF-023-010-N.jpg,z,1
17,2,148,test,0,male,Latino,male,White,happy,,,,rearranged,m,965,True,False,,1,,,,False,329,LM-204,materials/cfd/Images/CFD/LM-204/CFD-LM-204-001-N.jpg,WM-033,materials/cfd/Images/CFD/WM-033/CFD-WM-033-007-HO.jpg,m,1
17,2,149,test,0,male,White,female,White,happy,,,,rearranged,m,1649,True,False,,1,,,,False,331,WM-023,materials/cfd/Images/CFD/WM-023/CFD-WM-023-001-N.jpg,WF-015,materials/cfd/Images/CFD/WF-015/CFD-WF-015-022-HO.jpg,m,1
17,2,150,test,0,female,White,female,White,angry,,,,rearranged,m,1872,True,False,,1,,,,False,333,WF-224,materials/cfd/Images/CFD/WF-224/CFD-WF-224-099-N.jpg,WF-012,materials/cfd/Images/CFD/WF-012/CFD-WF-012-012-A.jpg,m,1
17,2,151,test,1,female,White,male,White,angry,,,,intact,m,2673,False,False,,1,,,,False,336,WF-009,materials/cfd/Images/CFD/WF-009/CFD-WF-009-001-N.jpg,WM-010,materials/cfd/Images/CFD/WM-010/CFD-WM-010-016-A.jpg,z,1
17,2,152,test,1,female,Black,male,White,neutral,,,,rearranged,z,1453,False,False,,1,,,,False,338,BF-016,materials/cfd/Images/CFD/BF-016/CFD-BF-016-017-N.jpg,WM-234,materials/cfd/Images/CFD/WM-234/CFD-WM-234-118-N.jpg,m,1
17,2,153,test,1,male,Asian,female,Black,happy,,,,rearranged,z,1037,False,False,,1,,,,False,340,AM-237,materials/cfd/Images/CFD/AM-237/CFD-AM-237-154-N.jpg,BF-029,materials/cfd/Images/CFD/BF-029/CFD-BF-029-005-HO.jpg,m,1
17,2,154,test,1,male,Black,male,White,angry,,,,intact,z,2146,True,False,,1,,,,False,342,BM-211,materials/cfd/Images/CFD/BM-211/CFD-BM-211-174-N.jpg,WM-022,materials/cfd/Images/CFD/WM-022/CFD-WM-022-008-A.jpg,z,1
17,2,155,test,1,male,White,male,White,happy,,,,intact,z,1760,True,False,,1,,,,False,344,WM-257,materials/cfd/Images/CFD/WM-257/CFD-WM-257-161-N.jpg,WM-024,materials/cfd/Images/CFD/WM-024/CFD-WM-024-003-HO.jpg,z,1
17,2,156,test,1,female,White,male,White,happy,,,,rearranged,m,1380,True,False,,1,,,,False,346,WF-203,materials/cfd/Images/CFD/WF-203/CFD-WF-203-229-N.jpg,WM-019,materials/cfd/Images/CFD/WM-019/CFD-WM-019-009-HO.jpg,m,1
17,2,157,test,1,male,Black,female,White,happy,,,,intact,z,1464,True,False,,1,,,,False,348,BM-003,materials/cfd/Images/CFD/BM-003/CFD-BM-003-003-N.jpg,WF-033,materials/cfd/Images/CFD/WF-033/CFD-WF-033-005-HO.jpg,z,1
17,2,158,test,1,female,Asian,female,White,angry,,,,intact,z,968,True,False,,1,,,,False,350,AF-243,materials/cfd/Images/CFD/AF-243/CFD-AF-243-170-N.jpg,WF-008,materials/cfd/Images/CFD/WF-008/CFD-WF-008-011-A.jpg,z,1
17,2,159,test,1,female,Asian,female,White,happy,,,,rearranged,z,1158,False,False,,1,,,,False,352,AF-234,materials/cfd/Images/CFD/AF-234/CFD-AF-234-208-N.jpg,WF-035,materials/cfd/Images/CFD/WF-035/CFD-WF-035-027-HO.jpg,m,1
17,2,160,test,1,male,White,male,White,neutral,,,,intact,m,1315,False,False,,1,,,,False,354,WM-247,materials/cfd/Images/CFD/WM-247/CFD-WM-247-084-N.jpg,WM-253,materials/cfd/Images/CFD/WM-253/CFD-WM-253-119-N.jpg,z,1
17,2,161,test,1,female,Latino,female,Black,neutral,,,,intact,z,2028,True,False,,1,,,,False,356,LF-206,materials/cfd/Images/CFD/LF-206/CFD-LF-206-078-N.jpg,BF-047,materials/cfd/Images/CFD/BF-047/CFD-BF-047-003-N.jpg,z,1
17,2,162,test,1,female,Latino,female,White,neutral,,,,intact,z,1817,True,False,,1,,,,False,358,LF-231,materials/cfd/Images/CFD/LF-231/CFD-LF-231-260-N.jpg,WF-225,materials/cfd/Images/CFD/WF-225/CFD-WF-225-101-N.jpg,z,1
17,2,163,test,1,female,Black,male,Black,angry,,,,intact,z,2183,True,False,,1,,,,False,360,BF-020,materials/cfd/Images/CFD/BF-020/CFD-BF-020-002-N.jpg,BM-043,materials/cfd/Images/CFD/BM-043/CFD-BM-043-014-A.jpg,z,1
17,2,164,test,1,male,Black,female,Black,neutral,,,,rearranged,m,2029,True,False,,1,,,,False,362,BM-242,materials/cfd/Images/CFD/BM-242/CFD-BM-242-233-N.jpg,BF-019,materials/cfd/Images/CFD/BF-019/CFD-BF-019-001-N.jpg,m,1
17,2,165,test,1,female,Asian,male,Black,happy,,,,intact,z,2393,True,False,,1,,,,False,364,AF-211,materials/cfd/Images/CFD/AF-211/CFD-AF-211-066-N.jpg,BM-028,materials/cfd/Images/CFD/BM-028/CFD-BM-028-028-HO.jpg,z,1
17,2,166,test,1,male,White,male,Black,happy,,,,intact,m,1136,False,False,,1,,,,False,366,WM-256,materials/cfd/Images/CFD/WM-256/CFD-WM-256-138-N.jpg,BM-037,materials/cfd/Images/CFD/BM-037/CFD-BM-037-036-HO.jpg,z,1
17,2,167,test,1,male,Asian,female,White,happy,,,,intact,z,1882,True,False,,1,,,,False,368,AM-249,materials/cfd/Images/CFD/AM-249/CFD-AM-249-163-N.jpg,WF-013,materials/cfd/Images/CFD/WF-013/CFD-WF-013-006-HO.jpg,z,1
17,2,168,test,1,female,White,female,White,angry,,,,intact,z,1688,True,False,,1,,,,False,370,WF-001,materials/cfd/Images/CFD/WF-001/CFD-WF-001-003-N.jpg,WF-030,materials/cfd/Images/CFD/WF-030/CFD-WF-030-033-A.jpg,z,1
17,2,169,test,1,female,Black,male,Black,neutral,,,,rearranged,m,2278,True,False,,1,,,,False,372,BF-221,materials/cfd/Images/CFD/BF-221/CFD-BF-221-223-N.jpg,BM-223,materials/cfd/Images/CFD/BM-223/CFD-BM-223-171-N.jpg,m,1
17,2,170,test,1,female,Latino,male,Black,angry,,,,rearranged,z,1933,False,False,,1,,,,False,374,LF-239,materials/cfd/Images/CFD/LF-239/CFD-LF-239-148-N.jpg,BM-045,materials/cfd/Images/CFD/BM-045/CFD-BM-045-061-A.jpg,m,1
17,2,171,test,1,male,White,male,White,happy,,,,rearranged,m,1258,True,False,,1,,,,False,376,WM-211,materials/cfd/Images/CFD/WM-211/CFD-WM-211-054-N.jpg,WM-017,materials/cfd/Images/CFD/WM-017/CFD-WM-017-005-HO.jpg,m,1
17,2,172,test,1,male,Black,male,White,neutral,,,,rearranged,m,2024,True,False,,1,,,,False,378,BM-222,materials/cfd/Images/CFD/BM-222/CFD-BM-222-173-N.jpg,WM-236,materials/cfd/Images/CFD/WM-236/CFD-WM-236-072-N.jpg,m,1
17,2,173,test,1,male,Latino,male,White,angry,,,,intact,z,1977,True,False,,1,,,,False,380,LM-227,materials/cfd/Images/CFD/LM-227/CFD-LM-227-103-N.jpg,WM-018,materials/cfd/Images/CFD/WM-018/CFD-WM-018-007-A.jpg,z,1
17,2,174,test,1,female,White,male,Black,happy,,,,intact,m,1079,False,False,,1,,,,False,382,WF-017,materials/cfd/Images/CFD/WF-017/CFD-WF-017-003-N.jpg,BM-020,materials/cfd/Images/CFD/BM-020/CFD-BM-020-026-HO.jpg,z,1
17,2,175,test,1,male,White,male,Black,happy,,,,intact,m,1708,False,False,,1,,,,False,384,WM-224,materials/cfd/Images/CFD/WM-224/CFD-WM-224-197-N.jpg,BM-039,materials/cfd/Images/CFD/BM-039/CFD-BM-039-034-HO.jpg,z,1
17,2,176,test,1,female,Black,male,White,happy,,,,rearranged,m,2038,True,False,,1,,,,False,386,BF-012,materials/cfd/Images/CFD/BF-012/CFD-BF-012-001-N.jpg,WM-003,materials/cfd/Images/CFD/WM-003/CFD-WM-003-003-HO.jpg,m,1
17,2,177,test,1,male,White,male,White,neutral,,,,rearranged,m,2530,True,False,,1,,,,False,388,WM-013,materials/cfd/Images/CFD/WM-013/CFD-WM-013-001-N.jpg,WM-213,materials/cfd/Images/CFD/WM-213/CFD-WM-213-076-N.jpg,m,1
17,2,178,test,1,male,Latino,female,Black,angry,,,,intact,z,2619,True,False,,1,,,,False,390,LM-216,materials/cfd/Images/CFD/LM-216/CFD-LM-216-082-N.jpg,BF-011,materials/cfd/Images/CFD/BF-011/CFD-BF-011-011-A.jpg,z,1
17,2,179,test,1,male,Black,male,White,neutral,,,,intact,m,1709,False,False,,1,,,,False,392,BM-036,materials/cfd/Images/CFD/BM-036/CFD-BM-036-003-N.jpg,WM-245,materials/cfd/Images/CFD/WM-245/CFD-WM-245-123-N.jpg,z,1
17,2,180,test,1,female,White,male,Black,neutral,,,,intact,,,False,True,,1,,,,False,394,WF-027,materials/cfd/Images/CFD/WF-027/CFD-WF-027-003-N.jpg,BM-225,materials/cfd/Images/CFD/BM-225/CFD-BM-225-154-N.jpg,z,1
18,2,1,study,0,female,Black,male,Black,happy,,,,,z,763,True,False,,2,,,,False,17,BF-227,materials/cfd/Images/CFD/BF-227/CFD-BF-227-137-N.jpg,BM-015,materials/cfd/Images/CFD/BM-015/CFD-BM-015-016-HO.jpg,z,1.25
18,2,2,study,0,male,Latino,male,White,happy,,,,,m,874,True,False,,2,,,,False,19,LM-239,materials/cfd/Images/CFD/LM-239/CFD-LM-239-075-N.jpg,WM-001,materials/cfd/Images/CFD/WM-001/CFD-WM-001-011-HO.jpg,m,1.25
18,2,3,study,0,male,White,female,White,angry,,,,,m,877,True,False,,2,,,,False,21,WM-217,materials/cfd/Images/CFD/WM-217/CFD-WM-217-070-N.jpg,WF-008,materials/cfd/Images/CFD/WF-008/CFD-WF-008-011-A.jpg,m,1.25
18,2,4,study,0,female,White,female,Black,happy,,,,,m,624,False,False,,2,,,,False,23,WF-239,materials/cfd/Images/CFD/WF-239/CFD-WF-239-155-N.jpg,BF-020,materials/cfd/Images/CFD/BF-020/CFD-BF-020-004-HO.jpg,z,1.25
18,2,5,study,0,male,Black,female,Black,happy,,,,,m,969,True,False,,2,,,,False,25,BM-024,materials/cfd/Images/CFD/BM-024/CFD-BM-024-001-N.jpg,BF-024,materials/cfd/Images/CFD/BF-024/CFD-BF-024-005-HO.jpg,m,1.25
18,2,6,study,0,female,Latino,male,Black,happy,,,,,z,1041,True,False,,2,,,,False,27,LF-236,materials/cfd/Images/CFD/LF-236/CFD-LF-236-221-N.jpg,BM-041,materials/cfd/Images/CFD/BM-041/CFD-BM-041-041-HO.jpg,z,1.25
18,2,7,study,0,male,White,male,White,happy,,,,,m,1016,True,False,,2,,,,False,29,WM-011,materials/cfd/Images/CFD/WM-011/CFD-WM-011-002-N.jpg,WM-034,materials/cfd/Images/CFD/WM-034/CFD-WM-034-035-HO.jpg,m,1.25
18,2,8,study,0,male,Black,male,White,angry,,,,,m,867,True,False,,2,,,,False,31,BM-002,materials/cfd/Images/CFD/BM-002/CFD-BM-002-013-N.jpg,WM-031,materials/cfd/Images/CFD/WM-031/CFD-WM-031-045-A.jpg,m,1.25
18,2,9,study,0,female,White,male,White,angry,,,,,z,1460,True,False,,2,,,,False,33,WF-225,materials/cfd/Images/CFD/WF-225/CFD-WF-225-101-N.jpg,WM-032,materials/cfd/Images/CFD/WM-032/CFD-WM-032-014-A.jpg,z,1.25
18,2,10,study,0,female,Black,female,White,angry,,,,,z,975,True,False,,2,,,,False,35,BF-244,materials/cfd/Images/CFD/BF-244/CFD-BF-244-231-N.jpg,WF-003,materials/cfd/Images/CFD/WF-003/CFD-WF-003-014-A.jpg,z,1.25
18,2,11,study,0,male,Black,female,Black,happy,,,,,m,1726,True,False,,2,,,,False,37,BM-217,materials/cfd/Images/CFD/BM-217/CFD-BM-217-082-N.jpg,BF-008,materials/cfd/Images/CFD/BF-008/CFD-BF-008-003-HO.jpg,m,1.25
18,2,12,study,0,female,Black,male,Black,neutral,,,,,z,886,True,False,,2,,,,False,39,BF-221,materials/cfd/Images/CFD/BF-221/CFD-BF-221-223-N.jpg,BM-228,materials/cfd/Images/CFD/BM-228/CFD-BM-228-145-N.jpg,z,1.25
18,2,13,study,0,male,Latino,female,White,neutral,,,,,m,1127,True,False,,2,,,,False,41,LM-227,materials/cfd/Images/CFD/LM-227/CFD-LM-227-103-N.jpg,WF-200,materials/cfd/Images/CFD/WF-200/CFD-WF-200-099-N.jpg,m,1.25
18,2,14,study,0,male,Black,male,White,angry,,,,,m,1325,True,False,,2,,,,False,43,BM-005,materials/cfd/Images/CFD/BM-005/CFD-BM-005-003-N.jpg,WM-036,materials/cfd/Images/CFD/WM-036/CFD-WM-036-018-A.jpg,m,1.25
18,2,15,study,0,female,Asian,female,Black,angry,,,,,z,1393,True,False,,2,,,,False,45,AF-200,materials/cfd/Images/CFD/AF-200/CFD-AF-200-228-N.jpg,BF-007,materials/cfd/Images/CFD/BF-007/CFD-BF-007-013-A.jpg,z,1.25
18,2,16,study,0,male,Asian,female,White,angry,,,,,m,1113,True,False,,2,,,,False,47,AM-225,materials/cfd/Images/CFD/AM-225/CFD-AM-225-102-N.jpg,WF-006,materials/cfd/Images/CFD/WF-006/CFD-WF-006-019-A.jpg,m,1.25
18,2,17,study,0,male,Latino,female,White,neutral,,,,,m,1785,True,False,,2,,,,False,49,LM-212,materials/cfd/Images/CFD/LM-212/CFD-LM-212-143-N.jpg,WF-227,materials/cfd/Images/CFD/WF-227/CFD-WF-227-002-N.jpg,m,1.25
18,2,18,study,0,male,White,female,White,happy,,,,,m,741,True,False,,2,,,,False,51,WM-257,materials/cfd/Images/CFD/WM-257/CFD-WM-257-161-N.jpg,WF-011,materials/cfd/Images/CFD/WF-011/CFD-WF-011-003-HO.jpg,m,1.25
18,2,19,study,0,female,Black,female,Black,happy,,,,,z,802,True,False,,2,,,,False,53,BF-249,materials/cfd/Images/CFD/BF-249/CFD-BF-249-091-N.jpg,BF-001,materials/cfd/Images/CFD/BF-001/CFD-BF-001-018-HO.jpg,z,1.25
18,2,20,study,0,female,Asian,female,White,neutral,,,,,m,1843,False,False,,2,,,,False,55,AF-217,materials/cfd/Images/CFD/AF-217/CFD-AF-217-155-N.jpg,WF-201,materials/cfd/Images/CFD/WF-201/CFD-WF-201-156-N.jpg,z,1.25
18,2,21,study,0,male,Black,male,Black,happy,,,,,m,502,True,False,,2,,,,False,57,BM-242,materials/cfd/Images/CFD/BM-242/CFD-BM-242-233-N.jpg,BM-044,materials/cfd/Images/CFD/BM-044/CFD-BM-044-037-HO.jpg,m,1.25
18,2,22,study,0,male,Black,male,Black,angry,,,,,m,1979,True,False,,2,,,,False,59,BM-206,materials/cfd/Images/CFD/BM-206/CFD-BM-206-114-N.jpg,BM-010,materials/cfd/Images/CFD/BM-010/CFD-BM-010-019-A.jpg,m,1.25
18,2,23,study,0,female,Asian,male,White,neutral,,,,,z,1174,True,False,,2,,,,False,61,AF-238,materials/cfd/Images/CFD/AF-238/CFD-AF-238-185-N.jpg,WM-219,materials/cfd/Images/CFD/WM-219/CFD-WM-219-008-N.jpg,z,1.25
18,2,24,study,0,female,Asian,male,White,happy,,,,,z,1544,True,False,,2,,,,False,63,AF-254,materials/cfd/Images/CFD/AF-254/CFD-AF-254-167-N.jpg,WM-002,materials/cfd/Images/CFD/WM-002/CFD-WM-002-007-HO.jpg,z,1.25
18,2,25,study,0,male,Latino,male,White,angry,,,,,m,2757,True,False,,2,,,,False,65,LM-249,materials/cfd/Images/CFD/LM-249/CFD-LM-249-001-N.jpg,WM-039,materials/cfd/Images/CFD/WM-039/CFD-WM-039-010-A.jpg,m,1.25
18,2,26,study,0,female,White,female,Black,happy,,,,,z,996,True,False,,2,,,,False,67,WF-230,materials/cfd/Images/CFD/WF-230/CFD-WF-230-158-N.jpg,BF-004,materials/cfd/Images/CFD/BF-004/CFD-BF-004-009-HO.jpg,z,1.25
18,2,27,study,0,female,White,female,White,neutral,,,,,z,861,True,False,,2,,,,False,69,WF-233,materials/cfd/Images/CFD/WF-233/CFD-WF-233-112-N.jpg,WF-210,materials/cfd/Images/CFD/WF-210/CFD-WF-210-086-N.jpg,z,1.25
18,2,28,study,0,male,Asian,male,White,neutral,,,,,m,998,True,False,,2,,,,False,71,AM-239,materials/cfd/Images/CFD/AM-239/CFD-AM-239-147-N.jpg,WM-254,materials/cfd/Images/CFD/WM-254/CFD-WM-254-152-N.jpg,m,1.25
18,2,29,study,0,male,White,female,Black,neutral,,,,,m,1091,True,False,,2,,,,False,73,WM-230,materials/cfd/Images/CFD/WM-230/CFD-WM-230-131-N.jpg,BF-215,materials/cfd/Images/CFD/BF-215/CFD-BF-215-177-N.jpg,m,1.25
18,2,30,study,0,male,White,male,White,angry,,,,,m,911,True,False,,2,,,,False,75,WM-235,materials/cfd/Images/CFD/WM-235/CFD-WM-235-147-N.jpg,WM-026,materials/cfd/Images/CFD/WM-026/CFD-WM-026-019-A.jpg,m,1.25
18,2,31,study,1,female,Black,male,White,happy,,,,,z,789,True,False,,2,,,,False,78,BF-220,materials/cfd/Images/CFD/BF-220/CFD-BF-220-161-N.jpg,WM-017,materials/cfd/Images/CFD/WM-017/CFD-WM-017-005-HO.jpg,z,1.25
18,2,32,study,1,female,Asian,female,Black,happy,,,,,z,923,True,False,,2,,,,False,80,AF-202,materials/cfd/Images/CFD/AF-202/CFD-AF-202-122-N.jpg,BF-049,materials/cfd/Images/CFD/BF-049/CFD-BF-049-034-HO.jpg,z,1.25
18,2,33,study,1,male,Asian,male,Black,neutral,,,,,m,662,True,False,,2,,,,False,82,AM-228,materials/cfd/Images/CFD/AM-228/CFD-AM-228-214-N.jpg,BM-237,materials/cfd/Images/CFD/BM-237/CFD-BM-237-188-N.jpg,m,1.25
18,2,34,study,1,male,Asian,female,Black,angry,,,,,m,921,True,False,,2,,,,False,84,AM-215,materials/cfd/Images/CFD/AM-215/CFD-AM-215-120-N.jpg,BF-009,materials/cfd/Images/CFD/BF-009/CFD-BF-009-024-A.jpg,m,1.25
18,2,35,study,1,male,Black,male,Black,happy,,,,,m,1427,True,False,,2,,,,False,86,BM-223,materials/cfd/Images/CFD/BM-223/CFD-BM-223-171-N.jpg,BM-026,materials/cfd/Images/CFD/BM-026/CFD-BM-026-009-HO.jpg,m,1.25
18,2,36,study,1,female,White,female,Black,angry,,,,,z,692,True,False,,2,,,,False,88,WF-249,materials/cfd/Images/CFD/WF-249/CFD-WF-249-126-N.jpg,BF-015,materials/cfd/Images/CFD/BF-015/CFD-BF-015-022-A.jpg,z,1.25
18,2,37,study,1,female,Black,male,White,angry,,,,,z,1106,True,False,,2,,,,False,90,BF-012,materials/cfd/Images/CFD/BF-012/CFD-BF-012-001-N.jpg,WM-004,materials/cfd/Images/CFD/WM-004/CFD-WM-004-011-A.jpg,z,1.25
18,2,38,study,1,female,Latino,male,Black,angry,,,,,z,1325,True,False,,2,,,,False,92,LF-232,materials/cfd/Images/CFD/LF-232/CFD-LF-232-199-N.jpg,BM-011,materials/cfd/Images/CFD/BM-011/CFD-BM-011-020-A.jpg,z,1.25
18,2,39,study,1,male,Black,male,White,neutral,,,,,m,2765,True,False,,2,,,,False,94,BM-249,materials/cfd/Images/CFD/BM-249/CFD-BM-249-235-N.jpg,WM-222,materials/cfd/Images/CFD/WM-222/CFD-WM-222-057-N.jpg,m,1.25
18,2,40,study,1,male,Latino,male,Black,happy,,,,,m,939,True,False,,2,,,,False,96,LM-246,materials/cfd/Images/CFD/LM-246/CFD-LM-246-087-N.jpg,BM-016,materials/cfd/Images/CFD/BM-016/CFD-BM-016-040-HO.jpg,m,1.25
18,2,41,study,1,female,Latino,male,Black,neutral,,,,,z,674,True,False,,2,,,,False,98,LF-223,materials/cfd/Images/CFD/LF-223/CFD-LF-223-064-N.jpg,BM-250,materials/cfd/Images/CFD/BM-250/CFD-BM-250-170-N.jpg,z,1.25
18,2,42,study,1,female,Latino,male,White,neutral,,,,,z,1857,True,False,,2,,,,False,100,LF-228,materials/cfd/Images/CFD/LF-228/CFD-LF-228-125-N.jpg,WM-233,materials/cfd/Images/CFD/WM-233/CFD-WM-233-106-N.jpg,z,1.25
18,2,43,study,1,female,Latino,male,White,angry,,,,,z,1419,True,False,,2,,,,False,102,LF-229,materials/cfd/Images/CFD/LF-229/CFD-LF-229-164-N.jpg,WM-020,materials/cfd/Images/CFD/WM-020/CFD-WM-020-008-A.jpg,z,1.25
18,2,44,study,1,male,Black,male,Black,neutral,,,,,m,752,True,False,,2,,,,False,104,BM-243,materials/cfd/Images/CFD/BM-243/CFD-BM-243-218-N.jpg,BM-017,materials/cfd/Images/CFD/BM-017/CFD-BM-017-021-N.jpg,m,1.25
18,2,45,study,1,female,Asian,female,White,neutral,,,,,z,949,True,False,,2,,,,False,106,AF-242,materials/cfd/Images/CFD/AF-242/CFD-AF-242-158-N.jpg,WF-228,materials/cfd/Images/CFD/WF-228/CFD-WF-228-196-N.jpg,z,1.25
18,2,46,study,1,male,Asian,female,Black,neutral,,,,,m,1981,True,False,,2,,,,False,108,AM-230,materials/cfd/Images/CFD/AM-230/CFD-AM-230-150-N.jpg,BF-003,materials/cfd/Images/CFD/BF-003/CFD-BF-003-003-N.jpg,m,1.25
18,2,47,study,1,male,Black,female,Black,happy,,,,,m,624,True,False,,2,,,,False,110,BM-221,materials/cfd/Images/CFD/BM-221/CFD-BM-221-198-N.jpg,BF-035,materials/cfd/Images/CFD/BF-035/CFD-BF-035-027-HO.jpg,m,1.25
18,2,48,study,1,male,Black,male,Black,neutral,,,,,m,1544,True,False,,2,,,,False,112,BM-212,materials/cfd/Images/CFD/BM-212/CFD-BM-212-117-N.jpg,BM-039,materials/cfd/Images/CFD/BM-039/CFD-BM-039-029-N.jpg,m,1.25
18,2,49,study,1,female,Black,female,Black,happy,,,,,z,1275,True,False,,2,,,,False,114,BF-225,materials/cfd/Images/CFD/BF-225/CFD-BF-225-192-N.jpg,BF-019,materials/cfd/Images/CFD/BF-019/CFD-BF-019-022-HO.jpg,z,1.25
18,2,50,study,1,male,Black,female,White,neutral,,,,,m,2909,True,False,,2,,,,False,116,BM-216,materials/cfd/Images/CFD/BM-216/CFD-BM-216-088-N.jpg,WF-028,materials/cfd/Images/CFD/WF-028/CFD-WF-028-023-N.jpg,m,1.25
18,2,51,study,1,female,Black,female,White,angry,,,,,z,1116,True,False,,2,,,,False,118,BF-031,materials/cfd/Images/CFD/BF-031/CFD-BF-031-002-N.jpg,WF-022,materials/cfd/Images/CFD/WF-022/CFD-WF-022-023-A.jpg,z,1.25
18,2,52,study,1,male,Black,female,White,happy,,,,,m,1880,True,False,,2,,,,False,120,BM-204,materials/cfd/Images/CFD/BM-204/CFD-BM-204-003-N.jpg,WF-001,materials/cfd/Images/CFD/WF-001/CFD-WF-001-009-HO.jpg,m,1.25
18,2,53,study,1,male,Asian,female,White,angry,,,,,m,865,True,False,,2,,,,False,122,AM-212,materials/cfd/Images/CFD/AM-212/CFD-AM-212-050-N.jpg,WF-020,materials/cfd/Images/CFD/WF-020/CFD-WF-020-012-A.jpg,m,1.25
18,2,54,study,1,female,Latino,male,White,happy,,,,,z,1999,True,False,,2,,,,False,124,LF-200,materials/cfd/Images/CFD/LF-200/CFD-LF-200-058-N.jpg,WM-028,materials/cfd/Images/CFD/WM-028/CFD-WM-028-007-HO.jpg,z,1.25
18,2,55,study,1,female,Asian,female,White,angry,,,,,z,1854,True,False,,2,,,,False,126,AF-229,materials/cfd/Images/CFD/AF-229/CFD-AF-229-160-N.jpg,WF-037,materials/cfd/Images/CFD/WF-037/CFD-WF-037-016-A.jpg,z,1.25
18,2,56,study,1,female,Black,female,White,neutral,,,,,z,2465,True,False,,2,,,,False,128,BF-241,materials/cfd/Images/CFD/BF-241/CFD-BF-241-222-N.jpg,WF-218,materials/cfd/Images/CFD/WF-218/CFD-WF-218-087-N.jpg,z,1.25
18,2,57,study,1,female,Asian,male,White,angry,,,,,z,2947,True,False,,2,,,,False,130,AF-205,materials/cfd/Images/CFD/AF-205/CFD-AF-205-155-N.jpg,WM-016,materials/cfd/Images/CFD/WM-016/CFD-WM-016-008-A.jpg,z,1.25
18,2,58,study,1,male,White,female,White,angry,,,,,m,2584,True,False,,2,,,,False,132,WM-256,materials/cfd/Images/CFD/WM-256/CFD-WM-256-138-N.jpg,WF-036,materials/cfd/Images/CFD/WF-036/CFD-WF-036-015-A.jpg,m,1.25
18,2,59,study,1,female,Black,male,White,neutral,,,,,z,1723,True,False,,2,,,,False,134,BF-231,materials/cfd/Images/CFD/BF-231/CFD-BF-231-202-N.jpg,WM-211,materials/cfd/Images/CFD/WM-211/CFD-WM-211-054-N.jpg,z,1.25
18,2,60,study,1,female,Black,female,White,neutral,,,,,z,2623,True,False,,2,,,,False,136,BF-234,materials/cfd/Images/CFD/BF-234/CFD-BF-234-167-N.jpg,WF-027,materials/cfd/Images/CFD/WF-027/CFD-WF-027-003-N.jpg,z,1.25
18,2,61,study,0,female,Latino,male,White,neutral,,,,,z,1039,True,False,,2,,,,False,139,LF-228,materials/cfd/Images/CFD/LF-228/CFD-LF-228-125-N.jpg,WM-233,materials/cfd/Images/CFD/WM-233/CFD-WM-233-106-N.jpg,z,1.25
18,2,62,study,0,female,White,female,White,neutral,,,,,z,729,True,False,,2,,,,False,141,WF-233,materials/cfd/Images/CFD/WF-233/CFD-WF-233-112-N.jpg,WF-210,materials/cfd/Images/CFD/WF-210/CFD-WF-210-086-N.jpg,z,1.25
18,2,63,study,0,female,Black,male,Black,happy,,,,,z,1265,True,False,,2,,,,False,143,BF-227,materials/cfd/Images/CFD/BF-227/CFD-BF-227-137-N.jpg,BM-015,materials/cfd/Images/CFD/BM-015/CFD-BM-015-016-HO.jpg,z,1.25
18,2,64,study,0,male,Asian,female,White,angry,,,,,m,1527,True,False,,2,,,,False,145,AM-212,materials/cfd/Images/CFD/AM-212/CFD-AM-212-050-N.jpg,WF-020,materials/cfd/Images/CFD/WF-020/CFD-WF-020-012-A.jpg,m,1.25
18,2,65,study,0,female,Black,male,White,neutral,,,,,z,1401,True,False,,2,,,,False,147,BF-231,materials/cfd/Images/CFD/BF-231/CFD-BF-231-202-N.jpg,WM-211,materials/cfd/Images/CFD/WM-211/CFD-WM-211-054-N.jpg,z,1.25
18,2,66,study,0,male,Black,male,Black,neutral,,,,,m,648,True,False,,2,,,,False,149,BM-243,materials/cfd/Images/CFD/BM-243/CFD-BM-243-218-N.jpg,BM-017,materials/cfd/Images/CFD/BM-017/CFD-BM-017-021-N.jpg,m,1.25
18,2,67,study,0,female,White,female,Black,happy,,,,,z,1158,True,False,,2,,,,False,151,WF-239,materials/cfd/Images/CFD/WF-239/CFD-WF-239-155-N.jpg,BF-020,materials/cfd/Images/CFD/BF-020/CFD-BF-020-004-HO.jpg,z,1.25
18,2,68,study,0,female,Asian,female,White,neutral,,,,,z,1696,True,False,,2,,,,False,153,AF-217,materials/cfd/Images/CFD/AF-217/CFD-AF-217-155-N.jpg,WF-201,materials/cfd/Images/CFD/WF-201/CFD-WF-201-156-N.jpg,z,1.25
18,2,69,study,0,male,Black,male,White,angry,,,,,m,939,True,False,,2,,,,False,155,BM-005,materials/cfd/Images/CFD/BM-005/CFD-BM-005-003-N.jpg,WM-036,materials/cfd/Images/CFD/WM-036/CFD-WM-036-018-A.jpg,m,1.25
18,2,70,study,0,female,Latino,male,Black,neutral,,,,,z,1137,True,False,,2,,,,False,157,LF-223,materials/cfd/Images/CFD/LF-223/CFD-LF-223-064-N.jpg,BM-250,materials/cfd/Images/CFD/BM-250/CFD-BM-250-170-N.jpg,z,1.25
18,2,71,study,0,male,Black,female,Black,happy,,,,,m,1252,True,False,,2,,,,False,159,BM-024,materials/cfd/Images/CFD/BM-024/CFD-BM-024-001-N.jpg,BF-024,materials/cfd/Images/CFD/BF-024/CFD-BF-024-005-HO.jpg,m,1.25
18,2,72,study,0,female,White,male,White,angry,,,,,z,1381,True,False,,2,,,,False,161,WF-225,materials/cfd/Images/CFD/WF-225/CFD-WF-225-101-N.jpg,WM-032,materials/cfd/Images/CFD/WM-032/CFD-WM-032-014-A.jpg,z,1.25
18,2,73,study,0,female,Black,male,White,happy,,,,,z,1310,True,False,,2,,,,False,163,BF-220,materials/cfd/Images/CFD/BF-220/CFD-BF-220-161-N.jpg,WM-017,materials/cfd/Images/CFD/WM-017/CFD-WM-017-005-HO.jpg,z,1.25
18,2,74,study,0,male,White,female,Black,neutral,,,,,m,1297,True,False,,2,,,,False,165,WM-230,materials/cfd/Images/CFD/WM-230/CFD-WM-230-131-N.jpg,BF-215,materials/cfd/Images/CFD/BF-215/CFD-BF-215-177-N.jpg,m,1.25
18,2,75,study,0,male,White,female,White,angry,,,,,m,855,True,False,,2,,,,False,167,WM-256,materials/cfd/Images/CFD/WM-256/CFD-WM-256-138-N.jpg,WF-036,materials/cfd/Images/CFD/WF-036/CFD-WF-036-015-A.jpg,m,1.25
18,2,76,study,0,female,Asian,male,White,angry,,,,,z,1175,True,False,,2,,,,False,169,AF-205,materials/cfd/Images/CFD/AF-205/CFD-AF-205-155-N.jpg,WM-016,materials/cfd/Images/CFD/WM-016/CFD-WM-016-008-A.jpg,z,1.25
18,2,77,study,0,female,Latino,male,White,angry,,,,,z,1303,True,False,,2,,,,False,171,LF-229,materials/cfd/Images/CFD/LF-229/CFD-LF-229-164-N.jpg,WM-020,materials/cfd/Images/CFD/WM-020/CFD-WM-020-008-A.jpg,z,1.25
18,2,78,study,0,male,Black,female,White,happy,,,,,m,1896,True,False,,2,,,,False,173,BM-204,materials/cfd/Images/CFD/BM-204/CFD-BM-204-003-N.jpg,WF-001,materials/cfd/Images/CFD/WF-001/CFD-WF-001-009-HO.jpg,m,1.25
18,2,79,study,0,male,Latino,male,White,angry,,,,,m,1459,True,False,,2,,,,False,175,LM-249,materials/cfd/Images/CFD/LM-249/CFD-LM-249-001-N.jpg,WM-039,materials/cfd/Images/CFD/WM-039/CFD-WM-039-010-A.jpg,m,1.25
18,2,80,study,0,male,Black,female,Black,happy,,,,,m,861,True,False,,2,,,,False,177,BM-221,materials/cfd/Images/CFD/BM-221/CFD-BM-221-198-N.jpg,BF-035,materials/cfd/Images/CFD/BF-035/CFD-BF-035-027-HO.jpg,m,1.25
18,2,81,study,0,male,Black,male,Black,happy,,,,,m,929,True,False,,2,,,,False,179,BM-242,materials/cfd/Images/CFD/BM-242/CFD-BM-242-233-N.jpg,BM-044,materials/cfd/Images/CFD/BM-044/CFD-BM-044-037-HO.jpg,m,1.25
18,2,82,study,0,female,Asian,female,Black,happy,,,,,z,2944,True,False,,2,,,,False,181,AF-202,materials/cfd/Images/CFD/AF-202/CFD-AF-202-122-N.jpg,BF-049,materials/cfd/Images/CFD/BF-049/CFD-BF-049-034-HO.jpg,z,1.25
18,2,83,study,0,male,Black,female,Black,happy,,,,,m,642,True,False,,2,,,,False,183,BM-217,materials/cfd/Images/CFD/BM-217/CFD-BM-217-082-N.jpg,BF-008,materials/cfd/Images/CFD/BF-008/CFD-BF-008-003-HO.jpg,m,1.25
18,2,84,study,0,female,Asian,female,White,neutral,,,,,z,1246,True,False,,2,,,,False,185,AF-242,materials/cfd/Images/CFD/AF-242/CFD-AF-242-158-N.jpg,WF-228,materials/cfd/Images/CFD/WF-228/CFD-WF-228-196-N.jpg,z,1.25
18,2,85,study,0,male,Latino,female,White,neutral,,,,,m,1347,True,False,,2,,,,False,187,LM-227,materials/cfd/Images/CFD/LM-227/CFD-LM-227-103-N.jpg,WF-200,materials/cfd/Images/CFD/WF-200/CFD-WF-200-099-N.jpg,m,1.25
18,2,86,study,0,female,Asian,male,White,neutral,,,,,z,1184,True,False,,2,,,,False,189,AF-238,materials/cfd/Images/CFD/AF-238/CFD-AF-238-185-N.jpg,WM-219,materials/cfd/Images/CFD/WM-219/CFD-WM-219-008-N.jpg,z,1.25
18,2,87,study,0,male,Black,male,Black,neutral,,,,,m,731,True,False,,2,,,,False,191,BM-212,materials/cfd/Images/CFD/BM-212/CFD-BM-212-117-N.jpg,BM-039,materials/cfd/Images/CFD/BM-039/CFD-BM-039-029-N.jpg,m,1.25
18,2,88,study,0,female,Asian,male,White,happy,,,,,z,1738,True,False,,2,,,,False,193,AF-254,materials/cfd/Images/CFD/AF-254/CFD-AF-254-167-N.jpg,WM-002,materials/cfd/Images/CFD/WM-002/CFD-WM-002-007-HO.jpg,z,1.25
18,2,89,study,0,female,Black,male,White,angry,,,,,z,1543,True,False,,2,,,,False,195,BF-012,materials/cfd/Images/CFD/BF-012/CFD-BF-012-001-N.jpg,WM-004,materials/cfd/Images/CFD/WM-004/CFD-WM-004-011-A.jpg,z,1.25
18,2,90,study,0,male,Black,male,White,angry,,,,,m,609,True,False,,2,,,,False,197,BM-002,materials/cfd/Images/CFD/BM-002/CFD-BM-002-013-N.jpg,WM-031,materials/cfd/Images/CFD/WM-031/CFD-WM-031-045-A.jpg,m,1.25
18,2,91,study,1,female,Black,female,White,neutral,,,,,z,940,True,False,,2,,,,False,200,BF-234,materials/cfd/Images/CFD/BF-234/CFD-BF-234-167-N.jpg,WF-027,materials/cfd/Images/CFD/WF-027/CFD-WF-027-003-N.jpg,z,1.25
18,2,92,study,1,male,Asian,male,Black,neutral,,,,,m,888,True,False,,2,,,,False,202,AM-228,materials/cfd/Images/CFD/AM-228/CFD-AM-228-214-N.jpg,BM-237,materials/cfd/Images/CFD/BM-237/CFD-BM-237-188-N.jpg,m,1.25
18,2,93,study,1,female,White,female,Black,angry,,,,,z,748,True,False,,2,,,,False,204,WF-249,materials/cfd/Images/CFD/WF-249/CFD-WF-249-126-N.jpg,BF-015,materials/cfd/Images/CFD/BF-015/CFD-BF-015-022-A.jpg,z,1.25
18,2,94,study,1,female,Latino,male,Black,happy,,,,,z,1593,True,False,,2,,,,False,206,LF-236,materials/cfd/Images/CFD/LF-236/CFD-LF-236-221-N.jpg,BM-041,materials/cfd/Images/CFD/BM-041/CFD-BM-041-041-HO.jpg,z,1.25
18,2,95,study,1,male,White,female,White,angry,,,,,z,2298,False,False,,2,,,,False,208,WM-217,materials/cfd/Images/CFD/WM-217/CFD-WM-217-070-N.jpg,WF-008,materials/cfd/Images/CFD/WF-008/CFD-WF-008-011-A.jpg,m,1.25
18,2,96,study,1,male,Asian,female,Black,angry,,,,,m,1233,True,False,,2,,,,False,210,AM-215,materials/cfd/Images/CFD/AM-215/CFD-AM-215-120-N.jpg,BF-009,materials/cfd/Images/CFD/BF-009/CFD-BF-009-024-A.jpg,m,1.25
18,2,97,study,1,male,White,male,White,angry,,,,,m,1144,True,False,,2,,,,False,212,WM-235,materials/cfd/Images/CFD/WM-235/CFD-WM-235-147-N.jpg,WM-026,materials/cfd/Images/CFD/WM-026/CFD-WM-026-019-A.jpg,m,1.25
18,2,98,study,1,female,Black,female,Black,happy,,,,,z,1326,True,False,,2,,,,False,214,BF-249,materials/cfd/Images/CFD/BF-249/CFD-BF-249-091-N.jpg,BF-001,materials/cfd/Images/CFD/BF-001/CFD-BF-001-018-HO.jpg,z,1.25
18,2,99,study,1,male,White,male,White,happy,,,,,m,1628,True,False,,2,,,,False,216,WM-011,materials/cfd/Images/CFD/WM-011/CFD-WM-011-002-N.jpg,WM-034,materials/cfd/Images/CFD/WM-034/CFD-WM-034-035-HO.jpg,m,1.25
18,2,100,study,1,male,Black,male,Black,angry,,,,,m,653,True,False,,2,,,,False,218,BM-206,materials/cfd/Images/CFD/BM-206/CFD-BM-206-114-N.jpg,BM-010,materials/cfd/Images/CFD/BM-010/CFD-BM-010-019-A.jpg,m,1.25
18,2,101,study,1,female,Black,female,White,angry,,,,,z,885,True,False,,2,,,,False,220,BF-244,materials/cfd/Images/CFD/BF-244/CFD-BF-244-231-N.jpg,WF-003,materials/cfd/Images/CFD/WF-003/CFD-WF-003-014-A.jpg,z,1.25
18,2,102,study,1,male,Black,male,Black,happy,,,,,m,1620,True,False,,2,,,,False,222,BM-223,materials/cfd/Images/CFD/BM-223/CFD-BM-223-171-N.jpg,BM-026,materials/cfd/Images/CFD/BM-026/CFD-BM-026-009-HO.jpg,m,1.25
18,2,103,study,1,female,Black,female,White,neutral,,,,,m,1497,False,False,,2,,,,False,224,BF-241,materials/cfd/Images/CFD/BF-241/CFD-BF-241-222-N.jpg,WF-218,materials/cfd/Images/CFD/WF-218/CFD-WF-218-087-N.jpg,z,1.25
18,2,104,study,1,male,Asian,male,White,neutral,,,,,m,1111,True,False,,2,,,,False,226,AM-239,materials/cfd/Images/CFD/AM-239/CFD-AM-239-147-N.jpg,WM-254,materials/cfd/Images/CFD/WM-254/CFD-WM-254-152-N.jpg,m,1.25
18,2,105,study,1,male,Black,female,White,neutral,,,,,m,710,True,False,,2,,,,False,228,BM-216,materials/cfd/Images/CFD/BM-216/CFD-BM-216-088-N.jpg,WF-028,materials/cfd/Images/CFD/WF-028/CFD-WF-028-023-N.jpg,m,1.25
18,2,106,study,1,male,White,female,White,happy,,,,,m,870,True,False,,2,,,,False,230,WM-257,materials/cfd/Images/CFD/WM-257/CFD-WM-257-161-N.jpg,WF-011,materials/cfd/Images/CFD/WF-011/CFD-WF-011-003-HO.jpg,m,1.25
18,2,107,study,1,male,Asian,female,Black,neutral,,,,,m,2273,True,False,,2,,,,False,232,AM-230,materials/cfd/Images/CFD/AM-230/CFD-AM-230-150-N.jpg,BF-003,materials/cfd/Images/CFD/BF-003/CFD-BF-003-003-N.jpg,m,1.25
18,2,108,study,1,female,Black,male,Black,neutral,,,,,z,2623,True,False,,2,,,,False,234,BF-221,materials/cfd/Images/CFD/BF-221/CFD-BF-221-223-N.jpg,BM-228,materials/cfd/Images/CFD/BM-228/CFD-BM-228-145-N.jpg,z,1.25
18,2,109,study,1,female,Asian,female,White,angry,,,,,z,660,True,False,,2,,,,False,236,AF-229,materials/cfd/Images/CFD/AF-229/CFD-AF-229-160-N.jpg,WF-037,materials/cfd/Images/CFD/WF-037/CFD-WF-037-016-A.jpg,z,1.25
18,2,110,study,1,female,Black,female,White,angry,,,,,z,1173,True,False,,2,,,,False,238,BF-031,materials/cfd/Images/CFD/BF-031/CFD-BF-031-002-N.jpg,WF-022,materials/cfd/Images/CFD/WF-022/CFD-WF-022-023-A.jpg,z,1.25
18,2,111,study,1,female,Latino,male,White,happy,,,,,z,1205,True,False,,2,,,,False,240,LF-200,materials/cfd/Images/CFD/LF-200/CFD-LF-200-058-N.jpg,WM-028,materials/cfd/Images/CFD/WM-028/CFD-WM-028-007-HO.jpg,z,1.25
18,2,112,study,1,female,Black,female,Black,happy,,,,,z,1056,True,False,,2,,,,False,242,BF-225,materials/cfd/Images/CFD/BF-225/CFD-BF-225-192-N.jpg,BF-019,materials/cfd/Images/CFD/BF-019/CFD-BF-019-022-HO.jpg,z,1.25
18,2,113,study,1,male,Latino,female,White,neutral,,,,,,,False,True,,2,,,,False,244,LM-212,materials/cfd/Images/CFD/LM-212/CFD-LM-212-143-N.jpg,WF-227,materials/cfd/Images/CFD/WF-227/CFD-WF-227-002-N.jpg,m,1.25
18,2,114,study,1,male,Black,male,White,neutral,,,,,z,782,False,False,,2,,,,False,246,BM-249,materials/cfd/Images/CFD/BM-249/CFD-BM-249-235-N.jpg,WM-222,materials/cfd/Images/CFD/WM-222/CFD-WM-222-057-N.jpg,m,1.25
18,2,115,study,1,female,Asian,female,Black,angry,,,,,z,742,True,False,,2,,,,False,248,AF-200,materials/cfd/Images/CFD/AF-200/CFD-AF-200-228-N.jpg,BF-007,materials/cfd/Images/CFD/BF-007/CFD-BF-007-013-A.jpg,z,1.25
18,2,116,study,1,female,White,female,Black,happy,,,,,z,764,True,False,,2,,,,False,250,WF-230,materials/cfd/Images/CFD/WF-230/CFD-WF-230-158-N.jpg,BF-004,materials/cfd/Images/CFD/BF-004/CFD-BF-004-009-HO.jpg,z,1.25
18,2,117,study,1,female,Latino,male,Black,angry,,,,,z,897,True,False,,2,,,,False,252,LF-232,materials/cfd/Images/CFD/LF-232/CFD-LF-232-199-N.jpg,BM-011,materials/cfd/Images/CFD/BM-011/CFD-BM-011-020-A.jpg,z,1.25
18,2,118,study,1,male,Latino,male,Black,happy,,,,,m,1242,True,False,,2,,,,False,254,LM-246,materials/cfd/Images/CFD/LM-246/CFD-LM-246-087-N.jpg,BM-016,materials/cfd/Images/CFD/BM-016/CFD-BM-016-040-HO.jpg,m,1.25
18,2,119,study,1,male,Latino,male,White,happy,,,,,m,768,True,False,,2,,,,False,256,LM-239,materials/cfd/Images/CFD/LM-239/CFD-LM-239-075-N.jpg,WM-001,materials/cfd/Images/CFD/WM-001/CFD-WM-001-011-HO.jpg,m,1.25
18,2,120,study,1,male,Asian,female,White,angry,,,,,m,1069,True,False,,2,,,,False,258,AM-225,materials/cfd/Images/CFD/AM-225/CFD-AM-225-102-N.jpg,WF-006,materials/cfd/Images/CFD/WF-006/CFD-WF-006-019-A.jpg,m,1.25
18,2,121,test,0,male,Latino,female,White,neutral,,,,intact,z,1479,False,False,,2,,,,False,275,LM-212,materials/cfd/Images/CFD/LM-212/CFD-LM-212-143-N.jpg,WF-227,materials/cfd/Images/CFD/WF-227/CFD-WF-227-002-N.jpg,m,1.25
18,2,122,test,0,male,Black,female,Black,happy,,,,intact,z,1617,False,False,,2,,,,False,277,BM-221,materials/cfd/Images/CFD/BM-221/CFD-BM-221-198-N.jpg,BF-035,materials/cfd/Images/CFD/BF-035/CFD-BF-035-027-HO.jpg,m,1.25
18,2,123,test,0,female,Black,male,White,angry,,,,intact,z,1325,False,False,,2,,,,False,279,BF-012,materials/cfd/Images/CFD/BF-012/CFD-BF-012-001-N.jpg,WM-004,materials/cfd/Images/CFD/WM-004/CFD-WM-004-011-A.jpg,m,1.25
18,2,124,test,0,female,Asian,female,White,neutral,,,,intact,m,1058,True,False,,2,,,,False,281,AF-217,materials/cfd/Images/CFD/AF-217/CFD-AF-217-155-N.jpg,WF-201,materials/cfd/Images/CFD/WF-201/CFD-WF-201-156-N.jpg,m,1.25
18,2,125,test,0,female,Asian,female,Black,happy,,,,rearranged,m,2067,False,False,,2,,,,False,283,AF-202,materials/cfd/Images/CFD/AF-202/CFD-AF-202-122-N.jpg,BF-020,materials/cfd/Images/CFD/BF-020/CFD-BF-020-004-HO.jpg,z,1.25
18,2,126,test,0,male,Asian,female,White,angry,,,,rearranged,z,2287,True,False,,2,,,,False,285,AM-225,materials/cfd/Images/CFD/AM-225/CFD-AM-225-102-N.jpg,WF-036,materials/cfd/Images/CFD/WF-036/CFD-WF-036-015-A.jpg,z,1.25
18,2,127,test,0,male,Black,male,White,neutral,,,,intact,m,1252,True,False,,2,,,,False,287,BM-249,materials/cfd/Images/CFD/BM-249/CFD-BM-249-235-N.jpg,WM-222,materials/cfd/Images/CFD/WM-222/CFD-WM-222-057-N.jpg,m,1.25
18,2,128,test,0,male,Black,male,White,angry,,,,intact,z,1345,False,False,,2,,,,False,289,BM-002,materials/cfd/Images/CFD/BM-002/CFD-BM-002-013-N.jpg,WM-031,materials/cfd/Images/CFD/WM-031/CFD-WM-031-045-A.jpg,m,1.25
18,2,129,test,0,male,Black,female,White,happy,,,,intact,z,1205,False,False,,2,,,,False,291,BM-204,materials/cfd/Images/CFD/BM-204/CFD-BM-204-003-N.jpg,WF-001,materials/cfd/Images/CFD/WF-001/CFD-WF-001-009-HO.jpg,m,1.25
18,2,130,test,0,male,White,male,White,angry,,,,rearranged,z,1593,True,False,,2,,,,False,293,WM-235,materials/cfd/Images/CFD/WM-235/CFD-WM-235-147-N.jpg,WM-039,materials/cfd/Images/CFD/WM-039/CFD-WM-039-010-A.jpg,z,1.25
18,2,131,test,0,male,Asian,female,Black,angry,,,,intact,m,1753,True,False,,2,,,,False,295,AM-215,materials/cfd/Images/CFD/AM-215/CFD-AM-215-120-N.jpg,BF-009,materials/cfd/Images/CFD/BF-009/CFD-BF-009-024-A.jpg,m,1.25
18,2,132,test,0,female,Black,female,Black,happy,,,,intact,z,1143,False,False,,2,,,,False,297,BF-225,materials/cfd/Images/CFD/BF-225/CFD-BF-225-192-N.jpg,BF-019,materials/cfd/Images/CFD/BF-019/CFD-BF-019-022-HO.jpg,m,1.25
18,2,133,test,0,female,Latino,male,White,angry,,,,rearranged,z,1561,True,False,,2,,,,False,299,LF-229,materials/cfd/Images/CFD/LF-229/CFD-LF-229-164-N.jpg,WM-016,materials/cfd/Images/CFD/WM-016/CFD-WM-016-008-A.jpg,z,1.25
18,2,134,test,0,female,White,female,Black,happy,,,,rearranged,z,2196,True,False,,2,,,,False,301,WF-239,materials/cfd/Images/CFD/WF-239/CFD-WF-239-155-N.jpg,BF-004,materials/cfd/Images/CFD/BF-004/CFD-BF-004-009-HO.jpg,z,1.25
18,2,135,test,0,male,Asian,female,White,angry,,,,intact,z,1568,False,False,,2,,,,False,303,AM-212,materials/cfd/Images/CFD/AM-212/CFD-AM-212-050-N.jpg,WF-020,materials/cfd/Images/CFD/WF-020/CFD-WF-020-012-A.jpg,m,1.25
18,2,136,test,0,female,Latino,male,White,neutral,,,,intact,z,1697,False,False,,2,,,,False,305,LF-228,materials/cfd/Images/CFD/LF-228/CFD-LF-228-125-N.jpg,WM-233,materials/cfd/Images/CFD/WM-233/CFD-WM-233-106-N.jpg,m,1.25
18,2,137,test,0,male,Latino,male,Black,happy,,,,intact,m,2495,True,False,,2,,,,False,307,LM-246,materials/cfd/Images/CFD/LM-246/CFD-LM-246-087-N.jpg,BM-016,materials/cfd/Images/CFD/BM-016/CFD-BM-016-040-HO.jpg,m,1.25
18,2,138,test,0,male,Latino,male,Black,happy,,,,rearranged,z,2475,True,False,,2,,,,False,309,LM-239,materials/cfd/Images/CFD/LM-239/CFD-LM-239-075-N.jpg,BM-026,materials/cfd/Images/CFD/BM-026/CFD-BM-026-009-HO.jpg,z,1.25
18,2,139,test,0,male,Black,female,White,happy,,,,rearranged,,,False,True,,2,,,,False,311,BM-217,materials/cfd/Images/CFD/BM-217/CFD-BM-217-082-N.jpg,WF-011,materials/cfd/Images/CFD/WF-011/CFD-WF-011-003-HO.jpg,z,1.25
18,2,140,test,0,female,Latino,male,Black,neutral,,,,intact,z,2067,False,False,,2,,,,False,313,LF-223,materials/cfd/Images/CFD/LF-223/CFD-LF-223-064-N.jpg,BM-250,materials/cfd/Images/CFD/BM-250/CFD-BM-250-170-N.jpg,m,1.25
18,2,141,test,0,female,Latino,male,Black,angry,,,,intact,m,1924,True,False,,2,,,,False,315,LF-232,materials/cfd/Images/CFD/LF-232/CFD-LF-232-199-N.jpg,BM-011,materials/cfd/Images/CFD/BM-011/CFD-BM-011-020-A.jpg,m,1.25
18,2,142,test,0,female,Asian,male,Black,happy,,,,rearranged,m,2380,False,False,,2,,,,False,317,AF-254,materials/cfd/Images/CFD/AF-254/CFD-AF-254-167-N.jpg,BM-015,materials/cfd/Images/CFD/BM-015/CFD-BM-015-016-HO.jpg,z,1.25
18,2,143,test,0,female,White,female,Black,happy,,,,rearranged,z,2035,True,False,,2,,,,False,319,WF-230,materials/cfd/Images/CFD/WF-230/CFD-WF-230-158-N.jpg,BF-049,materials/cfd/Images/CFD/BF-049/CFD-BF-049-034-HO.jpg,z,1.25
18,2,144,test,0,female,Black,female,Black,happy,,,,intact,z,1640,False,False,,2,,,,False,321,BF-249,materials/cfd/Images/CFD/BF-249/CFD-BF-249-091-N.jpg,BF-001,materials/cfd/Images/CFD/BF-001/CFD-BF-001-018-HO.jpg,m,1.25
18,2,145,test,0,female,Asian,female,White,neutral,,,,rearranged,z,2294,True,False,,2,,,,False,323,AF-242,materials/cfd/Images/CFD/AF-242/CFD-AF-242-158-N.jpg,WF-027,materials/cfd/Images/CFD/WF-027/CFD-WF-027-003-N.jpg,z,1.25
18,2,146,test,0,female,Latino,male,Black,happy,,,,intact,z,2890,False,False,,2,,,,False,325,LF-236,materials/cfd/Images/CFD/LF-236/CFD-LF-236-221-N.jpg,BM-041,materials/cfd/Images/CFD/BM-041/CFD-BM-041-041-HO.jpg,m,1.25
18,2,147,test,0,male,Black,female,Black,neutral,,,,rearranged,z,1547,True,False,,2,,,,False,327,BM-216,materials/cfd/Images/CFD/BM-216/CFD-BM-216-088-N.jpg,BF-215,materials/cfd/Images/CFD/BF-215/CFD-BF-215-177-N.jpg,z,1.25
18,2,148,test,0,female,Black,male,White,happy,,,,rearranged,m,1487,False,False,,2,,,,False,329,BF-227,materials/cfd/Images/CFD/BF-227/CFD-BF-227-137-N.jpg,WM-002,materials/cfd/Images/CFD/WM-002/CFD-WM-002-007-HO.jpg,z,1.25
18,2,149,test,0,male,Black,male,Black,happy,,,,intact,z,2661,False,False,,2,,,,False,331,BM-242,materials/cfd/Images/CFD/BM-242/CFD-BM-242-233-N.jpg,BM-044,materials/cfd/Images/CFD/BM-044/CFD-BM-044-037-HO.jpg,m,1.25
18,2,150,test,0,male,Black,male,White,neutral,,,,rearranged,z,2280,True,False,,2,,,,False,333,BM-243,materials/cfd/Images/CFD/BM-243/CFD-BM-243-218-N.jpg,WM-254,materials/cfd/Images/CFD/WM-254/CFD-WM-254-152-N.jpg,z,1.25
18,2,151,test,1,female,Asian,female,Black,angry,,,,intact,z,1151,False,False,,2,,,,False,336,AF-200,materials/cfd/Images/CFD/AF-200/CFD-AF-200-228-N.jpg,BF-007,materials/cfd/Images/CFD/BF-007/CFD-BF-007-013-A.jpg,m,1.25
18,2,152,test,1,female,Asian,male,White,neutral,,,,rearranged,z,1182,True,False,,2,,,,False,338,AF-238,materials/cfd/Images/CFD/AF-238/CFD-AF-238-185-N.jpg,WM-211,materials/cfd/Images/CFD/WM-211/CFD-WM-211-054-N.jpg,z,1.25
18,2,153,test,1,male,Asian,male,Black,neutral,,,,rearranged,m,881,False,False,,2,,,,False,340,AM-239,materials/cfd/Images/CFD/AM-239/CFD-AM-239-147-N.jpg,BM-039,materials/cfd/Images/CFD/BM-039/CFD-BM-039-029-N.jpg,z,1.25
18,2,154,test,1,male,White,female,White,angry,,,,intact,z,1163,False,False,,2,,,,False,342,WM-217,materials/cfd/Images/CFD/WM-217/CFD-WM-217-070-N.jpg,WF-008,materials/cfd/Images/CFD/WF-008/CFD-WF-008-011-A.jpg,m,1.25
18,2,155,test,1,male,Latino,female,White,neutral,,,,intact,z,1637,False,False,,2,,,,False,344,LM-227,materials/cfd/Images/CFD/LM-227/CFD-LM-227-103-N.jpg,WF-200,materials/cfd/Images/CFD/WF-200/CFD-WF-200-099-N.jpg,m,1.25
18,2,156,test,1,male,White,female,White,neutral,,,,rearranged,z,1415,True,False,,2,,,,False,346,WM-230,materials/cfd/Images/CFD/WM-230/CFD-WM-230-131-N.jpg,WF-028,materials/cfd/Images/CFD/WF-028/CFD-WF-028-023-N.jpg,z,1.25
18,2,157,test,1,male,White,female,White,angry,,,,rearranged,m,973,False,False,,2,,,,False,348,WM-256,materials/cfd/Images/CFD/WM-256/CFD-WM-256-138-N.jpg,WF-006,materials/cfd/Images/CFD/WF-006/CFD-WF-006-019-A.jpg,z,1.25
18,2,158,test,1,female,White,female,White,neutral,,,,intact,z,1480,False,False,,2,,,,False,350,WF-233,materials/cfd/Images/CFD/WF-233/CFD-WF-233-112-N.jpg,WF-210,materials/cfd/Images/CFD/WF-210/CFD-WF-210-086-N.jpg,m,1.25
18,2,159,test,1,female,Black,female,White,angry,,,,intact,z,2690,False,False,,2,,,,False,352,BF-031,materials/cfd/Images/CFD/BF-031/CFD-BF-031-002-N.jpg,WF-022,materials/cfd/Images/CFD/WF-022/CFD-WF-022-023-A.jpg,m,1.25
18,2,160,test,1,female,Latino,male,White,happy,,,,intact,m,1429,True,False,,2,,,,False,354,LF-200,materials/cfd/Images/CFD/LF-200/CFD-LF-200-058-N.jpg,WM-028,materials/cfd/Images/CFD/WM-028/CFD-WM-028-007-HO.jpg,m,1.25
18,2,161,test,1,male,Black,female,Black,happy,,,,rearranged,,,False,True,,2,,,,False,356,BM-024,materials/cfd/Images/CFD/BM-024/CFD-BM-024-001-N.jpg,BF-008,materials/cfd/Images/CFD/BF-008/CFD-BF-008-003-HO.jpg,z,1.25
18,2,162,test,1,female,Black,female,White,neutral,,,,intact,z,692,False,False,,2,,,,False,358,BF-241,materials/cfd/Images/CFD/BF-241/CFD-BF-241-222-N.jpg,WF-218,materials/cfd/Images/CFD/WF-218/CFD-WF-218-087-N.jpg,m,1.25
18,2,163,test,1,male,Black,male,White,happy,,,,rearranged,z,1481,True,False,,2,,,,False,360,BM-223,materials/cfd/Images/CFD/BM-223/CFD-BM-223-171-N.jpg,WM-001,materials/cfd/Images/CFD/WM-001/CFD-WM-001-011-HO.jpg,z,1.25
18,2,164,test,1,male,White,male,White,happy,,,,intact,m,1295,True,False,,2,,,,False,362,WM-011,materials/cfd/Images/CFD/WM-011/CFD-WM-011-002-N.jpg,WM-034,materials/cfd/Images/CFD/WM-034/CFD-WM-034-035-HO.jpg,m,1.25
18,2,165,test,1,female,Black,female,Black,angry,,,,rearranged,z,1059,True,False,,2,,,,False,364,BF-244,materials/cfd/Images/CFD/BF-244/CFD-BF-244-231-N.jpg,BF-015,materials/cfd/Images/CFD/BF-015/CFD-BF-015-022-A.jpg,z,1.25
18,2,166,test,1,female,White,male,White,angry,,,,rearranged,z,1543,True,False,,2,,,,False,366,WF-225,materials/cfd/Images/CFD/WF-225/CFD-WF-225-101-N.jpg,WM-020,materials/cfd/Images/CFD/WM-020/CFD-WM-020-008-A.jpg,z,1.25
18,2,167,test,1,female,Black,female,White,neutral,,,,rearranged,m,704,False,False,,2,,,,False,368,BF-234,materials/cfd/Images/CFD/BF-234/CFD-BF-234-167-N.jpg,WF-228,materials/cfd/Images/CFD/WF-228/CFD-WF-228-196-N.jpg,z,1.25
18,2,168,test,1,male,Black,male,Black,angry,,,,intact,m,1003,True,False,,2,,,,False,370,BM-206,materials/cfd/Images/CFD/BM-206/CFD-BM-206-114-N.jpg,BM-010,materials/cfd/Images/CFD/BM-010/CFD-BM-010-019-A.jpg,m,1.25
18,2,169,test,1,male,Asian,male,Black,neutral,,,,intact,m,1905,True,False,,2,,,,False,372,AM-228,materials/cfd/Images/CFD/AM-228/CFD-AM-228-214-N.jpg,BM-237,materials/cfd/Images/CFD/BM-237/CFD-BM-237-188-N.jpg,m,1.25
18,2,170,test,1,female,Black,male,Black,neutral,,,,rearranged,m,1923,False,False,,2,,,,False,374,BF-231,materials/cfd/Images/CFD/BF-231/CFD-BF-231-202-N.jpg,BM-228,materials/cfd/Images/CFD/BM-228/CFD-BM-228-145-N.jpg,z,1.25
18,2,171,test,1,male,Black,male,Black,neutral,,,,rearranged,m,1461,False,False,,2,,,,False,376,BM-212,materials/cfd/Images/CFD/BM-212/CFD-BM-212-117-N.jpg,BM-017,materials/cfd/Images/CFD/BM-017/CFD-BM-017-021-N.jpg,z,1.25
18,2,172,test,1,male,White,female,Black,happy,,,,rearranged,z,1030,True,False,,2,,,,False,378,WM-257,materials/cfd/Images/CFD/WM-257/CFD-WM-257-161-N.jpg,BF-024,materials/cfd/Images/CFD/BF-024/CFD-BF-024-005-HO.jpg,z,1.25
18,2,173,test,1,female,Asian,female,White,angry,,,,intact,z,1193,False,False,,2,,,,False,380,AF-229,materials/cfd/Images/CFD/AF-229/CFD-AF-229-160-N.jpg,WF-037,materials/cfd/Images/CFD/WF-037/CFD-WF-037-016-A.jpg,m,1.25
18,2,174,test,1,male,Latino,male,White,angry,,,,rearranged,z,1345,True,False,,2,,,,False,382,LM-249,materials/cfd/Images/CFD/LM-249/CFD-LM-249-001-N.jpg,WM-036,materials/cfd/Images/CFD/WM-036/CFD-WM-036-018-A.jpg,z,1.25
18,2,175,test,1,female,Black,male,White,happy,,,,intact,m,1441,True,False,,2,,,,False,384,BF-220,materials/cfd/Images/CFD/BF-220/CFD-BF-220-161-N.jpg,WM-017,materials/cfd/Images/CFD/WM-017/CFD-WM-017-005-HO.jpg,m,1.25
18,2,176,test,1,male,Black,male,White,angry,,,,rearranged,z,2895,True,False,,2,,,,False,386,BM-005,materials/cfd/Images/CFD/BM-005/CFD-BM-005-003-N.jpg,WM-026,materials/cfd/Images/CFD/WM-026/CFD-WM-026-019-A.jpg,z,1.25
18,2,177,test,1,female,White,female,White,angry,,,,rearranged,m,1786,False,False,,2,,,,False,388,WF-249,materials/cfd/Images/CFD/WF-249/CFD-WF-249-126-N.jpg,WF-003,materials/cfd/Images/CFD/WF-003/CFD-WF-003-014-A.jpg,z,1.25
18,2,178,test,1,female,Black,male,White,neutral,,,,rearranged,z,1388,True,False,,2,,,,False,390,BF-221,materials/cfd/Images/CFD/BF-221/CFD-BF-221-223-N.jpg,WM-219,materials/cfd/Images/CFD/WM-219/CFD-WM-219-008-N.jpg,z,1.25
18,2,179,test,1,female,Asian,male,White,angry,,,,rearranged,m,2276,False,False,,2,,,,False,392,AF-205,materials/cfd/Images/CFD/AF-205/CFD-AF-205-155-N.jpg,WM-032,materials/cfd/Images/CFD/WM-032/CFD-WM-032-014-A.jpg,z,1.25
18,2,180,test,1,male,Asian,female,Black,neutral,,,,intact,m,962,True,False,,2,,,,False,394,AM-230,materials/cfd/Images/CFD/AM-230/CFD-AM-230-150-N.jpg,BF-003,materials/cfd/Images/CFD/BF-003/CFD-BF-003-003-N.jpg,m,1.25
19,2,1,study,0,female,White,male,Black,angry,,,,,z,745,True,False,,2,,,,False,17,WF-250,materials/cfd/Images/CFD/WF-250/CFD-WF-250-167-N.jpg,BM-021,materials/cfd/Images/CFD/BM-021/CFD-BM-021-026-A.jpg,z,1.5
19,2,2,study,0,male,Black,male,Black,neutral,,,,,m,668,True,False,,2,,,,False,19,BM-241,materials/cfd/Images/CFD/BM-241/CFD-BM-241-235-N.jpg,BM-214,materials/cfd/Images/CFD/BM-214/CFD-BM-214-075-N.jpg,m,1.5
19,2,3,study,0,female,Asian,male,White,happy,,,,,z,621,True,False,,2,,,,False,21,AF-207,materials/cfd/Images/CFD/AF-207/CFD-AF-207-023-N.jpg,WM-010,materials/cfd/Images/CFD/WM-010/CFD-WM-010-004-HO.jpg,z,1.5
19,2,4,study,0,male,Latino,female,Black,happy,,,,,m,678,True,False,,2,,,,False,23,LM-217,materials/cfd/Images/CFD/LM-217/CFD-LM-217-162-N.jpg,BF-051,materials/cfd/Images/CFD/BF-051/CFD-BF-051-037-HO.jpg,m,1.5
19,2,5,study,0,female,White,female,White,neutral,,,,,z,1124,True,False,,2,,,,False,25,WF-245,materials/cfd/Images/CFD/WF-245/CFD-WF-245-084-N.jpg,WF-236,materials/cfd/Images/CFD/WF-236/CFD-WF-236-107-N.jpg,z,1.5
19,2,6,study,0,male,Black,female,White,neutral,,,,,m,1346,True,False,,2,,,,False,27,BM-244,materials/cfd/Images/CFD/BM-244/CFD-BM-244-197-N.jpg,WF-029,materials/cfd/Images/CFD/WF-029/CFD-WF-029-002-N.jpg,m,1.5
19,2,7,study,0,female,Black,female,Black,happy,,,,,z,658,True,False,,2,,,,False,29,BF-034,materials/cfd/Images/CFD/BF-034/CFD-BF-034-002-N.jpg,BF-030,materials/cfd/Images/CFD/BF-030/CFD-BF-030-007-HO.jpg,z,1.5
19,2,8,study,0,female,Latino,male,White,happy,,,,,z,863,True,False,,2,,,,False,31,LF-233,materials/cfd/Images/CFD/LF-233/CFD-LF-233-277-N.jpg,WM-012,materials/cfd/Images/CFD/WM-012/CFD-WM-012-005-HO.jpg,z,1.5
19,2,9,study,0,male,Latino,male,Black,happy,,,,,m,764,True,False,,2,,,,False,33,LM-224,materials/cfd/Images/CFD/LM-224/CFD-LM-224-162-N.jpg,BM-025,materials/cfd/Images/CFD/BM-025/CFD-BM-025-040-HO.jpg,m,1.5
19,2,10,study,0,female,Black,female,Black,neutral,,,,,z,623,True,False,,2,,,,False,35,BF-204,materials/cfd/Images/CFD/BF-204/CFD-BF-204-189-N.jpg,BF-045,materials/cfd/Images/CFD/BF-045/CFD-BF-045-003-N.jpg,z,1.5
19,2,11,study,0,male,Black,male,White,angry,,,,,m,682,True,False,,2,,,,False,37,BM-243,materials/cfd/Images/CFD/BM-243/CFD-BM-243-218-N.jpg,WM-032,materials/cfd/Images/CFD/WM-032/CFD-WM-032-014-A.jpg,m,1.5
19,2,12,study,0,male,Asian,female,White,angry,,,,,z,1953,False,False,,2,,,,False,39,AM-234,materials/cfd/Images/CFD/AM-234/CFD-AM-234-355-N.jpg,WF-016,materials/cfd/Images/CFD/WF-016/CFD-WF-016-021-A.jpg,m,1.5
19,2,13,study,0,female,Black,male,White,neutral,,,,,z,697,True,False,,2,,,,False,41,BF-243,materials/cfd/Images/CFD/BF-243/CFD-BF-243-164-N.jpg,WM-221,materials/cfd/Images/CFD/WM-221/CFD-WM-221-091-N.jpg,z,1.5
19,2,14,study,0,male,White,female,White,happy,,,,,m,1247,True,False,,2,,,,False,43,WM-241,materials/cfd/Images/CFD/WM-241/CFD-WM-241-072-N.jpg,WF-036,materials/cfd/Images/CFD/WF-036/CFD-WF-036-026-HO.jpg,m,1.5
19,2,15,study,0,male,Black,male,White,neutral,,,,,m,673,True,False,,2,,,,False,45,BM-205,materials/cfd/Images/CFD/BM-205/CFD-BM-205-001-N.jpg,WM-238,materials/cfd/Images/CFD/WM-238/CFD-WM-238-020-N.jpg,m,1.5
19,2,16,study,0,female,Latino,female,White,happy,,,,,z,673,True,False,,2,,,,False,47,LF-217,materials/cfd/Images/CFD/LF-217/CFD-LF-217-082-N.jpg,WF-034,materials/cfd/Images/CFD/WF-034/CFD-WF-034-033-HO.jpg,z,1.5
19,2,17,study,0,male,White,male,White,neutral,,,,,m,846,True,False,,2,,,,False,49,WM-016,materials/cfd/Images/CFD/WM-016/CFD-WM-016-001-N.jpg,WM-011,materials/cfd/Images/CFD/WM-011/CFD-WM-011-002-N.jpg,m,1.5
19,2,18,study,0,male,White,male,Black,happy,,,,,m,868,True,False,,2,,,,False,51,WM-233,materials/cfd/Images/CFD/WM-233/CFD-WM-233-106-N.jpg,BM-016,materials/cfd/Images/CFD/BM-016/CFD-BM-016-040-HO.jpg,m,1.5
19,2,19,study,0,female,Latino,female,White,angry,,,,,z,1164,True,False,,2,,,,False,53,LF-226,materials/cfd/Images/CFD/LF-226/CFD-LF-226-174-N.jpg,WF-003,materials/cfd/Images/CFD/WF-003/CFD-WF-003-014-A.jpg,z,1.5
19,2,20,study,0,male,Asian,female,White,happy,,,,,m,853,True,False,,2,,,,False,55,AM-206,materials/cfd/Images/CFD/AM-206/CFD-AM-206-086-N.jpg,WF-039,materials/cfd/Images/CFD/WF-039/CFD-WF-039-005-HO.jpg,m,1.5
19,2,21,study,0,female,Black,female,Black,angry,,,,,z,1146,True,False,,2,,,,False,57,BF-221,materials/cfd/Images/CFD/BF-221/CFD-BF-221-223-N.jpg,BF-014,materials/cfd/Images/CFD/BF-014/CFD-BF-014-013-A.jpg,z,1.5
19,2,22,study,0,female,Asian,male,Black,happy,,,,,z,966,True,False,,2,,,,False,59,AF-219,materials/cfd/Images/CFD/AF-219/CFD-AF-219-106-N.jpg,BM-029,materials/cfd/Images/CFD/BM-029/CFD-BM-029-029-HO.jpg,z,1.5
19,2,23,study,0,male,Black,female,Black,angry,,,,,m,952,True,False,,2,,,,False,61,BM-046,materials/cfd/Images/CFD/BM-046/CFD-BM-046-006-N.jpg,BF-017,materials/cfd/Images/CFD/BF-017/CFD-BF-017-011-A.jpg,m,1.5
19,2,24,study,0,male,Asian,female,Black,happy,,,,,m,1116,True,False,,2,,,,False,63,AM-215,materials/cfd/Images/CFD/AM-215/CFD-AM-215-120-N.jpg,BF-006,materials/cfd/Images/CFD/BF-006/CFD-BF-006-006-HO.jpg,m,1.5
19,2,25,study,0,female,Asian,female,White,neutral,,,,,z,714,True,False,,2,,,,False,65,AF-246,materials/cfd/Images/CFD/AF-246/CFD-AF-246-242-N.jpg,WF-009,materials/cfd/Images/CFD/WF-009/CFD-WF-009-001-N.jpg,z,1.5
19,2,26,study,0,female,Black,female,White,happy,,,,,z,2600,True,False,,2,,,,False,67,BF-209,materials/cfd/Images/CFD/BF-209/CFD-BF-209-172-N.jpg,WF-028,materials/cfd/Images/CFD/WF-028/CFD-WF-028-024-HO.jpg,z,1.5
19,2,27,study,0,female,Latino,male,White,angry,,,,,z,816,True,False,,2,,,,False,69,LF-255,materials/cfd/Images/CFD/LF-255/CFD-LF-255-088-N.jpg,WM-017,materials/cfd/Images/CFD/WM-017/CFD-WM-017-011-A.jpg,z,1.5
19,2,28,study,0,female,Asian,female,White,angry,,,,,z,1546,True,False,,2,,,,False,71,AF-201,materials/cfd/Images/CFD/AF-201/CFD-AF-201-060-N.jpg,WF-006,materials/cfd/Images/CFD/WF-006/CFD-WF-006-019-A.jpg,z,1.5
19,2,29,study,0,male,Latino,male,White,happy,,,,,m,1335,True,False,,2,,,,False,73,LM-230,materials/cfd/Images/CFD/LM-230/CFD-LM-230-202-N.jpg,WM-026,materials/cfd/Images/CFD/WM-026/CFD-WM-026-006-HO.jpg,m,1.5
19,2,30,study,0,female,Black,female,Black,neutral,,,,,z,1175,True,False,,2,,,,False,75,BF-235,materials/cfd/Images/CFD/BF-235/CFD-BF-235-168-N.jpg,BF-215,materials/cfd/Images/CFD/BF-215/CFD-BF-215-177-N.jpg,z,1.5
19,2,31,study,1,male,Latino,male,White,angry,,,,,m,993,True,False,,2,,,,False,78,LM-225,materials/cfd/Images/CFD/LM-225/CFD-LM-225-130-N.jpg,WM-018,materials/cfd/Images/CFD/WM-018/CFD-WM-018-007-A.jpg,m,1.5
19,2,32,study,1,male,Latino,female,Black,angry,,,,,m,1040,True,False,,2,,,,False,80,LM-231,materials/cfd/Images/CFD/LM-231/CFD-LM-231-214-N.jpg,BF-018,materials/cfd/Images/CFD/BF-018/CFD-BF-018-019-A.jpg,m,1.5
19,2,33,study,1,male,White,male,Black,angry,,,,,m,749,True,False,,2,,,,False,82,WM-024,materials/cfd/Images/CFD/WM-024/CFD-WM-024-015-N.jpg,BM-043,materials/cfd/Images/CFD/BM-043/CFD-BM-043-014-A.jpg,m,1.5
19,2,34,study,1,female,Black,male,White,neutral,,,,,z,1100,True,False,,2,,,,False,84,BF-043,materials/cfd/Images/CFD/BF-043/CFD-BF-043-003-N.jpg,WM-237,materials/cfd/Images/CFD/WM-237/CFD-WM-237-052-N.jpg,z,1.5
19,2,35,study,1,male,White,female,Black,angry,,,,,m,933,True,False,,2,,,,False,86,WM-006,materials/cfd/Images/CFD/WM-006/CFD-WM-006-002-N.jpg,BF-029,materials/cfd/Images/CFD/BF-029/CFD-BF-029-046-A.jpg,m,1.5
19,2,36,study,1,male,Asian,female,White,neutral,,,,,m,1366,True,False,,2,,,,False,88,AM-220,materials/cfd/Images/CFD/AM-220/CFD-AM-220-134-N.jpg,WF-247,materials/cfd/Images/CFD/WF-247/CFD-WF-247-065-N.jpg,m,1.5
19,2,37,study,1,male,Black,female,White,neutral,,,,,m,1147,True,False,,2,,,,False,90,BM-011,materials/cfd/Images/CFD/BM-011/CFD-BM-011-016-N.jpg,WF-014,materials/cfd/Images/CFD/WF-014/CFD-WF-014-002-N.jpg,m,1.5
19,2,38,study,1,male,Asian,female,Black,neutral,,,,,m,1172,True,False,,2,,,,False,92,AM-248,materials/cfd/Images/CFD/AM-248/CFD-AM-248-104-N.jpg,BF-210,materials/cfd/Images/CFD/BF-210/CFD-BF-210-130-N.jpg,m,1.5
19,2,39,study,1,female,White,male,White,angry,,,,,z,988,True,False,,2,,,,False,94,WF-209,materials/cfd/Images/CFD/WF-209/CFD-WF-209-052-N.jpg,WM-020,materials/cfd/Images/CFD/WM-020/CFD-WM-020-008-A.jpg,z,1.5
19,2,40,study,1,female,White,male,Black,neutral,,,,,z,1194,True,False,,2,,,,False,96,WF-216,materials/cfd/Images/CFD/WF-216/CFD-WF-216-079-N.jpg,BM-204,materials/cfd/Images/CFD/BM-204/CFD-BM-204-003-N.jpg,z,1.5
19,2,41,study,1,female,White,male,Black,happy,,,,,z,1360,True,False,,2,,,,False,98,WF-233,materials/cfd/Images/CFD/WF-233/CFD-WF-233-112-N.jpg,BM-031,materials/cfd/Images/CFD/BM-031/CFD-BM-031-004-HO.jpg,z,1.5
19,2,42,study,1,male,White,female,White,angry,,,,,m,961,True,False,,2,,,,False,100,WM-225,materials/cfd/Images/CFD/WM-225/CFD-WM-225-127-N.jpg,WF-008,materials/cfd/Images/CFD/WF-008/CFD-WF-008-011-A.jpg,m,1.5
19,2,43,study,1,male,White,female,Black,happy,,,,,m,1154,True,False,,2,,,,False,102,WM-228,materials/cfd/Images/CFD/WM-228/CFD-WM-228-065-N.jpg,BF-020,materials/cfd/Images/CFD/BF-020/CFD-BF-020-004-HO.jpg,m,1.5
19,2,44,study,1,female,Asian,male,White,neutral,,,,,z,1219,True,False,,2,,,,False,104,AF-236,materials/cfd/Images/CFD/AF-236/CFD-AF-236-145-N.jpg,WM-220,materials/cfd/Images/CFD/WM-220/CFD-WM-220-068-N.jpg,z,1.5
19,2,45,study,1,female,Asian,female,Black,angry,,,,,,,False,True,,2,,,,False,106,AF-232,materials/cfd/Images/CFD/AF-232/CFD-AF-232-078-N.jpg,BF-042,materials/cfd/Images/CFD/BF-042/CFD-BF-042-034-A.jpg,z,1.5
19,2,46,study,1,male,Latino,male,White,neutral,,,,,m,1098,True,False,,2,,,,False,108,LM-241,materials/cfd/Images/CFD/LM-241/CFD-LM-241-125-N.jpg,WM-245,materials/cfd/Images/CFD/WM-245/CFD-WM-245-123-N.jpg,m,1.5
19,2,47,study,1,male,Latino,male,Black,happy,,,,,m,1096,True,False,,2,,,,False,110,LM-239,materials/cfd/Images/CFD/LM-239/CFD-LM-239-075-N.jpg,BM-022,materials/cfd/Images/CFD/BM-022/CFD-BM-022-027-HO.jpg,m,1.5
19,2,48,study,1,male,Black,male,Black,happy,,,,,m,1138,True,False,,2,,,,False,112,BM-200,materials/cfd/Images/CFD/BM-200/CFD-BM-200-046-N.jpg,BM-037,materials/cfd/Images/CFD/BM-037/CFD-BM-037-036-HO.jpg,m,1.5
19,2,49,study,1,male,Latino,male,White,neutral,,,,,m,881,True,False,,2,,,,False,114,LM-246,materials/cfd/Images/CFD/LM-246/CFD-LM-246-087-N.jpg,WM-248,materials/cfd/Images/CFD/WM-248/CFD-WM-248-036-N.jpg,m,1.5
19,2,50,study,1,male,White,male,Black,angry,,,,,m,946,True,False,,2,,,,False,116,WM-003,materials/cfd/Images/CFD/WM-003/CFD-WM-003-002-N.jpg,BM-009,materials/cfd/Images/CFD/BM-009/CFD-BM-009-008-A.jpg,m,1.5
19,2,51,study,1,female,Asian,male,White,angry,,,,,z,1220,True,False,,2,,,,False,118,AF-208,materials/cfd/Images/CFD/AF-208/CFD-AF-208-003-N.jpg,WM-039,materials/cfd/Images/CFD/WM-039/CFD-WM-039-010-A.jpg,z,1.5
19,2,52,study,1,female,Latino,female,Black,happy,,,,,z,1526,True,False,,2,,,,False,120,LF-207,materials/cfd/Images/CFD/LF-207/CFD-LF-207-198-N.jpg,BF-044,materials/cfd/Images/CFD/BF-044/CFD-BF-044-007-HO.jpg,z,1.5
19,2,53,study,1,male,White,female,Black,neutral,,,,,m,1666,True,False,,2,,,,False,122,WM-207,materials/cfd/Images/CFD/WM-207/CFD-WM-207-048-N.jpg,BF-227,materials/cfd/Images/CFD/BF-227/CFD-BF-227-137-N.jpg,m,1.5
19,2,54,study,1,female,White,female,White,neutral,,,,,z,1364,True,False,,2,,,,False,124,WF-011,materials/cfd/Images/CFD/WF-011/CFD-WF-011-002-N.jpg,WF-031,materials/cfd/Images/CFD/WF-031/CFD-WF-031-027-N.jpg,z,1.5
19,2,55,study,1,female,Black,male,Black,happy,,,,,z,1494,True,False,,2,,,,False,126,BF-236,materials/cfd/Images/CFD/BF-236/CFD-BF-236-177-N.jpg,BM-039,materials/cfd/Images/CFD/BM-039/CFD-BM-039-034-HO.jpg,z,1.5
19,2,56,study,1,female,Asian,female,Black,happy,,,,,z,995,True,False,,2,,,,False,128,AF-205,materials/cfd/Images/CFD/AF-205/CFD-AF-205-155-N.jpg,BF-025,materials/cfd/Images/CFD/BF-025/CFD-BF-025-005-HO.jpg,z,1.5
19,2,57,study,1,female,Black,male,Black,angry,,,,,z,1041,True,False,,2,,,,False,130,BF-216,materials/cfd/Images/CFD/BF-216/CFD-BF-216-132-N.jpg,BM-045,materials/cfd/Images/CFD/BM-045/CFD-BM-045-061-A.jpg,z,1.5
19,2,58,study,1,female,Black,female,White,angry,,,,,z,975,True,False,,2,,,,False,132,BF-211,materials/cfd/Images/CFD/BF-211/CFD-BF-211-168-N.jpg,WF-019,materials/cfd/Images/CFD/WF-019/CFD-WF-019-015-A.jpg,z,1.5
19,2,59,study,1,female,White,male,White,neutral,,,,,z,1311,True,False,,2,,,,False,134,WF-210,materials/cfd/Images/CFD/WF-210/CFD-WF-210-086-N.jpg,WM-249,materials/cfd/Images/CFD/WM-249/CFD-WM-249-239-N.jpg,z,1.5
19,2,60,study,1,male,Black,male,Black,angry,,,,,m,1499,True,False,,2,,,,False,136,BM-246,materials/cfd/Images/CFD/BM-246/CFD-BM-246-192-N.jpg,BM-015,materials/cfd/Images/CFD/BM-015/CFD-BM-015-012-A.jpg,m,1.5
19,2,61,study,0,female,Asian,female,Black,angry,,,,,z,1473,True,False,,2,,,,False,139,AF-232,materials/cfd/Images/CFD/AF-232/CFD-AF-232-078-N.jpg,BF-042,materials/cfd/Images/CFD/BF-042/CFD-BF-042-034-A.jpg,z,1.5
19,2,62,study,0,male,Black,female,White,neutral,,,,,m,1168,True,False,,2,,,,False,141,BM-011,materials/cfd/Images/CFD/BM-011/CFD-BM-011-016-N.jpg,WF-014,materials/cfd/Images/CFD/WF-014/CFD-WF-014-002-N.jpg,m,1.5
19,2,63,study,0,male,Asian,female,White,happy,,,,,m,1521,True,False,,2,,,,False,143,AM-206,materials/cfd/Images/CFD/AM-206/CFD-AM-206-086-N.jpg,WF-039,materials/cfd/Images/CFD/WF-039/CFD-WF-039-005-HO.jpg,m,1.5
19,2,64,study,0,female,Black,female,Black,neutral,,,,,z,1120,True,False,,2,,,,False,145,BF-204,materials/cfd/Images/CFD/BF-204/CFD-BF-204-189-N.jpg,BF-045,materials/cfd/Images/CFD/BF-045/CFD-BF-045-003-N.jpg,z,1.5
19,2,65,study,0,female,Black,male,Black,happy,,,,,z,977,True,False,,2,,,,False,147,BF-236,materials/cfd/Images/CFD/BF-236/CFD-BF-236-177-N.jpg,BM-039,materials/cfd/Images/CFD/BM-039/CFD-BM-039-034-HO.jpg,z,1.5
19,2,66,study,0,female,White,female,White,neutral,,,,,z,991,True,False,,2,,,,False,149,WF-011,materials/cfd/Images/CFD/WF-011/CFD-WF-011-002-N.jpg,WF-031,materials/cfd/Images/CFD/WF-031/CFD-WF-031-027-N.jpg,z,1.5
19,2,67,study,0,female,Asian,female,White,neutral,,,,,z,1001,True,False,,2,,,,False,151,AF-246,materials/cfd/Images/CFD/AF-246/CFD-AF-246-242-N.jpg,WF-009,materials/cfd/Images/CFD/WF-009/CFD-WF-009-001-N.jpg,z,1.5
19,2,68,study,0,male,Black,male,White,angry,,,,,m,1193,True,False,,2,,,,False,153,BM-243,materials/cfd/Images/CFD/BM-243/CFD-BM-243-218-N.jpg,WM-032,materials/cfd/Images/CFD/WM-032/CFD-WM-032-014-A.jpg,m,1.5
19,2,69,study,0,male,Latino,male,Black,happy,,,,,m,1383,True,False,,2,,,,False,155,LM-224,materials/cfd/Images/CFD/LM-224/CFD-LM-224-162-N.jpg,BM-025,materials/cfd/Images/CFD/BM-025/CFD-BM-025-040-HO.jpg,m,1.5
19,2,70,study,0,male,White,male,Black,angry,,,,,m,1301,True,False,,2,,,,False,157,WM-003,materials/cfd/Images/CFD/WM-003/CFD-WM-003-002-N.jpg,BM-009,materials/cfd/Images/CFD/BM-009/CFD-BM-009-008-A.jpg,m,1.5
19,2,71,study,0,female,Latino,male,White,angry,,,,,z,1211,True,False,,2,,,,False,159,LF-255,materials/cfd/Images/CFD/LF-255/CFD-LF-255-088-N.jpg,WM-017,materials/cfd/Images/CFD/WM-017/CFD-WM-017-011-A.jpg,z,1.5
19,2,72,study,0,female,Black,female,White,happy,,,,,z,900,True,False,,2,,,,False,161,BF-209,materials/cfd/Images/CFD/BF-209/CFD-BF-209-172-N.jpg,WF-028,materials/cfd/Images/CFD/WF-028/CFD-WF-028-024-HO.jpg,z,1.5
19,2,73,study,0,male,White,male,Black,happy,,,,,m,1167,True,False,,2,,,,False,163,WM-233,materials/cfd/Images/CFD/WM-233/CFD-WM-233-106-N.jpg,BM-016,materials/cfd/Images/CFD/BM-016/CFD-BM-016-040-HO.jpg,m,1.5
19,2,74,study,0,male,Latino,male,White,neutral,,,,,m,1207,True,False,,2,,,,False,165,LM-246,materials/cfd/Images/CFD/LM-246/CFD-LM-246-087-N.jpg,WM-248,materials/cfd/Images/CFD/WM-248/CFD-WM-248-036-N.jpg,m,1.5
19,2,75,study,0,female,Asian,male,White,neutral,,,,,z,1124,True,False,,2,,,,False,167,AF-236,materials/cfd/Images/CFD/AF-236/CFD-AF-236-145-N.jpg,WM-220,materials/cfd/Images/CFD/WM-220/CFD-WM-220-068-N.jpg,z,1.5
19,2,76,study,0,male,White,male,White,neutral,,,,,m,1238,True,False,,2,,,,False,169,WM-016,materials/cfd/Images/CFD/WM-016/CFD-WM-016-001-N.jpg,WM-011,materials/cfd/Images/CFD/WM-011/CFD-WM-011-002-N.jpg,m,1.5
19,2,77,study,0,male,Black,male,White,neutral,,,,,m,1130,True,False,,2,,,,False,171,BM-205,materials/cfd/Images/CFD/BM-205/CFD-BM-205-001-N.jpg,WM-238,materials/cfd/Images/CFD/WM-238/CFD-WM-238-020-N.jpg,m,1.5
19,2,78,study,0,male,Latino,male,White,neutral,,,,,m,994,True,False,,2,,,,False,173,LM-241,materials/cfd/Images/CFD/LM-241/CFD-LM-241-125-N.jpg,WM-245,materials/cfd/Images/CFD/WM-245/CFD-WM-245-123-N.jpg,m,1.5
19,2,79,study,0,female,White,male,Black,neutral,,,,,z,1023,True,False,,2,,,,False,175,WF-216,materials/cfd/Images/CFD/WF-216/CFD-WF-216-079-N.jpg,BM-204,materials/cfd/Images/CFD/BM-204/CFD-BM-204-003-N.jpg,z,1.5
19,2,80,study,0,male,Latino,male,White,angry,,,,,m,1146,True,False,,2,,,,False,177,LM-225,materials/cfd/Images/CFD/LM-225/CFD-LM-225-130-N.jpg,WM-018,materials/cfd/Images/CFD/WM-018/CFD-WM-018-007-A.jpg,m,1.5
19,2,81,study,0,female,White,male,White,angry,,,,,z,1209,True,False,,2,,,,False,179,WF-209,materials/cfd/Images/CFD/WF-209/CFD-WF-209-052-N.jpg,WM-020,materials/cfd/Images/CFD/WM-020/CFD-WM-020-008-A.jpg,z,1.5
19,2,82,study,0,male,Asian,female,White,neutral,,,,,m,1453,True,False,,2,,,,False,181,AM-220,materials/cfd/Images/CFD/AM-220/CFD-AM-220-134-N.jpg,WF-247,materials/cfd/Images/CFD/WF-247/CFD-WF-247-065-N.jpg,m,1.5
19,2,83,study,0,female,Black,female,Black,neutral,,,,,z,972,True,False,,2,,,,False,183,BF-235,materials/cfd/Images/CFD/BF-235/CFD-BF-235-168-N.jpg,BF-215,materials/cfd/Images/CFD/BF-215/CFD-BF-215-177-N.jpg,z,1.5
19,2,84,study,0,female,White,female,White,neutral,,,,,z,985,True,False,,2,,,,False,185,WF-245,materials/cfd/Images/CFD/WF-245/CFD-WF-245-084-N.jpg,WF-236,materials/cfd/Images/CFD/WF-236/CFD-WF-236-107-N.jpg,z,1.5
19,2,85,study,0,female,Black,male,Black,angry,,,,,z,1071,True,False,,2,,,,False,187,BF-216,materials/cfd/Images/CFD/BF-216/CFD-BF-216-132-N.jpg,BM-045,materials/cfd/Images/CFD/BM-045/CFD-BM-045-061-A.jpg,z,1.5
19,2,86,study,0,male,Black,male,Black,neutral,,,,,m,1224,True,False,,2,,,,False,189,BM-241,materials/cfd/Images/CFD/BM-241/CFD-BM-241-235-N.jpg,BM-214,materials/cfd/Images/CFD/BM-214/CFD-BM-214-075-N.jpg,m,1.5
19,2,87,study,0,female,Asian,female,Black,happy,,,,,z,1070,True,False,,2,,,,False,191,AF-205,materials/cfd/Images/CFD/AF-205/CFD-AF-205-155-N.jpg,BF-025,materials/cfd/Images/CFD/BF-025/CFD-BF-025-005-HO.jpg,z,1.5
19,2,88,study,0,male,White,male,Black,angry,,,,,m,1200,True,False,,2,,,,False,193,WM-024,materials/cfd/Images/CFD/WM-024/CFD-WM-024-015-N.jpg,BM-043,materials/cfd/Images/CFD/BM-043/CFD-BM-043-014-A.jpg,m,1.5
19,2,89,study,0,female,White,male,Black,happy,,,,,z,1186,True,False,,2,,,,False,195,WF-233,materials/cfd/Images/CFD/WF-233/CFD-WF-233-112-N.jpg,BM-031,materials/cfd/Images/CFD/BM-031/CFD-BM-031-004-HO.jpg,z,1.5
19,2,90,study,0,male,Black,male,Black,happy,,,,,m,1356,True,False,,2,,,,False,197,BM-200,materials/cfd/Images/CFD/BM-200/CFD-BM-200-046-N.jpg,BM-037,materials/cfd/Images/CFD/BM-037/CFD-BM-037-036-HO.jpg,m,1.5
19,2,91,study,1,female,Asian,male,White,angry,,,,,,,False,True,,2,,,,False,200,AF-208,materials/cfd/Images/CFD/AF-208/CFD-AF-208-003-N.jpg,WM-039,materials/cfd/Images/CFD/WM-039/CFD-WM-039-010-A.jpg,z,1.5
19,2,92,study,1,male,Latino,male,Black,happy,,,,,,,False,True,,2,,,,False,202,LM-239,materials/cfd/Images/CFD/LM-239/CFD-LM-239-075-N.jpg,BM-022,materials/cfd/Images/CFD/BM-022/CFD-BM-022-027-HO.jpg,m,1.5
19,2,93,study,1,female,Black,female,White,angry,,,,,z,1536,True,False,,2,,,,False,204,BF-211,materials/cfd/Images/CFD/BF-211/CFD-BF-211-168-N.jpg,WF-019,materials/cfd/Images/CFD/WF-019/CFD-WF-019-015-A.jpg,z,1.5
19,2,94,study,1,female,Latino,male,White,happy,,,,,z,1073,True,False,,2,,,,False,206,LF-233,materials/cfd/Images/CFD/LF-233/CFD-LF-233-277-N.jpg,WM-012,materials/cfd/Images/CFD/WM-012/CFD-WM-012-005-HO.jpg,z,1.5
19,2,95,study,1,male,Black,male,Black,angry,,,,,m,1054,True,False,,2,,,,False,208,BM-246,materials/cfd/Images/CFD/BM-246/CFD-BM-246-192-N.jpg,BM-015,materials/cfd/Images/CFD/BM-015/CFD-BM-015-012-A.jpg,m,1.5
19,2,96,study,1,male,White,female,Black,angry,,,,,m,1625,True,False,,2,,,,False,210,WM-006,materials/cfd/Images/CFD/WM-006/CFD-WM-006-002-N.jpg,BF-029,materials/cfd/Images/CFD/BF-029/CFD-BF-029-046-A.jpg,m,1.5
19,2,97,study,1,male,Latino,female,Black,happy,,,,,m,1077,True,False,,2,,,,False,212,LM-217,materials/cfd/Images/CFD/LM-217/CFD-LM-217-162-N.jpg,BF-051,materials/cfd/Images/CFD/BF-051/CFD-BF-051-037-HO.jpg,m,1.5
19,2,98,study,1,female,White,male,White,neutral,,,,,z,1200,True,False,,2,,,,False,214,WF-210,materials/cfd/Images/CFD/WF-210/CFD-WF-210-086-N.jpg,WM-249,materials/cfd/Images/CFD/WM-249/CFD-WM-249-239-N.jpg,z,1.5
19,2,99,study,1,female,Black,male,White,neutral,,,,,z,1179,True,False,,2,,,,False,216,BF-043,materials/cfd/Images/CFD/BF-043/CFD-BF-043-003-N.jpg,WM-237,materials/cfd/Images/CFD/WM-237/CFD-WM-237-052-N.jpg,z,1.5
19,2,100,study,1,male,Black,female,Black,angry,,,,,m,1266,True,False,,2,,,,False,218,BM-046,materials/cfd/Images/CFD/BM-046/CFD-BM-046-006-N.jpg,BF-017,materials/cfd/Images/CFD/BF-017/CFD-BF-017-011-A.jpg,m,1.5
19,2,101,study,1,female,Black,female,Black,angry,,,,,z,1225,True,False,,2,,,,False,220,BF-221,materials/cfd/Images/CFD/BF-221/CFD-BF-221-223-N.jpg,BF-014,materials/cfd/Images/CFD/BF-014/CFD-BF-014-013-A.jpg,z,1.5
19,2,102,study,1,male,Asian,female,Black,happy,,,,,m,1137,True,False,,2,,,,False,222,AM-215,materials/cfd/Images/CFD/AM-215/CFD-AM-215-120-N.jpg,BF-006,materials/cfd/Images/CFD/BF-006/CFD-BF-006-006-HO.jpg,m,1.5
19,2,103,study,1,male,White,female,Black,happy,,,,,m,1127,True,False,,2,,,,False,224,WM-228,materials/cfd/Images/CFD/WM-228/CFD-WM-228-065-N.jpg,BF-020,materials/cfd/Images/CFD/BF-020/CFD-BF-020-004-HO.jpg,m,1.5
19,2,104,study,1,male,White,female,White,happy,,,,,m,2676,True,False,,2,,,,False,226,WM-241,materials/cfd/Images/CFD/WM-241/CFD-WM-241-072-N.jpg,WF-036,materials/cfd/Images/CFD/WF-036/CFD-WF-036-026-HO.jpg,m,1.5
19,2,105,study,1,female,Asian,male,White,happy,,,,,z,1043,True,False,,2,,,,False,228,AF-207,materials/cfd/Images/CFD/AF-207/CFD-AF-207-023-N.jpg,WM-010,materials/cfd/Images/CFD/WM-010/CFD-WM-010-004-HO.jpg,z,1.5
19,2,106,study,1,female,Asian,male,Black,happy,,,,,z,1493,True,False,,2,,,,False,230,AF-219,materials/cfd/Images/CFD/AF-219/CFD-AF-219-106-N.jpg,BM-029,materials/cfd/Images/CFD/BM-029/CFD-BM-029-029-HO.jpg,z,1.5
19,2,107,study,1,female,Latino,female,Black,happy,,,,,,,False,True,,2,,,,False,232,LF-207,materials/cfd/Images/CFD/LF-207/CFD-LF-207-198-N.jpg,BF-044,materials/cfd/Images/CFD/BF-044/CFD-BF-044-007-HO.jpg,z,1.5
19,2,108,study,1,male,Asian,female,Black,neutral,,,,,m,2159,True,False,,2,,,,False,234,AM-248,materials/cfd/Images/CFD/AM-248/CFD-AM-248-104-N.jpg,BF-210,materials/cfd/Images/CFD/BF-210/CFD-BF-210-130-N.jpg,m,1.5
19,2,109,study,1,female,Latino,female,White,happy,,,,,z,1239,True,False,,2,,,,False,236,LF-217,materials/cfd/Images/CFD/LF-217/CFD-LF-217-082-N.jpg,WF-034,materials/cfd/Images/CFD/WF-034/CFD-WF-034-033-HO.jpg,z,1.5
19,2,110,study,1,male,Latino,male,White,happy,,,,,m,1152,True,False,,2,,,,False,238,LM-230,materials/cfd/Images/CFD/LM-230/CFD-LM-230-202-N.jpg,WM-026,materials/cfd/Images/CFD/WM-026/CFD-WM-026-006-HO.jpg,m,1.5
19,2,111,study,1,male,Latino,female,Black,angry,,,,,m,2023,True,False,,2,,,,False,240,LM-231,materials/cfd/Images/CFD/LM-231/CFD-LM-231-214-N.jpg,BF-018,materials/cfd/Images/CFD/BF-018/CFD-BF-018-019-A.jpg,m,1.5
19,2,112,study,1,female,Asian,female,White,angry,,,,,,,False,True,,2,,,,False,242,AF-201,materials/cfd/Images/CFD/AF-201/CFD-AF-201-060-N.jpg,WF-006,materials/cfd/Images/CFD/WF-006/CFD-WF-006-019-A.jpg,z,1.5
19,2,113,study,1,male,White,female,Black,neutral,,,,,m,1479,True,False,,2,,,,False,244,WM-207,materials/cfd/Images/CFD/WM-207/CFD-WM-207-048-N.jpg,BF-227,materials/cfd/Images/CFD/BF-227/CFD-BF-227-137-N.jpg,m,1.5
19,2,114,study,1,female,White,male,Black,angry,,,,,z,1325,True,False,,2,,,,False,246,WF-250,materials/cfd/Images/CFD/WF-250/CFD-WF-250-167-N.jpg,BM-021,materials/cfd/Images/CFD/BM-021/CFD-BM-021-026-A.jpg,z,1.5
19,2,115,study,1,female,Black,female,Black,happy,,,,,z,1191,True,False,,2,,,,False,248,BF-034,materials/cfd/Images/CFD/BF-034/CFD-BF-034-002-N.jpg,BF-030,materials/cfd/Images/CFD/BF-030/CFD-BF-030-007-HO.jpg,z,1.5
19,2,116,study,1,female,Black,male,White,neutral,,,,,z,1316,True,False,,2,,,,False,250,BF-243,materials/cfd/Images/CFD/BF-243/CFD-BF-243-164-N.jpg,WM-221,materials/cfd/Images/CFD/WM-221/CFD-WM-221-091-N.jpg,z,1.5
19,2,117,study,1,male,Black,female,White,neutral,,,,,m,1051,True,False,,2,,,,False,252,BM-244,materials/cfd/Images/CFD/BM-244/CFD-BM-244-197-N.jpg,WF-029,materials/cfd/Images/CFD/WF-029/CFD-WF-029-002-N.jpg,m,1.5
19,2,118,study,1,male,Asian,female,White,angry,,,,,z,1205,False,False,,2,,,,False,254,AM-234,materials/cfd/Images/CFD/AM-234/CFD-AM-234-355-N.jpg,WF-016,materials/cfd/Images/CFD/WF-016/CFD-WF-016-021-A.jpg,m,1.5
19,2,119,study,1,female,Latino,female,White,angry,,,,,,,False,True,,2,,,,False,256,LF-226,materials/cfd/Images/CFD/LF-226/CFD-LF-226-174-N.jpg,WF-003,materials/cfd/Images/CFD/WF-003/CFD-WF-003-014-A.jpg,z,1.5
19,2,120,study,1,male,White,female,White,angry,,,,,m,1256,True,False,,2,,,,False,258,WM-225,materials/cfd/Images/CFD/WM-225/CFD-WM-225-127-N.jpg,WF-008,materials/cfd/Images/CFD/WF-008/CFD-WF-008-011-A.jpg,m,1.5
19,2,121,test,0,female,Black,female,Black,happy,,,,rearranged,,,False,True,,2,,,,False,275,BF-209,materials/cfd/Images/CFD/BF-209/CFD-BF-209-172-N.jpg,BF-044,materials/cfd/Images/CFD/BF-044/CFD-BF-044-007-HO.jpg,z,1.5
19,2,122,test,0,female,Black,female,Black,angry,,,,rearranged,m,1702,False,False,,2,,,,False,277,BF-211,materials/cfd/Images/CFD/BF-211/CFD-BF-211-168-N.jpg,BF-014,materials/cfd/Images/CFD/BF-014/CFD-BF-014-013-A.jpg,z,1.5
19,2,123,test,0,male,Latino,male,White,happy,,,,rearranged,m,1708,False,False,,2,,,,False,279,LM-224,materials/cfd/Images/CFD/LM-224/CFD-LM-224-162-N.jpg,WM-026,materials/cfd/Images/CFD/WM-026/CFD-WM-026-006-HO.jpg,z,1.5
19,2,124,test,0,male,Asian,female,Black,happy,,,,rearranged,,,False,True,,2,,,,False,281,AM-206,materials/cfd/Images/CFD/AM-206/CFD-AM-206-086-N.jpg,BF-020,materials/cfd/Images/CFD/BF-020/CFD-BF-020-004-HO.jpg,z,1.5
19,2,125,test,0,female,Asian,female,White,neutral,,,,intact,z,1288,False,False,,2,,,,False,283,AF-246,materials/cfd/Images/CFD/AF-246/CFD-AF-246-242-N.jpg,WF-009,materials/cfd/Images/CFD/WF-009/CFD-WF-009-001-N.jpg,m,1.5
19,2,126,test,0,female,Asian,male,Black,happy,,,,rearranged,z,1705,True,False,,2,,,,False,285,AF-207,materials/cfd/Images/CFD/AF-207/CFD-AF-207-023-N.jpg,BM-039,materials/cfd/Images/CFD/BM-039/CFD-BM-039-034-HO.jpg,z,1.5
19,2,127,test,0,male,Asian,female,Black,happy,,,,intact,m,1788,True,False,,2,,,,False,287,AM-215,materials/cfd/Images/CFD/AM-215/CFD-AM-215-120-N.jpg,BF-006,materials/cfd/Images/CFD/BF-006/CFD-BF-006-006-HO.jpg,m,1.5
19,2,128,test,0,female,Black,male,White,happy,,,,rearranged,z,1826,True,False,,2,,,,False,289,BF-236,materials/cfd/Images/CFD/BF-236/CFD-BF-236-177-N.jpg,WM-010,materials/cfd/Images/CFD/WM-010/CFD-WM-010-004-HO.jpg,z,1.5
19,2,129,test,0,female,Asian,male,Black,happy,,,,intact,z,1743,False,False,,2,,,,False,291,AF-219,materials/cfd/Images/CFD/AF-219/CFD-AF-219-106-N.jpg,BM-029,materials/cfd/Images/CFD/BM-029/CFD-BM-029-029-HO.jpg,m,1.5
19,2,130,test,0,female,Black,male,White,angry,,,,rearranged,m,2281,False,False,,2,,,,False,293,BF-216,materials/cfd/Images/CFD/BF-216/CFD-BF-216-132-N.jpg,WM-017,materials/cfd/Images/CFD/WM-017/CFD-WM-017-011-A.jpg,z,1.5
19,2,131,test,0,male,Asian,female,White,neutral,,,,rearranged,m,1596,False,False,,2,,,,False,295,AM-248,materials/cfd/Images/CFD/AM-248/CFD-AM-248-104-N.jpg,WF-014,materials/cfd/Images/CFD/WF-014/CFD-WF-014-002-N.jpg,z,1.5
19,2,132,test,0,female,Black,female,Black,neutral,,,,intact,z,1618,False,False,,2,,,,False,297,BF-235,materials/cfd/Images/CFD/BF-235/CFD-BF-235-168-N.jpg,BF-215,materials/cfd/Images/CFD/BF-215/CFD-BF-215-177-N.jpg,m,1.5
19,2,133,test,0,male,Black,male,Black,angry,,,,rearranged,m,1464,False,False,,2,,,,False,299,BM-246,materials/cfd/Images/CFD/BM-246/CFD-BM-246-192-N.jpg,BM-043,materials/cfd/Images/CFD/BM-043/CFD-BM-043-014-A.jpg,z,1.5
19,2,134,test,0,male,White,female,White,happy,,,,intact,z,1657,False,False,,2,,,,False,301,WM-241,materials/cfd/Images/CFD/WM-241/CFD-WM-241-072-N.jpg,WF-036,materials/cfd/Images/CFD/WF-036/CFD-WF-036-026-HO.jpg,m,1.5
19,2,135,test,0,female,Black,female,White,neutral,,,,rearranged,z,1998,True,False,,2,,,,False,303,BF-204,materials/cfd/Images/CFD/BF-204/CFD-BF-204-189-N.jpg,WF-031,materials/cfd/Images/CFD/WF-031/CFD-WF-031-027-N.jpg,z,1.5
19,2,136,test,0,female,White,female,White,neutral,,,,intact,m,2166,True,False,,2,,,,False,305,WF-245,materials/cfd/Images/CFD/WF-245/CFD-WF-245-084-N.jpg,WF-236,materials/cfd/Images/CFD/WF-236/CFD-WF-236-107-N.jpg,m,1.5
19,2,137,test,0,male,White,male,Black,angry,,,,rearranged,m,1724,False,False,,2,,,,False,307,WM-003,materials/cfd/Images/CFD/WM-003/CFD-WM-003-002-N.jpg,BM-015,materials/cfd/Images/CFD/BM-015/CFD-BM-015-012-A.jpg,z,1.5
19,2,138,test,0,male,White,female,White,angry,,,,rearranged,m,1646,False,False,,2,,,,False,309,WM-225,materials/cfd/Images/CFD/WM-225/CFD-WM-225-127-N.jpg,WF-016,materials/cfd/Images/CFD/WF-016/CFD-WF-016-021-A.jpg,z,1.5
19,2,139,test,0,male,Black,male,White,angry,,,,intact,m,1751,True,False,,2,,,,False,311,BM-243,materials/cfd/Images/CFD/BM-243/CFD-BM-243-218-N.jpg,WM-032,materials/cfd/Images/CFD/WM-032/CFD-WM-032-014-A.jpg,m,1.5
19,2,140,test,0,male,Latino,female,Black,angry,,,,intact,m,1750,True,False,,2,,,,False,313,LM-231,materials/cfd/Images/CFD/LM-231/CFD-LM-231-214-N.jpg,BF-018,materials/cfd/Images/CFD/BF-018/CFD-BF-018-019-A.jpg,m,1.5
19,2,141,test,0,female,White,male,White,angry,,,,intact,m,1619,True,False,,2,,,,False,315,WF-209,materials/cfd/Images/CFD/WF-209/CFD-WF-209-052-N.jpg,WM-020,materials/cfd/Images/CFD/WM-020/CFD-WM-020-008-A.jpg,m,1.5
19,2,142,test,0,female,Black,male,White,neutral,,,,rearranged,m,1414,False,False,,2,,,,False,317,BF-043,materials/cfd/Images/CFD/BF-043/CFD-BF-043-003-N.jpg,WM-249,materials/cfd/Images/CFD/WM-249/CFD-WM-249-239-N.jpg,z,1.5
19,2,143,test,0,male,White,female,Black,neutral,,,,intact,m,1349,True,False,,2,,,,False,319,WM-207,materials/cfd/Images/CFD/WM-207/CFD-WM-207-048-N.jpg,BF-227,materials/cfd/Images/CFD/BF-227/CFD-BF-227-137-N.jpg,m,1.5
19,2,144,test,0,female,Latino,female,White,angry,,,,intact,m,2313,True,False,,2,,,,False,321,LF-226,materials/cfd/Images/CFD/LF-226/CFD-LF-226-174-N.jpg,WF-003,materials/cfd/Images/CFD/WF-003/CFD-WF-003-014-A.jpg,m,1.5
19,2,145,test,0,male,Black,female,White,neutral,,,,intact,m,1938,True,False,,2,,,,False,323,BM-244,materials/cfd/Images/CFD/BM-244/CFD-BM-244-197-N.jpg,WF-029,materials/cfd/Images/CFD/WF-029/CFD-WF-029-002-N.jpg,m,1.5
19,2,146,test,0,female,Latino,male,White,happy,,,,intact,m,1523,True,False,,2,,,,False,325,LF-233,materials/cfd/Images/CFD/LF-233/CFD-LF-233-277-N.jpg,WM-012,materials/cfd/Images/CFD/WM-012/CFD-WM-012-005-HO.jpg,m,1.5
19,2,147,test,0,male,Black,male,White,neutral,,,,intact,m,1793,True,False,,2,,,,False,327,BM-205,materials/cfd/Images/CFD/BM-205/CFD-BM-205-001-N.jpg,WM-238,materials/cfd/Images/CFD/WM-238/CFD-WM-238-020-N.jpg,m,1.5
19,2,148,test,0,male,Latino,male,Black,happy,,,,rearranged,,,False,True,,2,,,,False,329,LM-230,materials/cfd/Images/CFD/LM-230/CFD-LM-230-202-N.jpg,BM-025,materials/cfd/Images/CFD/BM-025/CFD-BM-025-040-HO.jpg,z,1.5
19,2,149,test,0,female,Latino,male,White,angry,,,,rearranged,m,1693,False,False,,2,,,,False,331,LF-255,materials/cfd/Images/CFD/LF-255/CFD-LF-255-088-N.jpg,WM-039,materials/cfd/Images/CFD/WM-039/CFD-WM-039-010-A.jpg,z,1.5
19,2,150,test,0,male,White,female,Black,happy,,,,rearranged,,,False,True,,2,,,,False,333,WM-228,materials/cfd/Images/CFD/WM-228/CFD-WM-228-065-N.jpg,BF-051,materials/cfd/Images/CFD/BF-051/CFD-BF-051-037-HO.jpg,z,1.5
19,2,151,test,1,female,Asian,female,Black,angry,,,,intact,z,1860,False,False,,2,,,,False,336,AF-232,materials/cfd/Images/CFD/AF-232/CFD-AF-232-078-N.jpg,BF-042,materials/cfd/Images/CFD/BF-042/CFD-BF-042-034-A.jpg,m,1.5
19,2,152,test,1,female,Black,female,White,angry,,,,rearranged,m,2516,False,False,,2,,,,False,338,BF-221,materials/cfd/Images/CFD/BF-221/CFD-BF-221-223-N.jpg,WF-019,materials/cfd/Images/CFD/WF-019/CFD-WF-019-015-A.jpg,z,1.5
19,2,153,test,1,male,Latino,male,White,neutral,,,,rearranged,m,1776,False,False,,2,,,,False,340,LM-246,materials/cfd/Images/CFD/LM-246/CFD-LM-246-087-N.jpg,WM-245,materials/cfd/Images/CFD/WM-245/CFD-WM-245-123-N.jpg,z,1.5
19,2,154,test,1,female,Black,male,White,neutral,,,,intact,z,1859,False,False,,2,,,,False,342,BF-243,materials/cfd/Images/CFD/BF-243/CFD-BF-243-164-N.jpg,WM-221,materials/cfd/Images/CFD/WM-221/CFD-WM-221-091-N.jpg,m,1.5
19,2,155,test,1,female,White,male,White,neutral,,,,rearranged,m,2048,False,False,,2,,,,False,344,WF-216,materials/cfd/Images/CFD/WF-216/CFD-WF-216-079-N.jpg,WM-237,materials/cfd/Images/CFD/WM-237/CFD-WM-237-052-N.jpg,z,1.5
19,2,156,test,1,male,Latino,male,Black,happy,,,,intact,m,1462,True,False,,2,,,,False,346,LM-239,materials/cfd/Images/CFD/LM-239/CFD-LM-239-075-N.jpg,BM-022,materials/cfd/Images/CFD/BM-022/CFD-BM-022-027-HO.jpg,m,1.5
19,2,157,test,1,male,Asian,female,White,neutral,,,,intact,m,2359,True,False,,2,,,,False,348,AM-220,materials/cfd/Images/CFD/AM-220/CFD-AM-220-134-N.jpg,WF-247,materials/cfd/Images/CFD/WF-247/CFD-WF-247-065-N.jpg,m,1.5
19,2,158,test,1,female,White,male,Black,neutral,,,,rearranged,z,2070,True,False,,2,,,,False,350,WF-210,materials/cfd/Images/CFD/WF-210/CFD-WF-210-086-N.jpg,BM-204,materials/cfd/Images/CFD/BM-204/CFD-BM-204-003-N.jpg,z,1.5
19,2,159,test,1,male,White,male,Black,angry,,,,rearranged,m,1692,False,False,,2,,,,False,352,WM-024,materials/cfd/Images/CFD/WM-024/CFD-WM-024-015-N.jpg,BM-009,materials/cfd/Images/CFD/BM-009/CFD-BM-009-008-A.jpg,z,1.5
19,2,160,test,1,male,Black,male,White,neutral,,,,rearranged,m,1863,False,False,,2,,,,False,354,BM-241,materials/cfd/Images/CFD/BM-241/CFD-BM-241-235-N.jpg,WM-248,materials/cfd/Images/CFD/WM-248/CFD-WM-248-036-N.jpg,z,1.5
19,2,161,test,1,female,White,female,Black,neutral,,,,rearranged,m,1619,False,False,,2,,,,False,356,WF-011,materials/cfd/Images/CFD/WF-011/CFD-WF-011-002-N.jpg,BF-045,materials/cfd/Images/CFD/BF-045/CFD-BF-045-003-N.jpg,z,1.5
19,2,162,test,1,female,Black,female,Black,happy,,,,intact,m,1793,True,False,,2,,,,False,358,BF-034,materials/cfd/Images/CFD/BF-034/CFD-BF-034-002-N.jpg,BF-030,materials/cfd/Images/CFD/BF-030/CFD-BF-030-007-HO.jpg,m,1.5
19,2,163,test,1,male,Black,male,Black,happy,,,,intact,m,2048,True,False,,2,,,,False,360,BM-200,materials/cfd/Images/CFD/BM-200/CFD-BM-200-046-N.jpg,BM-037,materials/cfd/Images/CFD/BM-037/CFD-BM-037-036-HO.jpg,m,1.5
19,2,164,test,1,male,Latino,female,White,happy,,,,rearranged,m,2025,False,False,,2,,,,False,362,LM-217,materials/cfd/Images/CFD/LM-217/CFD-LM-217-162-N.jpg,WF-039,materials/cfd/Images/CFD/WF-039/CFD-WF-039-005-HO.jpg,z,1.5
19,2,165,test,1,male,White,female,Black,angry,,,,intact,z,1718,False,False,,2,,,,False,364,WM-006,materials/cfd/Images/CFD/WM-006/CFD-WM-006-002-N.jpg,BF-029,materials/cfd/Images/CFD/BF-029/CFD-BF-029-046-A.jpg,m,1.5
19,2,166,test,1,female,White,male,Black,angry,,,,intact,m,1741,True,False,,2,,,,False,366,WF-250,materials/cfd/Images/CFD/WF-250/CFD-WF-250-167-N.jpg,BM-021,materials/cfd/Images/CFD/BM-021/CFD-BM-021-026-A.jpg,m,1.5
19,2,167,test,1,female,Asian,male,Black,angry,,,,rearranged,m,1680,False,False,,2,,,,False,368,AF-208,materials/cfd/Images/CFD/AF-208/CFD-AF-208-003-N.jpg,BM-045,materials/cfd/Images/CFD/BM-045/CFD-BM-045-061-A.jpg,z,1.5
19,2,168,test,1,female,White,male,Black,happy,,,,intact,,,False,True,,2,,,,False,370,WF-233,materials/cfd/Images/CFD/WF-233/CFD-WF-233-112-N.jpg,BM-031,materials/cfd/Images/CFD/BM-031/CFD-BM-031-004-HO.jpg,m,1.5
19,2,169,test,1,female,Latino,female,White,happy,,,,intact,m,1648,True,False,,2,,,,False,372,LF-217,materials/cfd/Images/CFD/LF-217/CFD-LF-217-082-N.jpg,WF-034,materials/cfd/Images/CFD/WF-034/CFD-WF-034-033-HO.jpg,m,1.5
19,2,170,test,1,male,Latino,male,White,angry,,,,intact,z,1733,False,False,,2,,,,False,374,LM-225,materials/cfd/Images/CFD/LM-225/CFD-LM-225-130-N.jpg,WM-018,materials/cfd/Images/CFD/WM-018/CFD-WM-018-007-A.jpg,m,1.5
19,2,171,test,1,female,Asian,male,White,neutral,,,,intact,z,1988,False,False,,2,,,,False,376,AF-236,materials/cfd/Images/CFD/AF-236/CFD-AF-236-145-N.jpg,WM-220,materials/cfd/Images/CFD/WM-220/CFD-WM-220-068-N.jpg,m,1.5
19,2,172,test,1,male,Latino,male,Black,neutral,,,,rearranged,m,1869,False,False,,2,,,,False,378,LM-241,materials/cfd/Images/CFD/LM-241/CFD-LM-241-125-N.jpg,BM-214,materials/cfd/Images/CFD/BM-214/CFD-BM-214-075-N.jpg,z,1.5
19,2,173,test,1,female,Latino,female,Black,happy,,,,rearranged,m,1794,False,False,,2,,,,False,380,LF-207,materials/cfd/Images/CFD/LF-207/CFD-LF-207-198-N.jpg,BF-025,materials/cfd/Images/CFD/BF-025/CFD-BF-025-005-HO.jpg,z,1.5
19,2,174,test,1,male,White,male,White,neutral,,,,intact,m,1990,True,False,,2,,,,False,382,WM-016,materials/cfd/Images/CFD/WM-016/CFD-WM-016-001-N.jpg,WM-011,materials/cfd/Images/CFD/WM-011/CFD-WM-011-002-N.jpg,m,1.5
19,2,175,test,1,male,Asian,female,White,angry,,,,rearranged,z,2150,True,False,,2,,,,False,384,AM-234,materials/cfd/Images/CFD/AM-234/CFD-AM-234-355-N.jpg,WF-008,materials/cfd/Images/CFD/WF-008/CFD-WF-008-011-A.jpg,z,1.5
19,2,176,test,1,male,White,male,Black,happy,,,,intact,z,1937,False,False,,2,,,,False,386,WM-233,materials/cfd/Images/CFD/WM-233/CFD-WM-233-106-N.jpg,BM-016,materials/cfd/Images/CFD/BM-016/CFD-BM-016-040-HO.jpg,m,1.5
19,2,177,test,1,male,Black,female,Black,angry,,,,intact,m,1859,True,False,,2,,,,False,388,BM-046,materials/cfd/Images/CFD/BM-046/CFD-BM-046-006-N.jpg,BF-017,materials/cfd/Images/CFD/BF-017/CFD-BF-017-011-A.jpg,m,1.5
19,2,178,test,1,female,Asian,female,White,happy,,,,rearranged,z,1864,True,False,,2,,,,False,390,AF-205,materials/cfd/Images/CFD/AF-205/CFD-AF-205-155-N.jpg,WF-028,materials/cfd/Images/CFD/WF-028/CFD-WF-028-024-HO.jpg,z,1.5
19,2,179,test,1,female,Asian,female,White,angry,,,,intact,z,2308,False,False,,2,,,,False,392,AF-201,materials/cfd/Images/CFD/AF-201/CFD-AF-201-060-N.jpg,WF-006,materials/cfd/Images/CFD/WF-006/CFD-WF-006-019-A.jpg,m,1.5
19,2,180,test,1,male,Black,female,Black,neutral,,,,rearranged,m,1929,False,False,,2,,,,False,394,BM-011,materials/cfd/Images/CFD/BM-011/CFD-BM-011-016-N.jpg,BF-210,materials/cfd/Images/CFD/BF-210/CFD-BF-210-130-N.jpg,z,1.5
20,2,1,study,0,male,Latino,female,Black,angry,,,,,z,1481,False,False,,1,,,,False,17,LM-214,materials/cfd/Images/CFD/LM-214/CFD-LM-214-165-N.jpg,BF-007,materials/cfd/Images/CFD/BF-007/CFD-BF-007-013-A.jpg,m,2
20,2,2,study,0,male,Asian,male,White,happy,,,,,m,1207,True,False,,1,,,,False,19,AM-214,materials/cfd/Images/CFD/AM-214/CFD-AM-214-168-N.jpg,WM-037,materials/cfd/Images/CFD/WM-037/CFD-WM-037-034-HO.jpg,m,2
20,2,3,study,0,male,Black,female,Black,happy,,,,,z,1885,False,False,,1,,,,False,21,BM-241,materials/cfd/Images/CFD/BM-241/CFD-BM-241-235-N.jpg,BF-041,materials/cfd/Images/CFD/BF-041/CFD-BF-041-004-HO.jpg,m,2
20,2,4,study,0,male,Latino,male,Black,neutral,,,,,m,1120,True,False,,1,,,,False,23,LM-231,materials/cfd/Images/CFD/LM-231/CFD-LM-231-214-N.jpg,BM-228,materials/cfd/Images/CFD/BM-228/CFD-BM-228-145-N.jpg,m,2
20,2,5,study,0,male,White,male,White,happy,,,,,m,706,True,False,,1,,,,False,25,WM-244,materials/cfd/Images/CFD/WM-244/CFD-WM-244-003-N.jpg,WM-019,materials/cfd/Images/CFD/WM-019/CFD-WM-019-009-HO.jpg,m,2
20,2,6,study,0,male,White,female,White,angry,,,,,m,886,True,False,,1,,,,False,27,WM-041,materials/cfd/Images/CFD/WM-041/CFD-WM-041-021-N.jpg,WF-030,materials/cfd/Images/CFD/WF-030/CFD-WF-030-033-A.jpg,m,2
20,2,7,study,0,female,Latino,female,Black,angry,,,,,z,1270,True,False,,1,,,,False,29,LF-233,materials/cfd/Images/CFD/LF-233/CFD-LF-233-277-N.jpg,BF-020,materials/cfd/Images/CFD/BF-020/CFD-BF-020-017-A.jpg,z,2
20,2,8,study,0,male,Black,female,Black,angry,,,,,m,741,True,False,,1,,,,False,31,BM-210,materials/cfd/Images/CFD/BM-210/CFD-BM-210-148-N.jpg,BF-048,materials/cfd/Images/CFD/BF-048/CFD-BF-048-038-A.jpg,m,2
20,2,9,study,0,male,White,female,Black,angry,,,,,m,894,True,False,,1,,,,False,33,WM-209,materials/cfd/Images/CFD/WM-209/CFD-WM-209-038-N.jpg,BF-051,materials/cfd/Images/CFD/BF-051/CFD-BF-051-043-A.jpg,m,2
20,2,10,study,0,female,White,male,Black,angry,,,,,z,884,True,False,,1,,,,False,35,WF-227,materials/cfd/Images/CFD/WF-227/CFD-WF-227-002-N.jpg,BM-003,materials/cfd/Images/CFD/BM-003/CFD-BM-003-030-A.jpg,z,2
20,2,11,study,0,female,Asian,female,White,happy,,,,,z,947,True,False,,1,,,,False,37,AF-200,materials/cfd/Images/CFD/AF-200/CFD-AF-200-228-N.jpg,WF-028,materials/cfd/Images/CFD/WF-028/CFD-WF-028-024-HO.jpg,z,2
20,2,12,study,0,female,White,female,White,happy,,,,,z,1023,True,False,,1,,,,False,39,WF-003,materials/cfd/Images/CFD/WF-003/CFD-WF-003-003-N.jpg,WF-011,materials/cfd/Images/CFD/WF-011/CFD-WF-011-003-HO.jpg,z,2
20,2,13,study,0,female,Asian,male,Black,angry,,,,,z,630,True,False,,1,,,,False,41,AF-206,materials/cfd/Images/CFD/AF-206/CFD-AF-206-079-N.jpg,BM-010,materials/cfd/Images/CFD/BM-010/CFD-BM-010-019-A.jpg,z,2
20,2,14,study,0,male,Asian,female,Black,neutral,,,,,m,1129,True,False,,1,,,,False,43,AM-203,materials/cfd/Images/CFD/AM-203/CFD-AM-203-086-N.jpg,BF-202,materials/cfd/Images/CFD/BF-202/CFD-BF-202-109-N.jpg,m,2
20,2,15,study,0,male,Black,female,Black,happy,,,,,m,982,True,False,,1,,,,False,45,BM-250,materials/cfd/Images/CFD/BM-250/CFD-BM-250-170-N.jpg,BF-042,materials/cfd/Images/CFD/BF-042/CFD-BF-042-028-HO.jpg,m,2
20,2,16,study,0,female,White,male,Black,angry,,,,,z,1028,True,False,,1,,,,False,47,WF-246,materials/cfd/Images/CFD/WF-246/CFD-WF-246-087-N.jpg,BM-025,materials/cfd/Images/CFD/BM-025/CFD-BM-025-045-A.jpg,z,2
20,2,17,study,0,male,White,male,Black,neutral,,,,,m,1010,True,False,,1,,,,False,49,WM-237,materials/cfd/Images/CFD/WM-237/CFD-WM-237-052-N.jpg,BM-044,materials/cfd/Images/CFD/BM-044/CFD-BM-044-001-N.jpg,m,2
20,2,18,study,0,male,Asian,male,White,neutral,,,,,m,1231,True,False,,1,,,,False,51,AM-202,materials/cfd/Images/CFD/AM-202/CFD-AM-202-079-N.jpg,WM-016,materials/cfd/Images/CFD/WM-016/CFD-WM-016-001-N.jpg,m,2
20,2,19,study,0,male,White,female,Black,neutral,,,,,m,1065,True,False,,1,,,,False,53,WM-012,materials/cfd/Images/CFD/WM-012/CFD-WM-012-001-N.jpg,BF-222,materials/cfd/Images/CFD/BF-222/CFD-BF-222-240-N.jpg,m,2
20,2,20,study,0,male,Asian,male,Black,neutral,,,,,m,841,True,False,,1,,,,False,55,AM-217,materials/cfd/Images/CFD/AM-217/CFD-AM-217-085-N.jpg,BM-012,materials/cfd/Images/CFD/BM-012/CFD-BM-012-018-N.jpg,m,2
20,2,21,study,0,female,White,female,White,happy,,,,,z,1232,True,False,,1,,,,False,57,WF-243,materials/cfd/Images/CFD/WF-243/CFD-WF-243-148-N.jpg,WF-022,materials/cfd/Images/CFD/WF-022/CFD-WF-022-019-HO.jpg,z,2
20,2,22,study,0,male,Black,male,Black,angry,,,,,m,911,True,False,,1,,,,False,59,BM-242,materials/cfd/Images/CFD/BM-242/CFD-BM-242-233-N.jpg,BM-043,materials/cfd/Images/CFD/BM-043/CFD-BM-043-014-A.jpg,m,2
20,2,23,study,0,female,Latino,male,White,happy,,,,,z,838,True,False,,1,,,,False,61,LF-211,materials/cfd/Images/CFD/LF-211/CFD-LF-211-003-N.jpg,WM-004,materials/cfd/Images/CFD/WM-004/CFD-WM-004-006-HO.jpg,z,2
20,2,24,study,0,male,Black,female,Black,happy,,,,,m,1072,True,False,,1,,,,False,63,BM-207,materials/cfd/Images/CFD/BM-207/CFD-BM-207-024-N.jpg,BF-040,materials/cfd/Images/CFD/BF-040/CFD-BF-040-043-HO.jpg,m,2
20,2,25,study,0,female,Black,female,Black,happy,,,,,z,1139,True,False,,1,,,,False,65,BF-254,materials/cfd/Images/CFD/BF-254/CFD-BF-254-201-N.jpg,BF-038,materials/cfd/Images/CFD/BF-038/CFD-BF-038-004-HO.jpg,z,2
20,2,26,study,0,female,Asian,female,Black,angry,,,,,z,944,True,False,,1,,,,False,67,AF-228,materials/cfd/Images/CFD/AF-228/CFD-AF-228-173-N.jpg,BF-011,materials/cfd/Images/CFD/BF-011/CFD-BF-011-011-A.jpg,z,2
20,2,27,study,0,female,White,female,Black,angry,,,,,z,795,True,False,,1,,,,False,69,WF-200,materials/cfd/Images/CFD/WF-200/CFD-WF-200-099-N.jpg,BF-018,materials/cfd/Images/CFD/BF-018/CFD-BF-018-019-A.jpg,z,2
20,2,28,study,0,male,Black,female,White,happy,,,,,m,1113,True,False,,1,,,,False,71,BM-221,materials/cfd/Images/CFD/BM-221/CFD-BM-221-198-N.jpg,WF-005,materials/cfd/Images/CFD/WF-005/CFD-WF-005-013-HO.jpg,m,2
20,2,29,study,0,male,White,male,White,happy,,,,,m,1089,True,False,,1,,,,False,73,WM-225,materials/cfd/Images/CFD/WM-225/CFD-WM-225-127-N.jpg,WM-038,materials/cfd/Images/CFD/WM-038/CFD-WM-038-005-HO.jpg,m,2
20,2,30,study,0,male,White,male,White,angry,,,,,m,984,True,False,,1,,,,False,75,WM-258,materials/cfd/Images/CFD/WM-258/CFD-WM-258-125-N.jpg,WM-010,materials/cfd/Images/CFD/WM-010/CFD-WM-010-016-A.jpg,m,2
20,2,31,study,1,female,White,female,White,neutral,,,,,z,1052,True,False,,1,,,,False,78,WF-211,materials/cfd/Images/CFD/WF-211/CFD-WF-211-001-N.jpg,WF-205,materials/cfd/Images/CFD/WF-205/CFD-WF-205-006-N.jpg,z,2
20,2,32,study,1,female,White,male,Black,neutral,,,,,z,981,True,False,,1,,,,False,80,WF-245,materials/cfd/Images/CFD/WF-245/CFD-WF-245-084-N.jpg,BM-212,materials/cfd/Images/CFD/BM-212/CFD-BM-212-117-N.jpg,z,2
20,2,33,study,1,male,Latino,female,Black,happy,,,,,m,1203,True,False,,1,,,,False,82,LM-213,materials/cfd/Images/CFD/LM-213/CFD-LM-213-061-N.jpg,BF-049,materials/cfd/Images/CFD/BF-049/CFD-BF-049-034-HO.jpg,m,2
20,2,34,study,1,male,Latino,male,Black,angry,,,,,m,981,True,False,,1,,,,False,84,LM-243,materials/cfd/Images/CFD/LM-243/CFD-LM-243-075-N.jpg,BM-038,materials/cfd/Images/CFD/BM-038/CFD-BM-038-038-A.jpg,m,2
20,2,35,study,1,female,White,female,Black,neutral,,,,,z,1692,True,False,,1,,,,False,86,WF-201,materials/cfd/Images/CFD/WF-201/CFD-WF-201-156-N.jpg,BF-247,materials/cfd/Images/CFD/BF-247/CFD-BF-247-179-N.jpg,z,2
20,2,36,study,1,female,Latino,male,Black,happy,,,,,z,987,True,False,,1,,,,False,88,LF-210,materials/cfd/Images/CFD/LF-210/CFD-LF-210-220-N.jpg,BM-022,materials/cfd/Images/CFD/BM-022/CFD-BM-022-027-HO.jpg,z,2
20,2,37,study,1,male,Black,male,Black,angry,,,,,m,1680,True,False,,1,,,,False,90,BM-253,materials/cfd/Images/CFD/BM-253/CFD-BM-253-004-N.jpg,BM-001,materials/cfd/Images/CFD/BM-001/CFD-BM-001-022-A.jpg,m,2
20,2,38,study,1,female,Asian,male,Black,neutral,,,,,z,749,True,False,,1,,,,False,92,AF-232,materials/cfd/Images/CFD/AF-232/CFD-AF-232-078-N.jpg,BM-231,materials/cfd/Images/CFD/BM-231/CFD-BM-231-155-N.jpg,z,2
20,2,39,study,1,female,Latino,male,White,happy,,,,,z,892,True,False,,1,,,,False,94,LF-229,materials/cfd/Images/CFD/LF-229/CFD-LF-229-164-N.jpg,WM-020,materials/cfd/Images/CFD/WM-020/CFD-WM-020-003-HO.jpg,z,2
20,2,40,study,1,male,Latino,female,White,neutral,,,,,m,1256,True,False,,1,,,,False,96,LM-229,materials/cfd/Images/CFD/LM-229/CFD-LM-229-187-N.jpg,WF-212,materials/cfd/Images/CFD/WF-212/CFD-WF-212-050-N.jpg,m,2
20,2,41,study,1,female,White,female,Black,neutral,,,,,z,1409,True,False,,1,,,,False,98,WF-014,materials/cfd/Images/CFD/WF-014/CFD-WF-014-002-N.jpg,BF-239,materials/cfd/Images/CFD/BF-239/CFD-BF-239-180-N.jpg,z,2
20,2,42,study,1,male,Latino,female,White,neutral,,,,,m,1429,True,False,,1,,,,False,100,LM-249,materials/cfd/Images/CFD/LM-249/CFD-LM-249-001-N.jpg,WF-038,materials/cfd/Images/CFD/WF-038/CFD-WF-038-021-N.jpg,m,2
20,2,43,study,1,male,White,female,Black,neutral,,,,,m,1141,True,False,,1,,,,False,102,WM-204,materials/cfd/Images/CFD/WM-204/CFD-WM-204-031-N.jpg,BF-244,materials/cfd/Images/CFD/BF-244/CFD-BF-244-231-N.jpg,m,2
20,2,44,study,1,male,Asian,male,Black,happy,,,,,m,1226,True,False,,1,,,,False,104,AM-211,materials/cfd/Images/CFD/AM-211/CFD-AM-211-052-N.jpg,BM-021,materials/cfd/Images/CFD/BM-021/CFD-BM-021-022-HO.jpg,m,2
20,2,45,study,1,female,White,male,Black,neutral,,,,,z,901,True,False,,1,,,,False,106,WF-024,materials/cfd/Images/CFD/WF-024/CFD-WF-024-003-N.jpg,BM-246,materials/cfd/Images/CFD/BM-246/CFD-BM-246-192-N.jpg,z,2
20,2,46,study,1,female,White,male,White,happy,,,,,z,1078,True,False,,1,,,,False,108,WF-039,materials/cfd/Images/CFD/WF-039/CFD-WF-039-025-N.jpg,WM-040,materials/cfd/Images/CFD/WM-040/CFD-WM-040-023-HO.jpg,z,2
20,2,47,study,1,female,Black,male,White,neutral,,,,,z,868,True,False,,1,,,,False,110,BF-234,materials/cfd/Images/CFD/BF-234/CFD-BF-234-167-N.jpg,WM-032,materials/cfd/Images/CFD/WM-032/CFD-WM-032-001-N.jpg,z,2
20,2,48,study,1,male,White,male,Black,angry,,,,,m,1206,True,False,,1,,,,False,112,WM-205,materials/cfd/Images/CFD/WM-205/CFD-WM-205-007-N.jpg,BM-019,materials/cfd/Images/CFD/BM-019/CFD-BM-019-045-A.jpg,m,2
20,2,49,study,1,female,Latino,male,White,angry,,,,,z,1426,True,False,,1,,,,False,114,LF-247,materials/cfd/Images/CFD/LF-247/CFD-LF-247-051-N.jpg,WM-033,materials/cfd/Images/CFD/WM-033/CFD-WM-033-014-A.jpg,z,2
20,2,50,study,1,female,Latino,male,Black,neutral,,,,,z,854,True,False,,1,,,,False,116,LF-246,materials/cfd/Images/CFD/LF-246/CFD-LF-246-129-N.jpg,BM-041,materials/cfd/Images/CFD/BM-041/CFD-BM-041-035-N.jpg,z,2
20,2,51,study,1,male,Asian,male,Black,neutral,,,,,m,1499,True,False,,1,,,,False,118,AM-247,materials/cfd/Images/CFD/AM-247/CFD-AM-247-165-N.jpg,BM-023,materials/cfd/Images/CFD/BM-023/CFD-BM-023-029-N.jpg,m,2
20,2,52,study,1,female,Latino,female,Black,happy,,,,,z,818,True,False,,1,,,,False,120,LF-231,materials/cfd/Images/CFD/LF-231/CFD-LF-231-260-N.jpg,BF-016,materials/cfd/Images/CFD/BF-016/CFD-BF-016-018-HO.jpg,z,2
20,2,53,study,1,female,Latino,male,Black,happy,,,,,z,813,True,False,,1,,,,False,122,LF-201,materials/cfd/Images/CFD/LF-201/CFD-LF-201-035-N.jpg,BM-029,materials/cfd/Images/CFD/BM-029/CFD-BM-029-029-HO.jpg,z,2
20,2,54,study,1,female,White,female,Black,neutral,,,,,z,824,True,False,,1,,,,False,124,WF-231,materials/cfd/Images/CFD/WF-231/CFD-WF-231-099-N.jpg,BF-023,materials/cfd/Images/CFD/BF-023/CFD-BF-023-010-N.jpg,z,2
20,2,55,study,1,male,White,female,White,angry,,,,,m,1051,True,False,,1,,,,False,126,WM-235,materials/cfd/Images/CFD/WM-235/CFD-WM-235-147-N.jpg,WF-008,materials/cfd/Images/CFD/WF-008/CFD-WF-008-011-A.jpg,m,2
20,2,56,study,1,female,White,male,White,angry,,,,,z,1292,True,False,,1,,,,False,128,WF-252,materials/cfd/Images/CFD/WF-252/CFD-WF-252-159-N.jpg,WM-035,materials/cfd/Images/CFD/WM-035/CFD-WM-035-018-A.jpg,z,2
20,2,57,study,1,female,White,female,White,neutral,,,,,z,1384,True,False,,1,,,,False,130,WF-013,materials/cfd/Images/CFD/WF-013/CFD-WF-013-003-N.jpg,WF-017,materials/cfd/Images/CFD/WF-017/CFD-WF-017-003-N.jpg,z,2
20,2,58,study,1,female,White,female,White,angry,,,,,z,820,True,False,,1,,,,False,132,WF-031,materials/cfd/Images/CFD/WF-031/CFD-WF-031-027-N.jpg,WF-027,materials/cfd/Images/CFD/WF-027/CFD-WF-027-014-A.jpg,z,2
20,2,59,study,1,female,White,female,White,angry,,,,,z,741,True,False,,1,,,,False,134,WF-016,materials/cfd/Images/CFD/WF-016/CFD-WF-016-015-N.jpg,WF-025,materials/cfd/Images/CFD/WF-025/CFD-WF-025-015-A.jpg,z,2
20,2,60,study,1,male,Black,male,White,happy,,,,,m,1128,True,False,,1,,,,False,136,BM-248,materials/cfd/Images/CFD/BM-248/CFD-BM-248-128-N.jpg,WM-014,materials/cfd/Images/CFD/WM-014/CFD-WM-014-004-HO.jpg,m,2
20,2,61,study,0,male,White,female,White,angry,,,,,m,1087,True,False,,1,,,,False,139,WM-041,materials/cfd/Images/CFD/WM-041/CFD-WM-041-021-N.jpg,WF-030,materials/cfd/Images/CFD/WF-030/CFD-WF-030-033-A.jpg,m,2
20,2,62,study,0,male,Black,female,Black,happy,,,,,m,1142,True,False,,1,,,,False,141,BM-207,materials/cfd/Images/CFD/BM-207/CFD-BM-207-024-N.jpg,BF-040,materials/cfd/Images/CFD/BF-040/CFD-BF-040-043-HO.jpg,m,2
20,2,63,study,0,male,Black,female,Black,happy,,,,,m,983,True,False,,1,,,,False,143,BM-250,materials/cfd/Images/CFD/BM-250/CFD-BM-250-170-N.jpg,BF-042,materials/cfd/Images/CFD/BF-042/CFD-BF-042-028-HO.jpg,m,2
20,2,64,study,0,male,White,male,White,happy,,,,,m,945,True,False,,1,,,,False,145,WM-244,materials/cfd/Images/CFD/WM-244/CFD-WM-244-003-N.jpg,WM-019,materials/cfd/Images/CFD/WM-019/CFD-WM-019-009-HO.jpg,m,2
20,2,65,study,0,male,Latino,female,White,neutral,,,,,m,642,True,False,,1,,,,False,147,LM-229,materials/cfd/Images/CFD/LM-229/CFD-LM-229-187-N.jpg,WF-212,materials/cfd/Images/CFD/WF-212/CFD-WF-212-050-N.jpg,m,2
20,2,66,study,0,female,White,female,Black,neutral,,,,,z,978,True,False,,1,,,,False,149,WF-014,materials/cfd/Images/CFD/WF-014/CFD-WF-014-002-N.jpg,BF-239,materials/cfd/Images/CFD/BF-239/CFD-BF-239-180-N.jpg,z,2
20,2,67,study,0,female,White,female,Black,neutral,,,,,z,1409,True,False,,1,,,,False,151,WF-231,materials/cfd/Images/CFD/WF-231/CFD-WF-231-099-N.jpg,BF-023,materials/cfd/Images/CFD/BF-023/CFD-BF-023-010-N.jpg,z,2
20,2,68,study,0,male,White,female,White,angry,,,,,m,643,True,False,,1,,,,False,153,WM-235,materials/cfd/Images/CFD/WM-235/CFD-WM-235-147-N.jpg,WF-008,materials/cfd/Images/CFD/WF-008/CFD-WF-008-011-A.jpg,m,2
20,2,69,study,0,female,Latino,male,White,happy,,,,,z,1859,True,False,,1,,,,False,155,LF-211,materials/cfd/Images/CFD/LF-211/CFD-LF-211-003-N.jpg,WM-004,materials/cfd/Images/CFD/WM-004/CFD-WM-004-006-HO.jpg,z,2
20,2,70,study,0,female,White,female,White,angry,,,,,z,849,True,False,,1,,,,False,157,WF-031,materials/cfd/Images/CFD/WF-031/CFD-WF-031-027-N.jpg,WF-027,materials/cfd/Images/CFD/WF-027/CFD-WF-027-014-A.jpg,z,2
20,2,71,study,0,male,White,male,Black,angry,,,,,m,1308,True,False,,1,,,,False,159,WM-205,materials/cfd/Images/CFD/WM-205/CFD-WM-205-007-N.jpg,BM-019,materials/cfd/Images/CFD/BM-019/CFD-BM-019-045-A.jpg,m,2
20,2,72,study,0,female,White,female,White,neutral,,,,,z,1438,True,False,,1,,,,False,161,WF-211,materials/cfd/Images/CFD/WF-211/CFD-WF-211-001-N.jpg,WF-205,materials/cfd/Images/CFD/WF-205/CFD-WF-205-006-N.jpg,z,2
20,2,73,study,0,female,White,male,White,angry,,,,,z,1167,True,False,,1,,,,False,163,WF-252,materials/cfd/Images/CFD/WF-252/CFD-WF-252-159-N.jpg,WM-035,materials/cfd/Images/CFD/WM-035/CFD-WM-035-018-A.jpg,z,2
20,2,74,study,0,male,Asian,male,Black,happy,,,,,m,1195,True,False,,1,,,,False,165,AM-211,materials/cfd/Images/CFD/AM-211/CFD-AM-211-052-N.jpg,BM-021,materials/cfd/Images/CFD/BM-021/CFD-BM-021-022-HO.jpg,m,2
20,2,75,study,0,female,White,male,White,happy,,,,,z,947,True,False,,1,,,,False,167,WF-039,materials/cfd/Images/CFD/WF-039/CFD-WF-039-025-N.jpg,WM-040,materials/cfd/Images/CFD/WM-040/CFD-WM-040-023-HO.jpg,z,2
20,2,76,study,0,female,Latino,male,White,happy,,,,,z,1996,True,False,,1,,,,False,169,LF-229,materials/cfd/Images/CFD/LF-229/CFD-LF-229-164-N.jpg,WM-020,materials/cfd/Images/CFD/WM-020/CFD-WM-020-003-HO.jpg,z,2
20,2,77,study,0,male,Latino,female,Black,angry,,,,,m,1691,True,False,,1,,,,False,171,LM-214,materials/cfd/Images/CFD/LM-214/CFD-LM-214-165-N.jpg,BF-007,materials/cfd/Images/CFD/BF-007/CFD-BF-007-013-A.jpg,m,2
20,2,78,study,0,male,Asian,male,Black,neutral,,,,,m,1131,True,False,,1,,,,False,173,AM-247,materials/cfd/Images/CFD/AM-247/CFD-AM-247-165-N.jpg,BM-023,materials/cfd/Images/CFD/BM-023/CFD-BM-023-029-N.jpg,m,2
20,2,79,study,0,male,Latino,female,Black,happy,,,,,m,1051,True,False,,1,,,,False,175,LM-213,materials/cfd/Images/CFD/LM-213/CFD-LM-213-061-N.jpg,BF-049,materials/cfd/Images/CFD/BF-049/CFD-BF-049-034-HO.jpg,m,2
20,2,80,study,0,female,Latino,male,White,angry,,,,,z,1218,True,False,,1,,,,False,177,LF-247,materials/cfd/Images/CFD/LF-247/CFD-LF-247-051-N.jpg,WM-033,materials/cfd/Images/CFD/WM-033/CFD-WM-033-014-A.jpg,z,2
20,2,81,study,0,female,Latino,female,Black,angry,,,,,z,890,True,False,,1,,,,False,179,LF-233,materials/cfd/Images/CFD/LF-233/CFD-LF-233-277-N.jpg,BF-020,materials/cfd/Images/CFD/BF-020/CFD-BF-020-017-A.jpg,z,2
20,2,82,study,0,male,Black,male,Black,angry,,,,,z,2242,False,False,,1,,,,False,181,BM-253,materials/cfd/Images/CFD/BM-253/CFD-BM-253-004-N.jpg,BM-001,materials/cfd/Images/CFD/BM-001/CFD-BM-001-022-A.jpg,m,2
20,2,83,study,0,female,Latino,male,Black,happy,,,,,z,893,True,False,,1,,,,False,183,LF-210,materials/cfd/Images/CFD/LF-210/CFD-LF-210-220-N.jpg,BM-022,materials/cfd/Images/CFD/BM-022/CFD-BM-022-027-HO.jpg,z,2
20,2,84,study,0,female,White,female,White,neutral,,,,,z,919,True,False,,1,,,,False,185,WF-013,materials/cfd/Images/CFD/WF-013/CFD-WF-013-003-N.jpg,WF-017,materials/cfd/Images/CFD/WF-017/CFD-WF-017-003-N.jpg,z,2
20,2,85,study,0,male,White,female,Black,angry,,,,,m,1027,True,False,,1,,,,False,187,WM-209,materials/cfd/Images/CFD/WM-209/CFD-WM-209-038-N.jpg,BF-051,materials/cfd/Images/CFD/BF-051/CFD-BF-051-043-A.jpg,m,2
20,2,86,study,0,male,Latino,male,Black,angry,,,,,m,1012,True,False,,1,,,,False,189,LM-243,materials/cfd/Images/CFD/LM-243/CFD-LM-243-075-N.jpg,BM-038,materials/cfd/Images/CFD/BM-038/CFD-BM-038-038-A.jpg,m,2
20,2,87,study,0,male,Asian,female,Black,neutral,,,,,m,987,True,False,,1,,,,False,191,AM-203,materials/cfd/Images/CFD/AM-203/CFD-AM-203-086-N.jpg,BF-202,materials/cfd/Images/CFD/BF-202/CFD-BF-202-109-N.jpg,m,2
20,2,88,study,0,female,Latino,female,Black,happy,,,,,z,1419,True,False,,1,,,,False,193,LF-231,materials/cfd/Images/CFD/LF-231/CFD-LF-231-260-N.jpg,BF-016,materials/cfd/Images/CFD/BF-016/CFD-BF-016-018-HO.jpg,z,2
20,2,89,study,0,male,Latino,male,Black,neutral,,,,,m,1162,True,False,,1,,,,False,195,LM-231,materials/cfd/Images/CFD/LM-231/CFD-LM-231-214-N.jpg,BM-228,materials/cfd/Images/CFD/BM-228/CFD-BM-228-145-N.jpg,m,2
20,2,90,study,0,male,White,female,Black,neutral,,,,,m,1072,True,False,,1,,,,False,197,WM-204,materials/cfd/Images/CFD/WM-204/CFD-WM-204-031-N.jpg,BF-244,materials/cfd/Images/CFD/BF-244/CFD-BF-244-231-N.jpg,m,2
20,2,91,study,1,female,Latino,male,Black,neutral,,,,,z,874,True,False,,1,,,,False,200,LF-246,materials/cfd/Images/CFD/LF-246/CFD-LF-246-129-N.jpg,BM-041,materials/cfd/Images/CFD/BM-041/CFD-BM-041-035-N.jpg,z,2
20,2,92,study,1,male,Black,male,White,happy,,,,,m,986,True,False,,1,,,,False,202,BM-248,materials/cfd/Images/CFD/BM-248/CFD-BM-248-128-N.jpg,WM-014,materials/cfd/Images/CFD/WM-014/CFD-WM-014-004-HO.jpg,m,2
20,2,93,study,1,female,Black,female,Black,happy,,,,,z,1198,True,False,,1,,,,False,204,BF-254,materials/cfd/Images/CFD/BF-254/CFD-BF-254-201-N.jpg,BF-038,materials/cfd/Images/CFD/BF-038/CFD-BF-038-004-HO.jpg,z,2
20,2,94,study,1,male,White,male,Black,neutral,,,,,m,967,True,False,,1,,,,False,206,WM-237,materials/cfd/Images/CFD/WM-237/CFD-WM-237-052-N.jpg,BM-044,materials/cfd/Images/CFD/BM-044/CFD-BM-044-001-N.jpg,m,2
20,2,95,study,1,female,White,male,Black,neutral,,,,,z,1008,True,False,,1,,,,False,208,WF-245,materials/cfd/Images/CFD/WF-245/CFD-WF-245-084-N.jpg,BM-212,materials/cfd/Images/CFD/BM-212/CFD-BM-212-117-N.jpg,z,2
20,2,96,study,1,female,White,male,Black,angry,,,,,z,1014,True,False,,1,,,,False,210,WF-246,materials/cfd/Images/CFD/WF-246/CFD-WF-246-087-N.jpg,BM-025,materials/cfd/Images/CFD/BM-025/CFD-BM-025-045-A.jpg,z,2
20,2,97,study,1,male,Asian,male,White,neutral,,,,,m,1263,True,False,,1,,,,False,212,AM-202,materials/cfd/Images/CFD/AM-202/CFD-AM-202-079-N.jpg,WM-016,materials/cfd/Images/CFD/WM-016/CFD-WM-016-001-N.jpg,m,2
20,2,98,study,1,female,White,female,Black,neutral,,,,,z,1436,True,False,,1,,,,False,214,WF-201,materials/cfd/Images/CFD/WF-201/CFD-WF-201-156-N.jpg,BF-247,materials/cfd/Images/CFD/BF-247/CFD-BF-247-179-N.jpg,z,2
20,2,99,study,1,male,White,female,Black,neutral,,,,,m,1131,True,False,,1,,,,False,216,WM-012,materials/cfd/Images/CFD/WM-012/CFD-WM-012-001-N.jpg,BF-222,materials/cfd/Images/CFD/BF-222/CFD-BF-222-240-N.jpg,m,2
20,2,100,study,1,male,Asian,male,White,happy,,,,,m,1353,True,False,,1,,,,False,218,AM-214,materials/cfd/Images/CFD/AM-214/CFD-AM-214-168-N.jpg,WM-037,materials/cfd/Images/CFD/WM-037/CFD-WM-037-034-HO.jpg,m,2
20,2,101,study,1,female,White,female,White,happy,,,,,z,871,True,False,,1,,,,False,220,WF-243,materials/cfd/Images/CFD/WF-243/CFD-WF-243-148-N.jpg,WF-022,materials/cfd/Images/CFD/WF-022/CFD-WF-022-019-HO.jpg,z,2
20,2,102,study,1,male,Asian,male,Black,neutral,,,,,m,1109,True,False,,1,,,,False,222,AM-217,materials/cfd/Images/CFD/AM-217/CFD-AM-217-085-N.jpg,BM-012,materials/cfd/Images/CFD/BM-012/CFD-BM-012-018-N.jpg,m,2
20,2,103,study,1,female,Black,male,White,neutral,,,,,z,1107,True,False,,1,,,,False,224,BF-234,materials/cfd/Images/CFD/BF-234/CFD-BF-234-167-N.jpg,WM-032,materials/cfd/Images/CFD/WM-032/CFD-WM-032-001-N.jpg,z,2
20,2,104,study,1,male,Black,male,Black,angry,,,,,m,956,True,False,,1,,,,False,226,BM-242,materials/cfd/Images/CFD/BM-242/CFD-BM-242-233-N.jpg,BM-043,materials/cfd/Images/CFD/BM-043/CFD-BM-043-014-A.jpg,m,2
20,2,105,study,1,female,Latino,male,Black,happy,,,,,z,1079,True,False,,1,,,,False,228,LF-201,materials/cfd/Images/CFD/LF-201/CFD-LF-201-035-N.jpg,BM-029,materials/cfd/Images/CFD/BM-029/CFD-BM-029-029-HO.jpg,z,2
20,2,106,study,1,male,White,male,White,angry,,,,,m,1101,True,False,,1,,,,False,230,WM-258,materials/cfd/Images/CFD/WM-258/CFD-WM-258-125-N.jpg,WM-010,materials/cfd/Images/CFD/WM-010/CFD-WM-010-016-A.jpg,m,2
20,2,107,study,1,female,White,female,White,happy,,,,,z,1019,True,False,,1,,,,False,232,WF-003,materials/cfd/Images/CFD/WF-003/CFD-WF-003-003-N.jpg,WF-011,materials/cfd/Images/CFD/WF-011/CFD-WF-011-003-HO.jpg,z,2
20,2,108,study,1,male,Black,female,Black,angry,,,,,m,983,True,False,,1,,,,False,234,BM-210,materials/cfd/Images/CFD/BM-210/CFD-BM-210-148-N.jpg,BF-048,materials/cfd/Images/CFD/BF-048/CFD-BF-048-038-A.jpg,m,2
20,2,109,study,1,male,Latino,female,White,neutral,,,,,m,1089,True,False,,1,,,,False,236,LM-249,materials/cfd/Images/CFD/LM-249/CFD-LM-249-001-N.jpg,WF-038,materials/cfd/Images/CFD/WF-038/CFD-WF-038-021-N.jpg,m,2
20,2,110,study,1,male,Black,female,Black,happy,,,,,m,1227,True,False,,1,,,,False,238,BM-241,materials/cfd/Images/CFD/BM-241/CFD-BM-241-235-N.jpg,BF-041,materials/cfd/Images/CFD/BF-041/CFD-BF-041-004-HO.jpg,m,2
20,2,111,study,1,female,White,female,Black,angry,,,,,z,1289,True,False,,1,,,,False,240,WF-200,materials/cfd/Images/CFD/WF-200/CFD-WF-200-099-N.jpg,BF-018,materials/cfd/Images/CFD/BF-018/CFD-BF-018-019-A.jpg,z,2
20,2,112,study,1,female,White,male,Black,neutral,,,,,z,1155,True,False,,1,,,,False,242,WF-024,materials/cfd/Images/CFD/WF-024/CFD-WF-024-003-N.jpg,BM-246,materials/cfd/Images/CFD/BM-246/CFD-BM-246-192-N.jpg,z,2
20,2,113,study,1,female,Asian,female,White,happy,,,,,z,700,True,False,,1,,,,False,244,AF-200,materials/cfd/Images/CFD/AF-200/CFD-AF-200-228-N.jpg,WF-028,materials/cfd/Images/CFD/WF-028/CFD-WF-028-024-HO.jpg,z,2
20,2,114,study,1,female,Asian,female,Black,angry,,,,,z,937,True,False,,1,,,,False,246,AF-228,materials/cfd/Images/CFD/AF-228/CFD-AF-228-173-N.jpg,BF-011,materials/cfd/Images/CFD/BF-011/CFD-BF-011-011-A.jpg,z,2
20,2,115,study,1,male,White,male,White,happy,,,,,m,1000,True,False,,1,,,,False,248,WM-225,materials/cfd/Images/CFD/WM-225/CFD-WM-225-127-N.jpg,WM-038,materials/cfd/Images/CFD/WM-038/CFD-WM-038-005-HO.jpg,m,2
20,2,116,study,1,female,White,female,White,angry,,,,,z,1077,True,False,,1,,,,False,250,WF-016,materials/cfd/Images/CFD/WF-016/CFD-WF-016-015-N.jpg,WF-025,materials/cfd/Images/CFD/WF-025/CFD-WF-025-015-A.jpg,z,2
20,2,117,study,1,female,White,male,Black,angry,,,,,z,1025,True,False,,1,,,,False,252,WF-227,materials/cfd/Images/CFD/WF-227/CFD-WF-227-002-N.jpg,BM-003,materials/cfd/Images/CFD/BM-003/CFD-BM-003-030-A.jpg,z,2
20,2,118,study,1,female,Asian,male,Black,neutral,,,,,z,913,True,False,,1,,,,False,254,AF-232,materials/cfd/Images/CFD/AF-232/CFD-AF-232-078-N.jpg,BM-231,materials/cfd/Images/CFD/BM-231/CFD-BM-231-155-N.jpg,z,2
20,2,119,study,1,male,Black,female,White,happy,,,,,m,1337,True,False,,1,,,,False,256,BM-221,materials/cfd/Images/CFD/BM-221/CFD-BM-221-198-N.jpg,WF-005,materials/cfd/Images/CFD/WF-005/CFD-WF-005-013-HO.jpg,m,2
20,2,120,study,1,female,Asian,male,Black,angry,,,,,z,985,True,False,,1,,,,False,258,AF-206,materials/cfd/Images/CFD/AF-206/CFD-AF-206-079-N.jpg,BM-010,materials/cfd/Images/CFD/BM-010/CFD-BM-010-019-A.jpg,z,2
20,2,121,test,0,male,Black,female,Black,happy,,,,rearranged,m,1658,True,False,,1,,,,False,277,BM-241,materials/cfd/Images/CFD/BM-241/CFD-BM-241-235-N.jpg,BF-049,materials/cfd/Images/CFD/BF-049/CFD-BF-049-034-HO.jpg,m,2
20,2,122,test,0,male,White,female,Black,angry,,,,intact,z,1325,True,False,,1,,,,False,279,WM-209,materials/cfd/Images/CFD/WM-209/CFD-WM-209-038-N.jpg,BF-051,materials/cfd/Images/CFD/BF-051/CFD-BF-051-043-A.jpg,z,2
20,2,123,test,0,female,White,female,White,happy,,,,rearranged,m,1555,True,False,,1,,,,False,281,WF-003,materials/cfd/Images/CFD/WF-003/CFD-WF-003-003-N.jpg,WF-028,materials/cfd/Images/CFD/WF-028/CFD-WF-028-024-HO.jpg,m,2
20,2,124,test,0,female,White,female,Black,neutral,,,,intact,,,False,True,,1,,,,False,283,WF-014,materials/cfd/Images/CFD/WF-014/CFD-WF-014-002-N.jpg,BF-239,materials/cfd/Images/CFD/BF-239/CFD-BF-239-180-N.jpg,z,2
20,2,125,test,0,female,Black,male,Black,neutral,,,,rearranged,m,1361,True,False,,1,,,,False,285,BF-234,materials/cfd/Images/CFD/BF-234/CFD-BF-234-167-N.jpg,BM-246,materials/cfd/Images/CFD/BM-246/CFD-BM-246-192-N.jpg,m,2
20,2,126,test,0,female,White,female,Black,neutral,,,,intact,z,1389,True,False,,1,,,,False,287,WF-231,materials/cfd/Images/CFD/WF-231/CFD-WF-231-099-N.jpg,BF-023,materials/cfd/Images/CFD/BF-023/CFD-BF-023-010-N.jpg,z,2
20,2,127,test,0,female,White,female,Black,neutral,,,,intact,m,1406,False,False,,1,,,,False,289,WF-201,materials/cfd/Images/CFD/WF-201/CFD-WF-201-156-N.jpg,BF-247,materials/cfd/Images/CFD/BF-247/CFD-BF-247-179-N.jpg,z,2
20,2,128,test,0,male,Latino,female,White,neutral,,,,intact,z,1369,True,False,,1,,,,False,291,LM-249,materials/cfd/Images/CFD/LM-249/CFD-LM-249-001-N.jpg,WF-038,materials/cfd/Images/CFD/WF-038/CFD-WF-038-021-N.jpg,z,2
20,2,129,test,0,male,Latino,male,Black,neutral,,,,rearranged,m,1636,True,False,,1,,,,False,293,LM-231,materials/cfd/Images/CFD/LM-231/CFD-LM-231-214-N.jpg,BM-012,materials/cfd/Images/CFD/BM-012/CFD-BM-012-018-N.jpg,m,2
20,2,130,test,0,male,Black,female,White,happy,,,,intact,m,1542,False,False,,1,,,,False,295,BM-221,materials/cfd/Images/CFD/BM-221/CFD-BM-221-198-N.jpg,WF-005,materials/cfd/Images/CFD/WF-005/CFD-WF-005-013-HO.jpg,z,2
20,2,131,test,0,female,White,female,Black,angry,,,,rearranged,z,1530,False,False,,1,,,,False,297,WF-031,materials/cfd/Images/CFD/WF-031/CFD-WF-031-027-N.jpg,BF-018,materials/cfd/Images/CFD/BF-018/CFD-BF-018-019-A.jpg,m,2
20,2,132,test,0,female,White,female,White,happy,,,,rearranged,z,1950,False,False,,1,,,,False,299,WF-243,materials/cfd/Images/CFD/WF-243/CFD-WF-243-148-N.jpg,WF-011,materials/cfd/Images/CFD/WF-011/CFD-WF-011-003-HO.jpg,m,2
20,2,133,test,0,female,Latino,male,Black,angry,,,,rearranged,m,1367,True,False,,1,,,,False,301,LF-247,materials/cfd/Images/CFD/LF-247/CFD-LF-247-051-N.jpg,BM-010,materials/cfd/Images/CFD/BM-010/CFD-BM-010-019-A.jpg,m,2
20,2,134,test,0,male,White,female,White,angry,,,,intact,m,1807,False,False,,1,,,,False,303,WM-041,materials/cfd/Images/CFD/WM-041/CFD-WM-041-021-N.jpg,WF-030,materials/cfd/Images/CFD/WF-030/CFD-WF-030-033-A.jpg,z,2
20,2,135,test,0,female,Asian,male,Black,neutral,,,,intact,z,1250,True,False,,1,,,,False,305,AF-232,materials/cfd/Images/CFD/AF-232/CFD-AF-232-078-N.jpg,BM-231,materials/cfd/Images/CFD/BM-231/CFD-BM-231-155-N.jpg,z,2
20,2,136,test,0,male,White,female,White,neutral,,,,rearranged,m,1597,True,False,,1,,,,False,307,WM-204,materials/cfd/Images/CFD/WM-204/CFD-WM-204-031-N.jpg,WF-212,materials/cfd/Images/CFD/WF-212/CFD-WF-212-050-N.jpg,m,2
20,2,137,test,0,male,Latino,female,Black,neutral,,,,rearranged,z,1277,False,False,,1,,,,False,309,LM-229,materials/cfd/Images/CFD/LM-229/CFD-LM-229-187-N.jpg,BF-244,materials/cfd/Images/CFD/BF-244/CFD-BF-244-231-N.jpg,m,2
20,2,138,test,0,female,White,male,White,happy,,,,intact,z,1276,True,False,,1,,,,False,311,WF-039,materials/cfd/Images/CFD/WF-039/CFD-WF-039-025-N.jpg,WM-040,materials/cfd/Images/CFD/WM-040/CFD-WM-040-023-HO.jpg,z,2
20,2,139,test,0,female,White,male,White,neutral,,,,rearranged,z,1251,False,False,,1,,,,False,313,WF-245,materials/cfd/Images/CFD/WF-245/CFD-WF-245-084-N.jpg,WM-032,materials/cfd/Images/CFD/WM-032/CFD-WM-032-001-N.jpg,m,2
20,2,140,test,0,male,White,female,Black,angry,,,,rearranged,z,1211,False,False,,1,,,,False,315,WM-235,materials/cfd/Images/CFD/WM-235/CFD-WM-235-147-N.jpg,BF-007,materials/cfd/Images/CFD/BF-007/CFD-BF-007-013-A.jpg,m,2
20,2,141,test,0,female,Latino,male,White,happy,,,,rearranged,z,1795,False,False,,1,,,,False,317,LF-201,materials/cfd/Images/CFD/LF-201/CFD-LF-201-035-N.jpg,WM-020,materials/cfd/Images/CFD/WM-020/CFD-WM-020-003-HO.jpg,m,2
20,2,142,test,0,female,White,male,White,angry,,,,rearranged,z,2092,False,False,,1,,,,False,319,WF-227,materials/cfd/Images/CFD/WF-227/CFD-WF-227-002-N.jpg,WM-033,materials/cfd/Images/CFD/WM-033/CFD-WM-033-014-A.jpg,m,2
20,2,143,test,0,female,Latino,female,Black,happy,,,,intact,z,1387,True,False,,1,,,,False,321,LF-231,materials/cfd/Images/CFD/LF-231/CFD-LF-231-260-N.jpg,BF-016,materials/cfd/Images/CFD/BF-016/CFD-BF-016-018-HO.jpg,z,2
20,2,144,test,0,male,Black,male,Black,angry,,,,intact,z,2017,True,False,,1,,,,False,323,BM-253,materials/cfd/Images/CFD/BM-253/CFD-BM-253-004-N.jpg,BM-001,materials/cfd/Images/CFD/BM-001/CFD-BM-001-022-A.jpg,z,2
20,2,145,test,0,male,White,female,Black,neutral,,,,intact,m,1639,False,False,,1,,,,False,325,WM-012,materials/cfd/Images/CFD/WM-012/CFD-WM-012-001-N.jpg,BF-222,materials/cfd/Images/CFD/BF-222/CFD-BF-222-240-N.jpg,z,2
20,2,146,test,0,male,Asian,male,Black,neutral,,,,intact,z,1278,True,False,,1,,,,False,327,AM-247,materials/cfd/Images/CFD/AM-247/CFD-AM-247-165-N.jpg,BM-023,materials/cfd/Images/CFD/BM-023/CFD-BM-023-029-N.jpg,z,2
20,2,147,test,0,male,Latino,female,Black,happy,,,,rearranged,z,2380,False,False,,1,,,,False,329,LM-213,materials/cfd/Images/CFD/LM-213/CFD-LM-213-061-N.jpg,BF-040,materials/cfd/Images/CFD/BF-040/CFD-BF-040-043-HO.jpg,m,2
20,2,148,test,0,male,Black,male,White,happy,,,,intact,m,1308,False,False,,1,,,,False,331,BM-248,materials/cfd/Images/CFD/BM-248/CFD-BM-248-128-N.jpg,WM-014,materials/cfd/Images/CFD/WM-014/CFD-WM-014-004-HO.jpg,z,2
20,2,149,test,0,female,Asian,male,Black,angry,,,,rearranged,z,1733,False,False,,1,,,,False,333,AF-206,materials/cfd/Images/CFD/AF-206/CFD-AF-206-079-N.jpg,BM-003,materials/cfd/Images/CFD/BM-003/CFD-BM-003-030-A.jpg,m,2
20,2,150,test,0,female,Latino,male,Black,happy,,,,intact,m,1559,False,False,,1,,,,False,335,LF-210,materials/cfd/Images/CFD/LF-210/CFD-LF-210-220-N.jpg,BM-022,materials/cfd/Images/CFD/BM-022/CFD-BM-022-027-HO.jpg,z,2
20,2,151,test,1,male,Asian,female,Black,neutral,,,,intact,z,881,True,False,,1,,,,False,338,AM-203,materials/cfd/Images/CFD/AM-203/CFD-AM-203-086-N.jpg,BF-202,materials/cfd/Images/CFD/BF-202/CFD-BF-202-109-N.jpg,z,2
20,2,152,test,1,male,Asian,male,White,happy,,,,rearranged,z,1257,False,False,,1,,,,False,340,AM-211,materials/cfd/Images/CFD/AM-211/CFD-AM-211-052-N.jpg,WM-019,materials/cfd/Images/CFD/WM-019/CFD-WM-019-009-HO.jpg,m,2
20,2,153,test,1,male,Asian,male,White,happy,,,,intact,z,1274,True,False,,1,,,,False,342,AM-214,materials/cfd/Images/CFD/AM-214/CFD-AM-214-168-N.jpg,WM-037,materials/cfd/Images/CFD/WM-037/CFD-WM-037-034-HO.jpg,z,2
20,2,154,test,1,male,Asian,male,White,neutral,,,,rearranged,m,1304,True,False,,1,,,,False,344,AM-217,materials/cfd/Images/CFD/AM-217/CFD-AM-217-085-N.jpg,WM-016,materials/cfd/Images/CFD/WM-016/CFD-WM-016-001-N.jpg,m,2
20,2,155,test,1,male,Black,male,White,angry,,,,rearranged,m,1265,True,False,,1,,,,False,346,BM-242,materials/cfd/Images/CFD/BM-242/CFD-BM-242-233-N.jpg,WM-010,materials/cfd/Images/CFD/WM-010/CFD-WM-010-016-A.jpg,m,2
20,2,156,test,1,male,Latino,male,Black,angry,,,,rearranged,m,1580,True,False,,1,,,,False,348,LM-243,materials/cfd/Images/CFD/LM-243/CFD-LM-243-075-N.jpg,BM-043,materials/cfd/Images/CFD/BM-043/CFD-BM-043-014-A.jpg,m,2
20,2,157,test,1,male,Black,female,Black,happy,,,,rearranged,z,1091,False,False,,1,,,,False,350,BM-207,materials/cfd/Images/CFD/BM-207/CFD-BM-207-024-N.jpg,BF-041,materials/cfd/Images/CFD/BF-041/CFD-BF-041-004-HO.jpg,m,2
20,2,158,test,1,female,White,female,White,neutral,,,,rearranged,z,1523,False,False,,1,,,,False,352,WF-211,materials/cfd/Images/CFD/WF-211/CFD-WF-211-001-N.jpg,WF-017,materials/cfd/Images/CFD/WF-017/CFD-WF-017-003-N.jpg,m,2
20,2,159,test,1,male,Latino,female,White,angry,,,,rearranged,z,1092,False,False,,1,,,,False,354,LM-214,materials/cfd/Images/CFD/LM-214/CFD-LM-214-165-N.jpg,WF-008,materials/cfd/Images/CFD/WF-008/CFD-WF-008-011-A.jpg,m,2
20,2,160,test,1,female,White,female,White,angry,,,,rearranged,z,1027,False,False,,1,,,,False,356,WF-200,materials/cfd/Images/CFD/WF-200/CFD-WF-200-099-N.jpg,WF-027,materials/cfd/Images/CFD/WF-027/CFD-WF-027-014-A.jpg,m,2
20,2,161,test,1,male,Black,female,Black,happy,,,,intact,z,1258,True,False,,1,,,,False,358,BM-250,materials/cfd/Images/CFD/BM-250/CFD-BM-250-170-N.jpg,BF-042,materials/cfd/Images/CFD/BF-042/CFD-BF-042-028-HO.jpg,z,2
20,2,162,test,1,female,White,female,White,angry,,,,intact,m,2025,False,False,,1,,,,False,360,WF-016,materials/cfd/Images/CFD/WF-016/CFD-WF-016-015-N.jpg,WF-025,materials/cfd/Images/CFD/WF-025/CFD-WF-025-015-A.jpg,z,2
20,2,163,test,1,male,White,male,Black,happy,,,,rearranged,z,1716,False,False,,1,,,,False,362,WM-244,materials/cfd/Images/CFD/WM-244/CFD-WM-244-003-N.jpg,BM-021,materials/cfd/Images/CFD/BM-021/CFD-BM-021-022-HO.jpg,m,2
20,2,164,test,1,female,White,male,Black,neutral,,,,rearranged,m,1636,True,False,,1,,,,False,364,WF-024,materials/cfd/Images/CFD/WF-024/CFD-WF-024-003-N.jpg,BM-212,materials/cfd/Images/CFD/BM-212/CFD-BM-212-117-N.jpg,m,2
20,2,165,test,1,female,Latino,male,White,happy,,,,intact,m,1210,False,False,,1,,,,False,366,LF-211,materials/cfd/Images/CFD/LF-211/CFD-LF-211-003-N.jpg,WM-004,materials/cfd/Images/CFD/WM-004/CFD-WM-004-006-HO.jpg,z,2
20,2,166,test,1,male,White,male,White,happy,,,,intact,m,1252,False,False,,1,,,,False,368,WM-225,materials/cfd/Images/CFD/WM-225/CFD-WM-225-127-N.jpg,WM-038,materials/cfd/Images/CFD/WM-038/CFD-WM-038-005-HO.jpg,z,2
20,2,167,test,1,male,White,male,Black,angry,,,,rearranged,z,2111,False,False,,1,,,,False,370,WM-258,materials/cfd/Images/CFD/WM-258/CFD-WM-258-125-N.jpg,BM-038,materials/cfd/Images/CFD/BM-038/CFD-BM-038-038-A.jpg,m,2
20,2,168,test,1,female,Latino,male,Black,happy,,,,rearranged,z,1441,False,False,,1,,,,False,372,LF-229,materials/cfd/Images/CFD/LF-229/CFD-LF-229-164-N.jpg,BM-029,materials/cfd/Images/CFD/BM-029/CFD-BM-029-029-HO.jpg,m,2
20,2,169,test,1,female,Black,female,Black,happy,,,,intact,z,994,True,False,,1,,,,False,374,BF-254,materials/cfd/Images/CFD/BF-254/CFD-BF-254-201-N.jpg,BF-038,materials/cfd/Images/CFD/BF-038/CFD-BF-038-004-HO.jpg,z,2
20,2,170,test,1,female,Asian,female,Black,angry,,,,intact,z,1648,True,False,,1,,,,False,376,AF-228,materials/cfd/Images/CFD/AF-228/CFD-AF-228-173-N.jpg,BF-011,materials/cfd/Images/CFD/BF-011/CFD-BF-011-011-A.jpg,z,2
20,2,171,test,1,female,White,female,White,neutral,,,,rearranged,z,1291,False,False,,1,,,,False,378,WF-013,materials/cfd/Images/CFD/WF-013/CFD-WF-013-003-N.jpg,WF-205,materials/cfd/Images/CFD/WF-205/CFD-WF-205-006-N.jpg,m,2
20,2,172,test,1,female,Latino,female,Black,angry,,,,intact,m,1769,False,False,,1,,,,False,380,LF-233,materials/cfd/Images/CFD/LF-233/CFD-LF-233-277-N.jpg,BF-020,materials/cfd/Images/CFD/BF-020/CFD-BF-020-017-A.jpg,z,2
20,2,173,test,1,female,Latino,male,Black,neutral,,,,intact,m,1625,False,False,,1,,,,False,382,LF-246,materials/cfd/Images/CFD/LF-246/CFD-LF-246-129-N.jpg,BM-041,materials/cfd/Images/CFD/BM-041/CFD-BM-041-035-N.jpg,z,2
20,2,174,test,1,male,Black,female,Black,angry,,,,intact,z,1627,True,False,,1,,,,False,384,BM-210,materials/cfd/Images/CFD/BM-210/CFD-BM-210-148-N.jpg,BF-048,materials/cfd/Images/CFD/BF-048/CFD-BF-048-038-A.jpg,z,2
20,2,175,test,1,female,White,male,Black,angry,,,,intact,z,1558,True,False,,1,,,,False,386,WF-246,materials/cfd/Images/CFD/WF-246/CFD-WF-246-087-N.jpg,BM-025,materials/cfd/Images/CFD/BM-025/CFD-BM-025-045-A.jpg,z,2
20,2,176,test,1,male,White,male,Black,neutral,,,,intact,z,1234,True,False,,1,,,,False,388,WM-237,materials/cfd/Images/CFD/WM-237/CFD-WM-237-052-N.jpg,BM-044,materials/cfd/Images/CFD/BM-044/CFD-BM-044-001-N.jpg,z,2
20,2,177,test,1,male,White,male,Black,angry,,,,intact,z,1083,True,False,,1,,,,False,390,WM-205,materials/cfd/Images/CFD/WM-205/CFD-WM-205-007-N.jpg,BM-019,materials/cfd/Images/CFD/BM-019/CFD-BM-019-045-A.jpg,z,2
20,2,178,test,1,male,Asian,male,Black,neutral,,,,rearranged,z,1769,False,False,,1,,,,False,392,AM-202,materials/cfd/Images/CFD/AM-202/CFD-AM-202-079-N.jpg,BM-228,materials/cfd/Images/CFD/BM-228/CFD-BM-228-145-N.jpg,m,2
20,2,179,test,1,female,White,male,White,angry,,,,intact,z,1420,True,False,,1,,,,False,394,WF-252,materials/cfd/Images/CFD/WF-252/CFD-WF-252-159-N.jpg,WM-035,materials/cfd/Images/CFD/WM-035/CFD-WM-035-018-A.jpg,z,2
20,2,180,test,1,female,Asian,female,White,happy,,,,rearranged,z,827,False,False,,1,,,,False,396,AF-200,materials/cfd/Images/CFD/AF-200/CFD-AF-200-228-N.jpg,WF-022,materials/cfd/Images/CFD/WF-022/CFD-WF-022-019-HO.jpg,m,2
21,2,1,study,0,female,Black,male,Black,neutral,,,,,z,944,True,False,,2,,,,False,17,BF-048,materials/cfd/Images/CFD/BF-048/CFD-BF-048-002-N.jpg,BM-224,materials/cfd/Images/CFD/BM-224/CFD-BM-224-073-N.jpg,z,1.25
21,2,2,study,0,female,Black,female,Black,neutral,,,,,z,744,True,False,,2,,,,False,19,BF-219,materials/cfd/Images/CFD/BF-219/CFD-BF-219-137-N.jpg,BF-208,materials/cfd/Images/CFD/BF-208/CFD-BF-208-266-N.jpg,z,1.25
21,2,3,study,0,male,Asian,female,Black,neutral,,,,,m,798,True,False,,2,,,,False,21,AM-203,materials/cfd/Images/CFD/AM-203/CFD-AM-203-086-N.jpg,BF-212,materials/cfd/Images/CFD/BF-212/CFD-BF-212-315-N.jpg,m,1.25
21,2,4,study,0,male,Asian,female,Black,happy,,,,,m,667,True,False,,2,,,,False,23,AM-211,materials/cfd/Images/CFD/AM-211/CFD-AM-211-052-N.jpg,BF-037,materials/cfd/Images/CFD/BF-037/CFD-BF-037-026-HO.jpg,m,1.25
21,2,5,study,0,male,Black,male,Black,angry,,,,,m,573,True,False,,2,,,,False,25,BM-017,materials/cfd/Images/CFD/BM-017/CFD-BM-017-021-N.jpg,BM-039,materials/cfd/Images/CFD/BM-039/CFD-BM-039-037-A.jpg,m,1.25
21,2,6,study,0,male,Latino,male,Black,neutral,,,,,m,589,True,False,,2,,,,False,27,LM-208,materials/cfd/Images/CFD/LM-208/CFD-LM-208-110-N.jpg,BM-204,materials/cfd/Images/CFD/BM-204/CFD-BM-204-003-N.jpg,m,1.25
21,2,7,study,0,female,Black,female,Black,angry,,,,,z,682,True,False,,2,,,,False,29,BF-012,materials/cfd/Images/CFD/BF-012/CFD-BF-012-001-N.jpg,BF-014,materials/cfd/Images/CFD/BF-014/CFD-BF-014-013-A.jpg,z,1.25
21,2,8,study,0,female,Latino,male,White,neutral,,,,,z,487,True,False,,2,,,,False,31,LF-222,materials/cfd/Images/CFD/LF-222/CFD-LF-222-147-N.jpg,WM-037,materials/cfd/Images/CFD/WM-037/CFD-WM-037-025-N.jpg,z,1.25
21,2,9,study,0,female,Asian,female,Black,neutral,,,,,z,1010,True,False,,2,,,,False,33,AF-235,materials/cfd/Images/CFD/AF-235/CFD-AF-235-170-N.jpg,BF-226,materials/cfd/Images/CFD/BF-226/CFD-BF-226-119-N.jpg,z,1.25
21,2,10,study,0,male,White,male,White,neutral,,,,,m,474,True,False,,2,,,,False,35,WM-201,materials/cfd/Images/CFD/WM-201/CFD-WM-201-063-N.jpg,WM-252,materials/cfd/Images/CFD/WM-252/CFD-WM-252-224-N.jpg,m,1.25
21,2,11,study,0,female,Latino,male,Black,happy,,,,,z,721,True,False,,2,,,,False,37,LF-236,materials/cfd/Images/CFD/LF-236/CFD-LF-236-221-N.jpg,BM-022,materials/cfd/Images/CFD/BM-022/CFD-BM-022-027-HO.jpg,z,1.25
21,2,12,study,0,male,Asian,female,Black,neutral,,,,,m,555,True,False,,2,,,,False,39,AM-241,materials/cfd/Images/CFD/AM-241/CFD-AM-241-287-N.jpg,BF-038,materials/cfd/Images/CFD/BF-038/CFD-BF-038-037-N.jpg,m,1.25
21,2,13,study,0,female,Latino,female,Black,angry,,,,,z,692,True,False,,2,,,,False,41,LF-214,materials/cfd/Images/CFD/LF-214/CFD-LF-214-090-N.jpg,BF-033,materials/cfd/Images/CFD/BF-033/CFD-BF-033-016-A.jpg,z,1.25
21,2,14,study,0,male,Latino,male,White,happy,,,,,m,751,True,False,,2,,,,False,43,LM-242,materials/cfd/Images/CFD/LM-242/CFD-LM-242-002-N.jpg,WM-039,materials/cfd/Images/CFD/WM-039/CFD-WM-039-008-HO.jpg,m,1.25
21,2,15,study,0,male,Asian,male,Black,angry,,,,,m,390,True,False,,2,,,,False,45,AM-231,materials/cfd/Images/CFD/AM-231/CFD-AM-231-136-N.jpg,BM-031,materials/cfd/Images/CFD/BM-031/CFD-BM-031-030-A.jpg,m,1.25
21,2,16,study,0,male,White,female,Black,happy,,,,,m,523,True,False,,2,,,,False,47,WM-200,materials/cfd/Images/CFD/WM-200/CFD-WM-200-034-N.jpg,BF-043,materials/cfd/Images/CFD/BF-043/CFD-BF-043-004-HO.jpg,m,1.25
21,2,17,study,0,female,Asian,female,Black,happy,,,,,z,619,True,False,,2,,,,False,49,AF-243,materials/cfd/Images/CFD/AF-243/CFD-AF-243-170-N.jpg,BF-032,materials/cfd/Images/CFD/BF-032/CFD-BF-032-043-HO.jpg,z,1.25
21,2,18,study,0,female,White,female,Black,neutral,,,,,z,843,True,False,,2,,,,False,51,WF-023,materials/cfd/Images/CFD/WF-023/CFD-WF-023-003-N.jpg,BF-203,materials/cfd/Images/CFD/BF-203/CFD-BF-203-184-N.jpg,z,1.25
21,2,19,study,0,male,Black,male,Black,neutral,,,,,m,505,True,False,,2,,,,False,53,BM-223,materials/cfd/Images/CFD/BM-223/CFD-BM-223-171-N.jpg,BM-036,materials/cfd/Images/CFD/BM-036/CFD-BM-036-003-N.jpg,m,1.25
21,2,20,study,0,female,White,male,White,angry,,,,,z,693,True,False,,2,,,,False,55,WF-244,materials/cfd/Images/CFD/WF-244/CFD-WF-244-163-N.jpg,WM-034,materials/cfd/Images/CFD/WM-034/CFD-WM-034-040-A.jpg,z,1.25
21,2,21,study,0,male,White,male,Black,happy,,,,,m,526,True,False,,2,,,,False,57,WM-035,materials/cfd/Images/CFD/WM-035/CFD-WM-035-032-N.jpg,BM-019,materials/cfd/Images/CFD/BM-019/CFD-BM-019-004-HO.jpg,m,1.25
21,2,22,study,0,male,Latino,male,Black,happy,,,,,m,528,True,False,,2,,,,False,59,LM-231,materials/cfd/Images/CFD/LM-231/CFD-LM-231-214-N.jpg,BM-029,materials/cfd/Images/CFD/BM-029/CFD-BM-029-029-HO.jpg,m,1.25
21,2,23,study,0,male,Black,male,White,angry,,,,,m,493,True,False,,2,,,,False,61,BM-244,materials/cfd/Images/CFD/BM-244/CFD-BM-244-197-N.jpg,WM-019,materials/cfd/Images/CFD/WM-019/CFD-WM-019-013-A.jpg,m,1.25
21,2,24,study,0,female,Latino,female,Black,happy,,,,,z,421,True,False,,2,,,,False,63,LF-220,materials/cfd/Images/CFD/LF-220/CFD-LF-220-120-N.jpg,BF-023,materials/cfd/Images/CFD/BF-023/CFD-BF-023-003-HO.jpg,z,1.25
21,2,25,study,0,male,Black,male,Black,angry,,,,,m,371,True,False,,2,,,,False,65,BM-229,materials/cfd/Images/CFD/BM-229/CFD-BM-229-209-N.jpg,BM-003,materials/cfd/Images/CFD/BM-003/CFD-BM-003-030-A.jpg,m,1.25
21,2,26,study,0,male,White,female,White,neutral,,,,,m,533,True,False,,2,,,,False,67,WM-032,materials/cfd/Images/CFD/WM-032/CFD-WM-032-001-N.jpg,WF-038,materials/cfd/Images/CFD/WF-038/CFD-WF-038-021-N.jpg,m,1.25
21,2,27,study,0,female,Black,male,White,angry,,,,,z,668,True,False,,2,,,,False,69,BF-214,materials/cfd/Images/CFD/BF-214/CFD-BF-214-308-N.jpg,WM-026,materials/cfd/Images/CFD/WM-026/CFD-WM-026-019-A.jpg,z,1.25
21,2,28,study,0,female,Latino,female,White,angry,,,,,z,749,True,False,,2,,,,False,71,LF-247,materials/cfd/Images/CFD/LF-247/CFD-LF-247-051-N.jpg,WF-024,materials/cfd/Images/CFD/WF-024/CFD-WF-024-029-A.jpg,z,1.25
21,2,29,study,0,female,Black,male,Black,neutral,,,,,z,607,True,False,,2,,,,False,73,BF-021,materials/cfd/Images/CFD/BF-021/CFD-BF-021-013-N.jpg,BM-240,materials/cfd/Images/CFD/BM-240/CFD-BM-240-207-N.jpg,z,1.25
21,2,30,study,0,male,White,female,Black,angry,,,,,m,544,True,False,,2,,,,False,75,WM-205,materials/cfd/Images/CFD/WM-205/CFD-WM-205-007-N.jpg,BF-024,materials/cfd/Images/CFD/BF-024/CFD-BF-024-024-A.jpg,m,1.25
21,2,31,study,1,male,Asian,male,Black,happy,,,,,m,562,True,False,,2,,,,False,78,AM-213,materials/cfd/Images/CFD/AM-213/CFD-AM-213-056-N.jpg,BM-018,materials/cfd/Images/CFD/BM-018/CFD-BM-018-007-HO.jpg,m,1.25
21,2,32,study,1,male,Asian,female,Black,angry,,,,,m,460,True,False,,2,,,,False,80,AM-227,materials/cfd/Images/CFD/AM-227/CFD-AM-227-184-N.jpg,BF-013,materials/cfd/Images/CFD/BF-013/CFD-BF-013-017-A.jpg,m,1.25
21,2,33,study,1,male,White,female,Black,happy,,,,,m,535,True,False,,2,,,,False,82,WM-250,materials/cfd/Images/CFD/WM-250/CFD-WM-250-157-N.jpg,BF-030,materials/cfd/Images/CFD/BF-030/CFD-BF-030-007-HO.jpg,m,1.25
21,2,34,study,1,male,Black,female,White,neutral,,,,,m,456,True,False,,2,,,,False,84,BM-247,materials/cfd/Images/CFD/BM-247/CFD-BM-247-240-N.jpg,WF-200,materials/cfd/Images/CFD/WF-200/CFD-WF-200-099-N.jpg,m,1.25
21,2,35,study,1,male,Black,female,Black,angry,,,,,m,608,True,False,,2,,,,False,86,BM-037,materials/cfd/Images/CFD/BM-037/CFD-BM-037-033-N.jpg,BF-001,materials/cfd/Images/CFD/BF-001/CFD-BF-001-026-A.jpg,m,1.25
21,2,36,study,1,male,White,male,White,neutral,,,,,m,545,True,False,,2,,,,False,88,WM-229,materials/cfd/Images/CFD/WM-229/CFD-WM-229-129-N.jpg,WM-239,materials/cfd/Images/CFD/WM-239/CFD-WM-239-128-N.jpg,m,1.25
21,2,37,study,1,female,White,female,White,neutral,,,,,z,553,True,False,,2,,,,False,90,WF-230,materials/cfd/Images/CFD/WF-230/CFD-WF-230-158-N.jpg,WF-249,materials/cfd/Images/CFD/WF-249/CFD-WF-249-126-N.jpg,z,1.25
21,2,38,study,1,male,Black,female,White,happy,,,,,m,484,True,False,,2,,,,False,92,BM-020,materials/cfd/Images/CFD/BM-020/CFD-BM-020-001-N.jpg,WF-031,materials/cfd/Images/CFD/WF-031/CFD-WF-031-005-HO.jpg,m,1.25
21,2,39,study,1,female,Latino,male,White,neutral,,,,,z,492,True,False,,2,,,,False,94,LF-255,materials/cfd/Images/CFD/LF-255/CFD-LF-255-088-N.jpg,WM-254,materials/cfd/Images/CFD/WM-254/CFD-WM-254-152-N.jpg,z,1.25
21,2,40,study,1,female,Latino,male,White,neutral,,,,,z,962,True,False,,2,,,,False,96,LF-227,materials/cfd/Images/CFD/LF-227/CFD-LF-227-054-N.jpg,WM-255,materials/cfd/Images/CFD/WM-255/CFD-WM-255-219-N.jpg,z,1.25
21,2,41,study,1,female,White,male,Black,happy,,,,,z,887,True,False,,2,,,,False,98,WF-029,materials/cfd/Images/CFD/WF-029/CFD-WF-029-002-N.jpg,BM-010,materials/cfd/Images/CFD/BM-010/CFD-BM-010-004-HO.jpg,z,1.25
21,2,42,study,1,female,Asian,male,White,angry,,,,,z,736,True,False,,2,,,,False,100,AF-250,materials/cfd/Images/CFD/AF-250/CFD-AF-250-200-N.jpg,WM-010,materials/cfd/Images/CFD/WM-010/CFD-WM-010-016-A.jpg,z,1.25
21,2,43,study,1,female,Black,female,White,neutral,,,,,z,791,True,False,,2,,,,False,102,BF-224,materials/cfd/Images/CFD/BF-224/CFD-BF-224-002-N.jpg,WF-035,materials/cfd/Images/CFD/WF-035/CFD-WF-035-024-N.jpg,z,1.25
21,2,44,study,1,female,Black,male,White,angry,,,,,z,580,True,False,,2,,,,False,104,BF-207,materials/cfd/Images/CFD/BF-207/CFD-BF-207-004-N.jpg,WM-025,materials/cfd/Images/CFD/WM-025/CFD-WM-025-008-A.jpg,z,1.25
21,2,45,study,1,male,White,female,White,neutral,,,,,m,548,True,False,,2,,,,False,106,WM-257,materials/cfd/Images/CFD/WM-257/CFD-WM-257-161-N.jpg,WF-222,materials/cfd/Images/CFD/WF-222/CFD-WF-222-092-N.jpg,m,1.25
21,2,46,study,1,female,White,female,Black,happy,,,,,z,515,True,False,,2,,,,False,108,WF-028,materials/cfd/Images/CFD/WF-028/CFD-WF-028-023-N.jpg,BF-002,materials/cfd/Images/CFD/BF-002/CFD-BF-002-004-HO.jpg,z,1.25
21,2,47,study,1,male,Latino,male,Black,happy,,,,,m,419,True,False,,2,,,,False,110,LM-222,materials/cfd/Images/CFD/LM-222/CFD-LM-222-239-N.jpg,BM-009,materials/cfd/Images/CFD/BM-009/CFD-BM-009-003-HO.jpg,m,1.25
21,2,48,study,1,male,Latino,male,Black,neutral,,,,,m,505,True,False,,2,,,,False,112,LM-238,materials/cfd/Images/CFD/LM-238/CFD-LM-238-129-N.jpg,BM-203,materials/cfd/Images/CFD/BM-203/CFD-BM-203-001-N.jpg,m,1.25
21,2,49,study,1,female,Latino,male,White,happy,,,,,z,514,True,False,,2,,,,False,114,LF-213,materials/cfd/Images/CFD/LF-213/CFD-LF-213-079-N.jpg,WM-001,materials/cfd/Images/CFD/WM-001/CFD-WM-001-011-HO.jpg,z,1.25
21,2,50,study,1,female,White,male,White,angry,,,,,z,436,True,False,,2,,,,False,116,WF-037,materials/cfd/Images/CFD/WF-037/CFD-WF-037-029-N.jpg,WM-020,materials/cfd/Images/CFD/WM-020/CFD-WM-020-008-A.jpg,z,1.25
21,2,51,study,1,male,White,female,Black,angry,,,,,m,534,True,False,,2,,,,False,118,WM-202,materials/cfd/Images/CFD/WM-202/CFD-WM-202-107-N.jpg,BF-045,materials/cfd/Images/CFD/BF-045/CFD-BF-045-068-A.jpg,m,1.25
21,2,52,study,1,female,Latino,female,Black,angry,,,,,z,539,True,False,,2,,,,False,120,LF-238,materials/cfd/Images/CFD/LF-238/CFD-LF-238-154-N.jpg,BF-042,materials/cfd/Images/CFD/BF-042/CFD-BF-042-034-A.jpg,z,1.25
21,2,53,study,1,female,Latino,male,White,happy,,,,,z,676,True,False,,2,,,,False,122,LF-233,materials/cfd/Images/CFD/LF-233/CFD-LF-233-277-N.jpg,WM-015,materials/cfd/Images/CFD/WM-015/CFD-WM-015-005-HO.jpg,z,1.25
21,2,54,study,1,female,White,male,White,happy,,,,,z,635,True,False,,2,,,,False,124,WF-224,materials/cfd/Images/CFD/WF-224/CFD-WF-224-099-N.jpg,WM-021,materials/cfd/Images/CFD/WM-021/CFD-WM-021-004-HO.jpg,z,1.25
21,2,55,study,1,female,Asian,female,Black,happy,,,,,z,830,True,False,,2,,,,False,126,AF-255,materials/cfd/Images/CFD/AF-255/CFD-AF-255-209-N.jpg,BF-034,materials/cfd/Images/CFD/BF-034/CFD-BF-034-005-HO.jpg,z,1.25
21,2,56,study,1,male,Latino,female,Black,angry,,,,,m,962,True,False,,2,,,,False,128,LM-244,materials/cfd/Images/CFD/LM-244/CFD-LM-244-068-N.jpg,BF-025,materials/cfd/Images/CFD/BF-025/CFD-BF-025-011-A.jpg,m,1.25
21,2,57,study,1,female,White,female,Black,happy,,,,,z,680,True,False,,2,,,,False,130,WF-216,materials/cfd/Images/CFD/WF-216/CFD-WF-216-079-N.jpg,BF-015,materials/cfd/Images/CFD/BF-015/CFD-BF-015-006-HO.jpg,z,1.25
21,2,58,study,1,female,Asian,female,White,angry,,,,,z,626,True,False,,2,,,,False,132,AF-221,materials/cfd/Images/CFD/AF-221/CFD-AF-221-147-N.jpg,WF-039,materials/cfd/Images/CFD/WF-039/CFD-WF-039-032-A.jpg,z,1.25
21,2,59,study,1,male,Black,female,Black,happy,,,,,m,476,True,False,,2,,,,False,134,BM-011,materials/cfd/Images/CFD/BM-011/CFD-BM-011-016-N.jpg,BF-041,materials/cfd/Images/CFD/BF-041/CFD-BF-041-004-HO.jpg,m,1.25
21,2,60,study,1,male,Asian,male,Black,angry,,,,,m,502,True,False,,2,,,,False,136,AM-214,materials/cfd/Images/CFD/AM-214/CFD-AM-214-168-N.jpg,BM-005,materials/cfd/Images/CFD/BM-005/CFD-BM-005-010-A.jpg,m,1.25
21,2,61,study,0,female,White,male,White,angry,,,,,z,756,True,False,,2,,,,False,139,WF-244,materials/cfd/Images/CFD/WF-244/CFD-WF-244-163-N.jpg,WM-034,materials/cfd/Images/CFD/WM-034/CFD-WM-034-040-A.jpg,z,1.25
21,2,62,study,0,female,Black,female,Black,neutral,,,,,z,694,True,False,,2,,,,False,141,BF-219,materials/cfd/Images/CFD/BF-219/CFD-BF-219-137-N.jpg,BF-208,materials/cfd/Images/CFD/BF-208/CFD-BF-208-266-N.jpg,z,1.25
21,2,63,study,0,male,Asian,female,Black,neutral,,,,,m,455,True,False,,2,,,,False,143,AM-203,materials/cfd/Images/CFD/AM-203/CFD-AM-203-086-N.jpg,BF-212,materials/cfd/Images/CFD/BF-212/CFD-BF-212-315-N.jpg,m,1.25
21,2,64,study,0,male,Latino,male,Black,happy,,,,,m,552,True,False,,2,,,,False,145,LM-231,materials/cfd/Images/CFD/LM-231/CFD-LM-231-214-N.jpg,BM-029,materials/cfd/Images/CFD/BM-029/CFD-BM-029-029-HO.jpg,m,1.25
21,2,65,study,0,female,Latino,male,White,happy,,,,,z,873,True,False,,2,,,,False,147,LF-233,materials/cfd/Images/CFD/LF-233/CFD-LF-233-277-N.jpg,WM-015,materials/cfd/Images/CFD/WM-015/CFD-WM-015-005-HO.jpg,z,1.25
21,2,66,study,0,male,Latino,male,Black,neutral,,,,,m,499,True,False,,2,,,,False,149,LM-238,materials/cfd/Images/CFD/LM-238/CFD-LM-238-129-N.jpg,BM-203,materials/cfd/Images/CFD/BM-203/CFD-BM-203-001-N.jpg,m,1.25
21,2,67,study,0,male,White,female,White,neutral,,,,,m,493,True,False,,2,,,,False,151,WM-257,materials/cfd/Images/CFD/WM-257/CFD-WM-257-161-N.jpg,WF-222,materials/cfd/Images/CFD/WF-222/CFD-WF-222-092-N.jpg,m,1.25
21,2,68,study,0,male,Black,male,White,angry,,,,,m,551,True,False,,2,,,,False,153,BM-244,materials/cfd/Images/CFD/BM-244/CFD-BM-244-197-N.jpg,WM-019,materials/cfd/Images/CFD/WM-019/CFD-WM-019-013-A.jpg,m,1.25
21,2,69,study,0,male,Black,female,Black,happy,,,,,m,495,True,False,,2,,,,False,155,BM-011,materials/cfd/Images/CFD/BM-011/CFD-BM-011-016-N.jpg,BF-041,materials/cfd/Images/CFD/BF-041/CFD-BF-041-004-HO.jpg,m,1.25
21,2,70,study,0,female,Black,male,Black,neutral,,,,,z,639,True,False,,2,,,,False,157,BF-021,materials/cfd/Images/CFD/BF-021/CFD-BF-021-013-N.jpg,BM-240,materials/cfd/Images/CFD/BM-240/CFD-BM-240-207-N.jpg,z,1.25
21,2,71,study,0,male,Asian,female,Black,happy,,,,,m,671,True,False,,2,,,,False,159,AM-211,materials/cfd/Images/CFD/AM-211/CFD-AM-211-052-N.jpg,BF-037,materials/cfd/Images/CFD/BF-037/CFD-BF-037-026-HO.jpg,m,1.25
21,2,72,study,0,male,White,male,White,neutral,,,,,m,534,True,False,,2,,,,False,161,WM-229,materials/cfd/Images/CFD/WM-229/CFD-WM-229-129-N.jpg,WM-239,materials/cfd/Images/CFD/WM-239/CFD-WM-239-128-N.jpg,m,1.25
21,2,73,study,0,female,Latino,female,Black,angry,,,,,z,603,True,False,,2,,,,False,163,LF-214,materials/cfd/Images/CFD/LF-214/CFD-LF-214-090-N.jpg,BF-033,materials/cfd/Images/CFD/BF-033/CFD-BF-033-016-A.jpg,z,1.25
21,2,74,study,0,male,White,female,Black,angry,,,,,m,509,True,False,,2,,,,False,165,WM-205,materials/cfd/Images/CFD/WM-205/CFD-WM-205-007-N.jpg,BF-024,materials/cfd/Images/CFD/BF-024/CFD-BF-024-024-A.jpg,m,1.25
21,2,75,study,0,male,White,female,White,neutral,,,,,m,665,True,False,,2,,,,False,167,WM-032,materials/cfd/Images/CFD/WM-032/CFD-WM-032-001-N.jpg,WF-038,materials/cfd/Images/CFD/WF-038/CFD-WF-038-021-N.jpg,m,1.25
21,2,76,study,0,female,Asian,female,Black,happy,,,,,z,865,True,False,,2,,,,False,169,AF-255,materials/cfd/Images/CFD/AF-255/CFD-AF-255-209-N.jpg,BF-034,materials/cfd/Images/CFD/BF-034/CFD-BF-034-005-HO.jpg,z,1.25
21,2,77,study,0,female,White,male,White,happy,,,,,z,563,True,False,,2,,,,False,171,WF-224,materials/cfd/Images/CFD/WF-224/CFD-WF-224-099-N.jpg,WM-021,materials/cfd/Images/CFD/WM-021/CFD-WM-021-004-HO.jpg,z,1.25
21,2,78,study,0,male,Black,male,Black,angry,,,,,m,449,True,False,,2,,,,False,173,BM-017,materials/cfd/Images/CFD/BM-017/CFD-BM-017-021-N.jpg,BM-039,materials/cfd/Images/CFD/BM-039/CFD-BM-039-037-A.jpg,m,1.25
21,2,79,study,0,male,Black,female,Black,angry,,,,,m,486,True,False,,2,,,,False,175,BM-037,materials/cfd/Images/CFD/BM-037/CFD-BM-037-033-N.jpg,BF-001,materials/cfd/Images/CFD/BF-001/CFD-BF-001-026-A.jpg,m,1.25
21,2,80,study,0,female,Latino,female,Black,happy,,,,,z,541,True,False,,2,,,,False,177,LF-220,materials/cfd/Images/CFD/LF-220/CFD-LF-220-120-N.jpg,BF-023,materials/cfd/Images/CFD/BF-023/CFD-BF-023-003-HO.jpg,z,1.25
21,2,81,study,0,male,Asian,male,Black,angry,,,,,m,370,True,False,,2,,,,False,179,AM-214,materials/cfd/Images/CFD/AM-214/CFD-AM-214-168-N.jpg,BM-005,materials/cfd/Images/CFD/BM-005/CFD-BM-005-010-A.jpg,m,1.25
21,2,82,study,0,female,Latino,female,White,angry,,,,,z,617,True,False,,2,,,,False,181,LF-247,materials/cfd/Images/CFD/LF-247/CFD-LF-247-051-N.jpg,WF-024,materials/cfd/Images/CFD/WF-024/CFD-WF-024-029-A.jpg,z,1.25
21,2,83,study,0,female,White,female,Black,happy,,,,,z,510,True,False,,2,,,,False,183,WF-216,materials/cfd/Images/CFD/WF-216/CFD-WF-216-079-N.jpg,BF-015,materials/cfd/Images/CFD/BF-015/CFD-BF-015-006-HO.jpg,z,1.25
21,2,84,study,0,female,Black,female,White,neutral,,,,,z,544,True,False,,2,,,,False,185,BF-224,materials/cfd/Images/CFD/BF-224/CFD-BF-224-002-N.jpg,WF-035,materials/cfd/Images/CFD/WF-035/CFD-WF-035-024-N.jpg,z,1.25
21,2,85,study,0,male,White,female,Black,happy,,,,,m,493,True,False,,2,,,,False,187,WM-200,materials/cfd/Images/CFD/WM-200/CFD-WM-200-034-N.jpg,BF-043,materials/cfd/Images/CFD/BF-043/CFD-BF-043-004-HO.jpg,m,1.25
21,2,86,study,0,female,Black,male,White,angry,,,,,z,749,True,False,,2,,,,False,189,BF-214,materials/cfd/Images/CFD/BF-214/CFD-BF-214-308-N.jpg,WM-026,materials/cfd/Images/CFD/WM-026/CFD-WM-026-019-A.jpg,z,1.25
21,2,87,study,0,female,White,female,White,neutral,,,,,z,723,True,False,,2,,,,False,191,WF-230,materials/cfd/Images/CFD/WF-230/CFD-WF-230-158-N.jpg,WF-249,materials/cfd/Images/CFD/WF-249/CFD-WF-249-126-N.jpg,z,1.25
21,2,88,study,0,female,Latino,male,White,neutral,,,,,z,520,True,False,,2,,,,False,193,LF-222,materials/cfd/Images/CFD/LF-222/CFD-LF-222-147-N.jpg,WM-037,materials/cfd/Images/CFD/WM-037/CFD-WM-037-025-N.jpg,z,1.25
21,2,89,study,0,female,Asian,female,White,angry,,,,,z,513,True,False,,2,,,,False,195,AF-221,materials/cfd/Images/CFD/AF-221/CFD-AF-221-147-N.jpg,WF-039,materials/cfd/Images/CFD/WF-039/CFD-WF-039-032-A.jpg,z,1.25
21,2,90,study,0,female,White,male,Black,happy,,,,,z,570,True,False,,2,,,,False,197,WF-029,materials/cfd/Images/CFD/WF-029/CFD-WF-029-002-N.jpg,BM-010,materials/cfd/Images/CFD/BM-010/CFD-BM-010-004-HO.jpg,z,1.25
21,2,91,study,1,male,Latino,female,Black,angry,,,,,m,501,True,False,,2,,,,False,200,LM-244,materials/cfd/Images/CFD/LM-244/CFD-LM-244-068-N.jpg,BF-025,materials/cfd/Images/CFD/BF-025/CFD-BF-025-011-A.jpg,m,1.25
21,2,92,study,1,male,Latino,male,White,happy,,,,,m,603,True,False,,2,,,,False,202,LM-242,materials/cfd/Images/CFD/LM-242/CFD-LM-242-002-N.jpg,WM-039,materials/cfd/Images/CFD/WM-039/CFD-WM-039-008-HO.jpg,m,1.25
21,2,93,study,1,female,Black,male,Black,neutral,,,,,z,485,True,False,,2,,,,False,204,BF-048,materials/cfd/Images/CFD/BF-048/CFD-BF-048-002-N.jpg,BM-224,materials/cfd/Images/CFD/BM-224/CFD-BM-224-073-N.jpg,z,1.25
21,2,94,study,1,male,Black,male,Black,angry,,,,,m,492,True,False,,2,,,,False,206,BM-229,materials/cfd/Images/CFD/BM-229/CFD-BM-229-209-N.jpg,BM-003,materials/cfd/Images/CFD/BM-003/CFD-BM-003-030-A.jpg,m,1.25
21,2,95,study,1,male,Asian,female,Black,angry,,,,,m,692,True,False,,2,,,,False,208,AM-227,materials/cfd/Images/CFD/AM-227/CFD-AM-227-184-N.jpg,BF-013,materials/cfd/Images/CFD/BF-013/CFD-BF-013-017-A.jpg,m,1.25
21,2,96,study,1,male,White,female,Black,happy,,,,,m,500,True,False,,2,,,,False,210,WM-250,materials/cfd/Images/CFD/WM-250/CFD-WM-250-157-N.jpg,BF-030,materials/cfd/Images/CFD/BF-030/CFD-BF-030-007-HO.jpg,m,1.25
21,2,97,study,1,female,Latino,male,White,neutral,,,,,z,695,True,False,,2,,,,False,212,LF-227,materials/cfd/Images/CFD/LF-227/CFD-LF-227-054-N.jpg,WM-255,materials/cfd/Images/CFD/WM-255/CFD-WM-255-219-N.jpg,z,1.25
21,2,98,study,1,male,White,male,Black,happy,,,,,m,434,True,False,,2,,,,False,214,WM-035,materials/cfd/Images/CFD/WM-035/CFD-WM-035-032-N.jpg,BM-019,materials/cfd/Images/CFD/BM-019/CFD-BM-019-004-HO.jpg,m,1.25
21,2,99,study,1,female,Black,male,White,angry,,,,,z,547,True,False,,2,,,,False,216,BF-207,materials/cfd/Images/CFD/BF-207/CFD-BF-207-004-N.jpg,WM-025,materials/cfd/Images/CFD/WM-025/CFD-WM-025-008-A.jpg,z,1.25
21,2,100,study,1,male,White,male,White,neutral,,,,,m,471,True,False,,2,,,,False,218,WM-201,materials/cfd/Images/CFD/WM-201/CFD-WM-201-063-N.jpg,WM-252,materials/cfd/Images/CFD/WM-252/CFD-WM-252-224-N.jpg,m,1.25
21,2,101,study,1,female,White,male,White,angry,,,,,z,513,True,False,,2,,,,False,220,WF-037,materials/cfd/Images/CFD/WF-037/CFD-WF-037-029-N.jpg,WM-020,materials/cfd/Images/CFD/WM-020/CFD-WM-020-008-A.jpg,z,1.25
21,2,102,study,1,male,Latino,male,Black,neutral,,,,,m,706,True,False,,2,,,,False,222,LM-208,materials/cfd/Images/CFD/LM-208/CFD-LM-208-110-N.jpg,BM-204,materials/cfd/Images/CFD/BM-204/CFD-BM-204-003-N.jpg,m,1.25
21,2,103,study,1,female,Latino,female,Black,angry,,,,,z,564,True,False,,2,,,,False,224,LF-238,materials/cfd/Images/CFD/LF-238/CFD-LF-238-154-N.jpg,BF-042,materials/cfd/Images/CFD/BF-042/CFD-BF-042-034-A.jpg,z,1.25
21,2,104,study,1,female,Asian,male,White,angry,,,,,z,517,True,False,,2,,,,False,226,AF-250,materials/cfd/Images/CFD/AF-250/CFD-AF-250-200-N.jpg,WM-010,materials/cfd/Images/CFD/WM-010/CFD-WM-010-016-A.jpg,z,1.25
21,2,105,study,1,female,White,female,Black,neutral,,,,,z,586,True,False,,2,,,,False,228,WF-023,materials/cfd/Images/CFD/WF-023/CFD-WF-023-003-N.jpg,BF-203,materials/cfd/Images/CFD/BF-203/CFD-BF-203-184-N.jpg,z,1.25
21,2,106,study,1,male,Latino,male,Black,happy,,,,,m,437,True,False,,2,,,,False,230,LM-222,materials/cfd/Images/CFD/LM-222/CFD-LM-222-239-N.jpg,BM-009,materials/cfd/Images/CFD/BM-009/CFD-BM-009-003-HO.jpg,m,1.25
21,2,107,study,1,female,White,female,Black,happy,,,,,z,495,True,False,,2,,,,False,232,WF-028,materials/cfd/Images/CFD/WF-028/CFD-WF-028-023-N.jpg,BF-002,materials/cfd/Images/CFD/BF-002/CFD-BF-002-004-HO.jpg,z,1.25
21,2,108,study,1,female,Latino,male,Black,happy,,,,,z,876,True,False,,2,,,,False,234,LF-236,materials/cfd/Images/CFD/LF-236/CFD-LF-236-221-N.jpg,BM-022,materials/cfd/Images/CFD/BM-022/CFD-BM-022-027-HO.jpg,z,1.25
21,2,109,study,1,female,Latino,male,White,happy,,,,,z,642,True,False,,2,,,,False,236,LF-213,materials/cfd/Images/CFD/LF-213/CFD-LF-213-079-N.jpg,WM-001,materials/cfd/Images/CFD/WM-001/CFD-WM-001-011-HO.jpg,z,1.25
21,2,110,study,1,male,Asian,female,Black,neutral,,,,,m,540,True,False,,2,,,,False,238,AM-241,materials/cfd/Images/CFD/AM-241/CFD-AM-241-287-N.jpg,BF-038,materials/cfd/Images/CFD/BF-038/CFD-BF-038-037-N.jpg,m,1.25
21,2,111,study,1,male,Asian,male,Black,happy,,,,,m,555,True,False,,2,,,,False,240,AM-213,materials/cfd/Images/CFD/AM-213/CFD-AM-213-056-N.jpg,BM-018,materials/cfd/Images/CFD/BM-018/CFD-BM-018-007-HO.jpg,m,1.25
21,2,112,study,1,female,Black,female,Black,angry,,,,,z,511,True,False,,2,,,,False,242,BF-012,materials/cfd/Images/CFD/BF-012/CFD-BF-012-001-N.jpg,BF-014,materials/cfd/Images/CFD/BF-014/CFD-BF-014-013-A.jpg,z,1.25
21,2,113,study,1,male,White,female,Black,angry,,,,,m,517,True,False,,2,,,,False,244,WM-202,materials/cfd/Images/CFD/WM-202/CFD-WM-202-107-N.jpg,BF-045,materials/cfd/Images/CFD/BF-045/CFD-BF-045-068-A.jpg,m,1.25
21,2,114,study,1,male,Asian,male,Black,angry,,,,,m,364,True,False,,2,,,,False,246,AM-231,materials/cfd/Images/CFD/AM-231/CFD-AM-231-136-N.jpg,BM-031,materials/cfd/Images/CFD/BM-031/CFD-BM-031-030-A.jpg,m,1.25
21,2,115,study,1,male,Black,female,White,neutral,,,,,m,429,True,False,,2,,,,False,248,BM-247,materials/cfd/Images/CFD/BM-247/CFD-BM-247-240-N.jpg,WF-200,materials/cfd/Images/CFD/WF-200/CFD-WF-200-099-N.jpg,m,1.25
21,2,116,study,1,male,Black,male,Black,neutral,,,,,m,464,True,False,,2,,,,False,250,BM-223,materials/cfd/Images/CFD/BM-223/CFD-BM-223-171-N.jpg,BM-036,materials/cfd/Images/CFD/BM-036/CFD-BM-036-003-N.jpg,m,1.25
21,2,117,study,1,female,Asian,female,Black,neutral,,,,,z,409,True,False,,2,,,,False,252,AF-235,materials/cfd/Images/CFD/AF-235/CFD-AF-235-170-N.jpg,BF-226,materials/cfd/Images/CFD/BF-226/CFD-BF-226-119-N.jpg,z,1.25
21,2,118,study,1,female,Latino,male,White,neutral,,,,,z,443,True,False,,2,,,,False,254,LF-255,materials/cfd/Images/CFD/LF-255/CFD-LF-255-088-N.jpg,WM-254,materials/cfd/Images/CFD/WM-254/CFD-WM-254-152-N.jpg,z,1.25
21,2,119,study,1,male,Black,female,White,happy,,,,,m,384,True,False,,2,,,,False,256,BM-020,materials/cfd/Images/CFD/BM-020/CFD-BM-020-001-N.jpg,WF-031,materials/cfd/Images/CFD/WF-031/CFD-WF-031-005-HO.jpg,m,1.25
21,2,120,study,1,female,Asian,female,Black,happy,,,,,z,442,True,False,,2,,,,False,258,AF-243,materials/cfd/Images/CFD/AF-243/CFD-AF-243-170-N.jpg,BF-032,materials/cfd/Images/CFD/BF-032/CFD-BF-032-043-HO.jpg,z,1.25
21,2,121,test,0,male,Latino,male,Black,neutral,,,,rearranged,z,1406,True,False,,2,,,,False,275,LM-238,materials/cfd/Images/CFD/LM-238/CFD-LM-238-129-N.jpg,BM-204,materials/cfd/Images/CFD/BM-204/CFD-BM-204-003-N.jpg,z,1.25
21,2,122,test,0,male,Asian,male,Black,angry,,,,rearranged,z,1614,True,False,,2,,,,False,277,AM-231,materials/cfd/Images/CFD/AM-231/CFD-AM-231-136-N.jpg,BM-039,materials/cfd/Images/CFD/BM-039/CFD-BM-039-037-A.jpg,z,1.25
21,2,123,test,0,female,Black,female,White,neutral,,,,rearranged,m,1302,False,False,,2,,,,False,279,BF-219,materials/cfd/Images/CFD/BF-219/CFD-BF-219-137-N.jpg,WF-249,materials/cfd/Images/CFD/WF-249/CFD-WF-249-126-N.jpg,z,1.25
21,2,124,test,0,male,Asian,female,Black,happy,,,,rearranged,z,1388,True,False,,2,,,,False,281,AM-211,materials/cfd/Images/CFD/AM-211/CFD-AM-211-052-N.jpg,BF-030,materials/cfd/Images/CFD/BF-030/CFD-BF-030-007-HO.jpg,z,1.25
21,2,125,test,0,male,White,male,White,neutral,,,,intact,z,803,False,False,,2,,,,False,283,WM-201,materials/cfd/Images/CFD/WM-201/CFD-WM-201-063-N.jpg,WM-252,materials/cfd/Images/CFD/WM-252/CFD-WM-252-224-N.jpg,m,1.25
21,2,126,test,0,female,Black,male,White,angry,,,,rearranged,z,1158,True,False,,2,,,,False,285,BF-214,materials/cfd/Images/CFD/BF-214/CFD-BF-214-308-N.jpg,WM-020,materials/cfd/Images/CFD/WM-020/CFD-WM-020-008-A.jpg,z,1.25
21,2,127,test,0,male,Latino,male,Black,happy,,,,rearranged,m,1435,False,False,,2,,,,False,287,LM-231,materials/cfd/Images/CFD/LM-231/CFD-LM-231-214-N.jpg,BM-018,materials/cfd/Images/CFD/BM-018/CFD-BM-018-007-HO.jpg,z,1.25
21,2,128,test,0,male,Asian,male,Black,angry,,,,intact,z,786,False,False,,2,,,,False,289,AM-214,materials/cfd/Images/CFD/AM-214/CFD-AM-214-168-N.jpg,BM-005,materials/cfd/Images/CFD/BM-005/CFD-BM-005-010-A.jpg,m,1.25
21,2,129,test,0,male,Black,male,Black,angry,,,,intact,z,1237,False,False,,2,,,,False,291,BM-229,materials/cfd/Images/CFD/BM-229/CFD-BM-229-209-N.jpg,BM-003,materials/cfd/Images/CFD/BM-003/CFD-BM-003-030-A.jpg,m,1.25
21,2,130,test,0,male,Latino,male,White,happy,,,,intact,z,1207,False,False,,2,,,,False,293,LM-242,materials/cfd/Images/CFD/LM-242/CFD-LM-242-002-N.jpg,WM-039,materials/cfd/Images/CFD/WM-039/CFD-WM-039-008-HO.jpg,m,1.25
21,2,131,test,0,male,White,female,Black,neutral,,,,rearranged,m,1320,False,False,,2,,,,False,295,WM-257,materials/cfd/Images/CFD/WM-257/CFD-WM-257-161-N.jpg,BF-038,materials/cfd/Images/CFD/BF-038/CFD-BF-038-037-N.jpg,z,1.25
21,2,132,test,0,male,Black,male,Black,angry,,,,rearranged,m,1307,False,False,,2,,,,False,297,BM-244,materials/cfd/Images/CFD/BM-244/CFD-BM-244-197-N.jpg,BM-031,materials/cfd/Images/CFD/BM-031/CFD-BM-031-030-A.jpg,z,1.25
21,2,133,test,0,male,White,female,Black,angry,,,,intact,z,1018,False,False,,2,,,,False,299,WM-202,materials/cfd/Images/CFD/WM-202/CFD-WM-202-107-N.jpg,BF-045,materials/cfd/Images/CFD/BF-045/CFD-BF-045-068-A.jpg,m,1.25
21,2,134,test,0,female,White,male,White,angry,,,,rearranged,z,1121,True,False,,2,,,,False,301,WF-037,materials/cfd/Images/CFD/WF-037/CFD-WF-037-029-N.jpg,WM-010,materials/cfd/Images/CFD/WM-010/CFD-WM-010-016-A.jpg,z,1.25
21,2,135,test,0,female,White,female,Black,happy,,,,rearranged,z,1221,True,False,,2,,,,False,303,WF-216,materials/cfd/Images/CFD/WF-216/CFD-WF-216-079-N.jpg,BF-023,materials/cfd/Images/CFD/BF-023/CFD-BF-023-003-HO.jpg,z,1.25
21,2,136,test,0,male,Latino,male,Black,happy,,,,intact,m,1354,True,False,,2,,,,False,305,LM-222,materials/cfd/Images/CFD/LM-222/CFD-LM-222-239-N.jpg,BM-009,materials/cfd/Images/CFD/BM-009/CFD-BM-009-003-HO.jpg,m,1.25
21,2,137,test,0,female,Latino,male,White,happy,,,,intact,z,1297,False,False,,2,,,,False,307,LF-213,materials/cfd/Images/CFD/LF-213/CFD-LF-213-079-N.jpg,WM-001,materials/cfd/Images/CFD/WM-001/CFD-WM-001-011-HO.jpg,m,1.25
21,2,138,test,0,female,Asian,female,Black,neutral,,,,intact,m,1435,True,False,,2,,,,False,309,AF-235,materials/cfd/Images/CFD/AF-235/CFD-AF-235-170-N.jpg,BF-226,materials/cfd/Images/CFD/BF-226/CFD-BF-226-119-N.jpg,m,1.25
21,2,139,test,0,female,Black,female,White,neutral,,,,intact,z,1656,False,False,,2,,,,False,311,BF-224,materials/cfd/Images/CFD/BF-224/CFD-BF-224-002-N.jpg,WF-035,materials/cfd/Images/CFD/WF-035/CFD-WF-035-024-N.jpg,m,1.25
21,2,140,test,0,female,White,male,Black,happy,,,,intact,z,1057,False,False,,2,,,,False,313,WF-029,materials/cfd/Images/CFD/WF-029/CFD-WF-029-002-N.jpg,BM-010,materials/cfd/Images/CFD/BM-010/CFD-BM-010-004-HO.jpg,m,1.25
21,2,141,test,0,male,White,male,Black,neutral,,,,rearranged,z,1037,True,False,,2,,,,False,315,WM-229,materials/cfd/Images/CFD/WM-229/CFD-WM-229-129-N.jpg,BM-203,materials/cfd/Images/CFD/BM-203/CFD-BM-203-001-N.jpg,z,1.25
21,2,142,test,0,female,White,female,Black,neutral,,,,rearranged,z,1441,True,False,,2,,,,False,317,WF-230,materials/cfd/Images/CFD/WF-230/CFD-WF-230-158-N.jpg,BF-208,materials/cfd/Images/CFD/BF-208/CFD-BF-208-266-N.jpg,z,1.25
21,2,143,test,0,male,Asian,male,Black,happy,,,,rearranged,z,1327,True,False,,2,,,,False,319,AM-213,materials/cfd/Images/CFD/AM-213/CFD-AM-213-056-N.jpg,BM-029,materials/cfd/Images/CFD/BM-029/CFD-BM-029-029-HO.jpg,z,1.25
21,2,144,test,0,female,Asian,female,White,angry,,,,intact,m,1317,True,False,,2,,,,False,321,AF-221,materials/cfd/Images/CFD/AF-221/CFD-AF-221-147-N.jpg,WF-039,materials/cfd/Images/CFD/WF-039/CFD-WF-039-032-A.jpg,m,1.25
21,2,145,test,0,female,White,male,Black,happy,,,,rearranged,z,913,True,False,,2,,,,False,323,WF-224,materials/cfd/Images/CFD/WF-224/CFD-WF-224-099-N.jpg,BM-022,materials/cfd/Images/CFD/BM-022/CFD-BM-022-027-HO.jpg,z,1.25
21,2,146,test,0,male,White,female,White,neutral,,,,intact,z,860,False,False,,2,,,,False,325,WM-032,materials/cfd/Images/CFD/WM-032/CFD-WM-032-001-N.jpg,WF-038,materials/cfd/Images/CFD/WF-038/CFD-WF-038-021-N.jpg,m,1.25
21,2,147,test,0,female,Black,male,Black,neutral,,,,rearranged,m,1688,False,False,,2,,,,False,327,BF-021,materials/cfd/Images/CFD/BF-021/CFD-BF-021-013-N.jpg,BM-224,materials/cfd/Images/CFD/BM-224/CFD-BM-224-073-N.jpg,z,1.25
21,2,148,test,0,female,Asian,male,White,angry,,,,rearranged,m,1900,False,False,,2,,,,False,329,AF-250,materials/cfd/Images/CFD/AF-250/CFD-AF-250-200-N.jpg,WM-026,materials/cfd/Images/CFD/WM-026/CFD-WM-026-019-A.jpg,z,1.25
21,2,149,test,0,female,Latino,male,White,neutral,,,,intact,z,1462,False,False,,2,,,,False,331,LF-222,materials/cfd/Images/CFD/LF-222/CFD-LF-222-147-N.jpg,WM-037,materials/cfd/Images/CFD/WM-037/CFD-WM-037-025-N.jpg,m,1.25
21,2,150,test,0,male,Black,female,Black,happy,,,,intact,z,1636,False,False,,2,,,,False,333,BM-011,materials/cfd/Images/CFD/BM-011/CFD-BM-011-016-N.jpg,BF-041,materials/cfd/Images/CFD/BF-041/CFD-BF-041-004-HO.jpg,m,1.25
21,2,151,test,1,male,Black,female,White,neutral,,,,intact,m,1284,True,False,,2,,,,False,336,BM-247,materials/cfd/Images/CFD/BM-247/CFD-BM-247-240-N.jpg,WF-200,materials/cfd/Images/CFD/WF-200/CFD-WF-200-099-N.jpg,m,1.25
21,2,152,test,1,female,White,female,Black,happy,,,,rearranged,z,919,True,False,,2,,,,False,338,WF-028,materials/cfd/Images/CFD/WF-028/CFD-WF-028-023-N.jpg,BF-015,materials/cfd/Images/CFD/BF-015/CFD-BF-015-006-HO.jpg,z,1.25
21,2,153,test,1,female,Latino,female,White,angry,,,,intact,z,970,False,False,,2,,,,False,340,LF-247,materials/cfd/Images/CFD/LF-247/CFD-LF-247-051-N.jpg,WF-024,materials/cfd/Images/CFD/WF-024/CFD-WF-024-029-A.jpg,m,1.25
21,2,154,test,1,male,Black,male,White,angry,,,,rearranged,m,924,False,False,,2,,,,False,342,BM-017,materials/cfd/Images/CFD/BM-017/CFD-BM-017-021-N.jpg,WM-019,materials/cfd/Images/CFD/WM-019/CFD-WM-019-013-A.jpg,z,1.25
21,2,155,test,1,male,Asian,female,Black,angry,,,,rearranged,z,1510,True,False,,2,,,,False,344,AM-227,materials/cfd/Images/CFD/AM-227/CFD-AM-227-184-N.jpg,BF-024,materials/cfd/Images/CFD/BF-024/CFD-BF-024-024-A.jpg,z,1.25
21,2,156,test,1,female,White,female,Black,neutral,,,,intact,z,1376,False,False,,2,,,,False,346,WF-023,materials/cfd/Images/CFD/WF-023/CFD-WF-023-003-N.jpg,BF-203,materials/cfd/Images/CFD/BF-203/CFD-BF-203-184-N.jpg,m,1.25
21,2,157,test,1,male,White,female,Black,angry,,,,rearranged,z,1534,True,False,,2,,,,False,348,WM-205,materials/cfd/Images/CFD/WM-205/CFD-WM-205-007-N.jpg,BF-013,materials/cfd/Images/CFD/BF-013/CFD-BF-013-017-A.jpg,z,1.25
21,2,158,test,1,male,Black,male,Black,neutral,,,,intact,z,946,False,False,,2,,,,False,350,BM-223,materials/cfd/Images/CFD/BM-223/CFD-BM-223-171-N.jpg,BM-036,materials/cfd/Images/CFD/BM-036/CFD-BM-036-003-N.jpg,m,1.25
21,2,159,test,1,female,Latino,female,Black,happy,,,,rearranged,z,1191,True,False,,2,,,,False,352,LF-220,materials/cfd/Images/CFD/LF-220/CFD-LF-220-120-N.jpg,BF-002,materials/cfd/Images/CFD/BF-002/CFD-BF-002-004-HO.jpg,z,1.25
21,2,160,test,1,female,Black,female,Black,angry,,,,rearranged,z,1244,True,False,,2,,,,False,354,BF-012,materials/cfd/Images/CFD/BF-012/CFD-BF-012-001-N.jpg,BF-042,materials/cfd/Images/CFD/BF-042/CFD-BF-042-034-A.jpg,z,1.25
21,2,161,test,1,male,White,female,Black,happy,,,,intact,m,1525,True,False,,2,,,,False,356,WM-200,materials/cfd/Images/CFD/WM-200/CFD-WM-200-034-N.jpg,BF-043,materials/cfd/Images/CFD/BF-043/CFD-BF-043-004-HO.jpg,m,1.25
21,2,162,test,1,female,Asian,female,Black,happy,,,,intact,m,1154,True,False,,2,,,,False,358,AF-255,materials/cfd/Images/CFD/AF-255/CFD-AF-255-209-N.jpg,BF-034,materials/cfd/Images/CFD/BF-034/CFD-BF-034-005-HO.jpg,m,1.25
21,2,163,test,1,male,Asian,female,Black,neutral,,,,intact,z,1185,False,False,,2,,,,False,360,AM-203,materials/cfd/Images/CFD/AM-203/CFD-AM-203-086-N.jpg,BF-212,materials/cfd/Images/CFD/BF-212/CFD-BF-212-315-N.jpg,m,1.25
21,2,164,test,1,female,Latino,female,Black,angry,,,,intact,z,1398,False,False,,2,,,,False,362,LF-214,materials/cfd/Images/CFD/LF-214/CFD-LF-214-090-N.jpg,BF-033,materials/cfd/Images/CFD/BF-033/CFD-BF-033-016-A.jpg,m,1.25
21,2,165,test,1,female,White,male,White,angry,,,,intact,m,2026,True,False,,2,,,,False,364,WF-244,materials/cfd/Images/CFD/WF-244/CFD-WF-244-163-N.jpg,WM-034,materials/cfd/Images/CFD/WM-034/CFD-WM-034-040-A.jpg,m,1.25
21,2,166,test,1,male,White,female,White,happy,,,,rearranged,z,1328,True,False,,2,,,,False,366,WM-250,materials/cfd/Images/CFD/WM-250/CFD-WM-250-157-N.jpg,WF-031,materials/cfd/Images/CFD/WF-031/CFD-WF-031-005-HO.jpg,z,1.25
21,2,167,test,1,female,Asian,female,Black,happy,,,,intact,m,1148,True,False,,2,,,,False,368,AF-243,materials/cfd/Images/CFD/AF-243/CFD-AF-243-170-N.jpg,BF-032,materials/cfd/Images/CFD/BF-032/CFD-BF-032-043-HO.jpg,m,1.25
21,2,168,test,1,female,Black,male,White,angry,,,,intact,z,1560,False,False,,2,,,,False,370,BF-207,materials/cfd/Images/CFD/BF-207/CFD-BF-207-004-N.jpg,WM-025,materials/cfd/Images/CFD/WM-025/CFD-WM-025-008-A.jpg,m,1.25
21,2,169,test,1,female,Latino,male,White,happy,,,,rearranged,z,1180,True,False,,2,,,,False,372,LF-236,materials/cfd/Images/CFD/LF-236/CFD-LF-236-221-N.jpg,WM-021,materials/cfd/Images/CFD/WM-021/CFD-WM-021-004-HO.jpg,z,1.25
21,2,170,test,1,female,Latino,male,White,happy,,,,intact,m,1208,True,False,,2,,,,False,374,LF-233,materials/cfd/Images/CFD/LF-233/CFD-LF-233-277-N.jpg,WM-015,materials/cfd/Images/CFD/WM-015/CFD-WM-015-005-HO.jpg,m,1.25
21,2,171,test,1,male,Latino,male,White,neutral,,,,rearranged,z,998,True,False,,2,,,,False,376,LM-208,materials/cfd/Images/CFD/LM-208/CFD-LM-208-110-N.jpg,WM-239,materials/cfd/Images/CFD/WM-239/CFD-WM-239-128-N.jpg,z,1.25
21,2,172,test,1,female,Latino,female,Black,angry,,,,rearranged,z,1818,True,False,,2,,,,False,378,LF-238,materials/cfd/Images/CFD/LF-238/CFD-LF-238-154-N.jpg,BF-014,materials/cfd/Images/CFD/BF-014/CFD-BF-014-013-A.jpg,z,1.25
21,2,173,test,1,male,Black,female,Black,angry,,,,intact,z,1396,False,False,,2,,,,False,380,BM-037,materials/cfd/Images/CFD/BM-037/CFD-BM-037-033-N.jpg,BF-001,materials/cfd/Images/CFD/BF-001/CFD-BF-001-026-A.jpg,m,1.25
21,2,174,test,1,female,Black,male,White,neutral,,,,rearranged,m,1935,False,False,,2,,,,False,382,BF-048,materials/cfd/Images/CFD/BF-048/CFD-BF-048-002-N.jpg,WM-255,materials/cfd/Images/CFD/WM-255/CFD-WM-255-219-N.jpg,z,1.25
21,2,175,test,1,female,Latino,male,Black,neutral,,,,rearranged,z,1392,True,False,,2,,,,False,384,LF-227,materials/cfd/Images/CFD/LF-227/CFD-LF-227-054-N.jpg,BM-240,materials/cfd/Images/CFD/BM-240/CFD-BM-240-207-N.jpg,z,1.25
21,2,176,test,1,female,Latino,male,White,neutral,,,,intact,z,839,False,False,,2,,,,False,386,LF-255,materials/cfd/Images/CFD/LF-255/CFD-LF-255-088-N.jpg,WM-254,materials/cfd/Images/CFD/WM-254/CFD-WM-254-152-N.jpg,m,1.25
21,2,177,test,1,male,Asian,female,White,neutral,,,,rearranged,z,1135,True,False,,2,,,,False,388,AM-241,materials/cfd/Images/CFD/AM-241/CFD-AM-241-287-N.jpg,WF-222,materials/cfd/Images/CFD/WF-222/CFD-WF-222-092-N.jpg,z,1.25
21,2,178,test,1,male,Black,female,Black,happy,,,,rearranged,m,760,False,False,,2,,,,False,390,BM-020,materials/cfd/Images/CFD/BM-020/CFD-BM-020-001-N.jpg,BF-037,materials/cfd/Images/CFD/BF-037/CFD-BF-037-026-HO.jpg,z,1.25
21,2,179,test,1,male,Latino,female,Black,angry,,,,intact,z,1570,False,False,,2,,,,False,392,LM-244,materials/cfd/Images/CFD/LM-244/CFD-LM-244-068-N.jpg,BF-025,materials/cfd/Images/CFD/BF-025/CFD-BF-025-011-A.jpg,m,1.25
21,2,180,test,1,male,White,male,Black,happy,,,,intact,z,1281,False,False,,2,,,,False,394,WM-035,materials/cfd/Images/CFD/WM-035/CFD-WM-035-032-N.jpg,BM-019,materials/cfd/Images/CFD/BM-019/CFD-BM-019-004-HO.jpg,m,1.25
22,2,1,study,0,male,White,male,Black,neutral,,,,,,,False,True,,2,,,,False,17,WM-225,materials/cfd/Images/CFD/WM-225/CFD-WM-225-127-N.jpg,BM-252,materials/cfd/Images/CFD/BM-252/CFD-BM-252-161-N.jpg,m,2
22,2,2,study,0,female,Asian,female,White,happy,,,,,,,False,True,,2,,,,False,19,AF-244,materials/cfd/Images/CFD/AF-244/CFD-AF-244-168-N.jpg,WF-011,materials/cfd/Images/CFD/WF-011/CFD-WF-011-003-HO.jpg,z,2
22,2,3,study,0,male,Asian,male,White,neutral,,,,,z,1419,False,False,,2,,,,False,21,AM-238,materials/cfd/Images/CFD/AM-238/CFD-AM-238-269-N.jpg,WM-241,materials/cfd/Images/CFD/WM-241/CFD-WM-241-072-N.jpg,m,2
22,2,4,study,0,female,Asian,male,White,neutral,,,,,z,1867,True,False,,2,,,,False,23,AF-228,materials/cfd/Images/CFD/AF-228/CFD-AF-228-173-N.jpg,WM-207,materials/cfd/Images/CFD/WM-207/CFD-WM-207-048-N.jpg,z,2
22,2,5,study,0,male,Asian,female,Black,angry,,,,,m,1829,True,False,,2,,,,False,25,AM-212,materials/cfd/Images/CFD/AM-212/CFD-AM-212-050-N.jpg,BF-013,materials/cfd/Images/CFD/BF-013/CFD-BF-013-017-A.jpg,m,2
22,2,6,study,0,female,Asian,female,Black,neutral,,,,,,,False,True,,2,,,,False,27,AF-249,materials/cfd/Images/CFD/AF-249/CFD-AF-249-092-N.jpg,BF-030,materials/cfd/Images/CFD/BF-030/CFD-BF-030-002-N.jpg,z,2
22,2,7,study,0,male,White,male,Black,happy,,,,,,,False,True,,2,,,,False,29,WM-234,materials/cfd/Images/CFD/WM-234/CFD-WM-234-118-N.jpg,BM-001,materials/cfd/Images/CFD/BM-001/CFD-BM-001-011-HO.jpg,m,2
22,2,8,study,0,male,Latino,female,Black,happy,,,,,m,1548,True,False,,2,,,,False,31,LM-238,materials/cfd/Images/CFD/LM-238/CFD-LM-238-129-N.jpg,BF-032,materials/cfd/Images/CFD/BF-032/CFD-BF-032-043-HO.jpg,m,2
22,2,9,study,0,female,Black,male,White,neutral,,,,,z,1673,True,False,,2,,,,False,33,BF-217,materials/cfd/Images/CFD/BF-217/CFD-BF-217-189-N.jpg,WM-220,materials/cfd/Images/CFD/WM-220/CFD-WM-220-068-N.jpg,z,2
22,2,10,study,0,male,Black,male,White,angry,,,,,m,1251,True,False,,2,,,,False,35,BM-214,materials/cfd/Images/CFD/BM-214/CFD-BM-214-075-N.jpg,WM-040,materials/cfd/Images/CFD/WM-040/CFD-WM-040-007-A.jpg,m,2
22,2,11,study,0,female,White,female,White,neutral,,,,,z,2050,True,False,,2,,,,False,37,WF-244,materials/cfd/Images/CFD/WF-244/CFD-WF-244-163-N.jpg,WF-219,materials/cfd/Images/CFD/WF-219/CFD-WF-219-038-N.jpg,z,2
22,2,12,study,0,male,Latino,female,Black,happy,,,,,m,1881,True,False,,2,,,,False,39,LM-210,materials/cfd/Images/CFD/LM-210/CFD-LM-210-156-N.jpg,BF-041,materials/cfd/Images/CFD/BF-041/CFD-BF-041-004-HO.jpg,m,2
22,2,13,study,0,female,Latino,male,Black,happy,,,,,z,2171,True,False,,2,,,,False,41,LF-238,materials/cfd/Images/CFD/LF-238/CFD-LF-238-154-N.jpg,BM-002,materials/cfd/Images/CFD/BM-002/CFD-BM-002-007-HO.jpg,z,2
22,2,14,study,0,male,White,female,Black,neutral,,,,,m,2063,True,False,,2,,,,False,43,WM-004,materials/cfd/Images/CFD/WM-004/CFD-WM-004-010-N.jpg,BF-042,materials/cfd/Images/CFD/BF-042/CFD-BF-042-026-N.jpg,m,2
22,2,15,study,0,male,Black,male,White,angry,,,,,m,1648,True,False,,2,,,,False,45,BM-232,materials/cfd/Images/CFD/BM-232/CFD-BM-232-213-N.jpg,WM-041,materials/cfd/Images/CFD/WM-041/CFD-WM-041-009-A.jpg,m,2
22,2,16,study,0,male,Latino,male,Black,happy,,,,,m,1841,True,False,,2,,,,False,47,LM-216,materials/cfd/Images/CFD/LM-216/CFD-LM-216-082-N.jpg,BM-019,materials/cfd/Images/CFD/BM-019/CFD-BM-019-004-HO.jpg,m,2
22,2,17,study,0,female,Latino,male,White,angry,,,,,z,1234,True,False,,2,,,,False,49,LF-222,materials/cfd/Images/CFD/LF-222/CFD-LF-222-147-N.jpg,WM-009,materials/cfd/Images/CFD/WM-009/CFD-WM-009-009-A.jpg,z,2
22,2,18,study,0,female,Latino,male,White,happy,,,,,z,2070,True,False,,2,,,,False,51,LF-201,materials/cfd/Images/CFD/LF-201/CFD-LF-201-035-N.jpg,WM-023,materials/cfd/Images/CFD/WM-023/CFD-WM-023-004-HO.jpg,z,2
22,2,19,study,0,female,White,male,Black,happy,,,,,z,2577,True,False,,2,,,,False,53,WF-236,materials/cfd/Images/CFD/WF-236/CFD-WF-236-107-N.jpg,BM-025,materials/cfd/Images/CFD/BM-025/CFD-BM-025-040-HO.jpg,z,2
22,2,20,study,0,male,Latino,male,White,happy,,,,,m,960,True,False,,2,,,,False,55,LM-228,materials/cfd/Images/CFD/LM-228/CFD-LM-228-188-N.jpg,WM-011,materials/cfd/Images/CFD/WM-011/CFD-WM-011-003-HO.jpg,m,2
22,2,21,study,0,female,Black,female,White,angry,,,,,z,1699,True,False,,2,,,,False,57,BF-215,materials/cfd/Images/CFD/BF-215/CFD-BF-215-177-N.jpg,WF-020,materials/cfd/Images/CFD/WF-020/CFD-WF-020-012-A.jpg,z,2
22,2,22,study,0,female,White,female,Black,neutral,,,,,z,2401,True,False,,2,,,,False,59,WF-028,materials/cfd/Images/CFD/WF-028/CFD-WF-028-023-N.jpg,BF-039,materials/cfd/Images/CFD/BF-039/CFD-BF-039-031-N.jpg,z,2
22,2,23,study,0,female,White,female,White,neutral,,,,,,,False,True,,2,,,,False,61,WF-205,materials/cfd/Images/CFD/WF-205/CFD-WF-205-006-N.jpg,WF-001,materials/cfd/Images/CFD/WF-001/CFD-WF-001-003-N.jpg,z,2
22,2,24,study,0,female,White,male,Black,happy,,,,,z,1447,True,False,,2,,,,False,63,WF-208,materials/cfd/Images/CFD/WF-208/CFD-WF-208-068-N.jpg,BM-021,materials/cfd/Images/CFD/BM-021/CFD-BM-021-022-HO.jpg,z,2
22,2,25,study,0,female,Black,female,White,angry,,,,,z,807,True,False,,2,,,,False,65,BF-246,materials/cfd/Images/CFD/BF-246/CFD-BF-246-170-N.jpg,WF-005,materials/cfd/Images/CFD/WF-005/CFD-WF-005-022-A.jpg,z,2
22,2,26,study,0,male,Asian,male,White,angry,,,,,m,1130,True,False,,2,,,,False,67,AM-229,materials/cfd/Images/CFD/AM-229/CFD-AM-229-224-N.jpg,WM-010,materials/cfd/Images/CFD/WM-010/CFD-WM-010-016-A.jpg,m,2
22,2,27,study,0,female,White,female,Black,happy,,,,,z,1402,True,False,,2,,,,False,69,WF-014,materials/cfd/Images/CFD/WF-014/CFD-WF-014-002-N.jpg,BF-003,materials/cfd/Images/CFD/BF-003/CFD-BF-003-004-HO.jpg,z,2
22,2,28,study,0,male,Latino,female,White,happy,,,,,m,2123,True,False,,2,,,,False,71,LM-222,materials/cfd/Images/CFD/LM-222/CFD-LM-222-239-N.jpg,WF-036,materials/cfd/Images/CFD/WF-036/CFD-WF-036-026-HO.jpg,m,2
22,2,29,study,0,female,Asian,male,White,neutral,,,,,z,1288,True,False,,2,,,,False,73,AF-222,materials/cfd/Images/CFD/AF-222/CFD-AF-222-134-N.jpg,WM-244,materials/cfd/Images/CFD/WM-244/CFD-WM-244-003-N.jpg,z,2
22,2,30,study,0,female,Black,male,White,angry,,,,,z,1016,True,False,,2,,,,False,75,BF-038,materials/cfd/Images/CFD/BF-038/CFD-BF-038-037-N.jpg,WM-022,materials/cfd/Images/CFD/WM-022/CFD-WM-022-008-A.jpg,z,2
22,2,31,study,1,male,Latino,male,White,angry,,,,,,,False,True,,2,,,,False,78,LM-225,materials/cfd/Images/CFD/LM-225/CFD-LM-225-130-N.jpg,WM-006,materials/cfd/Images/CFD/WM-006/CFD-WM-006-022-A.jpg,m,2
22,2,32,study,1,male,White,male,Black,happy,,,,,m,890,True,False,,2,,,,False,80,WM-219,materials/cfd/Images/CFD/WM-219/CFD-WM-219-008-N.jpg,BM-032,materials/cfd/Images/CFD/BM-032/CFD-BM-032-007-HO.jpg,m,2
22,2,33,study,1,female,Latino,female,White,happy,,,,,z,1349,True,False,,2,,,,False,82,LF-204,materials/cfd/Images/CFD/LF-204/CFD-LF-204-133-N.jpg,WF-034,materials/cfd/Images/CFD/WF-034/CFD-WF-034-033-HO.jpg,z,2
22,2,34,study,1,female,Black,female,White,angry,,,,,z,1225,True,False,,2,,,,False,84,BF-033,materials/cfd/Images/CFD/BF-033/CFD-BF-033-028-N.jpg,WF-006,materials/cfd/Images/CFD/WF-006/CFD-WF-006-019-A.jpg,z,2
22,2,35,study,1,female,Latino,male,White,happy,,,,,z,2343,True,False,,2,,,,False,86,LF-253,materials/cfd/Images/CFD/LF-253/CFD-LF-253-003-N.jpg,WM-038,materials/cfd/Images/CFD/WM-038/CFD-WM-038-005-HO.jpg,z,2
22,2,36,study,1,male,Latino,female,White,angry,,,,,m,1162,True,False,,2,,,,False,88,LM-209,materials/cfd/Images/CFD/LM-209/CFD-LM-209-111-N.jpg,WF-008,materials/cfd/Images/CFD/WF-008/CFD-WF-008-011-A.jpg,m,2
22,2,37,study,1,female,White,female,Black,angry,,,,,z,1997,True,False,,2,,,,False,90,WF-024,materials/cfd/Images/CFD/WF-024/CFD-WF-024-003-N.jpg,BF-025,materials/cfd/Images/CFD/BF-025/CFD-BF-025-011-A.jpg,z,2
22,2,38,study,1,female,Black,female,Black,neutral,,,,,z,1331,True,False,,2,,,,False,92,BF-250,materials/cfd/Images/CFD/BF-250/CFD-BF-250-121-N.jpg,BF-207,materials/cfd/Images/CFD/BF-207/CFD-BF-207-004-N.jpg,z,2
22,2,39,study,1,male,Black,male,White,neutral,,,,,m,1249,True,False,,2,,,,False,94,BM-045,materials/cfd/Images/CFD/BM-045/CFD-BM-045-004-N.jpg,WM-205,materials/cfd/Images/CFD/WM-205/CFD-WM-205-007-N.jpg,m,2
22,2,40,study,1,female,Asian,female,Black,happy,,,,,z,2365,True,False,,2,,,,False,96,AF-248,materials/cfd/Images/CFD/AF-248/CFD-AF-248-148-N.jpg,BF-011,materials/cfd/Images/CFD/BF-011/CFD-BF-011-004-HO.jpg,z,2
22,2,41,study,1,male,Latino,female,White,happy,,,,,m,1106,True,False,,2,,,,False,98,LM-242,materials/cfd/Images/CFD/LM-242/CFD-LM-242-002-N.jpg,WF-015,materials/cfd/Images/CFD/WF-015/CFD-WF-015-022-HO.jpg,m,2
22,2,42,study,1,male,Latino,male,Black,neutral,,,,,m,2017,True,False,,2,,,,False,100,LM-230,materials/cfd/Images/CFD/LM-230/CFD-LM-230-202-N.jpg,BM-207,materials/cfd/Images/CFD/BM-207/CFD-BM-207-024-N.jpg,m,2
22,2,43,study,1,female,Black,male,Black,angry,,,,,z,2284,True,False,,2,,,,False,102,BF-045,materials/cfd/Images/CFD/BF-045/CFD-BF-045-003-N.jpg,BM-009,materials/cfd/Images/CFD/BM-009/CFD-BM-009-008-A.jpg,z,2
22,2,44,study,1,male,Black,female,Black,neutral,,,,,m,1711,True,False,,2,,,,False,104,BM-023,materials/cfd/Images/CFD/BM-023/CFD-BM-023-029-N.jpg,BF-210,materials/cfd/Images/CFD/BF-210/CFD-BF-210-130-N.jpg,m,2
22,2,45,study,1,male,Black,male,White,angry,,,,,m,1505,True,False,,2,,,,False,106,BM-004,materials/cfd/Images/CFD/BM-004/CFD-BM-004-002-N.jpg,WM-035,materials/cfd/Images/CFD/WM-035/CFD-WM-035-018-A.jpg,m,2
22,2,46,study,1,male,Latino,female,White,angry,,,,,m,1863,True,False,,2,,,,False,108,LM-218,materials/cfd/Images/CFD/LM-218/CFD-LM-218-183-N.jpg,WF-026,materials/cfd/Images/CFD/WF-026/CFD-WF-026-008-A.jpg,m,2
22,2,47,study,1,female,Asian,male,Black,neutral,,,,,z,1248,True,False,,2,,,,False,110,AF-204,materials/cfd/Images/CFD/AF-204/CFD-AF-204-067-N.jpg,BM-241,materials/cfd/Images/CFD/BM-241/CFD-BM-241-235-N.jpg,z,2
22,2,48,study,1,male,Black,male,White,neutral,,,,,m,1178,True,False,,2,,,,False,112,BM-242,materials/cfd/Images/CFD/BM-242/CFD-BM-242-233-N.jpg,WM-003,materials/cfd/Images/CFD/WM-003/CFD-WM-003-002-N.jpg,m,2
22,2,49,study,1,male,White,female,Black,happy,,,,,m,1467,True,False,,2,,,,False,114,WM-243,materials/cfd/Images/CFD/WM-243/CFD-WM-243-107-N.jpg,BF-010,materials/cfd/Images/CFD/BF-010/CFD-BF-010-003-HO.jpg,m,2
22,2,50,study,1,male,Black,female,Black,angry,,,,,m,2332,True,False,,2,,,,False,116,BM-227,materials/cfd/Images/CFD/BM-227/CFD-BM-227-191-N.jpg,BF-019,materials/cfd/Images/CFD/BF-019/CFD-BF-019-023-A.jpg,m,2
22,2,51,study,1,male,White,female,Black,neutral,,,,,m,2175,True,False,,2,,,,False,118,WM-211,materials/cfd/Images/CFD/WM-211/CFD-WM-211-054-N.jpg,BF-229,materials/cfd/Images/CFD/BF-229/CFD-BF-229-179-N.jpg,m,2
22,2,52,study,1,female,Black,male,White,neutral,,,,,z,1627,True,False,,2,,,,False,120,BF-015,materials/cfd/Images/CFD/BF-015/CFD-BF-015-004-N.jpg,WM-214,materials/cfd/Images/CFD/WM-214/CFD-WM-214-026-N.jpg,z,2
22,2,53,study,1,female,Black,male,Black,angry,,,,,z,2049,True,False,,2,,,,False,122,BF-044,materials/cfd/Images/CFD/BF-044/CFD-BF-044-034-N.jpg,BM-020,materials/cfd/Images/CFD/BM-020/CFD-BM-020-037-A.jpg,z,2
22,2,54,study,1,male,Asian,female,Black,neutral,,,,,m,1501,True,False,,2,,,,False,124,AM-247,materials/cfd/Images/CFD/AM-247/CFD-AM-247-165-N.jpg,BF-043,materials/cfd/Images/CFD/BF-043/CFD-BF-043-003-N.jpg,m,2
22,2,55,study,1,male,Black,male,Black,happy,,,,,m,1205,True,False,,2,,,,False,126,BM-030,materials/cfd/Images/CFD/BM-030/CFD-BM-030-003-N.jpg,BM-033,materials/cfd/Images/CFD/BM-033/CFD-BM-033-029-HO.jpg,m,2
22,2,56,study,1,male,White,female,White,neutral,,,,,m,1705,True,False,,2,,,,False,128,WM-210,materials/cfd/Images/CFD/WM-210/CFD-WM-210-057-N.jpg,WF-037,materials/cfd/Images/CFD/WF-037/CFD-WF-037-029-N.jpg,m,2
22,2,57,study,1,male,Latino,female,White,angry,,,,,m,1741,True,False,,2,,,,False,130,LM-207,materials/cfd/Images/CFD/LM-207/CFD-LM-207-004-N.jpg,WF-013,materials/cfd/Images/CFD/WF-013/CFD-WF-013-015-A.jpg,m,2
22,2,58,study,1,female,Asian,female,White,angry,,,,,m,2751,False,False,,2,,,,False,132,AF-224,materials/cfd/Images/CFD/AF-224/CFD-AF-224-026-N.jpg,WF-009,materials/cfd/Images/CFD/WF-009/CFD-WF-009-010-A.jpg,z,2
22,2,59,study,1,female,White,male,White,angry,,,,,z,1882,True,False,,2,,,,False,134,WF-229,materials/cfd/Images/CFD/WF-229/CFD-WF-229-004-N.jpg,WM-021,materials/cfd/Images/CFD/WM-021/CFD-WM-021-009-A.jpg,z,2
22,2,60,study,1,female,Black,female,Black,happy,,,,,z,1676,True,False,,2,,,,False,136,BF-206,materials/cfd/Images/CFD/BF-206/CFD-BF-206-143-N.jpg,BF-023,materials/cfd/Images/CFD/BF-023/CFD-BF-023-003-HO.jpg,z,2
22,2,61,study,0,female,Black,male,White,angry,,,,,z,1242,True,False,,2,,,,False,139,BF-038,materials/cfd/Images/CFD/BF-038/CFD-BF-038-037-N.jpg,WM-022,materials/cfd/Images/CFD/WM-022/CFD-WM-022-008-A.jpg,z,2
22,2,62,study,0,female,Latino,female,White,happy,,,,,z,1594,True,False,,2,,,,False,141,LF-204,materials/cfd/Images/CFD/LF-204/CFD-LF-204-133-N.jpg,WF-034,materials/cfd/Images/CFD/WF-034/CFD-WF-034-033-HO.jpg,z,2
22,2,63,study,0,female,Latino,male,White,happy,,,,,z,728,True,False,,2,,,,False,143,LF-253,materials/cfd/Images/CFD/LF-253/CFD-LF-253-003-N.jpg,WM-038,materials/cfd/Images/CFD/WM-038/CFD-WM-038-005-HO.jpg,z,2
22,2,64,study,0,female,Latino,male,Black,happy,,,,,z,958,True,False,,2,,,,False,145,LF-238,materials/cfd/Images/CFD/LF-238/CFD-LF-238-154-N.jpg,BM-002,materials/cfd/Images/CFD/BM-002/CFD-BM-002-007-HO.jpg,z,2
22,2,65,study,0,male,Asian,female,Black,neutral,,,,,m,1303,True,False,,2,,,,False,147,AM-247,materials/cfd/Images/CFD/AM-247/CFD-AM-247-165-N.jpg,BF-043,materials/cfd/Images/CFD/BF-043/CFD-BF-043-003-N.jpg,m,2
22,2,66,study,0,male,Latino,male,White,angry,,,,,m,1733,True,False,,2,,,,False,149,LM-225,materials/cfd/Images/CFD/LM-225/CFD-LM-225-130-N.jpg,WM-006,materials/cfd/Images/CFD/WM-006/CFD-WM-006-022-A.jpg,m,2
22,2,67,study,0,male,Latino,male,Black,neutral,,,,,m,2347,True,False,,2,,,,False,151,LM-230,materials/cfd/Images/CFD/LM-230/CFD-LM-230-202-N.jpg,BM-207,materials/cfd/Images/CFD/BM-207/CFD-BM-207-024-N.jpg,m,2
22,2,68,study,0,female,White,male,Black,happy,,,,,z,2685,True,False,,2,,,,False,153,WF-236,materials/cfd/Images/CFD/WF-236/CFD-WF-236-107-N.jpg,BM-025,materials/cfd/Images/CFD/BM-025/CFD-BM-025-040-HO.jpg,z,2
22,2,69,study,0,female,Black,male,Black,angry,,,,,z,1688,True,False,,2,,,,False,155,BF-045,materials/cfd/Images/CFD/BF-045/CFD-BF-045-003-N.jpg,BM-009,materials/cfd/Images/CFD/BM-009/CFD-BM-009-008-A.jpg,z,2
22,2,70,study,0,male,Black,female,Black,angry,,,,,m,1612,True,False,,2,,,,False,157,BM-227,materials/cfd/Images/CFD/BM-227/CFD-BM-227-191-N.jpg,BF-019,materials/cfd/Images/CFD/BF-019/CFD-BF-019-023-A.jpg,m,2
22,2,71,study,0,male,Black,male,Black,happy,,,,,m,1483,True,False,,2,,,,False,159,BM-030,materials/cfd/Images/CFD/BM-030/CFD-BM-030-003-N.jpg,BM-033,materials/cfd/Images/CFD/BM-033/CFD-BM-033-029-HO.jpg,m,2
22,2,72,study,0,male,Latino,female,White,happy,,,,,m,1708,True,False,,2,,,,False,161,LM-242,materials/cfd/Images/CFD/LM-242/CFD-LM-242-002-N.jpg,WF-015,materials/cfd/Images/CFD/WF-015/CFD-WF-015-022-HO.jpg,m,2
22,2,73,study,0,male,Black,male,White,angry,,,,,m,2340,True,False,,2,,,,False,163,BM-214,materials/cfd/Images/CFD/BM-214/CFD-BM-214-075-N.jpg,WM-040,materials/cfd/Images/CFD/WM-040/CFD-WM-040-007-A.jpg,m,2
22,2,74,study,0,female,Black,female,White,angry,,,,,z,796,True,False,,2,,,,False,165,BF-033,materials/cfd/Images/CFD/BF-033/CFD-BF-033-028-N.jpg,WF-006,materials/cfd/Images/CFD/WF-006/CFD-WF-006-019-A.jpg,z,2
22,2,75,study,0,male,Latino,male,Black,happy,,,,,m,1173,True,False,,2,,,,False,167,LM-216,materials/cfd/Images/CFD/LM-216/CFD-LM-216-082-N.jpg,BM-019,materials/cfd/Images/CFD/BM-019/CFD-BM-019-004-HO.jpg,m,2
22,2,76,study,0,male,Latino,female,White,happy,,,,,m,1127,True,False,,2,,,,False,169,LM-222,materials/cfd/Images/CFD/LM-222/CFD-LM-222-239-N.jpg,WF-036,materials/cfd/Images/CFD/WF-036/CFD-WF-036-026-HO.jpg,m,2
22,2,77,study,0,female,Asian,female,Black,neutral,,,,,z,1630,True,False,,2,,,,False,171,AF-249,materials/cfd/Images/CFD/AF-249/CFD-AF-249-092-N.jpg,BF-030,materials/cfd/Images/CFD/BF-030/CFD-BF-030-002-N.jpg,z,2
22,2,78,study,0,male,White,male,Black,neutral,,,,,m,1282,True,False,,2,,,,False,173,WM-225,materials/cfd/Images/CFD/WM-225/CFD-WM-225-127-N.jpg,BM-252,materials/cfd/Images/CFD/BM-252/CFD-BM-252-161-N.jpg,m,2
22,2,79,study,0,male,Asian,male,White,angry,,,,,m,1094,True,False,,2,,,,False,175,AM-229,materials/cfd/Images/CFD/AM-229/CFD-AM-229-224-N.jpg,WM-010,materials/cfd/Images/CFD/WM-010/CFD-WM-010-016-A.jpg,m,2
22,2,80,study,0,male,White,female,Black,happy,,,,,m,882,True,False,,2,,,,False,177,WM-243,materials/cfd/Images/CFD/WM-243/CFD-WM-243-107-N.jpg,BF-010,materials/cfd/Images/CFD/BF-010/CFD-BF-010-003-HO.jpg,m,2
22,2,81,study,0,male,White,female,Black,neutral,,,,,m,851,True,False,,2,,,,False,179,WM-004,materials/cfd/Images/CFD/WM-004/CFD-WM-004-010-N.jpg,BF-042,materials/cfd/Images/CFD/BF-042/CFD-BF-042-026-N.jpg,m,2
22,2,82,study,0,female,Asian,male,Black,neutral,,,,,z,1068,True,False,,2,,,,False,181,AF-204,materials/cfd/Images/CFD/AF-204/CFD-AF-204-067-N.jpg,BM-241,materials/cfd/Images/CFD/BM-241/CFD-BM-241-235-N.jpg,z,2
22,2,83,study,0,male,Asian,female,Black,angry,,,,,m,2305,True,False,,2,,,,False,183,AM-212,materials/cfd/Images/CFD/AM-212/CFD-AM-212-050-N.jpg,BF-013,materials/cfd/Images/CFD/BF-013/CFD-BF-013-017-A.jpg,m,2
22,2,84,study,0,female,Asian,male,White,neutral,,,,,z,1508,True,False,,2,,,,False,185,AF-228,materials/cfd/Images/CFD/AF-228/CFD-AF-228-173-N.jpg,WM-207,materials/cfd/Images/CFD/WM-207/CFD-WM-207-048-N.jpg,z,2
22,2,85,study,0,female,Latino,male,White,angry,,,,,z,1261,True,False,,2,,,,False,187,LF-222,materials/cfd/Images/CFD/LF-222/CFD-LF-222-147-N.jpg,WM-009,materials/cfd/Images/CFD/WM-009/CFD-WM-009-009-A.jpg,z,2
22,2,86,study,0,male,Latino,female,Black,happy,,,,,m,1155,True,False,,2,,,,False,189,LM-210,materials/cfd/Images/CFD/LM-210/CFD-LM-210-156-N.jpg,BF-041,materials/cfd/Images/CFD/BF-041/CFD-BF-041-004-HO.jpg,m,2
22,2,87,study,0,female,Asian,female,White,happy,,,,,z,1146,True,False,,2,,,,False,191,AF-244,materials/cfd/Images/CFD/AF-244/CFD-AF-244-168-N.jpg,WF-011,materials/cfd/Images/CFD/WF-011/CFD-WF-011-003-HO.jpg,z,2
22,2,88,study,0,male,White,male,Black,happy,,,,,m,1592,True,False,,2,,,,False,193,WM-234,materials/cfd/Images/CFD/WM-234/CFD-WM-234-118-N.jpg,BM-001,materials/cfd/Images/CFD/BM-001/CFD-BM-001-011-HO.jpg,m,2
22,2,89,study,0,female,Black,male,White,neutral,,,,,m,2151,False,False,,2,,,,False,195,BF-015,materials/cfd/Images/CFD/BF-015/CFD-BF-015-004-N.jpg,WM-214,materials/cfd/Images/CFD/WM-214/CFD-WM-214-026-N.jpg,z,2
22,2,90,study,0,female,White,female,Black,happy,,,,,z,1531,True,False,,2,,,,False,197,WF-014,materials/cfd/Images/CFD/WF-014/CFD-WF-014-002-N.jpg,BF-003,materials/cfd/Images/CFD/BF-003/CFD-BF-003-004-HO.jpg,z,2
22,2,91,study,1,female,Black,female,White,angry,,,,,z,1088,True,False,,2,,,,False,200,BF-246,materials/cfd/Images/CFD/BF-246/CFD-BF-246-170-N.jpg,WF-005,materials/cfd/Images/CFD/WF-005/CFD-WF-005-022-A.jpg,z,2
22,2,92,study,1,male,Latino,female,White,angry,,,,,m,1224,True,False,,2,,,,False,202,LM-218,materials/cfd/Images/CFD/LM-218/CFD-LM-218-183-N.jpg,WF-026,materials/cfd/Images/CFD/WF-026/CFD-WF-026-008-A.jpg,m,2
22,2,93,study,1,male,Latino,female,White,angry,,,,,m,948,True,False,,2,,,,False,204,LM-209,materials/cfd/Images/CFD/LM-209/CFD-LM-209-111-N.jpg,WF-008,materials/cfd/Images/CFD/WF-008/CFD-WF-008-011-A.jpg,m,2
22,2,94,study,1,female,Black,female,White,angry,,,,,z,1387,True,False,,2,,,,False,206,BF-215,materials/cfd/Images/CFD/BF-215/CFD-BF-215-177-N.jpg,WF-020,materials/cfd/Images/CFD/WF-020/CFD-WF-020-012-A.jpg,z,2
22,2,95,study,1,male,Black,male,White,neutral,,,,,m,1357,True,False,,2,,,,False,208,BM-242,materials/cfd/Images/CFD/BM-242/CFD-BM-242-233-N.jpg,WM-003,materials/cfd/Images/CFD/WM-003/CFD-WM-003-002-N.jpg,m,2
22,2,96,study,1,male,Asian,male,White,neutral,,,,,m,1136,True,False,,2,,,,False,210,AM-238,materials/cfd/Images/CFD/AM-238/CFD-AM-238-269-N.jpg,WM-241,materials/cfd/Images/CFD/WM-241/CFD-WM-241-072-N.jpg,m,2
22,2,97,study,1,female,White,male,Black,happy,,,,,z,1239,True,False,,2,,,,False,212,WF-208,materials/cfd/Images/CFD/WF-208/CFD-WF-208-068-N.jpg,BM-021,materials/cfd/Images/CFD/BM-021/CFD-BM-021-022-HO.jpg,z,2
22,2,98,study,1,male,Latino,female,Black,happy,,,,,m,1708,True,False,,2,,,,False,214,LM-238,materials/cfd/Images/CFD/LM-238/CFD-LM-238-129-N.jpg,BF-032,materials/cfd/Images/CFD/BF-032/CFD-BF-032-043-HO.jpg,m,2
22,2,99,study,1,female,Black,female,Black,neutral,,,,,z,2650,True,False,,2,,,,False,216,BF-250,materials/cfd/Images/CFD/BF-250/CFD-BF-250-121-N.jpg,BF-207,materials/cfd/Images/CFD/BF-207/CFD-BF-207-004-N.jpg,z,2
22,2,100,study,1,male,Black,male,White,angry,,,,,m,948,True,False,,2,,,,False,218,BM-004,materials/cfd/Images/CFD/BM-004/CFD-BM-004-002-N.jpg,WM-035,materials/cfd/Images/CFD/WM-035/CFD-WM-035-018-A.jpg,m,2
22,2,101,study,1,female,Asian,female,Black,happy,,,,,z,1522,True,False,,2,,,,False,220,AF-248,materials/cfd/Images/CFD/AF-248/CFD-AF-248-148-N.jpg,BF-011,materials/cfd/Images/CFD/BF-011/CFD-BF-011-004-HO.jpg,z,2
22,2,102,study,1,male,White,female,White,neutral,,,,,m,1956,True,False,,2,,,,False,222,WM-210,materials/cfd/Images/CFD/WM-210/CFD-WM-210-057-N.jpg,WF-037,materials/cfd/Images/CFD/WF-037/CFD-WF-037-029-N.jpg,m,2
22,2,103,study,1,female,White,female,Black,neutral,,,,,z,1551,True,False,,2,,,,False,224,WF-028,materials/cfd/Images/CFD/WF-028/CFD-WF-028-023-N.jpg,BF-039,materials/cfd/Images/CFD/BF-039/CFD-BF-039-031-N.jpg,z,2
22,2,104,study,1,female,White,male,White,angry,,,,,z,2814,True,False,,2,,,,False,226,WF-229,materials/cfd/Images/CFD/WF-229/CFD-WF-229-004-N.jpg,WM-021,materials/cfd/Images/CFD/WM-021/CFD-WM-021-009-A.jpg,z,2
22,2,105,study,1,female,Asian,male,White,neutral,,,,,z,1688,True,False,,2,,,,False,228,AF-222,materials/cfd/Images/CFD/AF-222/CFD-AF-222-134-N.jpg,WM-244,materials/cfd/Images/CFD/WM-244/CFD-WM-244-003-N.jpg,z,2
22,2,106,study,1,female,White,female,White,neutral,,,,,z,1806,True,False,,2,,,,False,230,WF-205,materials/cfd/Images/CFD/WF-205/CFD-WF-205-006-N.jpg,WF-001,materials/cfd/Images/CFD/WF-001/CFD-WF-001-003-N.jpg,z,2
22,2,107,study,1,male,Latino,male,White,happy,,,,,m,1071,True,False,,2,,,,False,232,LM-228,materials/cfd/Images/CFD/LM-228/CFD-LM-228-188-N.jpg,WM-011,materials/cfd/Images/CFD/WM-011/CFD-WM-011-003-HO.jpg,m,2
22,2,108,study,1,male,Black,male,White,angry,,,,,m,1660,True,False,,2,,,,False,234,BM-232,materials/cfd/Images/CFD/BM-232/CFD-BM-232-213-N.jpg,WM-041,materials/cfd/Images/CFD/WM-041/CFD-WM-041-009-A.jpg,m,2
22,2,109,study,1,male,White,male,Black,happy,,,,,m,2010,True,False,,2,,,,False,236,WM-219,materials/cfd/Images/CFD/WM-219/CFD-WM-219-008-N.jpg,BM-032,materials/cfd/Images/CFD/BM-032/CFD-BM-032-007-HO.jpg,m,2
22,2,110,study,1,female,Black,male,White,neutral,,,,,z,1116,True,False,,2,,,,False,238,BF-217,materials/cfd/Images/CFD/BF-217/CFD-BF-217-189-N.jpg,WM-220,materials/cfd/Images/CFD/WM-220/CFD-WM-220-068-N.jpg,z,2
22,2,111,study,1,male,Black,female,Black,neutral,,,,,m,2251,True,False,,2,,,,False,240,BM-023,materials/cfd/Images/CFD/BM-023/CFD-BM-023-029-N.jpg,BF-210,materials/cfd/Images/CFD/BF-210/CFD-BF-210-130-N.jpg,m,2
22,2,112,study,1,male,White,female,Black,neutral,,,,,m,2119,True,False,,2,,,,False,242,WM-211,materials/cfd/Images/CFD/WM-211/CFD-WM-211-054-N.jpg,BF-229,materials/cfd/Images/CFD/BF-229/CFD-BF-229-179-N.jpg,m,2
22,2,113,study,1,female,White,female,Black,angry,,,,,,,False,True,,2,,,,False,244,WF-024,materials/cfd/Images/CFD/WF-024/CFD-WF-024-003-N.jpg,BF-025,materials/cfd/Images/CFD/BF-025/CFD-BF-025-011-A.jpg,z,2
22,2,114,study,1,female,Black,female,Black,happy,,,,,z,1411,True,False,,2,,,,False,246,BF-206,materials/cfd/Images/CFD/BF-206/CFD-BF-206-143-N.jpg,BF-023,materials/cfd/Images/CFD/BF-023/CFD-BF-023-003-HO.jpg,z,2
22,2,115,study,1,female,Black,male,Black,angry,,,,,z,846,True,False,,2,,,,False,248,BF-044,materials/cfd/Images/CFD/BF-044/CFD-BF-044-034-N.jpg,BM-020,materials/cfd/Images/CFD/BM-020/CFD-BM-020-037-A.jpg,z,2
22,2,116,study,1,male,Latino,female,White,angry,,,,,m,1637,True,False,,2,,,,False,250,LM-207,materials/cfd/Images/CFD/LM-207/CFD-LM-207-004-N.jpg,WF-013,materials/cfd/Images/CFD/WF-013/CFD-WF-013-015-A.jpg,m,2
22,2,117,study,1,female,Asian,female,White,angry,,,,,z,1345,True,False,,2,,,,False,252,AF-224,materials/cfd/Images/CFD/AF-224/CFD-AF-224-026-N.jpg,WF-009,materials/cfd/Images/CFD/WF-009/CFD-WF-009-010-A.jpg,z,2
22,2,118,study,1,female,Latino,male,White,happy,,,,,z,1639,True,False,,2,,,,False,254,LF-201,materials/cfd/Images/CFD/LF-201/CFD-LF-201-035-N.jpg,WM-023,materials/cfd/Images/CFD/WM-023/CFD-WM-023-004-HO.jpg,z,2
22,2,119,study,1,female,White,female,White,neutral,,,,,z,1405,True,False,,2,,,,False,256,WF-244,materials/cfd/Images/CFD/WF-244/CFD-WF-244-163-N.jpg,WF-219,materials/cfd/Images/CFD/WF-219/CFD-WF-219-038-N.jpg,z,2
22,2,120,study,1,male,Black,male,White,neutral,,,,,m,1525,True,False,,2,,,,False,258,BM-045,materials/cfd/Images/CFD/BM-045/CFD-BM-045-004-N.jpg,WM-205,materials/cfd/Images/CFD/WM-205/CFD-WM-205-007-N.jpg,m,2
22,2,121,test,0,female,White,male,Black,happy,,,,rearranged,z,1814,True,False,,2,,,,False,277,WF-236,materials/cfd/Images/CFD/WF-236/CFD-WF-236-107-N.jpg,BM-021,materials/cfd/Images/CFD/BM-021/CFD-BM-021-022-HO.jpg,z,2
22,2,122,test,0,female,White,female,Black,angry,,,,intact,z,1425,False,False,,2,,,,False,279,WF-024,materials/cfd/Images/CFD/WF-024/CFD-WF-024-003-N.jpg,BF-025,materials/cfd/Images/CFD/BF-025/CFD-BF-025-011-A.jpg,m,2
22,2,123,test,0,male,Latino,male,Black,neutral,,,,rearranged,z,851,True,False,,2,,,,False,281,LM-230,materials/cfd/Images/CFD/LM-230/CFD-LM-230-202-N.jpg,BM-252,materials/cfd/Images/CFD/BM-252/CFD-BM-252-161-N.jpg,z,2
22,2,124,test,0,female,Asian,female,White,angry,,,,rearranged,z,886,True,False,,2,,,,False,283,AF-224,materials/cfd/Images/CFD/AF-224/CFD-AF-224-026-N.jpg,WF-006,materials/cfd/Images/CFD/WF-006/CFD-WF-006-019-A.jpg,z,2
22,2,125,test,0,male,Latino,female,Black,happy,,,,rearranged,z,845,True,False,,2,,,,False,285,LM-242,materials/cfd/Images/CFD/LM-242/CFD-LM-242-002-N.jpg,BF-032,materials/cfd/Images/CFD/BF-032/CFD-BF-032-043-HO.jpg,z,2
22,2,126,test,0,female,White,male,Black,angry,,,,rearranged,z,860,True,False,,2,,,,False,287,WF-229,materials/cfd/Images/CFD/WF-229/CFD-WF-229-004-N.jpg,BM-009,materials/cfd/Images/CFD/BM-009/CFD-BM-009-008-A.jpg,z,2
22,2,127,test,0,female,White,female,Black,neutral,,,,rearranged,z,634,True,False,,2,,,,False,289,WF-244,materials/cfd/Images/CFD/WF-244/CFD-WF-244-163-N.jpg,BF-207,materials/cfd/Images/CFD/BF-207/CFD-BF-207-004-N.jpg,z,2
22,2,128,test,0,female,Latino,female,Black,happy,,,,rearranged,z,920,True,False,,2,,,,False,291,LF-204,materials/cfd/Images/CFD/LF-204/CFD-LF-204-133-N.jpg,BF-003,materials/cfd/Images/CFD/BF-003/CFD-BF-003-004-HO.jpg,z,2
22,2,129,test,0,female,Asian,male,White,neutral,,,,rearranged,z,731,True,False,,2,,,,False,293,AF-228,materials/cfd/Images/CFD/AF-228/CFD-AF-228-173-N.jpg,WM-244,materials/cfd/Images/CFD/WM-244/CFD-WM-244-003-N.jpg,z,2
22,2,130,test,0,male,Latino,female,White,angry,,,,intact,z,908,False,False,,2,,,,False,295,LM-209,materials/cfd/Images/CFD/LM-209/CFD-LM-209-111-N.jpg,WF-008,materials/cfd/Images/CFD/WF-008/CFD-WF-008-011-A.jpg,m,2
22,2,131,test,0,female,Latino,male,Black,happy,,,,intact,z,694,False,False,,2,,,,False,297,LF-238,materials/cfd/Images/CFD/LF-238/CFD-LF-238-154-N.jpg,BM-002,materials/cfd/Images/CFD/BM-002/CFD-BM-002-007-HO.jpg,m,2
22,2,132,test,0,female,Black,female,Black,happy,,,,intact,m,1032,True,False,,2,,,,False,299,BF-206,materials/cfd/Images/CFD/BF-206/CFD-BF-206-143-N.jpg,BF-023,materials/cfd/Images/CFD/BF-023/CFD-BF-023-003-HO.jpg,m,2
22,2,133,test,0,male,Black,male,Black,neutral,,,,rearranged,m,834,False,False,,2,,,,False,301,BM-242,materials/cfd/Images/CFD/BM-242/CFD-BM-242-233-N.jpg,BM-207,materials/cfd/Images/CFD/BM-207/CFD-BM-207-024-N.jpg,z,2
22,2,134,test,0,female,Asian,male,White,neutral,,,,rearranged,z,1431,True,False,,2,,,,False,303,AF-204,materials/cfd/Images/CFD/AF-204/CFD-AF-204-067-N.jpg,WM-207,materials/cfd/Images/CFD/WM-207/CFD-WM-207-048-N.jpg,z,2
22,2,135,test,0,female,Black,male,White,neutral,,,,intact,z,1164,False,False,,2,,,,False,305,BF-217,materials/cfd/Images/CFD/BF-217/CFD-BF-217-189-N.jpg,WM-220,materials/cfd/Images/CFD/WM-220/CFD-WM-220-068-N.jpg,m,2
22,2,136,test,0,male,Latino,male,Black,happy,,,,intact,z,1046,False,False,,2,,,,False,307,LM-216,materials/cfd/Images/CFD/LM-216/CFD-LM-216-082-N.jpg,BM-019,materials/cfd/Images/CFD/BM-019/CFD-BM-019-004-HO.jpg,m,2
22,2,137,test,0,male,Latino,female,White,happy,,,,intact,z,1196,False,False,,2,,,,False,309,LM-222,materials/cfd/Images/CFD/LM-222/CFD-LM-222-239-N.jpg,WF-036,materials/cfd/Images/CFD/WF-036/CFD-WF-036-026-HO.jpg,m,2
22,2,138,test,0,female,Latino,male,White,angry,,,,intact,z,1035,False,False,,2,,,,False,311,LF-222,materials/cfd/Images/CFD/LF-222/CFD-LF-222-147-N.jpg,WM-009,materials/cfd/Images/CFD/WM-009/CFD-WM-009-009-A.jpg,m,2
22,2,139,test,0,male,Black,male,White,neutral,,,,intact,z,673,False,False,,2,,,,False,313,BM-045,materials/cfd/Images/CFD/BM-045/CFD-BM-045-004-N.jpg,WM-205,materials/cfd/Images/CFD/WM-205/CFD-WM-205-007-N.jpg,m,2
22,2,140,test,0,male,Asian,female,Black,angry,,,,intact,z,1265,False,False,,2,,,,False,315,AM-212,materials/cfd/Images/CFD/AM-212/CFD-AM-212-050-N.jpg,BF-013,materials/cfd/Images/CFD/BF-013/CFD-BF-013-017-A.jpg,m,2
22,2,141,test,0,female,Asian,male,Black,neutral,,,,rearranged,z,935,True,False,,2,,,,False,317,AF-222,materials/cfd/Images/CFD/AF-222/CFD-AF-222-134-N.jpg,BM-241,materials/cfd/Images/CFD/BM-241/CFD-BM-241-235-N.jpg,z,2
22,2,142,test,0,female,Asian,female,White,happy,,,,intact,z,1036,False,False,,2,,,,False,319,AF-244,materials/cfd/Images/CFD/AF-244/CFD-AF-244-168-N.jpg,WF-011,materials/cfd/Images/CFD/WF-011/CFD-WF-011-003-HO.jpg,m,2
22,2,143,test,0,female,Black,female,White,neutral,,,,rearranged,z,880,True,False,,2,,,,False,321,BF-250,materials/cfd/Images/CFD/BF-250/CFD-BF-250-121-N.jpg,WF-219,materials/cfd/Images/CFD/WF-219/CFD-WF-219-038-N.jpg,z,2
22,2,144,test,0,male,Black,female,Black,neutral,,,,intact,m,685,True,False,,2,,,,False,323,BM-023,materials/cfd/Images/CFD/BM-023/CFD-BM-023-029-N.jpg,BF-210,materials/cfd/Images/CFD/BF-210/CFD-BF-210-130-N.jpg,m,2
22,2,145,test,0,male,Asian,female,White,neutral,,,,rearranged,z,1583,True,False,,2,,,,False,325,AM-247,materials/cfd/Images/CFD/AM-247/CFD-AM-247-165-N.jpg,WF-037,materials/cfd/Images/CFD/WF-037/CFD-WF-037-029-N.jpg,z,2
22,2,146,test,0,female,White,female,White,neutral,,,,intact,z,932,False,False,,2,,,,False,327,WF-205,materials/cfd/Images/CFD/WF-205/CFD-WF-205-006-N.jpg,WF-001,materials/cfd/Images/CFD/WF-001/CFD-WF-001-003-N.jpg,m,2
22,2,147,test,0,female,Black,female,White,angry,,,,rearranged,z,1012,True,False,,2,,,,False,329,BF-033,materials/cfd/Images/CFD/BF-033/CFD-BF-033-028-N.jpg,WF-009,materials/cfd/Images/CFD/WF-009/CFD-WF-009-010-A.jpg,z,2
22,2,148,test,0,male,Latino,male,White,angry,,,,rearranged,z,1035,True,False,,2,,,,False,331,LM-225,materials/cfd/Images/CFD/LM-225/CFD-LM-225-130-N.jpg,WM-010,materials/cfd/Images/CFD/WM-010/CFD-WM-010-016-A.jpg,z,2
22,2,149,test,0,male,White,female,Black,neutral,,,,rearranged,z,1130,True,False,,2,,,,False,333,WM-210,materials/cfd/Images/CFD/WM-210/CFD-WM-210-057-N.jpg,BF-043,materials/cfd/Images/CFD/BF-043/CFD-BF-043-003-N.jpg,z,2
22,2,150,test,0,male,Latino,female,Black,happy,,,,rearranged,z,680,True,False,,2,,,,False,335,LM-238,materials/cfd/Images/CFD/LM-238/CFD-LM-238-129-N.jpg,BF-010,materials/cfd/Images/CFD/BF-010/CFD-BF-010-003-HO.jpg,z,2
22,2,151,test,1,male,White,male,Black,happy,,,,rearranged,z,1389,True,False,,2,,,,False,338,WM-234,materials/cfd/Images/CFD/WM-234/CFD-WM-234-118-N.jpg,BM-032,materials/cfd/Images/CFD/BM-032/CFD-BM-032-007-HO.jpg,z,2
22,2,152,test,1,female,Black,male,White,angry,,,,rearranged,z,631,True,False,,2,,,,False,340,BF-044,materials/cfd/Images/CFD/BF-044/CFD-BF-044-034-N.jpg,WM-021,materials/cfd/Images/CFD/WM-021/CFD-WM-021-009-A.jpg,z,2
22,2,153,test,1,male,Latino,female,White,angry,,,,rearranged,z,825,True,False,,2,,,,False,342,LM-207,materials/cfd/Images/CFD/LM-207/CFD-LM-207-004-N.jpg,WF-026,materials/cfd/Images/CFD/WF-026/CFD-WF-026-008-A.jpg,z,2
22,2,154,test,1,male,White,male,White,neutral,,,,rearranged,m,991,False,False,,2,,,,False,344,WM-225,materials/cfd/Images/CFD/WM-225/CFD-WM-225-127-N.jpg,WM-003,materials/cfd/Images/CFD/WM-003/CFD-WM-003-002-N.jpg,z,2
22,2,155,test,1,male,White,female,White,happy,,,,rearranged,z,1077,True,False,,2,,,,False,346,WM-243,materials/cfd/Images/CFD/WM-243/CFD-WM-243-107-N.jpg,WF-015,materials/cfd/Images/CFD/WF-015/CFD-WF-015-022-HO.jpg,z,2
22,2,156,test,1,male,Black,male,White,angry,,,,intact,z,871,False,False,,2,,,,False,348,BM-004,materials/cfd/Images/CFD/BM-004/CFD-BM-004-002-N.jpg,WM-035,materials/cfd/Images/CFD/WM-035/CFD-WM-035-018-A.jpg,m,2
22,2,157,test,1,male,Latino,female,White,angry,,,,rearranged,z,1163,True,False,,2,,,,False,350,LM-218,materials/cfd/Images/CFD/LM-218/CFD-LM-218-183-N.jpg,WF-013,materials/cfd/Images/CFD/WF-013/CFD-WF-013-015-A.jpg,z,2
22,2,158,test,1,female,Black,male,Black,angry,,,,rearranged,m,1233,False,False,,2,,,,False,352,BF-045,materials/cfd/Images/CFD/BF-045/CFD-BF-045-003-N.jpg,BM-020,materials/cfd/Images/CFD/BM-020/CFD-BM-020-037-A.jpg,z,2
22,2,159,test,1,female,Black,male,White,angry,,,,intact,z,1069,False,False,,2,,,,False,354,BF-038,materials/cfd/Images/CFD/BF-038/CFD-BF-038-037-N.jpg,WM-022,materials/cfd/Images/CFD/WM-022/CFD-WM-022-008-A.jpg,m,2
22,2,160,test,1,female,Latino,male,White,happy,,,,intact,z,1701,False,False,,2,,,,False,356,LF-253,materials/cfd/Images/CFD/LF-253/CFD-LF-253-003-N.jpg,WM-038,materials/cfd/Images/CFD/WM-038/CFD-WM-038-005-HO.jpg,m,2
22,2,161,test,1,male,Black,male,White,angry,,,,rearranged,z,680,True,False,,2,,,,False,358,BM-214,materials/cfd/Images/CFD/BM-214/CFD-BM-214-075-N.jpg,WM-006,materials/cfd/Images/CFD/WM-006/CFD-WM-006-022-A.jpg,z,2
22,2,162,test,1,male,Black,female,Black,angry,,,,intact,m,1454,True,False,,2,,,,False,360,BM-227,materials/cfd/Images/CFD/BM-227/CFD-BM-227-191-N.jpg,BF-019,materials/cfd/Images/CFD/BF-019/CFD-BF-019-023-A.jpg,m,2
22,2,163,test,1,male,White,male,Black,happy,,,,rearranged,z,793,True,False,,2,,,,False,362,WM-219,materials/cfd/Images/CFD/WM-219/CFD-WM-219-008-N.jpg,BM-001,materials/cfd/Images/CFD/BM-001/CFD-BM-001-011-HO.jpg,z,2
22,2,164,test,1,female,Latino,male,White,happy,,,,intact,z,1507,False,False,,2,,,,False,364,LF-201,materials/cfd/Images/CFD/LF-201/CFD-LF-201-035-N.jpg,WM-023,materials/cfd/Images/CFD/WM-023/CFD-WM-023-004-HO.jpg,m,2
22,2,165,test,1,female,White,female,Black,neutral,,,,intact,z,1537,False,False,,2,,,,False,366,WF-028,materials/cfd/Images/CFD/WF-028/CFD-WF-028-023-N.jpg,BF-039,materials/cfd/Images/CFD/BF-039/CFD-BF-039-031-N.jpg,m,2
22,2,166,test,1,male,Asian,male,White,neutral,,,,intact,z,1025,False,False,,2,,,,False,368,AM-238,materials/cfd/Images/CFD/AM-238/CFD-AM-238-269-N.jpg,WM-241,materials/cfd/Images/CFD/WM-241/CFD-WM-241-072-N.jpg,m,2
22,2,167,test,1,male,Latino,female,Black,happy,,,,intact,z,1099,False,False,,2,,,,False,370,LM-210,materials/cfd/Images/CFD/LM-210/CFD-LM-210-156-N.jpg,BF-041,materials/cfd/Images/CFD/BF-041/CFD-BF-041-004-HO.jpg,m,2
22,2,168,test,1,female,Black,female,White,angry,,,,intact,z,2614,False,False,,2,,,,False,372,BF-215,materials/cfd/Images/CFD/BF-215/CFD-BF-215-177-N.jpg,WF-020,materials/cfd/Images/CFD/WF-020/CFD-WF-020-012-A.jpg,m,2
22,2,169,test,1,female,White,female,Black,happy,,,,rearranged,z,764,True,False,,2,,,,False,374,WF-014,materials/cfd/Images/CFD/WF-014/CFD-WF-014-002-N.jpg,BF-011,materials/cfd/Images/CFD/BF-011/CFD-BF-011-004-HO.jpg,z,2
22,2,170,test,1,male,Black,male,Black,happy,,,,intact,m,1029,True,False,,2,,,,False,376,BM-030,materials/cfd/Images/CFD/BM-030/CFD-BM-030-003-N.jpg,BM-033,materials/cfd/Images/CFD/BM-033/CFD-BM-033-029-HO.jpg,m,2
22,2,171,test,1,female,Asian,female,Black,neutral,,,,intact,z,805,False,False,,2,,,,False,378,AF-249,materials/cfd/Images/CFD/AF-249/CFD-AF-249-092-N.jpg,BF-030,materials/cfd/Images/CFD/BF-030/CFD-BF-030-002-N.jpg,m,2
22,2,172,test,1,male,White,female,Black,neutral,,,,intact,z,1107,False,False,,2,,,,False,380,WM-004,materials/cfd/Images/CFD/WM-004/CFD-WM-004-010-N.jpg,BF-042,materials/cfd/Images/CFD/BF-042/CFD-BF-042-026-N.jpg,m,2
22,2,173,test,1,male,Asian,male,White,angry,,,,rearranged,z,751,True,False,,2,,,,False,382,AM-229,materials/cfd/Images/CFD/AM-229/CFD-AM-229-224-N.jpg,WM-040,materials/cfd/Images/CFD/WM-040/CFD-WM-040-007-A.jpg,z,2
22,2,174,test,1,female,Black,female,White,angry,,,,intact,z,867,False,False,,2,,,,False,384,BF-246,materials/cfd/Images/CFD/BF-246/CFD-BF-246-170-N.jpg,WF-005,materials/cfd/Images/CFD/WF-005/CFD-WF-005-022-A.jpg,m,2
22,2,175,test,1,male,Latino,male,White,happy,,,,intact,z,729,False,False,,2,,,,False,386,LM-228,materials/cfd/Images/CFD/LM-228/CFD-LM-228-188-N.jpg,WM-011,materials/cfd/Images/CFD/WM-011/CFD-WM-011-003-HO.jpg,m,2
22,2,176,test,1,female,Black,male,White,neutral,,,,intact,z,833,False,False,,2,,,,False,388,BF-015,materials/cfd/Images/CFD/BF-015/CFD-BF-015-004-N.jpg,WM-214,materials/cfd/Images/CFD/WM-214/CFD-WM-214-026-N.jpg,m,2
22,2,177,test,1,male,White,female,Black,neutral,,,,intact,z,827,False,False,,2,,,,False,390,WM-211,materials/cfd/Images/CFD/WM-211/CFD-WM-211-054-N.jpg,BF-229,materials/cfd/Images/CFD/BF-229/CFD-BF-229-179-N.jpg,m,2
22,2,178,test,1,female,White,male,Black,happy,,,,rearranged,z,630,True,False,,2,,,,False,392,WF-208,materials/cfd/Images/CFD/WF-208/CFD-WF-208-068-N.jpg,BM-025,materials/cfd/Images/CFD/BM-025/CFD-BM-025-040-HO.jpg,z,2
22,2,179,test,1,male,Black,male,White,angry,,,,intact,z,1009,False,False,,2,,,,False,394,BM-232,materials/cfd/Images/CFD/BM-232/CFD-BM-232-213-N.jpg,WM-041,materials/cfd/Images/CFD/WM-041/CFD-WM-041-009-A.jpg,m,2
22,2,180,test,1,female,Asian,female,White,happy,,,,rearranged,z,918,True,False,,2,,,,False,396,AF-248,materials/cfd/Images/CFD/AF-248/CFD-AF-248-148-N.jpg,WF-034,materials/cfd/Images/CFD/WF-034/CFD-WF-034-033-HO.jpg,z,2
23,2,1,study,0,female,Black,female,Black,neutral,,,,,z,822,True,False,,1,,,,False,17,BF-236,materials/cfd/Images/CFD/BF-236/CFD-BF-236-177-N.jpg,BF-011,materials/cfd/Images/CFD/BF-011/CFD-BF-011-002-N.jpg,z,1.25
23,2,2,study,0,male,White,female,Black,happy,,,,,z,2100,False,False,,1,,,,False,19,WM-231,materials/cfd/Images/CFD/WM-231/CFD-WM-231-112-N.jpg,BF-004,materials/cfd/Images/CFD/BF-004/CFD-BF-004-009-HO.jpg,m,1.25
23,2,3,study,0,male,Latino,male,White,neutral,,,,,m,1034,True,False,,1,,,,False,21,LM-239,materials/cfd/Images/CFD/LM-239/CFD-LM-239-075-N.jpg,WM-021,materials/cfd/Images/CFD/WM-021/CFD-WM-021-001-N.jpg,m,1.25
23,2,4,study,0,female,Black,female,White,angry,,,,,z,1328,True,False,,1,,,,False,23,BF-038,materials/cfd/Images/CFD/BF-038/CFD-BF-038-037-N.jpg,WF-005,materials/cfd/Images/CFD/WF-005/CFD-WF-005-022-A.jpg,z,1.25
23,2,5,study,0,male,Black,male,White,neutral,,,,,m,967,True,False,,1,,,,False,25,BM-229,materials/cfd/Images/CFD/BM-229/CFD-BM-229-209-N.jpg,WM-250,materials/cfd/Images/CFD/WM-250/CFD-WM-250-157-N.jpg,m,1.25
23,2,6,study,0,male,White,male,Black,happy,,,,,m,1175,True,False,,1,,,,False,27,WM-208,materials/cfd/Images/CFD/WM-208/CFD-WM-208-068-N.jpg,BM-024,materials/cfd/Images/CFD/BM-024/CFD-BM-024-061-HO.jpg,m,1.25
23,2,7,study,0,male,Black,male,White,happy,,,,,m,886,True,False,,1,,,,False,29,BM-250,materials/cfd/Images/CFD/BM-250/CFD-BM-250-170-N.jpg,WM-012,materials/cfd/Images/CFD/WM-012/CFD-WM-012-005-HO.jpg,m,1.25
23,2,8,study,0,female,Asian,male,Black,neutral,,,,,m,1995,False,False,,1,,,,False,31,AF-230,materials/cfd/Images/CFD/AF-230/CFD-AF-230-193-N.jpg,BM-200,materials/cfd/Images/CFD/BM-200/CFD-BM-200-046-N.jpg,z,1.25
23,2,9,study,0,male,White,male,Black,happy,,,,,m,1266,True,False,,1,,,,False,33,WM-211,materials/cfd/Images/CFD/WM-211/CFD-WM-211-054-N.jpg,BM-013,materials/cfd/Images/CFD/BM-013/CFD-BM-013-004-HO.jpg,m,1.25
23,2,10,study,0,female,Black,male,Black,happy,,,,,m,2847,False,False,,1,,,,False,35,BF-002,materials/cfd/Images/CFD/BF-002/CFD-BF-002-001-N.jpg,BM-018,materials/cfd/Images/CFD/BM-018/CFD-BM-018-007-HO.jpg,z,1.25
23,2,11,study,0,male,White,male,White,angry,,,,,m,1384,True,False,,1,,,,False,37,WM-200,materials/cfd/Images/CFD/WM-200/CFD-WM-200-034-N.jpg,WM-014,materials/cfd/Images/CFD/WM-014/CFD-WM-014-013-A.jpg,m,1.25
23,2,12,study,0,female,Asian,male,White,happy,,,,,m,2598,False,False,,1,,,,False,39,AF-249,materials/cfd/Images/CFD/AF-249/CFD-AF-249-092-N.jpg,WM-025,materials/cfd/Images/CFD/WM-025/CFD-WM-025-019-HO.jpg,z,1.25
23,2,13,study,0,female,Black,female,Black,angry,,,,,z,1298,True,False,,1,,,,False,41,BF-240,materials/cfd/Images/CFD/BF-240/CFD-BF-240-179-N.jpg,BF-019,materials/cfd/Images/CFD/BF-019/CFD-BF-019-023-A.jpg,z,1.25
23,2,14,study,0,female,Asian,male,Black,angry,,,,,m,1157,False,False,,1,,,,False,43,AF-235,materials/cfd/Images/CFD/AF-235/CFD-AF-235-170-N.jpg,BM-021,materials/cfd/Images/CFD/BM-021/CFD-BM-021-026-A.jpg,z,1.25
23,2,15,study,0,female,White,female,Black,angry,,,,,z,1221,True,False,,1,,,,False,45,WF-033,materials/cfd/Images/CFD/WF-033/CFD-WF-033-002-N.jpg,BF-036,materials/cfd/Images/CFD/BF-036/CFD-BF-036-020-A.jpg,z,1.25
23,2,16,study,0,female,Asian,female,White,happy,,,,,z,1038,True,False,,1,,,,False,47,AF-247,materials/cfd/Images/CFD/AF-247/CFD-AF-247-278-N.jpg,WF-026,materials/cfd/Images/CFD/WF-026/CFD-WF-026-017-HO.jpg,z,1.25
23,2,17,study,0,male,Black,female,Black,happy,,,,,z,1998,False,False,,1,,,,False,49,BM-201,materials/cfd/Images/CFD/BM-201/CFD-BM-201-077-N.jpg,BF-039,materials/cfd/Images/CFD/BF-039/CFD-BF-039-033-HO.jpg,m,1.25
23,2,18,study,0,male,Asian,female,White,angry,,,,,z,837,False,False,,1,,,,False,51,AM-225,materials/cfd/Images/CFD/AM-225/CFD-AM-225-102-N.jpg,WF-010,materials/cfd/Images/CFD/WF-010/CFD-WF-010-014-A.jpg,m,1.25
23,2,19,study,0,male,Asian,male,White,angry,,,,,,,False,True,,1,,,,False,53,AM-207,materials/cfd/Images/CFD/AM-207/CFD-AM-207-108-N.jpg,WM-039,materials/cfd/Images/CFD/WM-039/CFD-WM-039-010-A.jpg,m,1.25
23,2,20,study,0,female,Latino,male,White,neutral,,,,,m,1976,False,False,,1,,,,False,55,LF-231,materials/cfd/Images/CFD/LF-231/CFD-LF-231-260-N.jpg,WM-241,materials/cfd/Images/CFD/WM-241/CFD-WM-241-072-N.jpg,z,1.25
23,2,21,study,0,female,Black,male,White,neutral,,,,,m,1297,False,False,,1,,,,False,57,BF-243,materials/cfd/Images/CFD/BF-243/CFD-BF-243-164-N.jpg,WM-033,materials/cfd/Images/CFD/WM-033/CFD-WM-033-025-N.jpg,z,1.25
23,2,22,study,0,female,White,female,Black,happy,,,,,z,2064,True,False,,1,,,,False,59,WF-200,materials/cfd/Images/CFD/WF-200/CFD-WF-200-099-N.jpg,BF-047,materials/cfd/Images/CFD/BF-047/CFD-BF-047-028-HO.jpg,z,1.25
23,2,23,study,0,male,Black,female,Black,happy,,,,,,,False,True,,1,,,,False,61,BM-004,materials/cfd/Images/CFD/BM-004/CFD-BM-004-002-N.jpg,BF-034,materials/cfd/Images/CFD/BF-034/CFD-BF-034-005-HO.jpg,m,1.25
23,2,24,study,0,male,Black,male,Black,happy,,,,,m,960,True,False,,1,,,,False,63,BM-227,materials/cfd/Images/CFD/BM-227/CFD-BM-227-191-N.jpg,BM-005,materials/cfd/Images/CFD/BM-005/CFD-BM-005-005-HO.jpg,m,1.25
23,2,25,study,0,female,White,female,Black,angry,,,,,z,1259,True,False,,1,,,,False,65,WF-018,materials/cfd/Images/CFD/WF-018/CFD-WF-018-017-N.jpg,BF-027,materials/cfd/Images/CFD/BF-027/CFD-BF-027-008-A.jpg,z,1.25
23,2,26,study,0,female,Black,male,White,neutral,,,,,m,1760,False,False,,1,,,,False,67,BF-232,materials/cfd/Images/CFD/BF-232/CFD-BF-232-187-N.jpg,WM-225,materials/cfd/Images/CFD/WM-225/CFD-WM-225-127-N.jpg,z,1.25
23,2,27,study,0,female,White,male,White,angry,,,,,m,2076,False,False,,1,,,,False,69,WF-221,materials/cfd/Images/CFD/WF-221/CFD-WF-221-005-N.jpg,WM-015,materials/cfd/Images/CFD/WM-015/CFD-WM-015-017-A.jpg,z,1.25
23,2,28,study,0,female,Latino,female,Black,neutral,,,,,m,1519,False,False,,1,,,,False,71,LF-202,materials/cfd/Images/CFD/LF-202/CFD-LF-202-065-N.jpg,BF-045,materials/cfd/Images/CFD/BF-045/CFD-BF-045-003-N.jpg,z,1.25
23,2,29,study,0,male,White,male,Black,neutral,,,,,m,2599,True,False,,1,,,,False,73,WM-243,materials/cfd/Images/CFD/WM-243/CFD-WM-243-107-N.jpg,BM-037,materials/cfd/Images/CFD/BM-037/CFD-BM-037-033-N.jpg,m,1.25
23,2,30,study,0,male,White,male,White,neutral,,,,,m,877,True,False,,1,,,,False,75,WM-002,materials/cfd/Images/CFD/WM-002/CFD-WM-002-009-N.jpg,WM-209,materials/cfd/Images/CFD/WM-209/CFD-WM-209-038-N.jpg,m,1.25
23,2,31,study,1,male,Black,male,Black,angry,,,,,m,918,True,False,,1,,,,False,78,BM-207,materials/cfd/Images/CFD/BM-207/CFD-BM-207-024-N.jpg,BM-030,materials/cfd/Images/CFD/BM-030/CFD-BM-030-041-A.jpg,m,1.25
23,2,32,study,1,female,Black,male,Black,happy,,,,,m,1595,False,False,,1,,,,False,80,BF-021,materials/cfd/Images/CFD/BF-021/CFD-BF-021-013-N.jpg,BM-038,materials/cfd/Images/CFD/BM-038/CFD-BM-038-007-HO.jpg,z,1.25
23,2,33,study,1,male,Black,male,White,neutral,,,,,m,781,True,False,,1,,,,False,82,BM-027,materials/cfd/Images/CFD/BM-027/CFD-BM-027-001-N.jpg,WM-201,materials/cfd/Images/CFD/WM-201/CFD-WM-201-063-N.jpg,m,1.25
23,2,34,study,1,male,White,female,White,angry,,,,,z,1324,False,False,,1,,,,False,84,WM-239,materials/cfd/Images/CFD/WM-239/CFD-WM-239-128-N.jpg,WF-025,materials/cfd/Images/CFD/WF-025/CFD-WF-025-015-A.jpg,m,1.25
23,2,35,study,1,female,White,female,White,happy,,,,,m,1151,False,False,,1,,,,False,86,WF-006,materials/cfd/Images/CFD/WF-006/CFD-WF-006-002-N.jpg,WF-012,materials/cfd/Images/CFD/WF-012/CFD-WF-012-007-HO.jpg,z,1.25
23,2,36,study,1,male,Black,female,Black,happy,,,,,z,1620,False,False,,1,,,,False,88,BM-221,materials/cfd/Images/CFD/BM-221/CFD-BM-221-198-N.jpg,BF-042,materials/cfd/Images/CFD/BF-042/CFD-BF-042-028-HO.jpg,m,1.25
23,2,37,study,1,female,Black,female,White,happy,,,,,z,895,True,False,,1,,,,False,90,BF-205,materials/cfd/Images/CFD/BF-205/CFD-BF-205-141-N.jpg,WF-007,materials/cfd/Images/CFD/WF-007/CFD-WF-007-003-HO.jpg,z,1.25
23,2,38,study,1,female,Black,female,White,neutral,,,,,z,771,True,False,,1,,,,False,92,BF-231,materials/cfd/Images/CFD/BF-231/CFD-BF-231-202-N.jpg,WF-208,materials/cfd/Images/CFD/WF-208/CFD-WF-208-068-N.jpg,z,1.25
23,2,39,study,1,female,Asian,male,Black,neutral,,,,,m,1555,False,False,,1,,,,False,94,AF-206,materials/cfd/Images/CFD/AF-206/CFD-AF-206-079-N.jpg,BM-215,materials/cfd/Images/CFD/BM-215/CFD-BM-215-155-N.jpg,z,1.25
23,2,40,study,1,male,Black,female,White,angry,,,,,z,1106,False,False,,1,,,,False,96,BM-211,materials/cfd/Images/CFD/BM-211/CFD-BM-211-174-N.jpg,WF-034,materials/cfd/Images/CFD/WF-034/CFD-WF-034-016-A.jpg,m,1.25
23,2,41,study,1,male,White,female,Black,neutral,,,,,z,1456,False,False,,1,,,,False,98,WM-248,materials/cfd/Images/CFD/WM-248/CFD-WM-248-036-N.jpg,BF-206,materials/cfd/Images/CFD/BF-206/CFD-BF-206-143-N.jpg,m,1.25
23,2,42,study,1,female,Black,female,Black,neutral,,,,,z,816,True,False,,1,,,,False,100,BF-041,materials/cfd/Images/CFD/BF-041/CFD-BF-041-001-N.jpg,BF-015,materials/cfd/Images/CFD/BF-015/CFD-BF-015-004-N.jpg,z,1.25
23,2,43,study,1,male,Black,female,White,neutral,,,,,z,1575,False,False,,1,,,,False,102,BM-222,materials/cfd/Images/CFD/BM-222/CFD-BM-222-173-N.jpg,WF-232,materials/cfd/Images/CFD/WF-232/CFD-WF-232-161-N.jpg,m,1.25
23,2,44,study,1,male,White,male,White,angry,,,,,m,888,True,False,,1,,,,False,104,WM-251,materials/cfd/Images/CFD/WM-251/CFD-WM-251-002-N.jpg,WM-010,materials/cfd/Images/CFD/WM-010/CFD-WM-010-016-A.jpg,m,1.25
23,2,45,study,1,male,White,female,Black,happy,,,,,z,1836,False,False,,1,,,,False,106,WM-036,materials/cfd/Images/CFD/WM-036/CFD-WM-036-031-N.jpg,BF-005,materials/cfd/Images/CFD/BF-005/CFD-BF-005-005-HO.jpg,m,1.25
23,2,46,study,1,male,White,female,White,neutral,,,,,z,1756,False,False,,1,,,,False,108,WM-022,materials/cfd/Images/CFD/WM-022/CFD-WM-022-001-N.jpg,WF-235,materials/cfd/Images/CFD/WF-235/CFD-WF-235-121-N.jpg,m,1.25
23,2,47,study,1,female,White,male,Black,angry,,,,,m,1617,False,False,,1,,,,False,110,WF-017,materials/cfd/Images/CFD/WF-017/CFD-WF-017-003-N.jpg,BM-032,materials/cfd/Images/CFD/BM-032/CFD-BM-032-015-A.jpg,z,1.25
23,2,48,study,1,male,Asian,female,White,angry,,,,,z,1718,False,False,,1,,,,False,112,AM-221,materials/cfd/Images/CFD/AM-221/CFD-AM-221-184-N.jpg,WF-035,materials/cfd/Images/CFD/WF-035/CFD-WF-035-033-A.jpg,m,1.25
23,2,49,study,1,female,Asian,male,White,happy,,,,,m,2276,False,False,,1,,,,False,114,AF-228,materials/cfd/Images/CFD/AF-228/CFD-AF-228-173-N.jpg,WM-013,materials/cfd/Images/CFD/WM-013/CFD-WM-013-006-HO.jpg,z,1.25
23,2,50,study,1,male,White,female,Black,neutral,,,,,z,1477,False,False,,1,,,,False,116,WM-029,materials/cfd/Images/CFD/WM-029/CFD-WM-029-023-N.jpg,BF-242,materials/cfd/Images/CFD/BF-242/CFD-BF-242-154-N.jpg,m,1.25
23,2,51,study,1,female,Asian,female,Black,neutral,,,,,z,1227,True,False,,1,,,,False,118,AF-237,materials/cfd/Images/CFD/AF-237/CFD-AF-237-223-N.jpg,BF-207,materials/cfd/Images/CFD/BF-207/CFD-BF-207-004-N.jpg,z,1.25
23,2,52,study,1,female,Latino,male,White,angry,,,,,m,1785,False,False,,1,,,,False,120,LF-220,materials/cfd/Images/CFD/LF-220/CFD-LF-220-120-N.jpg,WM-020,materials/cfd/Images/CFD/WM-020/CFD-WM-020-008-A.jpg,z,1.25
23,2,53,study,1,female,Asian,male,Black,happy,,,,,,,False,True,,1,,,,False,122,AF-229,materials/cfd/Images/CFD/AF-229/CFD-AF-229-160-N.jpg,BM-023,materials/cfd/Images/CFD/BM-023/CFD-BM-023-006-HO.jpg,z,1.25
23,2,54,study,1,male,Latino,female,Black,neutral,,,,,z,1714,False,False,,1,,,,False,124,LM-231,materials/cfd/Images/CFD/LM-231/CFD-LM-231-214-N.jpg,BF-251,materials/cfd/Images/CFD/BF-251/CFD-BF-251-211-N.jpg,m,1.25
23,2,55,study,1,female,White,female,White,angry,,,,,z,988,True,False,,1,,,,False,126,WF-233,materials/cfd/Images/CFD/WF-233/CFD-WF-233-112-N.jpg,WF-008,materials/cfd/Images/CFD/WF-008/CFD-WF-008-011-A.jpg,z,1.25
23,2,56,study,1,male,Latino,male,Black,angry,,,,,m,1035,True,False,,1,,,,False,128,LM-203,materials/cfd/Images/CFD/LM-203/CFD-LM-203-026-N.jpg,BM-031,materials/cfd/Images/CFD/BM-031/CFD-BM-031-030-A.jpg,m,1.25
23,2,57,study,1,male,Latino,male,Black,happy,,,,,m,1230,True,False,,1,,,,False,130,LM-248,materials/cfd/Images/CFD/LM-248/CFD-LM-248-089-N.jpg,BM-015,materials/cfd/Images/CFD/BM-015/CFD-BM-015-016-HO.jpg,m,1.25
23,2,58,study,1,female,Asian,male,Black,angry,,,,,m,1826,False,False,,1,,,,False,132,AF-224,materials/cfd/Images/CFD/AF-224/CFD-AF-224-026-N.jpg,BM-036,materials/cfd/Images/CFD/BM-036/CFD-BM-036-037-A.jpg,z,1.25
23,2,59,study,1,male,Black,female,Black,angry,,,,,z,1369,False,False,,1,,,,False,134,BM-020,materials/cfd/Images/CFD/BM-020/CFD-BM-020-001-N.jpg,BF-023,materials/cfd/Images/CFD/BF-023/CFD-BF-023-013-A.jpg,m,1.25
23,2,60,study,1,female,Black,female,Black,happy,,,,,z,1195,True,False,,1,,,,False,136,BF-235,materials/cfd/Images/CFD/BF-235/CFD-BF-235-168-N.jpg,BF-009,materials/cfd/Images/CFD/BF-009/CFD-BF-009-006-HO.jpg,z,1.25
23,2,61,study,0,male,Black,female,White,angry,,,,,z,2140,False,False,,1,,,,False,139,BM-211,materials/cfd/Images/CFD/BM-211/CFD-BM-211-174-N.jpg,WF-034,materials/cfd/Images/CFD/WF-034/CFD-WF-034-016-A.jpg,m,1.25
23,2,62,study,0,male,White,female,White,angry,,,,,,,False,True,,1,,,,False,141,WM-239,materials/cfd/Images/CFD/WM-239/CFD-WM-239-128-N.jpg,WF-025,materials/cfd/Images/CFD/WF-025/CFD-WF-025-015-A.jpg,m,1.25
23,2,63,study,0,male,Latino,female,Black,neutral,,,,,z,2282,False,False,,1,,,,False,143,LM-231,materials/cfd/Images/CFD/LM-231/CFD-LM-231-214-N.jpg,BF-251,materials/cfd/Images/CFD/BF-251/CFD-BF-251-211-N.jpg,m,1.25
23,2,64,study,0,male,Latino,male,Black,angry,,,,,m,1247,True,False,,1,,,,False,145,LM-203,materials/cfd/Images/CFD/LM-203/CFD-LM-203-026-N.jpg,BM-031,materials/cfd/Images/CFD/BM-031/CFD-BM-031-030-A.jpg,m,1.25
23,2,65,study,0,female,White,male,White,angry,,,,,m,2882,False,False,,1,,,,False,147,WF-221,materials/cfd/Images/CFD/WF-221/CFD-WF-221-005-N.jpg,WM-015,materials/cfd/Images/CFD/WM-015/CFD-WM-015-017-A.jpg,z,1.25
23,2,66,study,0,male,White,male,Black,happy,,,,,m,1464,True,False,,1,,,,False,149,WM-211,materials/cfd/Images/CFD/WM-211/CFD-WM-211-054-N.jpg,BM-013,materials/cfd/Images/CFD/BM-013/CFD-BM-013-004-HO.jpg,m,1.25
23,2,67,study,0,male,Asian,male,White,angry,,,,,m,1007,True,False,,1,,,,False,151,AM-207,materials/cfd/Images/CFD/AM-207/CFD-AM-207-108-N.jpg,WM-039,materials/cfd/Images/CFD/WM-039/CFD-WM-039-010-A.jpg,m,1.25
23,2,68,study,0,male,White,male,White,angry,,,,,,,False,True,,1,,,,False,153,WM-200,materials/cfd/Images/CFD/WM-200/CFD-WM-200-034-N.jpg,WM-014,materials/cfd/Images/CFD/WM-014/CFD-WM-014-013-A.jpg,m,1.25
23,2,69,study,0,male,Latino,male,Black,happy,,,,,m,953,True,False,,1,,,,False,155,LM-248,materials/cfd/Images/CFD/LM-248/CFD-LM-248-089-N.jpg,BM-015,materials/cfd/Images/CFD/BM-015/CFD-BM-015-016-HO.jpg,m,1.25
23,2,70,study,0,male,Black,male,White,neutral,,,,,m,493,True,False,,1,,,,False,157,BM-229,materials/cfd/Images/CFD/BM-229/CFD-BM-229-209-N.jpg,WM-250,materials/cfd/Images/CFD/WM-250/CFD-WM-250-157-N.jpg,m,1.25
23,2,71,study,0,male,Black,female,Black,happy,,,,,z,1238,False,False,,1,,,,False,159,BM-221,materials/cfd/Images/CFD/BM-221/CFD-BM-221-198-N.jpg,BF-042,materials/cfd/Images/CFD/BF-042/CFD-BF-042-028-HO.jpg,m,1.25
23,2,72,study,0,female,Asian,male,Black,angry,,,,,z,1403,True,False,,1,,,,False,161,AF-235,materials/cfd/Images/CFD/AF-235/CFD-AF-235-170-N.jpg,BM-021,materials/cfd/Images/CFD/BM-021/CFD-BM-021-026-A.jpg,z,1.25
23,2,73,study,0,female,Black,female,Black,angry,,,,,z,1078,True,False,,1,,,,False,163,BF-240,materials/cfd/Images/CFD/BF-240/CFD-BF-240-179-N.jpg,BF-019,materials/cfd/Images/CFD/BF-019/CFD-BF-019-023-A.jpg,z,1.25
23,2,74,study,0,female,Black,male,White,neutral,,,,,z,603,True,False,,1,,,,False,165,BF-232,materials/cfd/Images/CFD/BF-232/CFD-BF-232-187-N.jpg,WM-225,materials/cfd/Images/CFD/WM-225/CFD-WM-225-127-N.jpg,z,1.25
23,2,75,study,0,male,White,female,Black,happy,,,,,z,1188,False,False,,1,,,,False,167,WM-231,materials/cfd/Images/CFD/WM-231/CFD-WM-231-112-N.jpg,BF-004,materials/cfd/Images/CFD/BF-004/CFD-BF-004-009-HO.jpg,m,1.25
23,2,76,study,0,female,Asian,male,Black,neutral,,,,,m,1954,False,False,,1,,,,False,169,AF-206,materials/cfd/Images/CFD/AF-206/CFD-AF-206-079-N.jpg,BM-215,materials/cfd/Images/CFD/BM-215/CFD-BM-215-155-N.jpg,z,1.25
23,2,77,study,0,male,White,male,Black,neutral,,,,,m,1164,True,False,,1,,,,False,171,WM-243,materials/cfd/Images/CFD/WM-243/CFD-WM-243-107-N.jpg,BM-037,materials/cfd/Images/CFD/BM-037/CFD-BM-037-033-N.jpg,m,1.25
23,2,78,study,0,female,White,male,Black,angry,,,,,m,1392,False,False,,1,,,,False,173,WF-017,materials/cfd/Images/CFD/WF-017/CFD-WF-017-003-N.jpg,BM-032,materials/cfd/Images/CFD/BM-032/CFD-BM-032-015-A.jpg,z,1.25
23,2,79,study,0,male,White,female,Black,neutral,,,,,z,1144,False,False,,1,,,,False,175,WM-248,materials/cfd/Images/CFD/WM-248/CFD-WM-248-036-N.jpg,BF-206,materials/cfd/Images/CFD/BF-206/CFD-BF-206-143-N.jpg,m,1.25
23,2,80,study,0,female,Black,female,Black,neutral,,,,,z,1229,True,False,,1,,,,False,177,BF-041,materials/cfd/Images/CFD/BF-041/CFD-BF-041-001-N.jpg,BF-015,materials/cfd/Images/CFD/BF-015/CFD-BF-015-004-N.jpg,z,1.25
23,2,81,study,0,female,Black,male,Black,happy,,,,,z,2503,True,False,,1,,,,False,179,BF-002,materials/cfd/Images/CFD/BF-002/CFD-BF-002-001-N.jpg,BM-018,materials/cfd/Images/CFD/BM-018/CFD-BM-018-007-HO.jpg,z,1.25
23,2,82,study,0,female,Black,male,Black,happy,,,,,m,2432,False,False,,1,,,,False,181,BF-021,materials/cfd/Images/CFD/BF-021/CFD-BF-021-013-N.jpg,BM-038,materials/cfd/Images/CFD/BM-038/CFD-BM-038-007-HO.jpg,z,1.25
23,2,83,study,0,male,White,male,White,angry,,,,,m,954,True,False,,1,,,,False,183,WM-251,materials/cfd/Images/CFD/WM-251/CFD-WM-251-002-N.jpg,WM-010,materials/cfd/Images/CFD/WM-010/CFD-WM-010-016-A.jpg,m,1.25
23,2,84,study,0,male,White,male,Black,happy,,,,,m,948,True,False,,1,,,,False,185,WM-208,materials/cfd/Images/CFD/WM-208/CFD-WM-208-068-N.jpg,BM-024,materials/cfd/Images/CFD/BM-024/CFD-BM-024-061-HO.jpg,m,1.25
23,2,85,study,0,female,White,female,Black,angry,,,,,z,923,True,False,,1,,,,False,187,WF-033,materials/cfd/Images/CFD/WF-033/CFD-WF-033-002-N.jpg,BF-036,materials/cfd/Images/CFD/BF-036/CFD-BF-036-020-A.jpg,z,1.25
23,2,86,study,0,female,Latino,female,Black,neutral,,,,,z,779,True,False,,1,,,,False,189,LF-202,materials/cfd/Images/CFD/LF-202/CFD-LF-202-065-N.jpg,BF-045,materials/cfd/Images/CFD/BF-045/CFD-BF-045-003-N.jpg,z,1.25
23,2,87,study,0,female,White,female,Black,angry,,,,,z,1450,True,False,,1,,,,False,191,WF-018,materials/cfd/Images/CFD/WF-018/CFD-WF-018-017-N.jpg,BF-027,materials/cfd/Images/CFD/BF-027/CFD-BF-027-008-A.jpg,z,1.25
23,2,88,study,0,female,Latino,male,White,neutral,,,,,m,1957,False,False,,1,,,,False,193,LF-231,materials/cfd/Images/CFD/LF-231/CFD-LF-231-260-N.jpg,WM-241,materials/cfd/Images/CFD/WM-241/CFD-WM-241-072-N.jpg,z,1.25
23,2,89,study,0,male,White,female,Black,neutral,,,,,z,2190,False,False,,1,,,,False,195,WM-029,materials/cfd/Images/CFD/WM-029/CFD-WM-029-023-N.jpg,BF-242,materials/cfd/Images/CFD/BF-242/CFD-BF-242-154-N.jpg,m,1.25
23,2,90,study,0,male,Black,male,Black,happy,,,,,m,2192,True,False,,1,,,,False,197,BM-227,materials/cfd/Images/CFD/BM-227/CFD-BM-227-191-N.jpg,BM-005,materials/cfd/Images/CFD/BM-005/CFD-BM-005-005-HO.jpg,m,1.25
23,2,91,study,1,male,Black,female,Black,angry,,,,,z,2386,False,False,,1,,,,False,200,BM-020,materials/cfd/Images/CFD/BM-020/CFD-BM-020-001-N.jpg,BF-023,materials/cfd/Images/CFD/BF-023/CFD-BF-023-013-A.jpg,m,1.25
23,2,92,study,1,female,Asian,male,White,happy,,,,,m,1002,False,False,,1,,,,False,202,AF-228,materials/cfd/Images/CFD/AF-228/CFD-AF-228-173-N.jpg,WM-013,materials/cfd/Images/CFD/WM-013/CFD-WM-013-006-HO.jpg,z,1.25
23,2,93,study,1,female,Black,female,Black,neutral,,,,,z,1754,True,False,,1,,,,False,204,BF-236,materials/cfd/Images/CFD/BF-236/CFD-BF-236-177-N.jpg,BF-011,materials/cfd/Images/CFD/BF-011/CFD-BF-011-002-N.jpg,z,1.25
23,2,94,study,1,female,Asian,male,White,happy,,,,,z,2741,True,False,,1,,,,False,206,AF-249,materials/cfd/Images/CFD/AF-249/CFD-AF-249-092-N.jpg,WM-025,materials/cfd/Images/CFD/WM-025/CFD-WM-025-019-HO.jpg,z,1.25
23,2,95,study,1,male,Latino,male,White,neutral,,,,,m,2465,True,False,,1,,,,False,208,LM-239,materials/cfd/Images/CFD/LM-239/CFD-LM-239-075-N.jpg,WM-021,materials/cfd/Images/CFD/WM-021/CFD-WM-021-001-N.jpg,m,1.25
23,2,96,study,1,female,White,female,White,angry,,,,,z,1168,True,False,,1,,,,False,210,WF-233,materials/cfd/Images/CFD/WF-233/CFD-WF-233-112-N.jpg,WF-008,materials/cfd/Images/CFD/WF-008/CFD-WF-008-011-A.jpg,z,1.25
23,2,97,study,1,male,Black,female,White,neutral,,,,,z,1745,False,False,,1,,,,False,212,BM-222,materials/cfd/Images/CFD/BM-222/CFD-BM-222-173-N.jpg,WF-232,materials/cfd/Images/CFD/WF-232/CFD-WF-232-161-N.jpg,m,1.25
23,2,98,study,1,female,Black,male,White,neutral,,,,,m,2243,False,False,,1,,,,False,214,BF-243,materials/cfd/Images/CFD/BF-243/CFD-BF-243-164-N.jpg,WM-033,materials/cfd/Images/CFD/WM-033/CFD-WM-033-025-N.jpg,z,1.25
23,2,99,study,1,female,Black,female,White,happy,,,,,z,971,True,False,,1,,,,False,216,BF-205,materials/cfd/Images/CFD/BF-205/CFD-BF-205-141-N.jpg,WF-007,materials/cfd/Images/CFD/WF-007/CFD-WF-007-003-HO.jpg,z,1.25
23,2,100,study,1,male,White,female,Black,happy,,,,,z,1660,False,False,,1,,,,False,218,WM-036,materials/cfd/Images/CFD/WM-036/CFD-WM-036-031-N.jpg,BF-005,materials/cfd/Images/CFD/BF-005/CFD-BF-005-005-HO.jpg,m,1.25
23,2,101,study,1,female,Latino,male,White,angry,,,,,m,2361,False,False,,1,,,,False,220,LF-220,materials/cfd/Images/CFD/LF-220/CFD-LF-220-120-N.jpg,WM-020,materials/cfd/Images/CFD/WM-020/CFD-WM-020-008-A.jpg,z,1.25
23,2,102,study,1,male,Asian,female,White,angry,,,,,m,2789,True,False,,1,,,,False,222,AM-225,materials/cfd/Images/CFD/AM-225/CFD-AM-225-102-N.jpg,WF-010,materials/cfd/Images/CFD/WF-010/CFD-WF-010-014-A.jpg,m,1.25
23,2,103,study,1,male,Black,male,White,happy,,,,,m,1468,True,False,,1,,,,False,224,BM-250,materials/cfd/Images/CFD/BM-250/CFD-BM-250-170-N.jpg,WM-012,materials/cfd/Images/CFD/WM-012/CFD-WM-012-005-HO.jpg,m,1.25
23,2,104,study,1,male,Black,female,Black,happy,,,,,z,1810,False,False,,1,,,,False,226,BM-004,materials/cfd/Images/CFD/BM-004/CFD-BM-004-002-N.jpg,BF-034,materials/cfd/Images/CFD/BF-034/CFD-BF-034-005-HO.jpg,m,1.25
23,2,105,study,1,male,White,male,White,neutral,,,,,m,1084,True,False,,1,,,,False,228,WM-002,materials/cfd/Images/CFD/WM-002/CFD-WM-002-009-N.jpg,WM-209,materials/cfd/Images/CFD/WM-209/CFD-WM-209-038-N.jpg,m,1.25
23,2,106,study,1,female,Asian,female,White,happy,,,,,z,1697,True,False,,1,,,,False,230,AF-247,materials/cfd/Images/CFD/AF-247/CFD-AF-247-278-N.jpg,WF-026,materials/cfd/Images/CFD/WF-026/CFD-WF-026-017-HO.jpg,z,1.25
23,2,107,study,1,female,White,female,White,happy,,,,,z,904,True,False,,1,,,,False,232,WF-006,materials/cfd/Images/CFD/WF-006/CFD-WF-006-002-N.jpg,WF-012,materials/cfd/Images/CFD/WF-012/CFD-WF-012-007-HO.jpg,z,1.25
23,2,108,study,1,female,Asian,male,Black,angry,,,,,m,2043,False,False,,1,,,,False,234,AF-224,materials/cfd/Images/CFD/AF-224/CFD-AF-224-026-N.jpg,BM-036,materials/cfd/Images/CFD/BM-036/CFD-BM-036-037-A.jpg,z,1.25
23,2,109,study,1,female,Asian,female,Black,neutral,,,,,z,1498,True,False,,1,,,,False,236,AF-237,materials/cfd/Images/CFD/AF-237/CFD-AF-237-223-N.jpg,BF-207,materials/cfd/Images/CFD/BF-207/CFD-BF-207-004-N.jpg,z,1.25
23,2,110,study,1,male,White,female,White,neutral,,,,,z,1385,False,False,,1,,,,False,238,WM-022,materials/cfd/Images/CFD/WM-022/CFD-WM-022-001-N.jpg,WF-235,materials/cfd/Images/CFD/WF-235/CFD-WF-235-121-N.jpg,m,1.25
23,2,111,study,1,male,Black,male,Black,angry,,,,,m,1580,True,False,,1,,,,False,240,BM-207,materials/cfd/Images/CFD/BM-207/CFD-BM-207-024-N.jpg,BM-030,materials/cfd/Images/CFD/BM-030/CFD-BM-030-041-A.jpg,m,1.25
23,2,112,study,1,female,Black,female,White,angry,,,,,z,1650,True,False,,1,,,,False,242,BF-038,materials/cfd/Images/CFD/BF-038/CFD-BF-038-037-N.jpg,WF-005,materials/cfd/Images/CFD/WF-005/CFD-WF-005-022-A.jpg,z,1.25
23,2,113,study,1,female,Asian,male,Black,neutral,,,,,m,2343,False,False,,1,,,,False,244,AF-230,materials/cfd/Images/CFD/AF-230/CFD-AF-230-193-N.jpg,BM-200,materials/cfd/Images/CFD/BM-200/CFD-BM-200-046-N.jpg,z,1.25
23,2,114,study,1,female,Black,female,White,neutral,,,,,z,811,True,False,,1,,,,False,246,BF-231,materials/cfd/Images/CFD/BF-231/CFD-BF-231-202-N.jpg,WF-208,materials/cfd/Images/CFD/WF-208/CFD-WF-208-068-N.jpg,z,1.25
23,2,115,study,1,male,Black,male,White,neutral,,,,,m,1041,True,False,,1,,,,False,248,BM-027,materials/cfd/Images/CFD/BM-027/CFD-BM-027-001-N.jpg,WM-201,materials/cfd/Images/CFD/WM-201/CFD-WM-201-063-N.jpg,m,1.25
23,2,116,study,1,female,Asian,male,Black,happy,,,,,m,2263,False,False,,1,,,,False,250,AF-229,materials/cfd/Images/CFD/AF-229/CFD-AF-229-160-N.jpg,BM-023,materials/cfd/Images/CFD/BM-023/CFD-BM-023-006-HO.jpg,z,1.25
23,2,117,study,1,female,Black,female,Black,happy,,,,,z,1108,True,False,,1,,,,False,252,BF-235,materials/cfd/Images/CFD/BF-235/CFD-BF-235-168-N.jpg,BF-009,materials/cfd/Images/CFD/BF-009/CFD-BF-009-006-HO.jpg,z,1.25
23,2,118,study,1,female,White,female,Black,happy,,,,,z,917,True,False,,1,,,,False,254,WF-200,materials/cfd/Images/CFD/WF-200/CFD-WF-200-099-N.jpg,BF-047,materials/cfd/Images/CFD/BF-047/CFD-BF-047-028-HO.jpg,z,1.25
23,2,119,study,1,male,Black,female,Black,happy,,,,,z,1121,False,False,,1,,,,False,256,BM-201,materials/cfd/Images/CFD/BM-201/CFD-BM-201-077-N.jpg,BF-039,materials/cfd/Images/CFD/BF-039/CFD-BF-039-033-HO.jpg,m,1.25
23,2,120,study,1,male,Asian,female,White,angry,,,,,z,1127,False,False,,1,,,,False,258,AM-221,materials/cfd/Images/CFD/AM-221/CFD-AM-221-184-N.jpg,WF-035,materials/cfd/Images/CFD/WF-035/CFD-WF-035-033-A.jpg,m,1.25
23,2,121,test,0,male,White,female,Black,happy,,,,rearranged,,,False,True,,1,,,,False,275,WM-036,materials/cfd/Images/CFD/WM-036/CFD-WM-036-031-N.jpg,BF-034,materials/cfd/Images/CFD/BF-034/CFD-BF-034-005-HO.jpg,m,1.25
23,2,122,test,0,female,Asian,female,White,happy,,,,intact,z,2321,True,False,,1,,,,False,277,AF-247,materials/cfd/Images/CFD/AF-247/CFD-AF-247-278-N.jpg,WF-026,materials/cfd/Images/CFD/WF-026/CFD-WF-026-017-HO.jpg,z,1.25
23,2,123,test,0,male,Black,female,White,angry,,,,intact,z,2487,True,False,,1,,,,False,279,BM-211,materials/cfd/Images/CFD/BM-211/CFD-BM-211-174-N.jpg,WF-034,materials/cfd/Images/CFD/WF-034/CFD-WF-034-016-A.jpg,z,1.25
23,2,124,test,0,male,White,female,Black,neutral,,,,intact,z,2066,True,False,,1,,,,False,281,WM-248,materials/cfd/Images/CFD/WM-248/CFD-WM-248-036-N.jpg,BF-206,materials/cfd/Images/CFD/BF-206/CFD-BF-206-143-N.jpg,z,1.25
23,2,125,test,0,male,Black,male,White,happy,,,,rearranged,m,1788,True,False,,1,,,,False,283,BM-227,materials/cfd/Images/CFD/BM-227/CFD-BM-227-191-N.jpg,WM-012,materials/cfd/Images/CFD/WM-012/CFD-WM-012-005-HO.jpg,m,1.25
23,2,126,test,0,male,Latino,female,Black,neutral,,,,intact,z,1596,True,False,,1,,,,False,285,LM-231,materials/cfd/Images/CFD/LM-231/CFD-LM-231-214-N.jpg,BF-251,materials/cfd/Images/CFD/BF-251/CFD-BF-251-211-N.jpg,z,1.25
23,2,127,test,0,male,White,female,Black,neutral,,,,rearranged,z,1274,False,False,,1,,,,False,287,WM-022,materials/cfd/Images/CFD/WM-022/CFD-WM-022-001-N.jpg,BF-242,materials/cfd/Images/CFD/BF-242/CFD-BF-242-154-N.jpg,m,1.25
23,2,128,test,0,female,White,female,Black,angry,,,,intact,z,1223,True,False,,1,,,,False,289,WF-033,materials/cfd/Images/CFD/WF-033/CFD-WF-033-002-N.jpg,BF-036,materials/cfd/Images/CFD/BF-036/CFD-BF-036-020-A.jpg,z,1.25
23,2,129,test,0,female,Black,male,Black,happy,,,,rearranged,z,1516,False,False,,1,,,,False,291,BF-021,materials/cfd/Images/CFD/BF-021/CFD-BF-021-013-N.jpg,BM-018,materials/cfd/Images/CFD/BM-018/CFD-BM-018-007-HO.jpg,m,1.25
23,2,130,test,0,female,White,female,White,happy,,,,intact,m,1275,False,False,,1,,,,False,293,WF-006,materials/cfd/Images/CFD/WF-006/CFD-WF-006-002-N.jpg,WF-012,materials/cfd/Images/CFD/WF-012/CFD-WF-012-007-HO.jpg,z,1.25
23,2,131,test,0,male,Black,female,Black,happy,,,,intact,m,1556,False,False,,1,,,,False,295,BM-221,materials/cfd/Images/CFD/BM-221/CFD-BM-221-198-N.jpg,BF-042,materials/cfd/Images/CFD/BF-042/CFD-BF-042-028-HO.jpg,z,1.25
23,2,132,test,0,female,Black,female,Black,happy,,,,rearranged,m,1034,True,False,,1,,,,False,297,BF-235,materials/cfd/Images/CFD/BF-235/CFD-BF-235-168-N.jpg,BF-047,materials/cfd/Images/CFD/BF-047/CFD-BF-047-028-HO.jpg,m,1.25
23,2,133,test,0,male,Black,female,Black,happy,,,,rearranged,m,1955,True,False,,1,,,,False,299,BM-004,materials/cfd/Images/CFD/BM-004/CFD-BM-004-002-N.jpg,BF-004,materials/cfd/Images/CFD/BF-004/CFD-BF-004-009-HO.jpg,m,1.25
23,2,134,test,0,female,Asian,male,Black,neutral,,,,intact,m,2059,False,False,,1,,,,False,301,AF-206,materials/cfd/Images/CFD/AF-206/CFD-AF-206-079-N.jpg,BM-215,materials/cfd/Images/CFD/BM-215/CFD-BM-215-155-N.jpg,z,1.25
23,2,135,test,0,male,White,male,Black,happy,,,,intact,m,1163,False,False,,1,,,,False,303,WM-211,materials/cfd/Images/CFD/WM-211/CFD-WM-211-054-N.jpg,BM-013,materials/cfd/Images/CFD/BM-013/CFD-BM-013-004-HO.jpg,z,1.25
23,2,136,test,0,female,White,female,Black,angry,,,,rearranged,m,1265,True,False,,1,,,,False,305,WF-233,materials/cfd/Images/CFD/WF-233/CFD-WF-233-112-N.jpg,BF-027,materials/cfd/Images/CFD/BF-027/CFD-BF-027-008-A.jpg,m,1.25
23,2,137,test,0,male,Black,male,Black,angry,,,,intact,m,1457,False,False,,1,,,,False,307,BM-207,materials/cfd/Images/CFD/BM-207/CFD-BM-207-024-N.jpg,BM-030,materials/cfd/Images/CFD/BM-030/CFD-BM-030-041-A.jpg,z,1.25
23,2,138,test,0,female,White,male,Black,angry,,,,rearranged,z,1780,False,False,,1,,,,False,309,WF-017,materials/cfd/Images/CFD/WF-017/CFD-WF-017-003-N.jpg,BM-036,materials/cfd/Images/CFD/BM-036/CFD-BM-036-037-A.jpg,m,1.25
23,2,139,test,0,male,Latino,male,Black,happy,,,,intact,m,1519,False,False,,1,,,,False,311,LM-248,materials/cfd/Images/CFD/LM-248/CFD-LM-248-089-N.jpg,BM-015,materials/cfd/Images/CFD/BM-015/CFD-BM-015-016-HO.jpg,z,1.25
23,2,140,test,0,female,Asian,male,Black,happy,,,,intact,z,1573,True,False,,1,,,,False,313,AF-229,materials/cfd/Images/CFD/AF-229/CFD-AF-229-160-N.jpg,BM-023,materials/cfd/Images/CFD/BM-023/CFD-BM-023-006-HO.jpg,z,1.25
23,2,141,test,0,male,White,male,White,neutral,,,,rearranged,z,1168,False,False,,1,,,,False,315,WM-002,materials/cfd/Images/CFD/WM-002/CFD-WM-002-009-N.jpg,WM-021,materials/cfd/Images/CFD/WM-021/CFD-WM-021-001-N.jpg,m,1.25
23,2,142,test,0,female,Asian,male,White,happy,,,,intact,m,1896,False,False,,1,,,,False,317,AF-228,materials/cfd/Images/CFD/AF-228/CFD-AF-228-173-N.jpg,WM-013,materials/cfd/Images/CFD/WM-013/CFD-WM-013-006-HO.jpg,z,1.25
23,2,143,test,0,male,Black,male,White,neutral,,,,intact,z,1848,True,False,,1,,,,False,319,BM-027,materials/cfd/Images/CFD/BM-027/CFD-BM-027-001-N.jpg,WM-201,materials/cfd/Images/CFD/WM-201/CFD-WM-201-063-N.jpg,z,1.25
23,2,144,test,0,male,White,male,White,angry,,,,rearranged,z,1840,False,False,,1,,,,False,321,WM-200,materials/cfd/Images/CFD/WM-200/CFD-WM-200-034-N.jpg,WM-039,materials/cfd/Images/CFD/WM-039/CFD-WM-039-010-A.jpg,m,1.25
23,2,145,test,0,female,Black,female,Black,neutral,,,,intact,m,1633,False,False,,1,,,,False,323,BF-041,materials/cfd/Images/CFD/BF-041/CFD-BF-041-001-N.jpg,BF-015,materials/cfd/Images/CFD/BF-015/CFD-BF-015-004-N.jpg,z,1.25
23,2,146,test,0,female,Asian,female,Black,neutral,,,,intact,m,2130,False,False,,1,,,,False,325,AF-237,materials/cfd/Images/CFD/AF-237/CFD-AF-237-223-N.jpg,BF-207,materials/cfd/Images/CFD/BF-207/CFD-BF-207-004-N.jpg,z,1.25
23,2,147,test,0,male,Black,male,Black,happy,,,,rearranged,z,2588,False,False,,1,,,,False,327,BM-250,materials/cfd/Images/CFD/BM-250/CFD-BM-250-170-N.jpg,BM-005,materials/cfd/Images/CFD/BM-005/CFD-BM-005-005-HO.jpg,m,1.25
23,2,148,test,0,male,White,male,White,angry,,,,rearranged,z,1245,False,False,,1,,,,False,329,WM-251,materials/cfd/Images/CFD/WM-251/CFD-WM-251-002-N.jpg,WM-014,materials/cfd/Images/CFD/WM-014/CFD-WM-014-013-A.jpg,m,1.25
23,2,149,test,0,female,Black,male,White,neutral,,,,rearranged,m,1257,True,False,,1,,,,False,331,BF-232,materials/cfd/Images/CFD/BF-232/CFD-BF-232-187-N.jpg,WM-241,materials/cfd/Images/CFD/WM-241/CFD-WM-241-072-N.jpg,m,1.25
23,2,150,test,0,female,Black,female,White,angry,,,,intact,z,1979,True,False,,1,,,,False,333,BF-038,materials/cfd/Images/CFD/BF-038/CFD-BF-038-037-N.jpg,WF-005,materials/cfd/Images/CFD/WF-005/CFD-WF-005-022-A.jpg,z,1.25
23,2,151,test,1,male,White,male,Black,happy,,,,intact,m,1762,False,False,,1,,,,False,336,WM-208,materials/cfd/Images/CFD/WM-208/CFD-WM-208-068-N.jpg,BM-024,materials/cfd/Images/CFD/BM-024/CFD-BM-024-061-HO.jpg,z,1.25
23,2,152,test,1,female,Black,male,White,neutral,,,,rearranged,m,1889,True,False,,1,,,,False,338,BF-243,materials/cfd/Images/CFD/BF-243/CFD-BF-243-164-N.jpg,WM-225,materials/cfd/Images/CFD/WM-225/CFD-WM-225-127-N.jpg,m,1.25
23,2,153,test,1,female,Asian,male,Black,neutral,,,,intact,z,1968,True,False,,1,,,,False,340,AF-230,materials/cfd/Images/CFD/AF-230/CFD-AF-230-193-N.jpg,BM-200,materials/cfd/Images/CFD/BM-200/CFD-BM-200-046-N.jpg,z,1.25
23,2,154,test,1,male,Black,female,Black,happy,,,,intact,z,1414,True,False,,1,,,,False,342,BM-201,materials/cfd/Images/CFD/BM-201/CFD-BM-201-077-N.jpg,BF-039,materials/cfd/Images/CFD/BF-039/CFD-BF-039-033-HO.jpg,z,1.25
23,2,155,test,1,female,Black,female,Black,neutral,,,,rearranged,m,1619,True,False,,1,,,,False,344,BF-231,materials/cfd/Images/CFD/BF-231/CFD-BF-231-202-N.jpg,BF-011,materials/cfd/Images/CFD/BF-011/CFD-BF-011-002-N.jpg,m,1.25
23,2,156,test,1,female,Latino,male,White,neutral,,,,rearranged,m,1247,True,False,,1,,,,False,346,LF-231,materials/cfd/Images/CFD/LF-231/CFD-LF-231-260-N.jpg,WM-033,materials/cfd/Images/CFD/WM-033/CFD-WM-033-025-N.jpg,m,1.25
23,2,157,test,1,female,Black,female,White,neutral,,,,rearranged,m,1519,True,False,,1,,,,False,348,BF-236,materials/cfd/Images/CFD/BF-236/CFD-BF-236-177-N.jpg,WF-208,materials/cfd/Images/CFD/WF-208/CFD-WF-208-068-N.jpg,m,1.25
23,2,158,test,1,male,Latino,male,Black,angry,,,,intact,m,1026,False,False,,1,,,,False,350,LM-203,materials/cfd/Images/CFD/LM-203/CFD-LM-203-026-N.jpg,BM-031,materials/cfd/Images/CFD/BM-031/CFD-BM-031-030-A.jpg,z,1.25
23,2,159,test,1,female,Asian,male,White,angry,,,,rearranged,z,2190,False,False,,1,,,,False,352,AF-224,materials/cfd/Images/CFD/AF-224/CFD-AF-224-026-N.jpg,WM-020,materials/cfd/Images/CFD/WM-020/CFD-WM-020-008-A.jpg,m,1.25
23,2,160,test,1,female,Black,female,Black,happy,,,,rearranged,m,1738,True,False,,1,,,,False,354,BF-205,materials/cfd/Images/CFD/BF-205/CFD-BF-205-141-N.jpg,BF-009,materials/cfd/Images/CFD/BF-009/CFD-BF-009-006-HO.jpg,m,1.25
23,2,161,test,1,female,Black,female,Black,angry,,,,intact,z,1780,True,False,,1,,,,False,356,BF-240,materials/cfd/Images/CFD/BF-240/CFD-BF-240-179-N.jpg,BF-019,materials/cfd/Images/CFD/BF-019/CFD-BF-019-023-A.jpg,z,1.25
23,2,162,test,1,male,Asian,male,White,angry,,,,rearranged,m,2167,True,False,,1,,,,False,358,AM-207,materials/cfd/Images/CFD/AM-207/CFD-AM-207-108-N.jpg,WM-010,materials/cfd/Images/CFD/WM-010/CFD-WM-010-016-A.jpg,m,1.25
23,2,163,test,1,female,Asian,male,Black,angry,,,,intact,z,1612,True,False,,1,,,,False,360,AF-235,materials/cfd/Images/CFD/AF-235/CFD-AF-235-170-N.jpg,BM-021,materials/cfd/Images/CFD/BM-021/CFD-BM-021-026-A.jpg,z,1.25
23,2,164,test,1,male,White,female,White,angry,,,,intact,m,1254,False,False,,1,,,,False,362,WM-239,materials/cfd/Images/CFD/WM-239/CFD-WM-239-128-N.jpg,WF-025,materials/cfd/Images/CFD/WF-025/CFD-WF-025-015-A.jpg,z,1.25
23,2,165,test,1,female,White,male,White,angry,,,,intact,z,1600,True,False,,1,,,,False,364,WF-221,materials/cfd/Images/CFD/WF-221/CFD-WF-221-005-N.jpg,WM-015,materials/cfd/Images/CFD/WM-015/CFD-WM-015-017-A.jpg,z,1.25
23,2,166,test,1,male,Latino,male,Black,neutral,,,,rearranged,m,1663,True,False,,1,,,,False,366,LM-239,materials/cfd/Images/CFD/LM-239/CFD-LM-239-075-N.jpg,BM-037,materials/cfd/Images/CFD/BM-037/CFD-BM-037-033-N.jpg,m,1.25
23,2,167,test,1,male,Asian,female,Black,angry,,,,rearranged,m,2967,True,False,,1,,,,False,368,AM-225,materials/cfd/Images/CFD/AM-225/CFD-AM-225-102-N.jpg,BF-023,materials/cfd/Images/CFD/BF-023/CFD-BF-023-013-A.jpg,m,1.25
23,2,168,test,1,male,Asian,female,White,angry,,,,intact,z,2037,True,False,,1,,,,False,370,AM-221,materials/cfd/Images/CFD/AM-221/CFD-AM-221-184-N.jpg,WF-035,materials/cfd/Images/CFD/WF-035/CFD-WF-035-033-A.jpg,z,1.25
23,2,169,test,1,male,White,female,Black,happy,,,,rearranged,m,1661,True,False,,1,,,,False,372,WM-231,materials/cfd/Images/CFD/WM-231/CFD-WM-231-112-N.jpg,BF-005,materials/cfd/Images/CFD/BF-005/CFD-BF-005-005-HO.jpg,m,1.25
23,2,170,test,1,female,White,female,White,angry,,,,rearranged,m,2142,True,False,,1,,,,False,374,WF-018,materials/cfd/Images/CFD/WF-018/CFD-WF-018-017-N.jpg,WF-008,materials/cfd/Images/CFD/WF-008/CFD-WF-008-011-A.jpg,m,1.25
23,2,171,test,1,female,Latino,male,Black,angry,,,,rearranged,,,False,True,,1,,,,False,376,LF-220,materials/cfd/Images/CFD/LF-220/CFD-LF-220-120-N.jpg,BM-032,materials/cfd/Images/CFD/BM-032/CFD-BM-032-015-A.jpg,m,1.25
23,2,172,test,1,male,Black,male,White,neutral,,,,intact,,,False,True,,1,,,,False,378,BM-229,materials/cfd/Images/CFD/BM-229/CFD-BM-229-209-N.jpg,WM-250,materials/cfd/Images/CFD/WM-250/CFD-WM-250-157-N.jpg,z,1.25
23,2,173,test,1,male,Black,female,White,angry,,,,rearranged,m,1651,True,False,,1,,,,False,380,BM-020,materials/cfd/Images/CFD/BM-020/CFD-BM-020-001-N.jpg,WF-010,materials/cfd/Images/CFD/WF-010/CFD-WF-010-014-A.jpg,m,1.25
23,2,174,test,1,male,White,female,White,neutral,,,,rearranged,m,1364,True,False,,1,,,,False,382,WM-029,materials/cfd/Images/CFD/WM-029/CFD-WM-029-023-N.jpg,WF-235,materials/cfd/Images/CFD/WF-235/CFD-WF-235-121-N.jpg,m,1.25
23,2,175,test,1,female,Asian,male,White,happy,,,,intact,,,False,True,,1,,,,False,384,AF-249,materials/cfd/Images/CFD/AF-249/CFD-AF-249-092-N.jpg,WM-025,materials/cfd/Images/CFD/WM-025/CFD-WM-025-019-HO.jpg,z,1.25
23,2,176,test,1,female,Latino,female,Black,neutral,,,,intact,m,1880,False,False,,1,,,,False,386,LF-202,materials/cfd/Images/CFD/LF-202/CFD-LF-202-065-N.jpg,BF-045,materials/cfd/Images/CFD/BF-045/CFD-BF-045-003-N.jpg,z,1.25
23,2,177,test,1,female,Black,male,Black,happy,,,,rearranged,m,2735,True,False,,1,,,,False,388,BF-002,materials/cfd/Images/CFD/BF-002/CFD-BF-002-001-N.jpg,BM-038,materials/cfd/Images/CFD/BM-038/CFD-BM-038-007-HO.jpg,m,1.25
23,2,178,test,1,male,Black,female,White,neutral,,,,intact,m,1731,False,False,,1,,,,False,390,BM-222,materials/cfd/Images/CFD/BM-222/CFD-BM-222-173-N.jpg,WF-232,materials/cfd/Images/CFD/WF-232/CFD-WF-232-161-N.jpg,z,1.25
23,2,179,test,1,female,White,female,White,happy,,,,rearranged,m,2158,True,False,,1,,,,False,392,WF-200,materials/cfd/Images/CFD/WF-200/CFD-WF-200-099-N.jpg,WF-007,materials/cfd/Images/CFD/WF-007/CFD-WF-007-003-HO.jpg,m,1.25
23,2,180,test,1,male,White,male,White,neutral,,,,rearranged,m,2162,True,False,,1,,,,False,394,WM-243,materials/cfd/Images/CFD/WM-243/CFD-WM-243-107-N.jpg,WM-209,materials/cfd/Images/CFD/WM-209/CFD-WM-209-038-N.jpg,m,1.25
24,2,1,study,0,male,Asian,male,White,happy,,,,,m,1769,True,False,,2,,,,False,17,AM-213,materials/cfd/Images/CFD/AM-213/CFD-AM-213-056-N.jpg,WM-017,materials/cfd/Images/CFD/WM-017/CFD-WM-017-005-HO.jpg,m,1.5
24,2,2,study,0,male,Asian,male,Black,angry,,,,,m,1568,True,False,,2,,,,False,19,AM-202,materials/cfd/Images/CFD/AM-202/CFD-AM-202-079-N.jpg,BM-032,materials/cfd/Images/CFD/BM-032/CFD-BM-032-015-A.jpg,m,1.5
24,2,3,study,0,female,Latino,male,Black,happy,,,,,m,1871,False,False,,2,,,,False,21,LF-252,materials/cfd/Images/CFD/LF-252/CFD-LF-252-172-N.jpg,BM-025,materials/cfd/Images/CFD/BM-025/CFD-BM-025-040-HO.jpg,z,1.5
24,2,4,study,0,female,Black,male,White,neutral,,,,,m,802,False,False,,2,,,,False,23,BF-232,materials/cfd/Images/CFD/BF-232/CFD-BF-232-187-N.jpg,WM-035,materials/cfd/Images/CFD/WM-035/CFD-WM-035-032-N.jpg,z,1.5
24,2,5,study,0,male,White,male,White,happy,,,,,m,985,True,False,,2,,,,False,25,WM-237,materials/cfd/Images/CFD/WM-237/CFD-WM-237-052-N.jpg,WM-023,materials/cfd/Images/CFD/WM-023/CFD-WM-023-004-HO.jpg,m,1.5
24,2,6,study,0,female,White,male,White,happy,,,,,z,1453,True,False,,2,,,,False,27,WF-212,materials/cfd/Images/CFD/WF-212/CFD-WF-212-050-N.jpg,WM-037,materials/cfd/Images/CFD/WM-037/CFD-WM-037-034-HO.jpg,z,1.5
24,2,7,study,0,female,White,female,Black,happy,,,,,z,1452,True,False,,2,,,,False,29,WF-211,materials/cfd/Images/CFD/WF-211/CFD-WF-211-001-N.jpg,BF-038,materials/cfd/Images/CFD/BF-038/CFD-BF-038-004-HO.jpg,z,1.5
24,2,8,study,0,male,Asian,female,White,happy,,,,,m,1829,True,False,,2,,,,False,31,AM-250,materials/cfd/Images/CFD/AM-250/CFD-AM-250-149-N.jpg,WF-033,materials/cfd/Images/CFD/WF-033/CFD-WF-033-005-HO.jpg,m,1.5
24,2,9,study,0,female,Latino,female,Black,happy,,,,,z,1460,True,False,,2,,,,False,33,LF-214,materials/cfd/Images/CFD/LF-214/CFD-LF-214-090-N.jpg,BF-003,materials/cfd/Images/CFD/BF-003/CFD-BF-003-004-HO.jpg,z,1.5
24,2,10,study,0,male,Asian,female,Black,neutral,,,,,m,2035,True,False,,2,,,,False,35,AM-251,materials/cfd/Images/CFD/AM-251/CFD-AM-251-124-N.jpg,BF-008,materials/cfd/Images/CFD/BF-008/CFD-BF-008-001-N.jpg,m,1.5
24,2,11,study,0,male,Asian,female,Black,happy,,,,,m,947,True,False,,2,,,,False,37,AM-253,materials/cfd/Images/CFD/AM-253/CFD-AM-253-161-N.jpg,BF-018,materials/cfd/Images/CFD/BF-018/CFD-BF-018-040-HO.jpg,m,1.5
24,2,12,study,0,male,White,male,Black,happy,,,,,m,1082,True,False,,2,,,,False,39,WM-236,materials/cfd/Images/CFD/WM-236/CFD-WM-236-072-N.jpg,BM-036,materials/cfd/Images/CFD/BM-036/CFD-BM-036-004-HO.jpg,m,1.5
24,2,13,study,0,female,Black,female,White,happy,,,,,z,1025,True,False,,2,,,,False,41,BF-036,materials/cfd/Images/CFD/BF-036/CFD-BF-036-027-N.jpg,WF-011,materials/cfd/Images/CFD/WF-011/CFD-WF-011-003-HO.jpg,z,1.5
24,2,14,study,0,female,White,female,Black,neutral,,,,,z,1687,True,False,,2,,,,False,43,WF-205,materials/cfd/Images/CFD/WF-205/CFD-WF-205-006-N.jpg,BF-240,materials/cfd/Images/CFD/BF-240/CFD-BF-240-179-N.jpg,z,1.5
24,2,15,study,0,male,Black,male,White,happy,,,,,m,1435,True,False,,2,,,,False,45,BM-232,materials/cfd/Images/CFD/BM-232/CFD-BM-232-213-N.jpg,WM-015,materials/cfd/Images/CFD/WM-015/CFD-WM-015-005-HO.jpg,m,1.5
24,2,16,study,0,female,Asian,male,White,angry,,,,,m,1287,False,False,,2,,,,False,47,AF-216,materials/cfd/Images/CFD/AF-216/CFD-AF-216-106-N.jpg,WM-028,materials/cfd/Images/CFD/WM-028/CFD-WM-028-029-A.jpg,z,1.5
24,2,17,study,0,male,Black,male,White,angry,,,,,m,952,True,False,,2,,,,False,49,BM-208,materials/cfd/Images/CFD/BM-208/CFD-BM-208-065-N.jpg,WM-009,materials/cfd/Images/CFD/WM-009/CFD-WM-009-009-A.jpg,m,1.5
24,2,18,study,0,male,White,female,Black,neutral,,,,,z,2362,False,False,,2,,,,False,51,WM-204,materials/cfd/Images/CFD/WM-204/CFD-WM-204-031-N.jpg,BF-213,materials/cfd/Images/CFD/BF-213/CFD-BF-213-188-N.jpg,m,1.5
24,2,19,study,0,male,White,male,White,angry,,,,,z,1514,False,False,,2,,,,False,53,WM-041,materials/cfd/Images/CFD/WM-041/CFD-WM-041-021-N.jpg,WM-036,materials/cfd/Images/CFD/WM-036/CFD-WM-036-018-A.jpg,m,1.5
24,2,20,study,0,male,Black,male,Black,neutral,,,,,m,1609,True,False,,2,,,,False,55,BM-218,materials/cfd/Images/CFD/BM-218/CFD-BM-218-132-N.jpg,BM-206,materials/cfd/Images/CFD/BM-206/CFD-BM-206-114-N.jpg,m,1.5
24,2,21,study,0,male,Black,female,Black,neutral,,,,,m,2342,True,False,,2,,,,False,57,BM-037,materials/cfd/Images/CFD/BM-037/CFD-BM-037-033-N.jpg,BF-005,materials/cfd/Images/CFD/BF-005/CFD-BF-005-001-N.jpg,m,1.5
24,2,22,study,0,female,Black,male,White,angry,,,,,m,2012,False,False,,2,,,,False,59,BF-248,materials/cfd/Images/CFD/BF-248/CFD-BF-248-149-N.jpg,WM-003,materials/cfd/Images/CFD/WM-003/CFD-WM-003-008-A.jpg,z,1.5
24,2,23,study,0,male,Asian,male,Black,angry,,,,,m,1435,True,False,,2,,,,False,61,AM-236,materials/cfd/Images/CFD/AM-236/CFD-AM-236-090-N.jpg,BM-038,materials/cfd/Images/CFD/BM-038/CFD-BM-038-038-A.jpg,m,1.5
24,2,24,study,0,female,Latino,female,White,happy,,,,,z,2653,True,False,,2,,,,False,63,LF-251,materials/cfd/Images/CFD/LF-251/CFD-LF-251-057-N.jpg,WF-014,materials/cfd/Images/CFD/WF-014/CFD-WF-014-004-HO.jpg,z,1.5
24,2,25,study,0,female,Latino,male,Black,neutral,,,,,m,1378,False,False,,2,,,,False,65,LF-245,materials/cfd/Images/CFD/LF-245/CFD-LF-245-166-N.jpg,BM-024,materials/cfd/Images/CFD/BM-024/CFD-BM-024-001-N.jpg,z,1.5
24,2,26,study,0,male,White,female,Black,angry,,,,,m,2047,True,False,,2,,,,False,67,WM-010,materials/cfd/Images/CFD/WM-010/CFD-WM-010-001-N.jpg,BF-050,materials/cfd/Images/CFD/BF-050/CFD-BF-050-012-A.jpg,m,1.5
24,2,27,study,0,male,Latino,male,White,neutral,,,,,,,False,True,,2,,,,False,69,LM-239,materials/cfd/Images/CFD/LM-239/CFD-LM-239-075-N.jpg,WM-258,materials/cfd/Images/CFD/WM-258/CFD-WM-258-125-N.jpg,m,1.5
24,2,28,study,0,female,Asian,female,White,angry,,,,,z,1586,True,False,,2,,,,False,71,AF-231,materials/cfd/Images/CFD/AF-231/CFD-AF-231-357-N.jpg,WF-010,materials/cfd/Images/CFD/WF-010/CFD-WF-010-014-A.jpg,z,1.5
24,2,29,study,0,female,White,male,Black,angry,,,,,m,1805,False,False,,2,,,,False,73,WF-019,materials/cfd/Images/CFD/WF-019/CFD-WF-019-005-N.jpg,BM-043,materials/cfd/Images/CFD/BM-043/CFD-BM-043-014-A.jpg,z,1.5
24,2,30,study,0,female,Black,female,White,angry,,,,,z,2071,True,False,,2,,,,False,75,BF-216,materials/cfd/Images/CFD/BF-216/CFD-BF-216-132-N.jpg,WF-023,materials/cfd/Images/CFD/WF-023/CFD-WF-023-013-A.jpg,z,1.5
24,2,31,study,1,female,Latino,male,Black,angry,,,,,m,1937,False,False,,2,,,,False,78,LF-203,materials/cfd/Images/CFD/LF-203/CFD-LF-203-066-N.jpg,BM-010,materials/cfd/Images/CFD/BM-010/CFD-BM-010-019-A.jpg,z,1.5
24,2,32,study,1,female,Latino,female,Black,happy,,,,,z,1332,True,False,,2,,,,False,80,LF-246,materials/cfd/Images/CFD/LF-246/CFD-LF-246-129-N.jpg,BF-014,materials/cfd/Images/CFD/BF-014/CFD-BF-014-004-HO.jpg,z,1.5
24,2,33,study,1,male,Black,female,Black,angry,,,,,m,1851,True,False,,2,,,,False,82,BM-211,materials/cfd/Images/CFD/BM-211/CFD-BM-211-174-N.jpg,BF-017,materials/cfd/Images/CFD/BF-017/CFD-BF-017-011-A.jpg,m,1.5
24,2,34,study,1,female,Latino,female,White,angry,,,,,z,1664,True,False,,2,,,,False,84,LF-224,materials/cfd/Images/CFD/LF-224/CFD-LF-224-176-N.jpg,WF-017,materials/cfd/Images/CFD/WF-017/CFD-WF-017-023-A.jpg,z,1.5
24,2,35,study,1,female,Asian,male,Black,neutral,,,,,z,2342,True,False,,2,,,,False,86,AF-200,materials/cfd/Images/CFD/AF-200/CFD-AF-200-228-N.jpg,BM-044,materials/cfd/Images/CFD/BM-044/CFD-BM-044-001-N.jpg,z,1.5
24,2,36,study,1,female,Asian,female,White,neutral,,,,,z,1188,True,False,,2,,,,False,88,AF-212,materials/cfd/Images/CFD/AF-212/CFD-AF-212-097-N.jpg,WF-026,materials/cfd/Images/CFD/WF-026/CFD-WF-026-002-N.jpg,z,1.5
24,2,37,study,1,male,White,female,White,angry,,,,,z,2031,False,False,,2,,,,False,90,WM-247,materials/cfd/Images/CFD/WM-247/CFD-WM-247-084-N.jpg,WF-001,materials/cfd/Images/CFD/WF-001/CFD-WF-001-016-A.jpg,m,1.5
24,2,38,study,1,male,Latino,female,White,happy,,,,,m,1359,True,False,,2,,,,False,92,LM-241,materials/cfd/Images/CFD/LM-241/CFD-LM-241-125-N.jpg,WF-027,materials/cfd/Images/CFD/WF-027/CFD-WF-027-021-HO.jpg,m,1.5
24,2,39,study,1,male,White,female,Black,happy,,,,,z,2210,False,False,,2,,,,False,94,WM-235,materials/cfd/Images/CFD/WM-235/CFD-WM-235-147-N.jpg,BF-044,materials/cfd/Images/CFD/BF-044/CFD-BF-044-007-HO.jpg,m,1.5
24,2,40,study,1,male,Latino,female,White,angry,,,,,m,2942,True,False,,2,,,,False,96,LM-224,materials/cfd/Images/CFD/LM-224/CFD-LM-224-162-N.jpg,WF-018,materials/cfd/Images/CFD/WF-018/CFD-WF-018-012-A.jpg,m,1.5
24,2,41,study,1,male,Black,female,White,neutral,,,,,z,1754,False,False,,2,,,,False,98,BM-009,materials/cfd/Images/CFD/BM-009/CFD-BM-009-002-N.jpg,WF-024,materials/cfd/Images/CFD/WF-024/CFD-WF-024-003-N.jpg,m,1.5
24,2,42,study,1,male,Asian,male,White,angry,,,,,m,1019,True,False,,2,,,,False,100,AM-245,materials/cfd/Images/CFD/AM-245/CFD-AM-245-111-N.jpg,WM-013,materials/cfd/Images/CFD/WM-013/CFD-WM-013-015-A.jpg,m,1.5
24,2,43,study,1,male,Black,male,White,neutral,,,,,m,899,True,False,,2,,,,False,102,BM-026,materials/cfd/Images/CFD/BM-026/CFD-BM-026-002-N.jpg,WM-242,materials/cfd/Images/CFD/WM-242/CFD-WM-242-011-N.jpg,m,1.5
24,2,44,study,1,female,White,female,Black,neutral,,,,,m,1218,False,False,,2,,,,False,104,WF-013,materials/cfd/Images/CFD/WF-013/CFD-WF-013-003-N.jpg,BF-016,materials/cfd/Images/CFD/BF-016/CFD-BF-016-017-N.jpg,z,1.5
24,2,45,study,1,male,Asian,male,White,happy,,,,,m,2519,True,False,,2,,,,False,106,AM-205,materials/cfd/Images/CFD/AM-205/CFD-AM-205-153-N.jpg,WM-034,materials/cfd/Images/CFD/WM-034/CFD-WM-034-035-HO.jpg,m,1.5
24,2,46,study,1,male,Asian,female,Black,happy,,,,,z,2566,False,False,,2,,,,False,108,AM-240,materials/cfd/Images/CFD/AM-240/CFD-AM-240-191-N.jpg,BF-034,materials/cfd/Images/CFD/BF-034/CFD-BF-034-005-HO.jpg,m,1.5
24,2,47,study,1,male,Latino,female,Black,angry,,,,,z,1839,False,False,,2,,,,False,110,LM-217,materials/cfd/Images/CFD/LM-217/CFD-LM-217-162-N.jpg,BF-019,materials/cfd/Images/CFD/BF-019/CFD-BF-019-023-A.jpg,m,1.5
24,2,48,study,1,male,Latino,male,White,neutral,,,,,m,1142,True,False,,2,,,,False,112,LM-251,materials/cfd/Images/CFD/LM-251/CFD-LM-251-073-N.jpg,WM-014,materials/cfd/Images/CFD/WM-014/CFD-WM-014-002-N.jpg,m,1.5
24,2,49,study,1,female,Black,female,White,angry,,,,,z,1570,True,False,,2,,,,False,114,BF-225,materials/cfd/Images/CFD/BF-225/CFD-BF-225-192-N.jpg,WF-021,materials/cfd/Images/CFD/WF-021/CFD-WF-021-018-A.jpg,z,1.5
24,2,50,study,1,female,White,male,Black,happy,,,,,m,1220,False,False,,2,,,,False,116,WF-035,materials/cfd/Images/CFD/WF-035/CFD-WF-035-024-N.jpg,BM-039,materials/cfd/Images/CFD/BM-039/CFD-BM-039-034-HO.jpg,z,1.5
24,2,51,study,1,male,Asian,female,Black,neutral,,,,,z,1474,False,False,,2,,,,False,118,AM-226,materials/cfd/Images/CFD/AM-226/CFD-AM-226-234-N.jpg,BF-206,materials/cfd/Images/CFD/BF-206/CFD-BF-206-143-N.jpg,m,1.5
24,2,52,study,1,female,Black,male,Black,happy,,,,,m,1686,False,False,,2,,,,False,120,BF-040,materials/cfd/Images/CFD/BF-040/CFD-BF-040-003-N.jpg,BM-040,materials/cfd/Images/CFD/BM-040/CFD-BM-040-030-HO.jpg,z,1.5
24,2,53,study,1,female,Asian,male,Black,neutral,,,,,m,2282,False,False,,2,,,,False,122,AF-208,materials/cfd/Images/CFD/AF-208/CFD-AF-208-003-N.jpg,BM-001,materials/cfd/Images/CFD/BM-001/CFD-BM-001-014-N.jpg,z,1.5
24,2,54,study,1,female,Black,female,Black,angry,,,,,z,2397,True,False,,2,,,,False,124,BF-013,materials/cfd/Images/CFD/BF-013/CFD-BF-013-001-N.jpg,BF-027,materials/cfd/Images/CFD/BF-027/CFD-BF-027-008-A.jpg,z,1.5
24,2,55,study,1,female,Asian,male,Black,neutral,,,,,m,2879,False,False,,2,,,,False,126,AF-244,materials/cfd/Images/CFD/AF-244/CFD-AF-244-168-N.jpg,BM-022,materials/cfd/Images/CFD/BM-022/CFD-BM-022-022-N.jpg,z,1.5
24,2,56,study,1,female,White,female,Black,neutral,,,,,z,1967,True,False,,2,,,,False,128,WF-200,materials/cfd/Images/CFD/WF-200/CFD-WF-200-099-N.jpg,BF-049,materials/cfd/Images/CFD/BF-049/CFD-BF-049-032-N.jpg,z,1.5
24,2,57,study,1,female,Black,male,Black,happy,,,,,m,1412,False,False,,2,,,,False,130,BF-051,materials/cfd/Images/CFD/BF-051/CFD-BF-051-035-N.jpg,BM-002,materials/cfd/Images/CFD/BM-002/CFD-BM-002-007-HO.jpg,z,1.5
24,2,58,study,1,male,Latino,male,Black,neutral,,,,,m,1195,True,False,,2,,,,False,132,LM-219,materials/cfd/Images/CFD/LM-219/CFD-LM-219-295-N.jpg,BM-217,materials/cfd/Images/CFD/BM-217/CFD-BM-217-082-N.jpg,m,1.5
24,2,59,study,1,female,Asian,male,White,angry,,,,,m,1023,False,False,,2,,,,False,134,AF-252,materials/cfd/Images/CFD/AF-252/CFD-AF-252-135-N.jpg,WM-019,materials/cfd/Images/CFD/WM-019/CFD-WM-019-013-A.jpg,z,1.5
24,2,60,study,1,female,White,female,White,neutral,,,,,z,1004,True,False,,2,,,,False,136,WF-016,materials/cfd/Images/CFD/WF-016/CFD-WF-016-015-N.jpg,WF-238,materials/cfd/Images/CFD/WF-238/CFD-WF-238-023-N.jpg,z,1.5
24,2,61,study,0,male,White,male,White,angry,,,,,m,2111,True,False,,2,,,,False,139,WM-041,materials/cfd/Images/CFD/WM-041/CFD-WM-041-021-N.jpg,WM-036,materials/cfd/Images/CFD/WM-036/CFD-WM-036-018-A.jpg,m,1.5
24,2,62,study,0,female,Latino,female,Black,happy,,,,,z,1110,True,False,,2,,,,False,141,LF-246,materials/cfd/Images/CFD/LF-246/CFD-LF-246-129-N.jpg,BF-014,materials/cfd/Images/CFD/BF-014/CFD-BF-014-004-HO.jpg,z,1.5
24,2,63,study,0,female,Black,male,Black,happy,,,,,z,1611,True,False,,2,,,,False,143,BF-040,materials/cfd/Images/CFD/BF-040/CFD-BF-040-003-N.jpg,BM-040,materials/cfd/Images/CFD/BM-040/CFD-BM-040-030-HO.jpg,z,1.5
24,2,64,study,0,male,White,female,Black,happy,,,,,m,1963,True,False,,2,,,,False,145,WM-235,materials/cfd/Images/CFD/WM-235/CFD-WM-235-147-N.jpg,BF-044,materials/cfd/Images/CFD/BF-044/CFD-BF-044-007-HO.jpg,m,1.5
24,2,65,study,0,female,Latino,female,White,angry,,,,,z,2516,True,False,,2,,,,False,147,LF-224,materials/cfd/Images/CFD/LF-224/CFD-LF-224-176-N.jpg,WF-017,materials/cfd/Images/CFD/WF-017/CFD-WF-017-023-A.jpg,z,1.5
24,2,66,study,0,female,Latino,female,White,happy,,,,,z,1341,True,False,,2,,,,False,149,LF-251,materials/cfd/Images/CFD/LF-251/CFD-LF-251-057-N.jpg,WF-014,materials/cfd/Images/CFD/WF-014/CFD-WF-014-004-HO.jpg,z,1.5
24,2,67,study,0,female,White,female,Black,neutral,,,,,z,1210,True,False,,2,,,,False,151,WF-013,materials/cfd/Images/CFD/WF-013/CFD-WF-013-003-N.jpg,BF-016,materials/cfd/Images/CFD/BF-016/CFD-BF-016-017-N.jpg,z,1.5
24,2,68,study,0,male,Black,female,Black,angry,,,,,z,1434,False,False,,2,,,,False,153,BM-211,materials/cfd/Images/CFD/BM-211/CFD-BM-211-174-N.jpg,BF-017,materials/cfd/Images/CFD/BF-017/CFD-BF-017-011-A.jpg,m,1.5
24,2,69,study,0,female,White,male,Black,happy,,,,,m,1385,False,False,,2,,,,False,155,WF-035,materials/cfd/Images/CFD/WF-035/CFD-WF-035-024-N.jpg,BM-039,materials/cfd/Images/CFD/BM-039/CFD-BM-039-034-HO.jpg,z,1.5
24,2,70,study,0,male,White,female,White,angry,,,,,z,1876,False,False,,2,,,,False,157,WM-247,materials/cfd/Images/CFD/WM-247/CFD-WM-247-084-N.jpg,WF-001,materials/cfd/Images/CFD/WF-001/CFD-WF-001-016-A.jpg,m,1.5
24,2,71,study,0,female,Asian,male,Black,neutral,,,,,m,1395,False,False,,2,,,,False,159,AF-244,materials/cfd/Images/CFD/AF-244/CFD-AF-244-168-N.jpg,BM-022,materials/cfd/Images/CFD/BM-022/CFD-BM-022-022-N.jpg,z,1.5
24,2,72,study,0,female,White,male,White,happy,,,,,z,1526,True,False,,2,,,,False,161,WF-212,materials/cfd/Images/CFD/WF-212/CFD-WF-212-050-N.jpg,WM-037,materials/cfd/Images/CFD/WM-037/CFD-WM-037-034-HO.jpg,z,1.5
24,2,73,study,0,male,Asian,female,Black,happy,,,,,m,2044,True,False,,2,,,,False,163,AM-240,materials/cfd/Images/CFD/AM-240/CFD-AM-240-191-N.jpg,BF-034,materials/cfd/Images/CFD/BF-034/CFD-BF-034-005-HO.jpg,m,1.5
24,2,74,study,0,male,Latino,female,White,happy,,,,,z,1276,False,False,,2,,,,False,165,LM-241,materials/cfd/Images/CFD/LM-241/CFD-LM-241-125-N.jpg,WF-027,materials/cfd/Images/CFD/WF-027/CFD-WF-027-021-HO.jpg,m,1.5
24,2,75,study,0,male,Asian,male,White,happy,,,,,m,1352,True,False,,2,,,,False,167,AM-205,materials/cfd/Images/CFD/AM-205/CFD-AM-205-153-N.jpg,WM-034,materials/cfd/Images/CFD/WM-034/CFD-WM-034-035-HO.jpg,m,1.5
24,2,76,study,0,male,Black,female,Black,neutral,,,,,z,1747,False,False,,2,,,,False,169,BM-037,materials/cfd/Images/CFD/BM-037/CFD-BM-037-033-N.jpg,BF-005,materials/cfd/Images/CFD/BF-005/CFD-BF-005-001-N.jpg,m,1.5
24,2,77,study,0,female,Black,female,White,angry,,,,,z,1417,True,False,,2,,,,False,171,BF-216,materials/cfd/Images/CFD/BF-216/CFD-BF-216-132-N.jpg,WF-023,materials/cfd/Images/CFD/WF-023/CFD-WF-023-013-A.jpg,z,1.5
24,2,78,study,0,male,Asian,male,White,angry,,,,,m,997,True,False,,2,,,,False,173,AM-245,materials/cfd/Images/CFD/AM-245/CFD-AM-245-111-N.jpg,WM-013,materials/cfd/Images/CFD/WM-013/CFD-WM-013-015-A.jpg,m,1.5
24,2,79,study,0,female,Latino,male,Black,neutral,,,,,m,1036,False,False,,2,,,,False,175,LF-245,materials/cfd/Images/CFD/LF-245/CFD-LF-245-166-N.jpg,BM-024,materials/cfd/Images/CFD/BM-024/CFD-BM-024-001-N.jpg,z,1.5
24,2,80,study,0,male,Black,male,Black,neutral,,,,,z,1407,False,False,,2,,,,False,177,BM-218,materials/cfd/Images/CFD/BM-218/CFD-BM-218-132-N.jpg,BM-206,materials/cfd/Images/CFD/BM-206/CFD-BM-206-114-N.jpg,m,1.5
24,2,81,study,0,female,Asian,female,White,angry,,,,,m,1267,False,False,,2,,,,False,179,AF-231,materials/cfd/Images/CFD/AF-231/CFD-AF-231-357-N.jpg,WF-010,materials/cfd/Images/CFD/WF-010/CFD-WF-010-014-A.jpg,z,1.5
24,2,82,study,0,male,Black,female,White,neutral,,,,,m,1013,True,False,,2,,,,False,181,BM-009,materials/cfd/Images/CFD/BM-009/CFD-BM-009-002-N.jpg,WF-024,materials/cfd/Images/CFD/WF-024/CFD-WF-024-003-N.jpg,m,1.5
24,2,83,study,0,male,Black,male,White,happy,,,,,m,830,True,False,,2,,,,False,183,BM-232,materials/cfd/Images/CFD/BM-232/CFD-BM-232-213-N.jpg,WM-015,materials/cfd/Images/CFD/WM-015/CFD-WM-015-005-HO.jpg,m,1.5
24,2,84,study,0,female,Asian,male,White,angry,,,,,m,1624,False,False,,2,,,,False,185,AF-216,materials/cfd/Images/CFD/AF-216/CFD-AF-216-106-N.jpg,WM-028,materials/cfd/Images/CFD/WM-028/CFD-WM-028-029-A.jpg,z,1.5
24,2,85,study,0,male,Asian,female,Black,neutral,,,,,z,2075,False,False,,2,,,,False,187,AM-251,materials/cfd/Images/CFD/AM-251/CFD-AM-251-124-N.jpg,BF-008,materials/cfd/Images/CFD/BF-008/CFD-BF-008-001-N.jpg,m,1.5
24,2,86,study,0,female,Latino,male,Black,angry,,,,,m,1691,False,False,,2,,,,False,189,LF-203,materials/cfd/Images/CFD/LF-203/CFD-LF-203-066-N.jpg,BM-010,materials/cfd/Images/CFD/BM-010/CFD-BM-010-019-A.jpg,z,1.5
24,2,87,study,0,male,Asian,female,Black,neutral,,,,,z,2752,False,False,,2,,,,False,191,AM-226,materials/cfd/Images/CFD/AM-226/CFD-AM-226-234-N.jpg,BF-206,materials/cfd/Images/CFD/BF-206/CFD-BF-206-143-N.jpg,m,1.5
24,2,88,study,0,female,White,male,Black,angry,,,,,m,1416,False,False,,2,,,,False,193,WF-019,materials/cfd/Images/CFD/WF-019/CFD-WF-019-005-N.jpg,BM-043,materials/cfd/Images/CFD/BM-043/CFD-BM-043-014-A.jpg,z,1.5
24,2,89,study,0,female,Latino,male,Black,happy,,,,,m,1733,False,False,,2,,,,False,195,LF-252,materials/cfd/Images/CFD/LF-252/CFD-LF-252-172-N.jpg,BM-025,materials/cfd/Images/CFD/BM-025/CFD-BM-025-040-HO.jpg,z,1.5
24,2,90,study,0,female,Black,male,White,angry,,,,,m,1051,False,False,,2,,,,False,197,BF-248,materials/cfd/Images/CFD/BF-248/CFD-BF-248-149-N.jpg,WM-003,materials/cfd/Images/CFD/WM-003/CFD-WM-003-008-A.jpg,z,1.5
24,2,91,study,1,male,Latino,male,White,neutral,,,,,m,2304,True,False,,2,,,,False,200,LM-251,materials/cfd/Images/CFD/LM-251/CFD-LM-251-073-N.jpg,WM-014,materials/cfd/Images/CFD/WM-014/CFD-WM-014-002-N.jpg,m,1.5
24,2,92,study,1,female,White,female,Black,neutral,,,,,z,1377,True,False,,2,,,,False,202,WF-205,materials/cfd/Images/CFD/WF-205/CFD-WF-205-006-N.jpg,BF-240,materials/cfd/Images/CFD/BF-240/CFD-BF-240-179-N.jpg,z,1.5
24,2,93,study,1,male,White,male,Black,happy,,,,,m,858,True,False,,2,,,,False,204,WM-236,materials/cfd/Images/CFD/WM-236/CFD-WM-236-072-N.jpg,BM-036,materials/cfd/Images/CFD/BM-036/CFD-BM-036-004-HO.jpg,m,1.5
24,2,94,study,1,female,White,female,Black,happy,,,,,z,1079,True,False,,2,,,,False,206,WF-211,materials/cfd/Images/CFD/WF-211/CFD-WF-211-001-N.jpg,BF-038,materials/cfd/Images/CFD/BF-038/CFD-BF-038-004-HO.jpg,z,1.5
24,2,95,study,1,male,Asian,female,White,happy,,,,,z,1445,False,False,,2,,,,False,208,AM-250,materials/cfd/Images/CFD/AM-250/CFD-AM-250-149-N.jpg,WF-033,materials/cfd/Images/CFD/WF-033/CFD-WF-033-005-HO.jpg,m,1.5
24,2,96,study,1,male,Latino,female,Black,angry,,,,,m,1444,True,False,,2,,,,False,210,LM-217,materials/cfd/Images/CFD/LM-217/CFD-LM-217-162-N.jpg,BF-019,materials/cfd/Images/CFD/BF-019/CFD-BF-019-023-A.jpg,m,1.5
24,2,97,study,1,female,White,female,White,neutral,,,,,z,1131,True,False,,2,,,,False,212,WF-016,materials/cfd/Images/CFD/WF-016/CFD-WF-016-015-N.jpg,WF-238,materials/cfd/Images/CFD/WF-238/CFD-WF-238-023-N.jpg,z,1.5
24,2,98,study,1,female,Asian,male,Black,neutral,,,,,m,1249,False,False,,2,,,,False,214,AF-200,materials/cfd/Images/CFD/AF-200/CFD-AF-200-228-N.jpg,BM-044,materials/cfd/Images/CFD/BM-044/CFD-BM-044-001-N.jpg,z,1.5
24,2,99,study,1,female,Latino,female,Black,happy,,,,,z,2067,True,False,,2,,,,False,216,LF-214,materials/cfd/Images/CFD/LF-214/CFD-LF-214-090-N.jpg,BF-003,materials/cfd/Images/CFD/BF-003/CFD-BF-003-004-HO.jpg,z,1.5
24,2,100,study,1,female,Asian,female,White,neutral,,,,,z,1305,True,False,,2,,,,False,218,AF-212,materials/cfd/Images/CFD/AF-212/CFD-AF-212-097-N.jpg,WF-026,materials/cfd/Images/CFD/WF-026/CFD-WF-026-002-N.jpg,z,1.5
24,2,101,study,1,male,Asian,male,White,happy,,,,,m,1514,True,False,,2,,,,False,220,AM-213,materials/cfd/Images/CFD/AM-213/CFD-AM-213-056-N.jpg,WM-017,materials/cfd/Images/CFD/WM-017/CFD-WM-017-005-HO.jpg,m,1.5
24,2,102,study,1,male,Latino,male,Black,neutral,,,,,m,1008,True,False,,2,,,,False,222,LM-219,materials/cfd/Images/CFD/LM-219/CFD-LM-219-295-N.jpg,BM-217,materials/cfd/Images/CFD/BM-217/CFD-BM-217-082-N.jpg,m,1.5
24,2,103,study,1,male,Asian,male,Black,angry,,,,,m,1504,True,False,,2,,,,False,224,AM-202,materials/cfd/Images/CFD/AM-202/CFD-AM-202-079-N.jpg,BM-032,materials/cfd/Images/CFD/BM-032/CFD-BM-032-015-A.jpg,m,1.5
24,2,104,study,1,male,White,female,Black,angry,,,,,z,787,False,False,,2,,,,False,226,WM-010,materials/cfd/Images/CFD/WM-010/CFD-WM-010-001-N.jpg,BF-050,materials/cfd/Images/CFD/BF-050/CFD-BF-050-012-A.jpg,m,1.5
24,2,105,study,1,male,Black,male,White,angry,,,,,m,812,True,False,,2,,,,False,228,BM-208,materials/cfd/Images/CFD/BM-208/CFD-BM-208-065-N.jpg,WM-009,materials/cfd/Images/CFD/WM-009/CFD-WM-009-009-A.jpg,m,1.5
24,2,106,study,1,female,Black,female,Black,angry,,,,,m,889,False,False,,2,,,,False,230,BF-013,materials/cfd/Images/CFD/BF-013/CFD-BF-013-001-N.jpg,BF-027,materials/cfd/Images/CFD/BF-027/CFD-BF-027-008-A.jpg,z,1.5
24,2,107,study,1,male,White,female,Black,neutral,,,,,z,1276,False,False,,2,,,,False,232,WM-204,materials/cfd/Images/CFD/WM-204/CFD-WM-204-031-N.jpg,BF-213,materials/cfd/Images/CFD/BF-213/CFD-BF-213-188-N.jpg,m,1.5
24,2,108,study,1,female,Black,female,White,happy,,,,,z,1306,True,False,,2,,,,False,234,BF-036,materials/cfd/Images/CFD/BF-036/CFD-BF-036-027-N.jpg,WF-011,materials/cfd/Images/CFD/WF-011/CFD-WF-011-003-HO.jpg,z,1.5
24,2,109,study,1,female,Black,male,White,neutral,,,,,m,1680,False,False,,2,,,,False,236,BF-232,materials/cfd/Images/CFD/BF-232/CFD-BF-232-187-N.jpg,WM-035,materials/cfd/Images/CFD/WM-035/CFD-WM-035-032-N.jpg,z,1.5
24,2,110,study,1,female,Asian,male,White,angry,,,,,m,1507,False,False,,2,,,,False,238,AF-252,materials/cfd/Images/CFD/AF-252/CFD-AF-252-135-N.jpg,WM-019,materials/cfd/Images/CFD/WM-019/CFD-WM-019-013-A.jpg,z,1.5
24,2,111,study,1,male,Latino,female,White,angry,,,,,z,2019,False,False,,2,,,,False,240,LM-224,materials/cfd/Images/CFD/LM-224/CFD-LM-224-162-N.jpg,WF-018,materials/cfd/Images/CFD/WF-018/CFD-WF-018-012-A.jpg,m,1.5
24,2,112,study,1,male,Asian,female,Black,happy,,,,,m,954,True,False,,2,,,,False,242,AM-253,materials/cfd/Images/CFD/AM-253/CFD-AM-253-161-N.jpg,BF-018,materials/cfd/Images/CFD/BF-018/CFD-BF-018-040-HO.jpg,m,1.5
24,2,113,study,1,female,White,female,Black,neutral,,,,,z,2207,True,False,,2,,,,False,244,WF-200,materials/cfd/Images/CFD/WF-200/CFD-WF-200-099-N.jpg,BF-049,materials/cfd/Images/CFD/BF-049/CFD-BF-049-032-N.jpg,z,1.5
24,2,114,study,1,female,Black,male,Black,happy,,,,,m,1291,False,False,,2,,,,False,246,BF-051,materials/cfd/Images/CFD/BF-051/CFD-BF-051-035-N.jpg,BM-002,materials/cfd/Images/CFD/BM-002/CFD-BM-002-007-HO.jpg,z,1.5
24,2,115,study,1,male,Black,male,White,neutral,,,,,m,1318,True,False,,2,,,,False,248,BM-026,materials/cfd/Images/CFD/BM-026/CFD-BM-026-002-N.jpg,WM-242,materials/cfd/Images/CFD/WM-242/CFD-WM-242-011-N.jpg,m,1.5
24,2,116,study,1,female,Asian,male,Black,neutral,,,,,z,1200,True,False,,2,,,,False,250,AF-208,materials/cfd/Images/CFD/AF-208/CFD-AF-208-003-N.jpg,BM-001,materials/cfd/Images/CFD/BM-001/CFD-BM-001-014-N.jpg,z,1.5
24,2,117,study,1,male,White,male,White,happy,,,,,m,1344,True,False,,2,,,,False,252,WM-237,materials/cfd/Images/CFD/WM-237/CFD-WM-237-052-N.jpg,WM-023,materials/cfd/Images/CFD/WM-023/CFD-WM-023-004-HO.jpg,m,1.5
24,2,118,study,1,male,Latino,male,White,neutral,,,,,m,1116,True,False,,2,,,,False,254,LM-239,materials/cfd/Images/CFD/LM-239/CFD-LM-239-075-N.jpg,WM-258,materials/cfd/Images/CFD/WM-258/CFD-WM-258-125-N.jpg,m,1.5
24,2,119,study,1,male,Asian,male,Black,angry,,,,,m,1090,True,False,,2,,,,False,256,AM-236,materials/cfd/Images/CFD/AM-236/CFD-AM-236-090-N.jpg,BM-038,materials/cfd/Images/CFD/BM-038/CFD-BM-038-038-A.jpg,m,1.5
24,2,120,study,1,female,Black,female,White,angry,,,,,z,1020,True,False,,2,,,,False,258,BF-225,materials/cfd/Images/CFD/BF-225/CFD-BF-225-192-N.jpg,WF-021,materials/cfd/Images/CFD/WF-021/CFD-WF-021-018-A.jpg,z,1.5
24,2,121,test,0,male,Asian,female,Black,happy,,,,rearranged,z,2273,True,False,,2,,,,False,275,AM-250,materials/cfd/Images/CFD/AM-250/CFD-AM-250-149-N.jpg,BF-044,materials/cfd/Images/CFD/BF-044/CFD-BF-044-007-HO.jpg,z,1.5
24,2,122,test,0,female,White,male,Black,happy,,,,intact,z,1106,False,False,,2,,,,False,277,WF-035,materials/cfd/Images/CFD/WF-035/CFD-WF-035-024-N.jpg,BM-039,materials/cfd/Images/CFD/BM-039/CFD-BM-039-034-HO.jpg,m,1.5
24,2,123,test,0,female,Latino,female,Black,happy,,,,intact,m,1817,True,False,,2,,,,False,279,LF-214,materials/cfd/Images/CFD/LF-214/CFD-LF-214-090-N.jpg,BF-003,materials/cfd/Images/CFD/BF-003/CFD-BF-003-004-HO.jpg,m,1.5
24,2,124,test,0,male,Asian,female,Black,neutral,,,,rearranged,z,2236,True,False,,2,,,,False,281,AM-251,materials/cfd/Images/CFD/AM-251/CFD-AM-251-124-N.jpg,BF-213,materials/cfd/Images/CFD/BF-213/CFD-BF-213-188-N.jpg,z,1.5
24,2,125,test,0,male,Asian,male,Black,angry,,,,rearranged,m,2228,False,False,,2,,,,False,283,AM-236,materials/cfd/Images/CFD/AM-236/CFD-AM-236-090-N.jpg,BM-032,materials/cfd/Images/CFD/BM-032/CFD-BM-032-015-A.jpg,z,1.5
24,2,126,test,0,male,White,male,Black,happy,,,,intact,m,2492,True,False,,2,,,,False,285,WM-236,materials/cfd/Images/CFD/WM-236/CFD-WM-236-072-N.jpg,BM-036,materials/cfd/Images/CFD/BM-036/CFD-BM-036-004-HO.jpg,m,1.5
24,2,127,test,0,female,Latino,male,White,angry,,,,rearranged,z,917,True,False,,2,,,,False,287,LF-203,materials/cfd/Images/CFD/LF-203/CFD-LF-203-066-N.jpg,WM-003,materials/cfd/Images/CFD/WM-003/CFD-WM-003-008-A.jpg,z,1.5
24,2,128,test,0,female,Black,male,Black,angry,,,,rearranged,z,1542,True,False,,2,,,,False,289,BF-248,materials/cfd/Images/CFD/BF-248/CFD-BF-248-149-N.jpg,BM-043,materials/cfd/Images/CFD/BM-043/CFD-BM-043-014-A.jpg,z,1.5
24,2,129,test,0,female,White,female,White,neutral,,,,intact,m,1776,True,False,,2,,,,False,291,WF-016,materials/cfd/Images/CFD/WF-016/CFD-WF-016-015-N.jpg,WF-238,materials/cfd/Images/CFD/WF-238/CFD-WF-238-023-N.jpg,m,1.5
24,2,130,test,0,male,White,female,Black,angry,,,,rearranged,z,1652,True,False,,2,,,,False,293,WM-247,materials/cfd/Images/CFD/WM-247/CFD-WM-247-084-N.jpg,BF-050,materials/cfd/Images/CFD/BF-050/CFD-BF-050-012-A.jpg,z,1.5
24,2,131,test,0,female,Latino,male,White,neutral,,,,rearranged,z,1891,True,False,,2,,,,False,295,LF-245,materials/cfd/Images/CFD/LF-245/CFD-LF-245-166-N.jpg,WM-035,materials/cfd/Images/CFD/WM-035/CFD-WM-035-032-N.jpg,z,1.5
24,2,132,test,0,male,Latino,female,White,angry,,,,intact,z,2391,False,False,,2,,,,False,297,LM-224,materials/cfd/Images/CFD/LM-224/CFD-LM-224-162-N.jpg,WF-018,materials/cfd/Images/CFD/WF-018/CFD-WF-018-012-A.jpg,m,1.5
24,2,133,test,0,female,Latino,female,Black,happy,,,,rearranged,m,1502,False,False,,2,,,,False,299,LF-251,materials/cfd/Images/CFD/LF-251/CFD-LF-251-057-N.jpg,BF-038,materials/cfd/Images/CFD/BF-038/CFD-BF-038-004-HO.jpg,z,1.5
24,2,134,test,0,male,Asian,male,White,happy,,,,rearranged,m,1841,False,False,,2,,,,False,301,AM-205,materials/cfd/Images/CFD/AM-205/CFD-AM-205-153-N.jpg,WM-023,materials/cfd/Images/CFD/WM-023/CFD-WM-023-004-HO.jpg,z,1.5
24,2,135,test,0,female,Latino,female,White,happy,,,,rearranged,m,1659,False,False,,2,,,,False,303,LF-246,materials/cfd/Images/CFD/LF-246/CFD-LF-246-129-N.jpg,WF-014,materials/cfd/Images/CFD/WF-014/CFD-WF-014-004-HO.jpg,z,1.5
24,2,136,test,0,female,Asian,female,White,angry,,,,intact,m,1428,True,False,,2,,,,False,305,AF-231,materials/cfd/Images/CFD/AF-231/CFD-AF-231-357-N.jpg,WF-010,materials/cfd/Images/CFD/WF-010/CFD-WF-010-014-A.jpg,m,1.5
24,2,137,test,0,male,White,male,White,happy,,,,rearranged,m,1442,False,False,,2,,,,False,307,WM-237,materials/cfd/Images/CFD/WM-237/CFD-WM-237-052-N.jpg,WM-034,materials/cfd/Images/CFD/WM-034/CFD-WM-034-035-HO.jpg,z,1.5
24,2,138,test,0,male,White,female,White,happy,,,,rearranged,z,1660,True,False,,2,,,,False,309,WM-235,materials/cfd/Images/CFD/WM-235/CFD-WM-235-147-N.jpg,WF-027,materials/cfd/Images/CFD/WF-027/CFD-WF-027-021-HO.jpg,z,1.5
24,2,139,test,0,female,Asian,male,White,angry,,,,intact,m,2355,True,False,,2,,,,False,311,AF-252,materials/cfd/Images/CFD/AF-252/CFD-AF-252-135-N.jpg,WM-019,materials/cfd/Images/CFD/WM-019/CFD-WM-019-013-A.jpg,m,1.5
24,2,140,test,0,female,White,female,Black,neutral,,,,intact,m,1592,True,False,,2,,,,False,313,WF-205,materials/cfd/Images/CFD/WF-205/CFD-WF-205-006-N.jpg,BF-240,materials/cfd/Images/CFD/BF-240/CFD-BF-240-179-N.jpg,m,1.5
24,2,141,test,0,male,Latino,female,White,happy,,,,rearranged,z,1307,True,False,,2,,,,False,315,LM-241,materials/cfd/Images/CFD/LM-241/CFD-LM-241-125-N.jpg,WF-033,materials/cfd/Images/CFD/WF-033/CFD-WF-033-005-HO.jpg,z,1.5
24,2,142,test,0,male,Black,male,White,neutral,,,,intact,m,1527,True,False,,2,,,,False,317,BM-026,materials/cfd/Images/CFD/BM-026/CFD-BM-026-002-N.jpg,WM-242,materials/cfd/Images/CFD/WM-242/CFD-WM-242-011-N.jpg,m,1.5
24,2,143,test,0,female,White,male,Black,happy,,,,rearranged,z,1372,True,False,,2,,,,False,319,WF-212,materials/cfd/Images/CFD/WF-212/CFD-WF-212-050-N.jpg,BM-040,materials/cfd/Images/CFD/BM-040/CFD-BM-040-030-HO.jpg,z,1.5
24,2,144,test,0,female,Latino,male,Black,happy,,,,intact,m,1832,True,False,,2,,,,False,321,LF-252,materials/cfd/Images/CFD/LF-252/CFD-LF-252-172-N.jpg,BM-025,materials/cfd/Images/CFD/BM-025/CFD-BM-025-040-HO.jpg,m,1.5
24,2,145,test,0,female,Asian,male,White,angry,,,,intact,m,1214,True,False,,2,,,,False,323,AF-216,materials/cfd/Images/CFD/AF-216/CFD-AF-216-106-N.jpg,WM-028,materials/cfd/Images/CFD/WM-028/CFD-WM-028-029-A.jpg,m,1.5
24,2,146,test,0,female,Black,female,White,angry,,,,rearranged,z,1228,True,False,,2,,,,False,325,BF-013,materials/cfd/Images/CFD/BF-013/CFD-BF-013-001-N.jpg,WF-023,materials/cfd/Images/CFD/WF-023/CFD-WF-023-013-A.jpg,z,1.5
24,2,147,test,0,female,White,female,Black,neutral,,,,rearranged,m,2104,False,False,,2,,,,False,327,WF-013,materials/cfd/Images/CFD/WF-013/CFD-WF-013-003-N.jpg,BF-049,materials/cfd/Images/CFD/BF-049/CFD-BF-049-032-N.jpg,z,1.5
24,2,148,test,0,male,Black,female,Black,neutral,,,,intact,z,1358,False,False,,2,,,,False,329,BM-037,materials/cfd/Images/CFD/BM-037/CFD-BM-037-033-N.jpg,BF-005,materials/cfd/Images/CFD/BF-005/CFD-BF-005-001-N.jpg,m,1.5
24,2,149,test,0,male,Black,male,White,angry,,,,intact,m,1673,True,False,,2,,,,False,331,BM-208,materials/cfd/Images/CFD/BM-208/CFD-BM-208-065-N.jpg,WM-009,materials/cfd/Images/CFD/WM-009/CFD-WM-009-009-A.jpg,m,1.5
24,2,150,test,0,male,Asian,male,White,angry,,,,rearranged,m,1724,False,False,,2,,,,False,333,AM-202,materials/cfd/Images/CFD/AM-202/CFD-AM-202-079-N.jpg,WM-036,materials/cfd/Images/CFD/WM-036/CFD-WM-036-018-A.jpg,z,1.5
24,2,151,test,1,male,Latino,male,Black,neutral,,,,rearranged,m,980,False,False,,2,,,,False,336,LM-239,materials/cfd/Images/CFD/LM-239/CFD-LM-239-075-N.jpg,BM-217,materials/cfd/Images/CFD/BM-217/CFD-BM-217-082-N.jpg,z,1.5
24,2,152,test,1,female,Black,male,Black,neutral,,,,rearranged,m,653,False,False,,2,,,,False,338,BF-232,materials/cfd/Images/CFD/BF-232/CFD-BF-232-187-N.jpg,BM-044,materials/cfd/Images/CFD/BM-044/CFD-BM-044-001-N.jpg,z,1.5
24,2,153,test,1,female,Black,female,White,happy,,,,intact,m,1039,True,False,,2,,,,False,340,BF-036,materials/cfd/Images/CFD/BF-036/CFD-BF-036-027-N.jpg,WF-011,materials/cfd/Images/CFD/WF-011/CFD-WF-011-003-HO.jpg,m,1.5
24,2,154,test,1,male,Asian,female,Black,happy,,,,intact,z,1018,False,False,,2,,,,False,342,AM-240,materials/cfd/Images/CFD/AM-240/CFD-AM-240-191-N.jpg,BF-034,materials/cfd/Images/CFD/BF-034/CFD-BF-034-005-HO.jpg,m,1.5
24,2,155,test,1,male,Latino,male,White,neutral,,,,rearranged,m,1281,False,False,,2,,,,False,344,LM-251,materials/cfd/Images/CFD/LM-251/CFD-LM-251-073-N.jpg,WM-258,materials/cfd/Images/CFD/WM-258/CFD-WM-258-125-N.jpg,z,1.5
24,2,156,test,1,female,White,female,Black,neutral,,,,rearranged,m,1297,False,False,,2,,,,False,346,WF-200,materials/cfd/Images/CFD/WF-200/CFD-WF-200-099-N.jpg,BF-016,materials/cfd/Images/CFD/BF-016/CFD-BF-016-017-N.jpg,z,1.5
24,2,157,test,1,female,Asian,male,Black,neutral,,,,intact,z,1530,False,False,,2,,,,False,348,AF-244,materials/cfd/Images/CFD/AF-244/CFD-AF-244-168-N.jpg,BM-022,materials/cfd/Images/CFD/BM-022/CFD-BM-022-022-N.jpg,m,1.5
24,2,158,test,1,female,Black,male,Black,happy,,,,intact,z,2213,False,False,,2,,,,False,350,BF-051,materials/cfd/Images/CFD/BF-051/CFD-BF-051-035-N.jpg,BM-002,materials/cfd/Images/CFD/BM-002/CFD-BM-002-007-HO.jpg,m,1.5
24,2,159,test,1,male,Asian,male,White,happy,,,,intact,m,1414,True,False,,2,,,,False,352,AM-213,materials/cfd/Images/CFD/AM-213/CFD-AM-213-056-N.jpg,WM-017,materials/cfd/Images/CFD/WM-017/CFD-WM-017-005-HO.jpg,m,1.5
24,2,160,test,1,female,Asian,female,White,neutral,,,,intact,m,1609,True,False,,2,,,,False,354,AF-212,materials/cfd/Images/CFD/AF-212/CFD-AF-212-097-N.jpg,WF-026,materials/cfd/Images/CFD/WF-026/CFD-WF-026-002-N.jpg,m,1.5
24,2,161,test,1,female,Black,female,White,angry,,,,intact,m,1264,True,False,,2,,,,False,356,BF-225,materials/cfd/Images/CFD/BF-225/CFD-BF-225-192-N.jpg,WF-021,materials/cfd/Images/CFD/WF-021/CFD-WF-021-018-A.jpg,m,1.5
24,2,162,test,1,male,Latino,male,White,neutral,,,,rearranged,m,1452,False,False,,2,,,,False,358,LM-219,materials/cfd/Images/CFD/LM-219/CFD-LM-219-295-N.jpg,WM-014,materials/cfd/Images/CFD/WM-014/CFD-WM-014-002-N.jpg,z,1.5
24,2,163,test,1,female,White,male,Black,angry,,,,rearranged,z,1602,True,False,,2,,,,False,360,WF-019,materials/cfd/Images/CFD/WF-019/CFD-WF-019-005-N.jpg,BM-010,materials/cfd/Images/CFD/BM-010/CFD-BM-010-019-A.jpg,z,1.5
24,2,164,test,1,male,White,male,Black,angry,,,,rearranged,m,1519,False,False,,2,,,,False,362,WM-041,materials/cfd/Images/CFD/WM-041/CFD-WM-041-021-N.jpg,BM-038,materials/cfd/Images/CFD/BM-038/CFD-BM-038-038-A.jpg,z,1.5
24,2,165,test,1,male,Black,male,White,happy,,,,intact,m,1313,True,False,,2,,,,False,364,BM-232,materials/cfd/Images/CFD/BM-232/CFD-BM-232-213-N.jpg,WM-015,materials/cfd/Images/CFD/WM-015/CFD-WM-015-005-HO.jpg,m,1.5
24,2,166,test,1,male,White,female,White,angry,,,,rearranged,z,1943,True,False,,2,,,,False,366,WM-010,materials/cfd/Images/CFD/WM-010/CFD-WM-010-001-N.jpg,WF-001,materials/cfd/Images/CFD/WF-001/CFD-WF-001-016-A.jpg,z,1.5
24,2,167,test,1,female,Black,male,White,happy,,,,rearranged,z,2849,True,False,,2,,,,False,368,BF-040,materials/cfd/Images/CFD/BF-040/CFD-BF-040-003-N.jpg,WM-037,materials/cfd/Images/CFD/WM-037/CFD-WM-037-034-HO.jpg,z,1.5
24,2,168,test,1,male,White,female,Black,neutral,,,,rearranged,z,1675,True,False,,2,,,,False,370,WM-204,materials/cfd/Images/CFD/WM-204/CFD-WM-204-031-N.jpg,BF-008,materials/cfd/Images/CFD/BF-008/CFD-BF-008-001-N.jpg,z,1.5
24,2,169,test,1,male,Asian,male,White,angry,,,,intact,m,2366,True,False,,2,,,,False,372,AM-245,materials/cfd/Images/CFD/AM-245/CFD-AM-245-111-N.jpg,WM-013,materials/cfd/Images/CFD/WM-013/CFD-WM-013-015-A.jpg,m,1.5
24,2,170,test,1,male,Black,female,White,neutral,,,,intact,z,1851,False,False,,2,,,,False,374,BM-009,materials/cfd/Images/CFD/BM-009/CFD-BM-009-002-N.jpg,WF-024,materials/cfd/Images/CFD/WF-024/CFD-WF-024-003-N.jpg,m,1.5
24,2,171,test,1,male,Asian,female,Black,neutral,,,,intact,m,1554,True,False,,2,,,,False,376,AM-226,materials/cfd/Images/CFD/AM-226/CFD-AM-226-234-N.jpg,BF-206,materials/cfd/Images/CFD/BF-206/CFD-BF-206-143-N.jpg,m,1.5
24,2,172,test,1,male,Latino,female,Black,angry,,,,intact,z,1329,False,False,,2,,,,False,378,LM-217,materials/cfd/Images/CFD/LM-217/CFD-LM-217-162-N.jpg,BF-019,materials/cfd/Images/CFD/BF-019/CFD-BF-019-023-A.jpg,m,1.5
24,2,173,test,1,female,Asian,male,Black,neutral,,,,intact,z,1635,False,False,,2,,,,False,380,AF-208,materials/cfd/Images/CFD/AF-208/CFD-AF-208-003-N.jpg,BM-001,materials/cfd/Images/CFD/BM-001/CFD-BM-001-014-N.jpg,m,1.5
24,2,174,test,1,female,Black,female,Black,angry,,,,rearranged,m,1535,False,False,,2,,,,False,382,BF-216,materials/cfd/Images/CFD/BF-216/CFD-BF-216-132-N.jpg,BF-027,materials/cfd/Images/CFD/BF-027/CFD-BF-027-008-A.jpg,z,1.5
24,2,175,test,1,male,Asian,female,Black,happy,,,,intact,z,2332,False,False,,2,,,,False,384,AM-253,materials/cfd/Images/CFD/AM-253/CFD-AM-253-161-N.jpg,BF-018,materials/cfd/Images/CFD/BF-018/CFD-BF-018-040-HO.jpg,m,1.5
24,2,176,test,1,female,White,female,Black,happy,,,,rearranged,m,1315,False,False,,2,,,,False,386,WF-211,materials/cfd/Images/CFD/WF-211/CFD-WF-211-001-N.jpg,BF-014,materials/cfd/Images/CFD/BF-014/CFD-BF-014-004-HO.jpg,z,1.5
24,2,177,test,1,female,Asian,male,Black,neutral,,,,rearranged,z,2179,True,False,,2,,,,False,388,AF-200,materials/cfd/Images/CFD/AF-200/CFD-AF-200-228-N.jpg,BM-024,materials/cfd/Images/CFD/BM-024/CFD-BM-024-001-N.jpg,z,1.5
24,2,178,test,1,female,Latino,female,White,angry,,,,intact,m,1440,True,False,,2,,,,False,390,LF-224,materials/cfd/Images/CFD/LF-224/CFD-LF-224-176-N.jpg,WF-017,materials/cfd/Images/CFD/WF-017/CFD-WF-017-023-A.jpg,m,1.5
24,2,179,test,1,male,Black,female,Black,angry,,,,intact,z,1165,False,False,,2,,,,False,392,BM-211,materials/cfd/Images/CFD/BM-211/CFD-BM-211-174-N.jpg,BF-017,materials/cfd/Images/CFD/BF-017/CFD-BF-017-011-A.jpg,m,1.5
24,2,180,test,1,male,Black,male,Black,neutral,,,,intact,m,1402,True,False,,2,,,,False,394,BM-218,materials/cfd/Images/CFD/BM-218/CFD-BM-218-132-N.jpg,BM-206,materials/cfd/Images/CFD/BM-206/CFD-BM-206-114-N.jpg,m,1.5
25,2,1,study,0,female,Latino,female,White,neutral,,,,,z,919,True,False,,2,,,,False,17,LF-213,materials/cfd/Images/CFD/LF-213/CFD-LF-213-079-N.jpg,WF-218,materials/cfd/Images/CFD/WF-218/CFD-WF-218-087-N.jpg,z,2
25,2,2,study,0,male,Latino,female,White,neutral,,,,,z,1683,False,False,,2,,,,False,19,LM-243,materials/cfd/Images/CFD/LM-243/CFD-LM-243-075-N.jpg,WF-010,materials/cfd/Images/CFD/WF-010/CFD-WF-010-004-N.jpg,m,2
25,2,3,study,0,female,Asian,male,Black,happy,,,,,m,2151,False,False,,2,,,,False,21,AF-233,materials/cfd/Images/CFD/AF-233/CFD-AF-233-190-N.jpg,BM-034,materials/cfd/Images/CFD/BM-034/CFD-BM-034-033-HO.jpg,z,2
25,2,4,study,0,female,Asian,female,Black,happy,,,,,z,1302,True,False,,2,,,,False,23,AF-230,materials/cfd/Images/CFD/AF-230/CFD-AF-230-193-N.jpg,BF-021,materials/cfd/Images/CFD/BF-021/CFD-BF-021-014-HO.jpg,z,2
25,2,5,study,0,male,Black,female,Black,angry,,,,,z,1737,False,False,,2,,,,False,25,BM-214,materials/cfd/Images/CFD/BM-214/CFD-BM-214-075-N.jpg,BF-015,materials/cfd/Images/CFD/BF-015/CFD-BF-015-022-A.jpg,m,2
25,2,6,study,0,male,Asian,male,Black,angry,,,,,m,1965,True,False,,2,,,,False,27,AM-216,materials/cfd/Images/CFD/AM-216/CFD-AM-216-114-N.jpg,BM-016,materials/cfd/Images/CFD/BM-016/CFD-BM-016-042-A.jpg,m,2
25,2,7,study,0,male,Black,male,White,angry,,,,,m,1390,True,False,,2,,,,False,29,BM-222,materials/cfd/Images/CFD/BM-222/CFD-BM-222-173-N.jpg,WM-024,materials/cfd/Images/CFD/WM-024/CFD-WM-024-010-A.jpg,m,2
25,2,8,study,0,female,Latino,male,White,neutral,,,,,m,1397,False,False,,2,,,,False,31,LF-240,materials/cfd/Images/CFD/LF-240/CFD-LF-240-199-N.jpg,WM-237,materials/cfd/Images/CFD/WM-237/CFD-WM-237-052-N.jpg,z,2
25,2,9,study,0,male,White,female,White,happy,,,,,z,1257,False,False,,2,,,,False,33,WM-215,materials/cfd/Images/CFD/WM-215/CFD-WM-215-041-N.jpg,WF-028,materials/cfd/Images/CFD/WF-028/CFD-WF-028-024-HO.jpg,m,2
25,2,10,study,0,female,White,male,Black,angry,,,,,m,1653,False,False,,2,,,,False,35,WF-236,materials/cfd/Images/CFD/WF-236/CFD-WF-236-107-N.jpg,BM-032,materials/cfd/Images/CFD/BM-032/CFD-BM-032-015-A.jpg,z,2
25,2,11,study,0,male,Latino,female,Black,angry,,,,,z,2629,False,False,,2,,,,False,37,LM-218,materials/cfd/Images/CFD/LM-218/CFD-LM-218-183-N.jpg,BF-019,materials/cfd/Images/CFD/BF-019/CFD-BF-019-023-A.jpg,m,2
25,2,12,study,0,female,White,female,Black,happy,,,,,z,1517,True,False,,2,,,,False,39,WF-011,materials/cfd/Images/CFD/WF-011/CFD-WF-011-002-N.jpg,BF-045,materials/cfd/Images/CFD/BF-045/CFD-BF-045-062-HO.jpg,z,2
25,2,13,study,0,female,White,female,White,angry,,,,,z,1264,True,False,,2,,,,False,41,WF-201,materials/cfd/Images/CFD/WF-201/CFD-WF-201-156-N.jpg,WF-038,materials/cfd/Images/CFD/WF-038/CFD-WF-038-030-A.jpg,z,2
25,2,14,study,0,male,Latino,male,White,angry,,,,,m,1671,True,False,,2,,,,False,43,LM-209,materials/cfd/Images/CFD/LM-209/CFD-LM-209-111-N.jpg,WM-031,materials/cfd/Images/CFD/WM-031/CFD-WM-031-045-A.jpg,m,2
25,2,15,study,0,female,White,female,White,neutral,,,,,z,1335,True,False,,2,,,,False,45,WF-252,materials/cfd/Images/CFD/WF-252/CFD-WF-252-159-N.jpg,WF-003,materials/cfd/Images/CFD/WF-003/CFD-WF-003-003-N.jpg,z,2
25,2,16,study,0,male,White,female,White,happy,,,,,z,2067,False,False,,2,,,,False,47,WM-253,materials/cfd/Images/CFD/WM-253/CFD-WM-253-119-N.jpg,WF-005,materials/cfd/Images/CFD/WF-005/CFD-WF-005-013-HO.jpg,m,2
25,2,17,study,0,male,White,male,White,neutral,,,,,,,False,True,,2,,,,False,49,WM-248,materials/cfd/Images/CFD/WM-248/CFD-WM-248-036-N.jpg,WM-255,materials/cfd/Images/CFD/WM-255/CFD-WM-255-219-N.jpg,m,2
25,2,18,study,0,female,White,female,White,angry,,,,,z,993,True,False,,2,,,,False,51,WF-242,materials/cfd/Images/CFD/WF-242/CFD-WF-242-001-N.jpg,WF-002,materials/cfd/Images/CFD/WF-002/CFD-WF-002-033-A.jpg,z,2
25,2,19,study,0,female,Asian,female,White,happy,,,,,z,856,True,False,,2,,,,False,53,AF-238,materials/cfd/Images/CFD/AF-238/CFD-AF-238-185-N.jpg,WF-012,materials/cfd/Images/CFD/WF-012/CFD-WF-012-007-HO.jpg,z,2
25,2,20,study,0,male,Black,female,Black,angry,,,,,z,1396,False,False,,2,,,,False,55,BM-017,materials/cfd/Images/CFD/BM-017/CFD-BM-017-021-N.jpg,BF-042,materials/cfd/Images/CFD/BF-042/CFD-BF-042-034-A.jpg,m,2
25,2,21,study,0,female,Latino,female,White,neutral,,,,,z,1545,True,False,,2,,,,False,57,LF-255,materials/cfd/Images/CFD/LF-255/CFD-LF-255-088-N.jpg,WF-037,materials/cfd/Images/CFD/WF-037/CFD-WF-037-029-N.jpg,z,2
25,2,22,study,0,female,Latino,male,Black,angry,,,,,m,1793,False,False,,2,,,,False,59,LF-226,materials/cfd/Images/CFD/LF-226/CFD-LF-226-174-N.jpg,BM-036,materials/cfd/Images/CFD/BM-036/CFD-BM-036-037-A.jpg,z,2
25,2,23,study,0,male,Latino,male,Black,neutral,,,,,z,1926,False,False,,2,,,,False,61,LM-219,materials/cfd/Images/CFD/LM-219/CFD-LM-219-295-N.jpg,BM-023,materials/cfd/Images/CFD/BM-023/CFD-BM-023-029-N.jpg,m,2
25,2,24,study,0,female,Black,female,White,happy,,,,,z,1062,True,False,,2,,,,False,63,BF-244,materials/cfd/Images/CFD/BF-244/CFD-BF-244-231-N.jpg,WF-027,materials/cfd/Images/CFD/WF-027/CFD-WF-027-021-HO.jpg,z,2
25,2,25,study,0,male,Asian,female,Black,neutral,,,,,z,2610,False,False,,2,,,,False,65,AM-208,materials/cfd/Images/CFD/AM-208/CFD-AM-208-143-N.jpg,BF-038,materials/cfd/Images/CFD/BF-038/CFD-BF-038-037-N.jpg,m,2
25,2,26,study,0,male,Asian,female,White,neutral,,,,,z,1983,False,False,,2,,,,False,67,AM-203,materials/cfd/Images/CFD/AM-203/CFD-AM-203-086-N.jpg,WF-225,materials/cfd/Images/CFD/WF-225/CFD-WF-225-101-N.jpg,m,2
25,2,27,study,0,female,Black,male,Black,happy,,,,,m,2294,False,False,,2,,,,False,69,BF-248,materials/cfd/Images/CFD/BF-248/CFD-BF-248-149-N.jpg,BM-045,materials/cfd/Images/CFD/BM-045/CFD-BM-045-055-HO.jpg,z,2
25,2,28,study,0,male,White,male,White,angry,,,,,m,1934,True,False,,2,,,,False,71,WM-013,materials/cfd/Images/CFD/WM-013/CFD-WM-013-001-N.jpg,WM-012,materials/cfd/Images/CFD/WM-012/CFD-WM-012-015-A.jpg,m,2
25,2,29,study,0,male,Asian,male,White,neutral,,,,,m,1524,True,False,,2,,,,False,73,AM-211,materials/cfd/Images/CFD/AM-211/CFD-AM-211-052-N.jpg,WM-006,materials/cfd/Images/CFD/WM-006/CFD-WM-006-002-N.jpg,m,2
25,2,30,study,0,female,Black,female,Black,angry,,,,,z,1214,True,False,,2,,,,False,75,BF-218,materials/cfd/Images/CFD/BF-218/CFD-BF-218-207-N.jpg,BF-006,materials/cfd/Images/CFD/BF-006/CFD-BF-006-012-A.jpg,z,2
25,2,31,study,1,female,Asian,male,Black,neutral,,,,,m,1059,False,False,,2,,,,False,78,AF-212,materials/cfd/Images/CFD/AF-212/CFD-AF-212-097-N.jpg,BM-241,materials/cfd/Images/CFD/BM-241/CFD-BM-241-235-N.jpg,z,2
25,2,32,study,1,female,Black,male,White,happy,,,,,m,2183,False,False,,2,,,,False,80,BF-051,materials/cfd/Images/CFD/BF-051/CFD-BF-051-035-N.jpg,WM-032,materials/cfd/Images/CFD/WM-032/CFD-WM-032-004-HO.jpg,z,2
25,2,33,study,1,male,Latino,female,Black,angry,,,,,z,2133,False,False,,2,,,,False,82,LM-233,materials/cfd/Images/CFD/LM-233/CFD-LM-233-171-N.jpg,BF-050,materials/cfd/Images/CFD/BF-050/CFD-BF-050-012-A.jpg,m,2
25,2,34,study,1,female,Black,female,Black,angry,,,,,z,1996,True,False,,2,,,,False,84,BF-240,materials/cfd/Images/CFD/BF-240/CFD-BF-240-179-N.jpg,BF-029,materials/cfd/Images/CFD/BF-029/CFD-BF-029-046-A.jpg,z,2
25,2,35,study,1,female,White,male,White,happy,,,,,m,1584,False,False,,2,,,,False,86,WF-023,materials/cfd/Images/CFD/WF-023/CFD-WF-023-003-N.jpg,WM-001,materials/cfd/Images/CFD/WM-001/CFD-WM-001-011-HO.jpg,z,2
25,2,36,study,1,male,Latino,female,Black,happy,,,,,z,2276,False,False,,2,,,,False,88,LM-222,materials/cfd/Images/CFD/LM-222/CFD-LM-222-239-N.jpg,BF-010,materials/cfd/Images/CFD/BF-010/CFD-BF-010-003-HO.jpg,m,2
25,2,37,study,1,female,Asian,female,White,neutral,,,,,z,2091,True,False,,2,,,,False,90,AF-207,materials/cfd/Images/CFD/AF-207/CFD-AF-207-023-N.jpg,WF-210,materials/cfd/Images/CFD/WF-210/CFD-WF-210-086-N.jpg,z,2
25,2,38,study,1,female,White,female,Black,happy,,,,,z,2032,True,False,,2,,,,False,92,WF-022,materials/cfd/Images/CFD/WF-022/CFD-WF-022-017-N.jpg,BF-004,materials/cfd/Images/CFD/BF-004/CFD-BF-004-009-HO.jpg,z,2
25,2,39,study,1,female,Black,male,Black,neutral,,,,,m,2038,False,False,,2,,,,False,94,BF-039,materials/cfd/Images/CFD/BF-039/CFD-BF-039-031-N.jpg,BM-024,materials/cfd/Images/CFD/BM-024/CFD-BM-024-001-N.jpg,z,2
25,2,40,study,1,male,Asian,male,Black,happy,,,,,m,2205,True,False,,2,,,,False,96,AM-248,materials/cfd/Images/CFD/AM-248/CFD-AM-248-104-N.jpg,BM-044,materials/cfd/Images/CFD/BM-044/CFD-BM-044-037-HO.jpg,m,2
25,2,41,study,1,male,Asian,male,Black,happy,,,,,m,1300,True,False,,2,,,,False,98,AM-246,materials/cfd/Images/CFD/AM-246/CFD-AM-246-184-N.jpg,BM-039,materials/cfd/Images/CFD/BM-039/CFD-BM-039-034-HO.jpg,m,2
25,2,42,study,1,male,Black,male,Black,happy,,,,,m,1351,True,False,,2,,,,False,100,BM-029,materials/cfd/Images/CFD/BM-029/CFD-BM-029-024-N.jpg,BM-030,materials/cfd/Images/CFD/BM-030/CFD-BM-030-004-HO.jpg,m,2
25,2,43,study,1,male,Asian,male,Black,happy,,,,,m,1222,True,False,,2,,,,False,102,AM-249,materials/cfd/Images/CFD/AM-249/CFD-AM-249-163-N.jpg,BM-019,materials/cfd/Images/CFD/BM-019/CFD-BM-019-004-HO.jpg,m,2
25,2,44,study,1,male,White,male,White,neutral,,,,,m,945,True,False,,2,,,,False,104,WM-241,materials/cfd/Images/CFD/WM-241/CFD-WM-241-072-N.jpg,WM-213,materials/cfd/Images/CFD/WM-213/CFD-WM-213-076-N.jpg,m,2
25,2,45,study,1,male,Latino,male,White,neutral,,,,,m,2129,True,False,,2,,,,False,106,LM-213,materials/cfd/Images/CFD/LM-213/CFD-LM-213-061-N.jpg,WM-041,materials/cfd/Images/CFD/WM-041/CFD-WM-041-021-N.jpg,m,2
25,2,46,study,1,female,Asian,female,White,angry,,,,,z,1745,True,False,,2,,,,False,108,AF-211,materials/cfd/Images/CFD/AF-211/CFD-AF-211-066-N.jpg,WF-006,materials/cfd/Images/CFD/WF-006/CFD-WF-006-019-A.jpg,z,2
25,2,47,study,1,female,White,male,Black,angry,,,,,m,1374,False,False,,2,,,,False,110,WF-204,materials/cfd/Images/CFD/WF-204/CFD-WF-204-038-N.jpg,BM-001,materials/cfd/Images/CFD/BM-001/CFD-BM-001-022-A.jpg,z,2
25,2,48,study,1,female,Black,male,White,neutral,,,,,m,1155,False,False,,2,,,,False,112,BF-044,materials/cfd/Images/CFD/BF-044/CFD-BF-044-034-N.jpg,WM-245,materials/cfd/Images/CFD/WM-245/CFD-WM-245-123-N.jpg,z,2
25,2,49,study,1,male,White,male,Black,happy,,,,,m,952,True,False,,2,,,,False,114,WM-034,materials/cfd/Images/CFD/WM-034/CFD-WM-034-030-N.jpg,BM-041,materials/cfd/Images/CFD/BM-041/CFD-BM-041-041-HO.jpg,m,2
25,2,50,study,1,female,Black,female,Black,neutral,,,,,m,1036,False,False,,2,,,,False,116,BF-245,materials/cfd/Images/CFD/BF-245/CFD-BF-245-178-N.jpg,BF-223,materials/cfd/Images/CFD/BF-223/CFD-BF-223-250-N.jpg,z,2
25,2,51,study,1,female,Black,male,Black,neutral,,,,,m,1458,False,False,,2,,,,False,118,BF-214,materials/cfd/Images/CFD/BF-214/CFD-BF-214-308-N.jpg,BM-040,materials/cfd/Images/CFD/BM-040/CFD-BM-040-002-N.jpg,z,2
25,2,52,study,1,female,Black,male,Black,happy,,,,,m,1245,False,False,,2,,,,False,120,BF-020,materials/cfd/Images/CFD/BF-020/CFD-BF-020-002-N.jpg,BM-033,materials/cfd/Images/CFD/BM-033/CFD-BM-033-029-HO.jpg,z,2
25,2,53,study,1,male,Asian,female,Black,happy,,,,,z,1602,False,False,,2,,,,False,122,AM-247,materials/cfd/Images/CFD/AM-247/CFD-AM-247-165-N.jpg,BF-008,materials/cfd/Images/CFD/BF-008/CFD-BF-008-003-HO.jpg,m,2
25,2,54,study,1,female,Latino,male,Black,angry,,,,,m,1115,False,False,,2,,,,False,124,LF-247,materials/cfd/Images/CFD/LF-247/CFD-LF-247-051-N.jpg,BM-005,materials/cfd/Images/CFD/BM-005/CFD-BM-005-010-A.jpg,z,2
25,2,55,study,1,male,White,male,White,angry,,,,,m,1149,True,False,,2,,,,False,126,WM-235,materials/cfd/Images/CFD/WM-235/CFD-WM-235-147-N.jpg,WM-023,materials/cfd/Images/CFD/WM-023/CFD-WM-023-012-A.jpg,m,2
25,2,56,study,1,male,Black,female,Black,happy,,,,,z,1210,False,False,,2,,,,False,128,BM-021,materials/cfd/Images/CFD/BM-021/CFD-BM-021-021-N.jpg,BF-033,materials/cfd/Images/CFD/BF-033/CFD-BF-033-031-HO.jpg,m,2
25,2,57,study,1,female,White,male,White,angry,,,,,m,1153,False,False,,2,,,,False,130,WF-215,materials/cfd/Images/CFD/WF-215/CFD-WF-215-145-N.jpg,WM-003,materials/cfd/Images/CFD/WM-003/CFD-WM-003-008-A.jpg,z,2
25,2,58,study,1,male,Black,female,White,neutral,,,,,z,1935,False,False,,2,,,,False,132,BM-020,materials/cfd/Images/CFD/BM-020/CFD-BM-020-001-N.jpg,WF-221,materials/cfd/Images/CFD/WF-221/CFD-WF-221-005-N.jpg,m,2
25,2,59,study,1,male,White,female,Black,angry,,,,,z,2144,False,False,,2,,,,False,134,WM-252,materials/cfd/Images/CFD/WM-252/CFD-WM-252-224-N.jpg,BF-003,materials/cfd/Images/CFD/BF-003/CFD-BF-003-016-A.jpg,m,2
25,2,60,study,1,male,Black,female,White,neutral,,,,,z,1318,False,False,,2,,,,False,136,BM-233,materials/cfd/Images/CFD/BM-233/CFD-BM-233-285-N.jpg,WF-228,materials/cfd/Images/CFD/WF-228/CFD-WF-228-196-N.jpg,m,2
25,2,61,study,0,male,Black,male,Black,happy,,,,,m,887,True,False,,2,,,,False,139,BM-029,materials/cfd/Images/CFD/BM-029/CFD-BM-029-024-N.jpg,BM-030,materials/cfd/Images/CFD/BM-030/CFD-BM-030-004-HO.jpg,m,2
25,2,62,study,0,female,Black,male,Black,happy,,,,,m,870,False,False,,2,,,,False,141,BF-248,materials/cfd/Images/CFD/BF-248/CFD-BF-248-149-N.jpg,BM-045,materials/cfd/Images/CFD/BM-045/CFD-BM-045-055-HO.jpg,z,2
25,2,63,study,0,male,White,female,White,happy,,,,,z,784,False,False,,2,,,,False,143,WM-253,materials/cfd/Images/CFD/WM-253/CFD-WM-253-119-N.jpg,WF-005,materials/cfd/Images/CFD/WF-005/CFD-WF-005-013-HO.jpg,m,2
25,2,64,study,0,female,White,male,Black,angry,,,,,m,883,False,False,,2,,,,False,145,WF-236,materials/cfd/Images/CFD/WF-236/CFD-WF-236-107-N.jpg,BM-032,materials/cfd/Images/CFD/BM-032/CFD-BM-032-015-A.jpg,z,2
25,2,65,study,0,male,Latino,female,Black,angry,,,,,z,1035,False,False,,2,,,,False,147,LM-233,materials/cfd/Images/CFD/LM-233/CFD-LM-233-171-N.jpg,BF-050,materials/cfd/Images/CFD/BF-050/CFD-BF-050-012-A.jpg,m,2
25,2,66,study,0,male,Asian,male,White,neutral,,,,,m,797,True,False,,2,,,,False,149,AM-211,materials/cfd/Images/CFD/AM-211/CFD-AM-211-052-N.jpg,WM-006,materials/cfd/Images/CFD/WM-006/CFD-WM-006-002-N.jpg,m,2
25,2,67,study,0,male,White,male,White,angry,,,,,m,1191,True,False,,2,,,,False,151,WM-235,materials/cfd/Images/CFD/WM-235/CFD-WM-235-147-N.jpg,WM-023,materials/cfd/Images/CFD/WM-023/CFD-WM-023-012-A.jpg,m,2
25,2,68,study,0,female,Asian,male,Black,neutral,,,,,m,1484,False,False,,2,,,,False,153,AF-212,materials/cfd/Images/CFD/AF-212/CFD-AF-212-097-N.jpg,BM-241,materials/cfd/Images/CFD/BM-241/CFD-BM-241-235-N.jpg,z,2
25,2,69,study,0,female,White,female,Black,happy,,,,,z,926,True,False,,2,,,,False,155,WF-011,materials/cfd/Images/CFD/WF-011/CFD-WF-011-002-N.jpg,BF-045,materials/cfd/Images/CFD/BF-045/CFD-BF-045-062-HO.jpg,z,2
25,2,70,study,0,male,White,male,White,neutral,,,,,m,691,True,False,,2,,,,False,157,WM-241,materials/cfd/Images/CFD/WM-241/CFD-WM-241-072-N.jpg,WM-213,materials/cfd/Images/CFD/WM-213/CFD-WM-213-076-N.jpg,m,2
25,2,71,study,0,female,White,male,White,angry,,,,,m,1052,False,False,,2,,,,False,159,WF-215,materials/cfd/Images/CFD/WF-215/CFD-WF-215-145-N.jpg,WM-003,materials/cfd/Images/CFD/WM-003/CFD-WM-003-008-A.jpg,z,2
25,2,72,study,0,male,Black,female,White,neutral,,,,,z,1378,False,False,,2,,,,False,161,BM-233,materials/cfd/Images/CFD/BM-233/CFD-BM-233-285-N.jpg,WF-228,materials/cfd/Images/CFD/WF-228/CFD-WF-228-196-N.jpg,m,2
25,2,73,study,0,female,Black,female,Black,angry,,,,,z,1380,True,False,,2,,,,False,163,BF-240,materials/cfd/Images/CFD/BF-240/CFD-BF-240-179-N.jpg,BF-029,materials/cfd/Images/CFD/BF-029/CFD-BF-029-046-A.jpg,z,2
25,2,74,study,0,female,Asian,male,Black,happy,,,,,m,847,False,False,,2,,,,False,165,AF-233,materials/cfd/Images/CFD/AF-233/CFD-AF-233-190-N.jpg,BM-034,materials/cfd/Images/CFD/BM-034/CFD-BM-034-033-HO.jpg,z,2
25,2,75,study,0,male,Black,male,White,angry,,,,,m,1309,True,False,,2,,,,False,167,BM-222,materials/cfd/Images/CFD/BM-222/CFD-BM-222-173-N.jpg,WM-024,materials/cfd/Images/CFD/WM-024/CFD-WM-024-010-A.jpg,m,2
25,2,76,study,0,female,White,female,White,angry,,,,,z,865,True,False,,2,,,,False,169,WF-201,materials/cfd/Images/CFD/WF-201/CFD-WF-201-156-N.jpg,WF-038,materials/cfd/Images/CFD/WF-038/CFD-WF-038-030-A.jpg,z,2
25,2,77,study,0,female,Latino,male,Black,angry,,,,,m,909,False,False,,2,,,,False,171,LF-226,materials/cfd/Images/CFD/LF-226/CFD-LF-226-174-N.jpg,BM-036,materials/cfd/Images/CFD/BM-036/CFD-BM-036-037-A.jpg,z,2
25,2,78,study,0,male,Asian,female,Black,neutral,,,,,z,1021,False,False,,2,,,,False,173,AM-208,materials/cfd/Images/CFD/AM-208/CFD-AM-208-143-N.jpg,BF-038,materials/cfd/Images/CFD/BF-038/CFD-BF-038-037-N.jpg,m,2
25,2,79,study,0,male,Latino,male,White,neutral,,,,,m,1110,True,False,,2,,,,False,175,LM-213,materials/cfd/Images/CFD/LM-213/CFD-LM-213-061-N.jpg,WM-041,materials/cfd/Images/CFD/WM-041/CFD-WM-041-021-N.jpg,m,2
25,2,80,study,0,female,Black,female,White,happy,,,,,z,784,True,False,,2,,,,False,177,BF-244,materials/cfd/Images/CFD/BF-244/CFD-BF-244-231-N.jpg,WF-027,materials/cfd/Images/CFD/WF-027/CFD-WF-027-021-HO.jpg,z,2
25,2,81,study,0,female,Black,male,Black,neutral,,,,,m,1368,False,False,,2,,,,False,179,BF-214,materials/cfd/Images/CFD/BF-214/CFD-BF-214-308-N.jpg,BM-040,materials/cfd/Images/CFD/BM-040/CFD-BM-040-002-N.jpg,z,2
25,2,82,study,0,male,Black,female,Black,angry,,,,,z,1050,False,False,,2,,,,False,181,BM-214,materials/cfd/Images/CFD/BM-214/CFD-BM-214-075-N.jpg,BF-015,materials/cfd/Images/CFD/BF-015/CFD-BF-015-022-A.jpg,m,2
25,2,83,study,0,male,White,male,Black,happy,,,,,m,824,True,False,,2,,,,False,183,WM-034,materials/cfd/Images/CFD/WM-034/CFD-WM-034-030-N.jpg,BM-041,materials/cfd/Images/CFD/BM-041/CFD-BM-041-041-HO.jpg,m,2
25,2,84,study,0,female,Black,female,Black,neutral,,,,,z,757,True,False,,2,,,,False,185,BF-245,materials/cfd/Images/CFD/BF-245/CFD-BF-245-178-N.jpg,BF-223,materials/cfd/Images/CFD/BF-223/CFD-BF-223-250-N.jpg,z,2
25,2,85,study,0,male,White,female,Black,angry,,,,,z,1718,False,False,,2,,,,False,187,WM-252,materials/cfd/Images/CFD/WM-252/CFD-WM-252-224-N.jpg,BF-003,materials/cfd/Images/CFD/BF-003/CFD-BF-003-016-A.jpg,m,2
25,2,86,study,0,male,White,female,White,happy,,,,,z,1378,False,False,,2,,,,False,189,WM-215,materials/cfd/Images/CFD/WM-215/CFD-WM-215-041-N.jpg,WF-028,materials/cfd/Images/CFD/WF-028/CFD-WF-028-024-HO.jpg,m,2
25,2,87,study,0,female,Latino,female,White,neutral,,,,,z,758,True,False,,2,,,,False,191,LF-255,materials/cfd/Images/CFD/LF-255/CFD-LF-255-088-N.jpg,WF-037,materials/cfd/Images/CFD/WF-037/CFD-WF-037-029-N.jpg,z,2
25,2,88,study,0,female,White,male,Black,angry,,,,,m,1136,False,False,,2,,,,False,193,WF-204,materials/cfd/Images/CFD/WF-204/CFD-WF-204-038-N.jpg,BM-001,materials/cfd/Images/CFD/BM-001/CFD-BM-001-022-A.jpg,z,2
25,2,89,study,0,female,Latino,male,White,neutral,,,,,m,990,False,False,,2,,,,False,195,LF-240,materials/cfd/Images/CFD/LF-240/CFD-LF-240-199-N.jpg,WM-237,materials/cfd/Images/CFD/WM-237/CFD-WM-237-052-N.jpg,z,2
25,2,90,study,0,male,White,male,White,angry,,,,,m,1031,True,False,,2,,,,False,197,WM-013,materials/cfd/Images/CFD/WM-013/CFD-WM-013-001-N.jpg,WM-012,materials/cfd/Images/CFD/WM-012/CFD-WM-012-015-A.jpg,m,2
25,2,91,study,1,male,Black,female,Black,angry,,,,,z,1570,False,False,,2,,,,False,200,BM-017,materials/cfd/Images/CFD/BM-017/CFD-BM-017-021-N.jpg,BF-042,materials/cfd/Images/CFD/BF-042/CFD-BF-042-034-A.jpg,m,2
25,2,92,study,1,female,Black,male,Black,neutral,,,,,m,2055,False,False,,2,,,,False,202,BF-039,materials/cfd/Images/CFD/BF-039/CFD-BF-039-031-N.jpg,BM-024,materials/cfd/Images/CFD/BM-024/CFD-BM-024-001-N.jpg,z,2
25,2,93,study,1,male,Black,female,Black,happy,,,,,z,1432,False,False,,2,,,,False,204,BM-021,materials/cfd/Images/CFD/BM-021/CFD-BM-021-021-N.jpg,BF-033,materials/cfd/Images/CFD/BF-033/CFD-BF-033-031-HO.jpg,m,2
25,2,94,study,1,male,White,male,White,neutral,,,,,m,1084,True,False,,2,,,,False,206,WM-248,materials/cfd/Images/CFD/WM-248/CFD-WM-248-036-N.jpg,WM-255,materials/cfd/Images/CFD/WM-255/CFD-WM-255-219-N.jpg,m,2
25,2,95,study,1,female,Asian,female,White,happy,,,,,z,1449,True,False,,2,,,,False,208,AF-238,materials/cfd/Images/CFD/AF-238/CFD-AF-238-185-N.jpg,WF-012,materials/cfd/Images/CFD/WF-012/CFD-WF-012-007-HO.jpg,z,2
25,2,96,study,1,female,Black,male,White,neutral,,,,,m,897,False,False,,2,,,,False,210,BF-044,materials/cfd/Images/CFD/BF-044/CFD-BF-044-034-N.jpg,WM-245,materials/cfd/Images/CFD/WM-245/CFD-WM-245-123-N.jpg,z,2
25,2,97,study,1,female,Black,female,Black,angry,,,,,z,833,True,False,,2,,,,False,212,BF-218,materials/cfd/Images/CFD/BF-218/CFD-BF-218-207-N.jpg,BF-006,materials/cfd/Images/CFD/BF-006/CFD-BF-006-012-A.jpg,z,2
25,2,98,study,1,female,Black,male,Black,happy,,,,,m,848,False,False,,2,,,,False,214,BF-020,materials/cfd/Images/CFD/BF-020/CFD-BF-020-002-N.jpg,BM-033,materials/cfd/Images/CFD/BM-033/CFD-BM-033-029-HO.jpg,z,2
25,2,99,study,1,male,Latino,female,Black,angry,,,,,z,1226,False,False,,2,,,,False,216,LM-218,materials/cfd/Images/CFD/LM-218/CFD-LM-218-183-N.jpg,BF-019,materials/cfd/Images/CFD/BF-019/CFD-BF-019-023-A.jpg,m,2
25,2,100,study,1,male,Latino,male,White,angry,,,,,m,1138,True,False,,2,,,,False,218,LM-209,materials/cfd/Images/CFD/LM-209/CFD-LM-209-111-N.jpg,WM-031,materials/cfd/Images/CFD/WM-031/CFD-WM-031-045-A.jpg,m,2
25,2,101,study,1,female,Latino,male,Black,angry,,,,,m,1457,False,False,,2,,,,False,220,LF-247,materials/cfd/Images/CFD/LF-247/CFD-LF-247-051-N.jpg,BM-005,materials/cfd/Images/CFD/BM-005/CFD-BM-005-010-A.jpg,z,2
25,2,102,study,1,female,White,female,Black,happy,,,,,z,1144,True,False,,2,,,,False,222,WF-022,materials/cfd/Images/CFD/WF-022/CFD-WF-022-017-N.jpg,BF-004,materials/cfd/Images/CFD/BF-004/CFD-BF-004-009-HO.jpg,z,2
25,2,103,study,1,male,Asian,male,Black,angry,,,,,m,1396,True,False,,2,,,,False,224,AM-216,materials/cfd/Images/CFD/AM-216/CFD-AM-216-114-N.jpg,BM-016,materials/cfd/Images/CFD/BM-016/CFD-BM-016-042-A.jpg,m,2
25,2,104,study,1,female,White,female,White,angry,,,,,z,836,True,False,,2,,,,False,226,WF-242,materials/cfd/Images/CFD/WF-242/CFD-WF-242-001-N.jpg,WF-002,materials/cfd/Images/CFD/WF-002/CFD-WF-002-033-A.jpg,z,2
25,2,105,study,1,male,Asian,female,Black,happy,,,,,z,1237,False,False,,2,,,,False,228,AM-247,materials/cfd/Images/CFD/AM-247/CFD-AM-247-165-N.jpg,BF-008,materials/cfd/Images/CFD/BF-008/CFD-BF-008-003-HO.jpg,m,2
25,2,106,study,1,male,Asian,male,Black,happy,,,,,m,2026,True,False,,2,,,,False,230,AM-249,materials/cfd/Images/CFD/AM-249/CFD-AM-249-163-N.jpg,BM-019,materials/cfd/Images/CFD/BM-019/CFD-BM-019-004-HO.jpg,m,2
25,2,107,study,1,female,White,female,White,neutral,,,,,z,834,True,False,,2,,,,False,232,WF-252,materials/cfd/Images/CFD/WF-252/CFD-WF-252-159-N.jpg,WF-003,materials/cfd/Images/CFD/WF-003/CFD-WF-003-003-N.jpg,z,2
25,2,108,study,1,female,Black,male,White,happy,,,,,m,1055,False,False,,2,,,,False,234,BF-051,materials/cfd/Images/CFD/BF-051/CFD-BF-051-035-N.jpg,WM-032,materials/cfd/Images/CFD/WM-032/CFD-WM-032-004-HO.jpg,z,2
25,2,109,study,1,female,Asian,female,White,angry,,,,,z,1756,True,False,,2,,,,False,236,AF-211,materials/cfd/Images/CFD/AF-211/CFD-AF-211-066-N.jpg,WF-006,materials/cfd/Images/CFD/WF-006/CFD-WF-006-019-A.jpg,z,2
25,2,110,study,1,male,Asian,male,Black,happy,,,,,m,739,True,False,,2,,,,False,238,AM-248,materials/cfd/Images/CFD/AM-248/CFD-AM-248-104-N.jpg,BM-044,materials/cfd/Images/CFD/BM-044/CFD-BM-044-037-HO.jpg,m,2
25,2,111,study,1,male,Asian,female,White,neutral,,,,,z,828,False,False,,2,,,,False,240,AM-203,materials/cfd/Images/CFD/AM-203/CFD-AM-203-086-N.jpg,WF-225,materials/cfd/Images/CFD/WF-225/CFD-WF-225-101-N.jpg,m,2
25,2,112,study,1,male,Latino,female,Black,happy,,,,,z,2121,False,False,,2,,,,False,242,LM-222,materials/cfd/Images/CFD/LM-222/CFD-LM-222-239-N.jpg,BF-010,materials/cfd/Images/CFD/BF-010/CFD-BF-010-003-HO.jpg,m,2
25,2,113,study,1,female,Asian,female,White,neutral,,,,,z,1307,True,False,,2,,,,False,244,AF-207,materials/cfd/Images/CFD/AF-207/CFD-AF-207-023-N.jpg,WF-210,materials/cfd/Images/CFD/WF-210/CFD-WF-210-086-N.jpg,z,2
25,2,114,study,1,male,Black,female,White,neutral,,,,,z,1144,False,False,,2,,,,False,246,BM-020,materials/cfd/Images/CFD/BM-020/CFD-BM-020-001-N.jpg,WF-221,materials/cfd/Images/CFD/WF-221/CFD-WF-221-005-N.jpg,m,2
25,2,115,study,1,male,Asian,male,Black,happy,,,,,m,2261,True,False,,2,,,,False,248,AM-246,materials/cfd/Images/CFD/AM-246/CFD-AM-246-184-N.jpg,BM-039,materials/cfd/Images/CFD/BM-039/CFD-BM-039-034-HO.jpg,m,2
25,2,116,study,1,female,Asian,female,Black,happy,,,,,z,1032,True,False,,2,,,,False,250,AF-230,materials/cfd/Images/CFD/AF-230/CFD-AF-230-193-N.jpg,BF-021,materials/cfd/Images/CFD/BF-021/CFD-BF-021-014-HO.jpg,z,2
25,2,117,study,1,male,Latino,female,White,neutral,,,,,z,1396,False,False,,2,,,,False,252,LM-243,materials/cfd/Images/CFD/LM-243/CFD-LM-243-075-N.jpg,WF-010,materials/cfd/Images/CFD/WF-010/CFD-WF-010-004-N.jpg,m,2
25,2,118,study,1,female,White,male,White,happy,,,,,m,786,False,False,,2,,,,False,254,WF-023,materials/cfd/Images/CFD/WF-023/CFD-WF-023-003-N.jpg,WM-001,materials/cfd/Images/CFD/WM-001/CFD-WM-001-011-HO.jpg,z,2
25,2,119,study,1,female,Latino,female,White,neutral,,,,,z,781,True,False,,2,,,,False,256,LF-213,materials/cfd/Images/CFD/LF-213/CFD-LF-213-079-N.jpg,WF-218,materials/cfd/Images/CFD/WF-218/CFD-WF-218-087-N.jpg,z,2
25,2,120,study,1,male,Latino,male,Black,neutral,,,,,z,1299,False,False,,2,,,,False,258,LM-219,materials/cfd/Images/CFD/LM-219/CFD-LM-219-295-N.jpg,BM-023,materials/cfd/Images/CFD/BM-023/CFD-BM-023-029-N.jpg,m,2
25,2,121,test,0,male,White,male,Black,happy,,,,intact,m,1519,True,False,,2,,,,False,275,WM-034,materials/cfd/Images/CFD/WM-034/CFD-WM-034-030-N.jpg,BM-041,materials/cfd/Images/CFD/BM-041/CFD-BM-041-041-HO.jpg,m,2
25,2,122,test,0,male,Black,female,White,neutral,,,,rearranged,m,1693,False,False,,2,,,,False,277,BM-233,materials/cfd/Images/CFD/BM-233/CFD-BM-233-285-N.jpg,WF-221,materials/cfd/Images/CFD/WF-221/CFD-WF-221-005-N.jpg,z,2
25,2,123,test,0,female,Black,male,White,happy,,,,intact,m,850,True,False,,2,,,,False,279,BF-051,materials/cfd/Images/CFD/BF-051/CFD-BF-051-035-N.jpg,WM-032,materials/cfd/Images/CFD/WM-032/CFD-WM-032-004-HO.jpg,m,2
25,2,124,test,0,female,Latino,female,White,neutral,,,,intact,z,1156,False,False,,2,,,,False,281,LF-255,materials/cfd/Images/CFD/LF-255/CFD-LF-255-088-N.jpg,WF-037,materials/cfd/Images/CFD/WF-037/CFD-WF-037-029-N.jpg,m,2
25,2,125,test,0,male,Black,female,Black,angry,,,,intact,m,1381,True,False,,2,,,,False,283,BM-017,materials/cfd/Images/CFD/BM-017/CFD-BM-017-021-N.jpg,BF-042,materials/cfd/Images/CFD/BF-042/CFD-BF-042-034-A.jpg,m,2
25,2,126,test,0,male,Latino,female,White,neutral,,,,intact,m,1546,True,False,,2,,,,False,285,LM-243,materials/cfd/Images/CFD/LM-243/CFD-LM-243-075-N.jpg,WF-010,materials/cfd/Images/CFD/WF-010/CFD-WF-010-004-N.jpg,m,2
25,2,127,test,0,male,Asian,male,Black,angry,,,,intact,m,1292,True,False,,2,,,,False,287,AM-216,materials/cfd/Images/CFD/AM-216/CFD-AM-216-114-N.jpg,BM-016,materials/cfd/Images/CFD/BM-016/CFD-BM-016-042-A.jpg,m,2
25,2,128,test,0,female,White,female,White,neutral,,,,rearranged,m,2030,False,False,,2,,,,False,289,WF-252,materials/cfd/Images/CFD/WF-252/CFD-WF-252-159-N.jpg,WF-218,materials/cfd/Images/CFD/WF-218/CFD-WF-218-087-N.jpg,z,2
25,2,129,test,0,female,Black,female,White,angry,,,,rearranged,m,1217,False,False,,2,,,,False,291,BF-240,materials/cfd/Images/CFD/BF-240/CFD-BF-240-179-N.jpg,WF-006,materials/cfd/Images/CFD/WF-006/CFD-WF-006-019-A.jpg,z,2
25,2,130,test,0,male,Latino,male,White,angry,,,,rearranged,m,798,False,False,,2,,,,False,293,LM-209,materials/cfd/Images/CFD/LM-209/CFD-LM-209-111-N.jpg,WM-024,materials/cfd/Images/CFD/WM-024/CFD-WM-024-010-A.jpg,z,2
25,2,131,test,0,male,Asian,male,Black,happy,,,,rearranged,m,1116,False,False,,2,,,,False,295,AM-246,materials/cfd/Images/CFD/AM-246/CFD-AM-246-184-N.jpg,BM-044,materials/cfd/Images/CFD/BM-044/CFD-BM-044-037-HO.jpg,z,2
25,2,132,test,0,female,White,female,White,angry,,,,intact,m,1470,True,False,,2,,,,False,297,WF-242,materials/cfd/Images/CFD/WF-242/CFD-WF-242-001-N.jpg,WF-002,materials/cfd/Images/CFD/WF-002/CFD-WF-002-033-A.jpg,m,2
25,2,133,test,0,male,Black,female,White,neutral,,,,rearranged,z,1419,True,False,,2,,,,False,299,BM-020,materials/cfd/Images/CFD/BM-020/CFD-BM-020-001-N.jpg,WF-228,materials/cfd/Images/CFD/WF-228/CFD-WF-228-196-N.jpg,z,2
25,2,134,test,0,female,Black,female,Black,neutral,,,,intact,z,1094,False,False,,2,,,,False,301,BF-245,materials/cfd/Images/CFD/BF-245/CFD-BF-245-178-N.jpg,BF-223,materials/cfd/Images/CFD/BF-223/CFD-BF-223-250-N.jpg,m,2
25,2,135,test,0,female,Latino,male,Black,angry,,,,intact,m,1021,True,False,,2,,,,False,303,LF-226,materials/cfd/Images/CFD/LF-226/CFD-LF-226-174-N.jpg,BM-036,materials/cfd/Images/CFD/BM-036/CFD-BM-036-037-A.jpg,m,2
25,2,136,test,0,male,Latino,female,Black,angry,,,,rearranged,,,False,True,,2,,,,False,305,LM-233,materials/cfd/Images/CFD/LM-233/CFD-LM-233-171-N.jpg,BF-003,materials/cfd/Images/CFD/BF-003/CFD-BF-003-016-A.jpg,z,2
25,2,137,test,0,female,White,female,White,angry,,,,intact,m,1319,True,False,,2,,,,False,307,WF-201,materials/cfd/Images/CFD/WF-201/CFD-WF-201-156-N.jpg,WF-038,materials/cfd/Images/CFD/WF-038/CFD-WF-038-030-A.jpg,m,2
25,2,138,test,0,female,Asian,female,Black,happy,,,,intact,m,1243,True,False,,2,,,,False,309,AF-230,materials/cfd/Images/CFD/AF-230/CFD-AF-230-193-N.jpg,BF-021,materials/cfd/Images/CFD/BF-021/CFD-BF-021-014-HO.jpg,m,2
25,2,139,test,0,male,White,male,White,angry,,,,rearranged,m,1278,False,False,,2,,,,False,311,WM-235,materials/cfd/Images/CFD/WM-235/CFD-WM-235-147-N.jpg,WM-031,materials/cfd/Images/CFD/WM-031/CFD-WM-031-045-A.jpg,z,2
25,2,140,test,0,male,Asian,male,Black,happy,,,,rearranged,m,1115,False,False,,2,,,,False,313,AM-248,materials/cfd/Images/CFD/AM-248/CFD-AM-248-104-N.jpg,BM-039,materials/cfd/Images/CFD/BM-039/CFD-BM-039-034-HO.jpg,z,2
25,2,141,test,0,female,Black,female,Black,angry,,,,intact,m,2022,True,False,,2,,,,False,315,BF-218,materials/cfd/Images/CFD/BF-218/CFD-BF-218-207-N.jpg,BF-006,materials/cfd/Images/CFD/BF-006/CFD-BF-006-012-A.jpg,m,2
25,2,142,test,0,male,White,male,White,neutral,,,,intact,z,1391,False,False,,2,,,,False,317,WM-248,materials/cfd/Images/CFD/WM-248/CFD-WM-248-036-N.jpg,WM-255,materials/cfd/Images/CFD/WM-255/CFD-WM-255-219-N.jpg,m,2
25,2,143,test,0,female,Asian,male,Black,happy,,,,rearranged,m,1321,False,False,,2,,,,False,319,AF-233,materials/cfd/Images/CFD/AF-233/CFD-AF-233-190-N.jpg,BM-045,materials/cfd/Images/CFD/BM-045/CFD-BM-045-055-HO.jpg,z,2
25,2,144,test,0,male,Black,male,Black,happy,,,,intact,z,1614,False,False,,2,,,,False,321,BM-029,materials/cfd/Images/CFD/BM-029/CFD-BM-029-024-N.jpg,BM-030,materials/cfd/Images/CFD/BM-030/CFD-BM-030-004-HO.jpg,m,2
25,2,145,test,0,female,White,female,Black,happy,,,,rearranged,m,1119,False,False,,2,,,,False,323,WF-022,materials/cfd/Images/CFD/WF-022/CFD-WF-022-017-N.jpg,BF-045,materials/cfd/Images/CFD/BF-045/CFD-BF-045-062-HO.jpg,z,2
25,2,146,test,0,male,Asian,female,White,neutral,,,,intact,z,1124,False,False,,2,,,,False,325,AM-203,materials/cfd/Images/CFD/AM-203/CFD-AM-203-086-N.jpg,WF-225,materials/cfd/Images/CFD/WF-225/CFD-WF-225-101-N.jpg,m,2
25,2,147,test,0,female,Asian,female,White,neutral,,,,intact,m,808,True,False,,2,,,,False,327,AF-207,materials/cfd/Images/CFD/AF-207/CFD-AF-207-023-N.jpg,WF-210,materials/cfd/Images/CFD/WF-210/CFD-WF-210-086-N.jpg,m,2
25,2,148,test,0,female,Black,male,Black,happy,,,,intact,m,953,True,False,,2,,,,False,329,BF-020,materials/cfd/Images/CFD/BF-020/CFD-BF-020-002-N.jpg,BM-033,materials/cfd/Images/CFD/BM-033/CFD-BM-033-029-HO.jpg,m,2
25,2,149,test,0,male,Asian,female,Black,neutral,,,,intact,z,1558,False,False,,2,,,,False,331,AM-208,materials/cfd/Images/CFD/AM-208/CFD-AM-208-143-N.jpg,BF-038,materials/cfd/Images/CFD/BF-038/CFD-BF-038-037-N.jpg,m,2
25,2,150,test,0,male,White,female,Black,angry,,,,rearranged,m,1266,False,False,,2,,,,False,333,WM-252,materials/cfd/Images/CFD/WM-252/CFD-WM-252-224-N.jpg,BF-050,materials/cfd/Images/CFD/BF-050/CFD-BF-050-012-A.jpg,z,2
25,2,151,test,1,female,Latino,male,Black,angry,,,,intact,m,505,True,False,,2,,,,False,336,LF-247,materials/cfd/Images/CFD/LF-247/CFD-LF-247-051-N.jpg,BM-005,materials/cfd/Images/CFD/BM-005/CFD-BM-005-010-A.jpg,m,2
25,2,152,test,1,male,White,male,White,neutral,,,,rearranged,m,1382,False,False,,2,,,,False,338,WM-241,materials/cfd/Images/CFD/WM-241/CFD-WM-241-072-N.jpg,WM-041,materials/cfd/Images/CFD/WM-041/CFD-WM-041-021-N.jpg,z,2
25,2,153,test,1,male,White,female,White,happy,,,,rearranged,m,1659,False,False,,2,,,,False,340,WM-253,materials/cfd/Images/CFD/WM-253/CFD-WM-253-119-N.jpg,WF-028,materials/cfd/Images/CFD/WF-028/CFD-WF-028-024-HO.jpg,z,2
25,2,154,test,1,female,White,male,Black,angry,,,,rearranged,m,1113,False,False,,2,,,,False,342,WF-204,materials/cfd/Images/CFD/WF-204/CFD-WF-204-038-N.jpg,BM-032,materials/cfd/Images/CFD/BM-032/CFD-BM-032-015-A.jpg,z,2
25,2,155,test,1,female,Latino,female,White,neutral,,,,rearranged,z,1549,True,False,,2,,,,False,344,LF-213,materials/cfd/Images/CFD/LF-213/CFD-LF-213-079-N.jpg,WF-003,materials/cfd/Images/CFD/WF-003/CFD-WF-003-003-N.jpg,z,2
25,2,156,test,1,male,Asian,male,White,neutral,,,,intact,z,1165,False,False,,2,,,,False,346,AM-211,materials/cfd/Images/CFD/AM-211/CFD-AM-211-052-N.jpg,WM-006,materials/cfd/Images/CFD/WM-006/CFD-WM-006-002-N.jpg,m,2
25,2,157,test,1,female,Black,female,White,happy,,,,intact,m,1637,True,False,,2,,,,False,348,BF-244,materials/cfd/Images/CFD/BF-244/CFD-BF-244-231-N.jpg,WF-027,materials/cfd/Images/CFD/WF-027/CFD-WF-027-021-HO.jpg,m,2
25,2,158,test,1,male,Latino,female,Black,happy,,,,intact,m,1283,True,False,,2,,,,False,350,LM-222,materials/cfd/Images/CFD/LM-222/CFD-LM-222-239-N.jpg,BF-010,materials/cfd/Images/CFD/BF-010/CFD-BF-010-003-HO.jpg,m,2
25,2,159,test,1,male,Black,female,White,happy,,,,rearranged,m,1365,False,False,,2,,,,False,352,BM-021,materials/cfd/Images/CFD/BM-021/CFD-BM-021-021-N.jpg,WF-005,materials/cfd/Images/CFD/WF-005/CFD-WF-005-013-HO.jpg,z,2
25,2,160,test,1,female,White,female,White,happy,,,,rearranged,m,1484,False,False,,2,,,,False,354,WF-011,materials/cfd/Images/CFD/WF-011/CFD-WF-011-002-N.jpg,WF-012,materials/cfd/Images/CFD/WF-012/CFD-WF-012-007-HO.jpg,z,2
25,2,161,test,1,female,Asian,female,Black,happy,,,,rearranged,z,1991,True,False,,2,,,,False,356,AF-238,materials/cfd/Images/CFD/AF-238/CFD-AF-238-185-N.jpg,BF-004,materials/cfd/Images/CFD/BF-004/CFD-BF-004-009-HO.jpg,z,2
25,2,162,test,1,female,White,male,White,angry,,,,rearranged,m,1169,False,False,,2,,,,False,358,WF-236,materials/cfd/Images/CFD/WF-236/CFD-WF-236-107-N.jpg,WM-003,materials/cfd/Images/CFD/WM-003/CFD-WM-003-008-A.jpg,z,2
25,2,163,test,1,male,Black,male,White,angry,,,,rearranged,z,1343,True,False,,2,,,,False,360,BM-222,materials/cfd/Images/CFD/BM-222/CFD-BM-222-173-N.jpg,WM-023,materials/cfd/Images/CFD/WM-023/CFD-WM-023-012-A.jpg,z,2
25,2,164,test,1,female,Asian,male,Black,neutral,,,,intact,m,1548,True,False,,2,,,,False,362,AF-212,materials/cfd/Images/CFD/AF-212/CFD-AF-212-097-N.jpg,BM-241,materials/cfd/Images/CFD/BM-241/CFD-BM-241-235-N.jpg,m,2
25,2,165,test,1,male,Asian,male,Black,happy,,,,intact,z,1596,False,False,,2,,,,False,364,AM-249,materials/cfd/Images/CFD/AM-249/CFD-AM-249-163-N.jpg,BM-019,materials/cfd/Images/CFD/BM-019/CFD-BM-019-004-HO.jpg,m,2
25,2,166,test,1,female,White,male,Black,angry,,,,rearranged,m,1465,False,False,,2,,,,False,366,WF-215,materials/cfd/Images/CFD/WF-215/CFD-WF-215-145-N.jpg,BM-001,materials/cfd/Images/CFD/BM-001/CFD-BM-001-022-A.jpg,z,2
25,2,167,test,1,female,Black,male,White,neutral,,,,rearranged,m,1776,False,False,,2,,,,False,368,BF-039,materials/cfd/Images/CFD/BF-039/CFD-BF-039-031-N.jpg,WM-245,materials/cfd/Images/CFD/WM-245/CFD-WM-245-123-N.jpg,z,2
25,2,168,test,1,male,Black,female,Black,angry,,,,intact,z,1677,False,False,,2,,,,False,370,BM-214,materials/cfd/Images/CFD/BM-214/CFD-BM-214-075-N.jpg,BF-015,materials/cfd/Images/CFD/BF-015/CFD-BF-015-022-A.jpg,m,2
25,2,169,test,1,female,Black,male,Black,happy,,,,rearranged,m,1453,False,False,,2,,,,False,372,BF-248,materials/cfd/Images/CFD/BF-248/CFD-BF-248-149-N.jpg,BM-034,materials/cfd/Images/CFD/BM-034/CFD-BM-034-033-HO.jpg,z,2
25,2,170,test,1,male,White,male,White,angry,,,,intact,m,1450,True,False,,2,,,,False,374,WM-013,materials/cfd/Images/CFD/WM-013/CFD-WM-013-001-N.jpg,WM-012,materials/cfd/Images/CFD/WM-012/CFD-WM-012-015-A.jpg,m,2
25,2,171,test,1,male,Latino,male,Black,neutral,,,,rearranged,z,1381,True,False,,2,,,,False,376,LM-213,materials/cfd/Images/CFD/LM-213/CFD-LM-213-061-N.jpg,BM-023,materials/cfd/Images/CFD/BM-023/CFD-BM-023-029-N.jpg,z,2
25,2,172,test,1,male,Asian,female,Black,happy,,,,intact,m,1522,True,False,,2,,,,False,378,AM-247,materials/cfd/Images/CFD/AM-247/CFD-AM-247-165-N.jpg,BF-008,materials/cfd/Images/CFD/BF-008/CFD-BF-008-003-HO.jpg,m,2
25,2,173,test,1,female,White,male,White,happy,,,,intact,m,1222,True,False,,2,,,,False,380,WF-023,materials/cfd/Images/CFD/WF-023/CFD-WF-023-003-N.jpg,WM-001,materials/cfd/Images/CFD/WM-001/CFD-WM-001-011-HO.jpg,m,2
25,2,174,test,1,male,White,female,Black,happy,,,,rearranged,m,1590,False,False,,2,,,,False,382,WM-215,materials/cfd/Images/CFD/WM-215/CFD-WM-215-041-N.jpg,BF-033,materials/cfd/Images/CFD/BF-033/CFD-BF-033-031-HO.jpg,z,2
25,2,175,test,1,female,Latino,male,Black,neutral,,,,rearranged,z,1137,True,False,,2,,,,False,384,LF-240,materials/cfd/Images/CFD/LF-240/CFD-LF-240-199-N.jpg,BM-024,materials/cfd/Images/CFD/BM-024/CFD-BM-024-001-N.jpg,z,2
25,2,176,test,1,female,Black,male,Black,neutral,,,,intact,z,1232,False,False,,2,,,,False,386,BF-214,materials/cfd/Images/CFD/BF-214/CFD-BF-214-308-N.jpg,BM-040,materials/cfd/Images/CFD/BM-040/CFD-BM-040-002-N.jpg,m,2
25,2,177,test,1,female,Asian,female,Black,angry,,,,rearranged,m,1555,False,False,,2,,,,False,388,AF-211,materials/cfd/Images/CFD/AF-211/CFD-AF-211-066-N.jpg,BF-029,materials/cfd/Images/CFD/BF-029/CFD-BF-029-046-A.jpg,z,2
25,2,178,test,1,male,Latino,male,White,neutral,,,,rearranged,z,1126,True,False,,2,,,,False,390,LM-219,materials/cfd/Images/CFD/LM-219/CFD-LM-219-295-N.jpg,WM-213,materials/cfd/Images/CFD/WM-213/CFD-WM-213-076-N.jpg,z,2
25,2,179,test,1,male,Latino,female,Black,angry,,,,intact,z,1436,False,False,,2,,,,False,392,LM-218,materials/cfd/Images/CFD/LM-218/CFD-LM-218-183-N.jpg,BF-019,materials/cfd/Images/CFD/BF-019/CFD-BF-019-023-A.jpg,m,2
25,2,180,test,1,female,Black,male,White,neutral,,,,rearranged,m,1323,False,False,,2,,,,False,394,BF-044,materials/cfd/Images/CFD/BF-044/CFD-BF-044-034-N.jpg,WM-237,materials/cfd/Images/CFD/WM-237/CFD-WM-237-052-N.jpg,z,2
26,2,1,study,0,female,Asian,female,White,happy,,,,,z,667,True,False,,2,,,,False,19,AF-242,materials/cfd/Images/CFD/AF-242/CFD-AF-242-158-N.jpg,WF-029,materials/cfd/Images/CFD/WF-029/CFD-WF-029-021-HO.jpg,z,1
26,2,2,study,0,male,Black,female,Black,happy,,,,,z,2092,False,False,,2,,,,False,21,BM-205,materials/cfd/Images/CFD/BM-205/CFD-BM-205-001-N.jpg,BF-010,materials/cfd/Images/CFD/BF-010/CFD-BF-010-003-HO.jpg,m,1
26,2,3,study,0,male,Latino,male,Black,happy,,,,,m,1049,True,False,,2,,,,False,23,LM-244,materials/cfd/Images/CFD/LM-244/CFD-LM-244-068-N.jpg,BM-028,materials/cfd/Images/CFD/BM-028/CFD-BM-028-028-HO.jpg,m,1
26,2,4,study,0,male,Black,female,White,angry,,,,,z,1945,False,False,,2,,,,False,25,BM-247,materials/cfd/Images/CFD/BM-247/CFD-BM-247-240-N.jpg,WF-034,materials/cfd/Images/CFD/WF-034/CFD-WF-034-016-A.jpg,m,1
26,2,5,study,0,male,White,female,Black,happy,,,,,z,1623,False,False,,2,,,,False,27,WM-015,materials/cfd/Images/CFD/WM-015/CFD-WM-015-002-N.jpg,BF-012,materials/cfd/Images/CFD/BF-012/CFD-BF-012-019-HO.jpg,m,1
26,2,6,study,0,male,Asian,female,Black,happy,,,,,z,1603,False,False,,2,,,,False,29,AM-225,materials/cfd/Images/CFD/AM-225/CFD-AM-225-102-N.jpg,BF-016,materials/cfd/Images/CFD/BF-016/CFD-BF-016-018-HO.jpg,m,1
26,2,7,study,0,male,Latino,male,White,happy,,,,,m,1638,True,False,,2,,,,False,31,LM-208,materials/cfd/Images/CFD/LM-208/CFD-LM-208-110-N.jpg,WM-025,materials/cfd/Images/CFD/WM-025/CFD-WM-025-019-HO.jpg,m,1
26,2,8,study,0,male,Latino,male,White,angry,,,,,m,1168,True,False,,2,,,,False,33,LM-217,materials/cfd/Images/CFD/LM-217/CFD-LM-217-162-N.jpg,WM-026,materials/cfd/Images/CFD/WM-026/CFD-WM-026-019-A.jpg,m,1
26,2,9,study,0,male,White,female,Black,angry,,,,,z,1283,False,False,,2,,,,False,35,WM-229,materials/cfd/Images/CFD/WM-229/CFD-WM-229-129-N.jpg,BF-023,materials/cfd/Images/CFD/BF-023/CFD-BF-023-013-A.jpg,m,1
26,2,10,study,0,male,Black,female,Black,neutral,,,,,m,1440,True,False,,2,,,,False,37,BM-242,materials/cfd/Images/CFD/BM-242/CFD-BM-242-233-N.jpg,BF-229,materials/cfd/Images/CFD/BF-229/CFD-BF-229-179-N.jpg,m,1
26,2,11,study,0,male,White,male,White,neutral,,,,,m,923,True,False,,2,,,,False,39,WM-020,materials/cfd/Images/CFD/WM-020/CFD-WM-020-001-N.jpg,WM-009,materials/cfd/Images/CFD/WM-009/CFD-WM-009-002-N.jpg,m,1
26,2,12,study,0,female,White,male,White,happy,,,,,m,1588,False,False,,2,,,,False,41,WF-230,materials/cfd/Images/CFD/WF-230/CFD-WF-230-158-N.jpg,WM-014,materials/cfd/Images/CFD/WM-014/CFD-WM-014-004-HO.jpg,z,1
26,2,13,study,0,male,Black,female,White,neutral,,,,,z,1575,False,False,,2,,,,False,43,BM-236,materials/cfd/Images/CFD/BM-236/CFD-BM-236-248-N.jpg,WF-037,materials/cfd/Images/CFD/WF-037/CFD-WF-037-029-N.jpg,m,1
26,2,14,study,0,female,White,male,White,neutral,,,,,m,1917,False,False,,2,,,,False,45,WF-023,materials/cfd/Images/CFD/WF-023/CFD-WF-023-003-N.jpg,WM-258,materials/cfd/Images/CFD/WM-258/CFD-WM-258-125-N.jpg,z,1
26,2,15,study,0,female,Asian,female,White,angry,,,,,z,976,True,False,,2,,,,False,47,AF-224,materials/cfd/Images/CFD/AF-224/CFD-AF-224-026-N.jpg,WF-008,materials/cfd/Images/CFD/WF-008/CFD-WF-008-011-A.jpg,z,1
26,2,16,study,0,male,Latino,male,Black,happy,,,,,m,968,True,False,,2,,,,False,49,LM-247,materials/cfd/Images/CFD/LM-247/CFD-LM-247-095-N.jpg,BM-019,materials/cfd/Images/CFD/BM-019/CFD-BM-019-004-HO.jpg,m,1
26,2,17,study,0,female,White,male,Black,angry,,,,,m,1383,False,False,,2,,,,False,51,WF-238,materials/cfd/Images/CFD/WF-238/CFD-WF-238-023-N.jpg,BM-036,materials/cfd/Images/CFD/BM-036/CFD-BM-036-037-A.jpg,z,1
26,2,18,study,0,female,Latino,male,Black,neutral,,,,,m,2001,False,False,,2,,,,False,53,LF-235,materials/cfd/Images/CFD/LF-235/CFD-LF-235-219-N.jpg,BM-226,materials/cfd/Images/CFD/BM-226/CFD-BM-226-276-N.jpg,z,1
26,2,19,study,0,male,Latino,female,White,happy,,,,,z,1719,False,False,,2,,,,False,55,LM-216,materials/cfd/Images/CFD/LM-216/CFD-LM-216-082-N.jpg,WF-033,materials/cfd/Images/CFD/WF-033/CFD-WF-033-005-HO.jpg,m,1
26,2,20,study,0,female,Asian,male,Black,happy,,,,,m,2634,False,False,,2,,,,False,57,AF-255,materials/cfd/Images/CFD/AF-255/CFD-AF-255-209-N.jpg,BM-015,materials/cfd/Images/CFD/BM-015/CFD-BM-015-016-HO.jpg,z,1
26,2,21,study,0,female,Black,male,Black,angry,,,,,m,1111,False,False,,2,,,,False,59,BF-049,materials/cfd/Images/CFD/BF-049/CFD-BF-049-032-N.jpg,BM-002,materials/cfd/Images/CFD/BM-002/CFD-BM-002-016-A.jpg,z,1
26,2,22,study,0,male,White,male,Black,neutral,,,,,m,868,True,False,,2,,,,False,61,WM-252,materials/cfd/Images/CFD/WM-252/CFD-WM-252-224-N.jpg,BM-027,materials/cfd/Images/CFD/BM-027/CFD-BM-027-001-N.jpg,m,1
26,2,23,study,0,female,Latino,female,Black,happy,,,,,z,1142,True,False,,2,,,,False,63,LF-251,materials/cfd/Images/CFD/LF-251/CFD-LF-251-057-N.jpg,BF-014,materials/cfd/Images/CFD/BF-014/CFD-BF-014-004-HO.jpg,z,1
26,2,24,study,0,female,Latino,female,White,angry,,,,,z,866,True,False,,2,,,,False,65,LF-253,materials/cfd/Images/CFD/LF-253/CFD-LF-253-003-N.jpg,WF-014,materials/cfd/Images/CFD/WF-014/CFD-WF-014-012-A.jpg,z,1
26,2,25,study,0,female,Latino,male,Black,angry,,,,,m,1331,False,False,,2,,,,False,67,LF-243,materials/cfd/Images/CFD/LF-243/CFD-LF-243-175-N.jpg,BM-041,materials/cfd/Images/CFD/BM-041/CFD-BM-041-048-A.jpg,z,1
26,2,26,study,0,male,Black,male,White,angry,,,,,m,841,True,False,,2,,,,False,69,BM-233,materials/cfd/Images/CFD/BM-233/CFD-BM-233-285-N.jpg,WM-023,materials/cfd/Images/CFD/WM-023/CFD-WM-023-012-A.jpg,m,1
26,2,27,study,0,male,White,female,White,neutral,,,,,z,1396,False,False,,2,,,,False,71,WM-216,materials/cfd/Images/CFD/WM-216/CFD-WM-216-061-N.jpg,WF-246,materials/cfd/Images/CFD/WF-246/CFD-WF-246-087-N.jpg,m,1
26,2,28,study,0,male,Black,female,Black,angry,,,,,m,771,True,False,,2,,,,False,73,BM-237,materials/cfd/Images/CFD/BM-237/CFD-BM-237-188-N.jpg,BF-029,materials/cfd/Images/CFD/BF-029/CFD-BF-029-046-A.jpg,m,1
26,2,29,study,0,male,Black,male,Black,neutral,,,,,m,987,True,False,,2,,,,False,75,BM-045,materials/cfd/Images/CFD/BM-045/CFD-BM-045-004-N.jpg,BM-023,materials/cfd/Images/CFD/BM-023/CFD-BM-023-029-N.jpg,m,1
26,2,30,study,0,female,Latino,male,White,happy,,,,,m,1360,False,False,,2,,,,False,77,LF-218,materials/cfd/Images/CFD/LF-218/CFD-LF-218-072-N.jpg,WM-012,materials/cfd/Images/CFD/WM-012/CFD-WM-012-005-HO.jpg,z,1
26,2,31,study,1,male,White,male,White,angry,,,,,m,853,True,False,,2,,,,False,80,WM-032,materials/cfd/Images/CFD/WM-032/CFD-WM-032-001-N.jpg,WM-024,materials/cfd/Images/CFD/WM-024/CFD-WM-024-010-A.jpg,m,1
26,2,32,study,1,female,Black,female,Black,angry,,,,,z,996,True,False,,2,,,,False,82,BF-041,materials/cfd/Images/CFD/BF-041/CFD-BF-041-001-N.jpg,BF-047,materials/cfd/Images/CFD/BF-047/CFD-BF-047-046-A.jpg,z,1
26,2,33,study,1,female,Black,male,White,neutral,,,,,m,1465,False,False,,2,,,,False,84,BF-243,materials/cfd/Images/CFD/BF-243/CFD-BF-243-164-N.jpg,WM-200,materials/cfd/Images/CFD/WM-200/CFD-WM-200-034-N.jpg,z,1
26,2,34,study,1,female,Black,female,Black,neutral,,,,,z,1141,True,False,,2,,,,False,86,BF-213,materials/cfd/Images/CFD/BF-213/CFD-BF-213-188-N.jpg,BF-028,materials/cfd/Images/CFD/BF-028/CFD-BF-028-001-N.jpg,z,1
26,2,35,study,1,female,White,female,Black,angry,,,,,z,2197,True,False,,2,,,,False,88,WF-225,materials/cfd/Images/CFD/WF-225/CFD-WF-225-101-N.jpg,BF-033,materials/cfd/Images/CFD/BF-033/CFD-BF-033-016-A.jpg,z,1
26,2,36,study,1,male,White,male,White,neutral,,,,,m,743,True,False,,2,,,,False,90,WM-237,materials/cfd/Images/CFD/WM-237/CFD-WM-237-052-N.jpg,WM-001,materials/cfd/Images/CFD/WM-001/CFD-WM-001-014-N.jpg,m,1
26,2,37,study,1,male,Asian,male,White,angry,,,,,m,1524,True,False,,2,,,,False,92,AM-221,materials/cfd/Images/CFD/AM-221/CFD-AM-221-184-N.jpg,WM-038,materials/cfd/Images/CFD/WM-038/CFD-WM-038-011-A.jpg,m,1
26,2,38,study,1,male,White,female,Black,happy,,,,,z,2019,False,False,,2,,,,False,94,WM-202,materials/cfd/Images/CFD/WM-202/CFD-WM-202-107-N.jpg,BF-030,materials/cfd/Images/CFD/BF-030/CFD-BF-030-007-HO.jpg,m,1
26,2,39,study,1,male,Black,male,Black,happy,,,,,m,795,True,False,,2,,,,False,96,BM-209,materials/cfd/Images/CFD/BM-209/CFD-BM-209-088-N.jpg,BM-022,materials/cfd/Images/CFD/BM-022/CFD-BM-022-027-HO.jpg,m,1
26,2,40,study,1,female,White,female,White,happy,,,,,z,794,True,False,,2,,,,False,98,WF-208,materials/cfd/Images/CFD/WF-208/CFD-WF-208-068-N.jpg,WF-015,materials/cfd/Images/CFD/WF-015/CFD-WF-015-022-HO.jpg,z,1
26,2,41,study,1,female,Black,female,Black,neutral,,,,,z,765,True,False,,2,,,,False,100,BF-018,materials/cfd/Images/CFD/BF-018/CFD-BF-018-039-N.jpg,BF-255,materials/cfd/Images/CFD/BF-255/CFD-BF-255-140-N.jpg,z,1
26,2,42,study,1,female,White,female,White,neutral,,,,,z,1057,True,False,,2,,,,False,102,WF-221,materials/cfd/Images/CFD/WF-221/CFD-WF-221-005-N.jpg,WF-234,materials/cfd/Images/CFD/WF-234/CFD-WF-234-086-N.jpg,z,1
26,2,43,study,1,female,Black,male,White,happy,,,,,m,1148,False,False,,2,,,,False,104,BF-244,materials/cfd/Images/CFD/BF-244/CFD-BF-244-231-N.jpg,WM-018,materials/cfd/Images/CFD/WM-018/CFD-WM-018-004-HO.jpg,z,1
26,2,44,study,1,male,Latino,male,Black,happy,,,,,m,1515,True,False,,2,,,,False,106,LM-209,materials/cfd/Images/CFD/LM-209/CFD-LM-209-111-N.jpg,BM-046,materials/cfd/Images/CFD/BM-046/CFD-BM-046-039-HO.jpg,m,1
26,2,45,study,1,female,Black,female,Black,neutral,,,,,z,1092,True,False,,2,,,,False,108,BF-007,materials/cfd/Images/CFD/BF-007/CFD-BF-007-001-N.jpg,BF-201,materials/cfd/Images/CFD/BF-201/CFD-BF-201-080-N.jpg,z,1
26,2,46,study,1,female,Latino,male,Black,angry,,,,,m,947,False,False,,2,,,,False,110,LF-232,materials/cfd/Images/CFD/LF-232/CFD-LF-232-199-N.jpg,BM-033,materials/cfd/Images/CFD/BM-033/CFD-BM-033-032-A.jpg,z,1
26,2,47,study,1,female,Latino,female,Black,neutral,,,,,z,1441,True,False,,2,,,,False,112,LF-234,materials/cfd/Images/CFD/LF-234/CFD-LF-234-139-N.jpg,BF-252,materials/cfd/Images/CFD/BF-252/CFD-BF-252-191-N.jpg,z,1
26,2,48,study,1,female,Latino,female,White,angry,,,,,z,727,True,False,,2,,,,False,114,LF-200,materials/cfd/Images/CFD/LF-200/CFD-LF-200-058-N.jpg,WF-006,materials/cfd/Images/CFD/WF-006/CFD-WF-006-019-A.jpg,z,1
26,2,49,study,1,male,Black,male,Black,neutral,,,,,m,702,True,False,,2,,,,False,116,BM-013,materials/cfd/Images/CFD/BM-013/CFD-BM-013-002-N.jpg,BM-026,materials/cfd/Images/CFD/BM-026/CFD-BM-026-002-N.jpg,m,1
26,2,50,study,1,female,White,male,White,neutral,,,,,m,930,False,False,,2,,,,False,118,WF-204,materials/cfd/Images/CFD/WF-204/CFD-WF-204-038-N.jpg,WM-213,materials/cfd/Images/CFD/WM-213/CFD-WM-213-076-N.jpg,z,1
26,2,51,study,1,male,Black,female,Black,angry,,,,,z,883,False,False,,2,,,,False,120,BM-244,materials/cfd/Images/CFD/BM-244/CFD-BM-244-197-N.jpg,BF-011,materials/cfd/Images/CFD/BF-011/CFD-BF-011-011-A.jpg,m,1
26,2,52,study,1,female,Asian,female,Black,happy,,,,,z,1112,True,False,,2,,,,False,122,AF-244,materials/cfd/Images/CFD/AF-244/CFD-AF-244-168-N.jpg,BF-019,materials/cfd/Images/CFD/BF-019/CFD-BF-019-022-HO.jpg,z,1
26,2,53,study,1,female,Asian,male,White,happy,,,,,m,1252,False,False,,2,,,,False,124,AF-230,materials/cfd/Images/CFD/AF-230/CFD-AF-230-193-N.jpg,WM-010,materials/cfd/Images/CFD/WM-010/CFD-WM-010-004-HO.jpg,z,1
26,2,54,study,1,male,White,female,White,angry,,,,,z,1575,False,False,,2,,,,False,126,WM-223,materials/cfd/Images/CFD/WM-223/CFD-WM-223-056-N.jpg,WF-013,materials/cfd/Images/CFD/WF-013/CFD-WF-013-015-A.jpg,m,1
26,2,55,study,1,male,White,female,Black,neutral,,,,,z,1360,False,False,,2,,,,False,128,WM-228,materials/cfd/Images/CFD/WM-228/CFD-WM-228-065-N.jpg,BF-004,materials/cfd/Images/CFD/BF-004/CFD-BF-004-014-N.jpg,m,1
26,2,56,study,1,male,White,female,White,neutral,,,,,z,1700,False,False,,2,,,,False,130,WM-242,materials/cfd/Images/CFD/WM-242/CFD-WM-242-011-N.jpg,WF-219,materials/cfd/Images/CFD/WF-219/CFD-WF-219-038-N.jpg,m,1
26,2,57,study,1,male,Latino,male,Black,angry,,,,,m,949,True,False,,2,,,,False,132,LM-211,materials/cfd/Images/CFD/LM-211/CFD-LM-211-128-N.jpg,BM-032,materials/cfd/Images/CFD/BM-032/CFD-BM-032-015-A.jpg,m,1
26,2,58,study,1,female,Black,male,White,angry,,,,,m,1058,False,False,,2,,,,False,134,BF-231,materials/cfd/Images/CFD/BF-231/CFD-BF-231-202-N.jpg,WM-019,materials/cfd/Images/CFD/WM-019/CFD-WM-019-013-A.jpg,z,1
26,2,59,study,1,female,Asian,male,Black,neutral,,,,,m,1421,False,False,,2,,,,False,136,AF-223,materials/cfd/Images/CFD/AF-223/CFD-AF-223-183-N.jpg,BM-212,materials/cfd/Images/CFD/BM-212/CFD-BM-212-117-N.jpg,z,1
26,2,60,study,1,female,Latino,female,White,happy,,,,,z,1030,True,False,,2,,,,False,138,LF-215,materials/cfd/Images/CFD/LF-215/CFD-LF-215-157-N.jpg,WF-009,materials/cfd/Images/CFD/WF-009/CFD-WF-009-004-HO.jpg,z,1
26,2,61,study,0,female,Latino,male,Black,angry,,,,,m,924,False,False,,2,,,,False,141,LF-243,materials/cfd/Images/CFD/LF-243/CFD-LF-243-175-N.jpg,BM-041,materials/cfd/Images/CFD/BM-041/CFD-BM-041-048-A.jpg,z,1
26,2,62,study,0,male,Black,female,White,neutral,,,,,z,1151,False,False,,2,,,,False,143,BM-236,materials/cfd/Images/CFD/BM-236/CFD-BM-236-248-N.jpg,WF-037,materials/cfd/Images/CFD/WF-037/CFD-WF-037-029-N.jpg,m,1
26,2,63,study,0,male,Black,male,Black,neutral,,,,,m,909,True,False,,2,,,,False,145,BM-045,materials/cfd/Images/CFD/BM-045/CFD-BM-045-004-N.jpg,BM-023,materials/cfd/Images/CFD/BM-023/CFD-BM-023-029-N.jpg,m,1
26,2,64,study,0,female,Black,male,White,neutral,,,,,m,1350,False,False,,2,,,,False,147,BF-243,materials/cfd/Images/CFD/BF-243/CFD-BF-243-164-N.jpg,WM-200,materials/cfd/Images/CFD/WM-200/CFD-WM-200-034-N.jpg,z,1
26,2,65,study,0,male,Latino,male,White,happy,,,,,m,1001,True,False,,2,,,,False,149,LM-208,materials/cfd/Images/CFD/LM-208/CFD-LM-208-110-N.jpg,WM-025,materials/cfd/Images/CFD/WM-025/CFD-WM-025-019-HO.jpg,m,1
26,2,66,study,0,female,Asian,male,Black,happy,,,,,m,1254,False,False,,2,,,,False,151,AF-255,materials/cfd/Images/CFD/AF-255/CFD-AF-255-209-N.jpg,BM-015,materials/cfd/Images/CFD/BM-015/CFD-BM-015-016-HO.jpg,z,1
26,2,67,study,0,female,Latino,female,White,angry,,,,,z,1429,True,False,,2,,,,False,153,LF-200,materials/cfd/Images/CFD/LF-200/CFD-LF-200-058-N.jpg,WF-006,materials/cfd/Images/CFD/WF-006/CFD-WF-006-019-A.jpg,z,1
26,2,68,study,0,female,Black,male,White,happy,,,,,m,1287,False,False,,2,,,,False,155,BF-244,materials/cfd/Images/CFD/BF-244/CFD-BF-244-231-N.jpg,WM-018,materials/cfd/Images/CFD/WM-018/CFD-WM-018-004-HO.jpg,z,1
26,2,69,study,0,female,Black,female,Black,neutral,,,,,z,1059,True,False,,2,,,,False,157,BF-213,materials/cfd/Images/CFD/BF-213/CFD-BF-213-188-N.jpg,BF-028,materials/cfd/Images/CFD/BF-028/CFD-BF-028-001-N.jpg,z,1
26,2,70,study,0,female,Latino,male,White,happy,,,,,m,936,False,False,,2,,,,False,159,LF-218,materials/cfd/Images/CFD/LF-218/CFD-LF-218-072-N.jpg,WM-012,materials/cfd/Images/CFD/WM-012/CFD-WM-012-005-HO.jpg,z,1
26,2,71,study,0,male,White,female,White,angry,,,,,z,2734,False,False,,2,,,,False,161,WM-223,materials/cfd/Images/CFD/WM-223/CFD-WM-223-056-N.jpg,WF-013,materials/cfd/Images/CFD/WF-013/CFD-WF-013-015-A.jpg,m,1
26,2,72,study,0,male,Asian,male,White,angry,,,,,m,1631,True,False,,2,,,,False,163,AM-221,materials/cfd/Images/CFD/AM-221/CFD-AM-221-184-N.jpg,WM-038,materials/cfd/Images/CFD/WM-038/CFD-WM-038-011-A.jpg,m,1
26,2,73,study,0,male,White,female,Black,happy,,,,,z,2555,False,False,,2,,,,False,165,WM-202,materials/cfd/Images/CFD/WM-202/CFD-WM-202-107-N.jpg,BF-030,materials/cfd/Images/CFD/BF-030/CFD-BF-030-007-HO.jpg,m,1
26,2,74,study,0,female,Black,female,Black,neutral,,,,,z,1191,True,False,,2,,,,False,167,BF-007,materials/cfd/Images/CFD/BF-007/CFD-BF-007-001-N.jpg,BF-201,materials/cfd/Images/CFD/BF-201/CFD-BF-201-080-N.jpg,z,1
26,2,75,study,0,male,White,female,Black,happy,,,,,z,961,False,False,,2,,,,False,169,WM-015,materials/cfd/Images/CFD/WM-015/CFD-WM-015-002-N.jpg,BF-012,materials/cfd/Images/CFD/BF-012/CFD-BF-012-019-HO.jpg,m,1
26,2,76,study,0,female,Asian,male,White,happy,,,,,m,1368,False,False,,2,,,,False,171,AF-230,materials/cfd/Images/CFD/AF-230/CFD-AF-230-193-N.jpg,WM-010,materials/cfd/Images/CFD/WM-010/CFD-WM-010-004-HO.jpg,z,1
26,2,77,study,0,female,Asian,female,White,angry,,,,,z,1055,True,False,,2,,,,False,173,AF-224,materials/cfd/Images/CFD/AF-224/CFD-AF-224-026-N.jpg,WF-008,materials/cfd/Images/CFD/WF-008/CFD-WF-008-011-A.jpg,z,1
26,2,78,study,0,male,Latino,female,White,happy,,,,,z,1536,False,False,,2,,,,False,175,LM-216,materials/cfd/Images/CFD/LM-216/CFD-LM-216-082-N.jpg,WF-033,materials/cfd/Images/CFD/WF-033/CFD-WF-033-005-HO.jpg,m,1
26,2,79,study,0,male,Black,male,White,angry,,,,,m,1242,True,False,,2,,,,False,177,BM-233,materials/cfd/Images/CFD/BM-233/CFD-BM-233-285-N.jpg,WM-023,materials/cfd/Images/CFD/WM-023/CFD-WM-023-012-A.jpg,m,1
26,2,80,study,0,female,Black,female,Black,angry,,,,,z,817,True,False,,2,,,,False,179,BF-041,materials/cfd/Images/CFD/BF-041/CFD-BF-041-001-N.jpg,BF-047,materials/cfd/Images/CFD/BF-047/CFD-BF-047-046-A.jpg,z,1
26,2,81,study,0,female,Black,female,Black,neutral,,,,,z,1277,True,False,,2,,,,False,181,BF-018,materials/cfd/Images/CFD/BF-018/CFD-BF-018-039-N.jpg,BF-255,materials/cfd/Images/CFD/BF-255/CFD-BF-255-140-N.jpg,z,1
26,2,82,study,0,female,Asian,female,Black,happy,,,,,z,906,True,False,,2,,,,False,183,AF-244,materials/cfd/Images/CFD/AF-244/CFD-AF-244-168-N.jpg,BF-019,materials/cfd/Images/CFD/BF-019/CFD-BF-019-022-HO.jpg,z,1
26,2,83,study,0,male,Latino,male,Black,happy,,,,,m,1773,True,False,,2,,,,False,185,LM-244,materials/cfd/Images/CFD/LM-244/CFD-LM-244-068-N.jpg,BM-028,materials/cfd/Images/CFD/BM-028/CFD-BM-028-028-HO.jpg,m,1
26,2,84,study,0,female,Asian,female,White,happy,,,,,z,1142,True,False,,2,,,,False,187,AF-242,materials/cfd/Images/CFD/AF-242/CFD-AF-242-158-N.jpg,WF-029,materials/cfd/Images/CFD/WF-029/CFD-WF-029-021-HO.jpg,z,1
26,2,85,study,0,female,White,male,White,neutral,,,,,m,1010,False,False,,2,,,,False,189,WF-023,materials/cfd/Images/CFD/WF-023/CFD-WF-023-003-N.jpg,WM-258,materials/cfd/Images/CFD/WM-258/CFD-WM-258-125-N.jpg,z,1
26,2,86,study,0,female,Latino,female,Black,happy,,,,,z,1376,True,False,,2,,,,False,191,LF-251,materials/cfd/Images/CFD/LF-251/CFD-LF-251-057-N.jpg,BF-014,materials/cfd/Images/CFD/BF-014/CFD-BF-014-004-HO.jpg,z,1
26,2,87,study,0,male,Latino,male,Black,happy,,,,,m,969,True,False,,2,,,,False,193,LM-209,materials/cfd/Images/CFD/LM-209/CFD-LM-209-111-N.jpg,BM-046,materials/cfd/Images/CFD/BM-046/CFD-BM-046-039-HO.jpg,m,1
26,2,88,study,0,male,White,female,Black,neutral,,,,,z,1459,False,False,,2,,,,False,195,WM-228,materials/cfd/Images/CFD/WM-228/CFD-WM-228-065-N.jpg,BF-004,materials/cfd/Images/CFD/BF-004/CFD-BF-004-014-N.jpg,m,1
26,2,89,study,0,female,Black,male,White,angry,,,,,m,1268,False,False,,2,,,,False,197,BF-231,materials/cfd/Images/CFD/BF-231/CFD-BF-231-202-N.jpg,WM-019,materials/cfd/Images/CFD/WM-019/CFD-WM-019-013-A.jpg,z,1
26,2,90,study,0,male,White,female,White,neutral,,,,,z,1417,False,False,,2,,,,False,199,WM-216,materials/cfd/Images/CFD/WM-216/CFD-WM-216-061-N.jpg,WF-246,materials/cfd/Images/CFD/WF-246/CFD-WF-246-087-N.jpg,m,1
26,2,91,study,1,female,White,male,White,neutral,,,,,m,1287,False,False,,2,,,,False,202,WF-204,materials/cfd/Images/CFD/WF-204/CFD-WF-204-038-N.jpg,WM-213,materials/cfd/Images/CFD/WM-213/CFD-WM-213-076-N.jpg,z,1
26,2,92,study,1,female,White,female,White,happy,,,,,z,750,True,False,,2,,,,False,204,WF-208,materials/cfd/Images/CFD/WF-208/CFD-WF-208-068-N.jpg,WF-015,materials/cfd/Images/CFD/WF-015/CFD-WF-015-022-HO.jpg,z,1
26,2,93,study,1,male,Latino,male,Black,angry,,,,,m,1102,True,False,,2,,,,False,206,LM-211,materials/cfd/Images/CFD/LM-211/CFD-LM-211-128-N.jpg,BM-032,materials/cfd/Images/CFD/BM-032/CFD-BM-032-015-A.jpg,m,1
26,2,94,study,1,male,White,male,White,neutral,,,,,m,978,True,False,,2,,,,False,208,WM-237,materials/cfd/Images/CFD/WM-237/CFD-WM-237-052-N.jpg,WM-001,materials/cfd/Images/CFD/WM-001/CFD-WM-001-014-N.jpg,m,1
26,2,95,study,1,male,Black,female,Black,angry,,,,,z,2910,False,False,,2,,,,False,210,BM-244,materials/cfd/Images/CFD/BM-244/CFD-BM-244-197-N.jpg,BF-011,materials/cfd/Images/CFD/BF-011/CFD-BF-011-011-A.jpg,m,1
26,2,96,study,1,female,Latino,male,Black,neutral,,,,,m,1606,False,False,,2,,,,False,212,LF-235,materials/cfd/Images/CFD/LF-235/CFD-LF-235-219-N.jpg,BM-226,materials/cfd/Images/CFD/BM-226/CFD-BM-226-276-N.jpg,z,1
26,2,97,study,1,female,White,male,Black,angry,,,,,m,822,False,False,,2,,,,False,214,WF-238,materials/cfd/Images/CFD/WF-238/CFD-WF-238-023-N.jpg,BM-036,materials/cfd/Images/CFD/BM-036/CFD-BM-036-037-A.jpg,z,1
26,2,98,study,1,male,Black,female,White,angry,,,,,z,1625,False,False,,2,,,,False,216,BM-247,materials/cfd/Images/CFD/BM-247/CFD-BM-247-240-N.jpg,WF-034,materials/cfd/Images/CFD/WF-034/CFD-WF-034-016-A.jpg,m,1
26,2,99,study,1,male,Latino,male,Black,happy,,,,,m,2033,True,False,,2,,,,False,218,LM-247,materials/cfd/Images/CFD/LM-247/CFD-LM-247-095-N.jpg,BM-019,materials/cfd/Images/CFD/BM-019/CFD-BM-019-004-HO.jpg,m,1
26,2,100,study,1,female,Latino,female,White,angry,,,,,,,False,True,,2,,,,False,220,LF-253,materials/cfd/Images/CFD/LF-253/CFD-LF-253-003-N.jpg,WF-014,materials/cfd/Images/CFD/WF-014/CFD-WF-014-012-A.jpg,z,1
26,2,101,study,1,male,Black,male,Black,happy,,,,,m,705,True,False,,2,,,,False,222,BM-209,materials/cfd/Images/CFD/BM-209/CFD-BM-209-088-N.jpg,BM-022,materials/cfd/Images/CFD/BM-022/CFD-BM-022-027-HO.jpg,m,1
26,2,102,study,1,male,White,male,Black,neutral,,,,,m,900,True,False,,2,,,,False,224,WM-252,materials/cfd/Images/CFD/WM-252/CFD-WM-252-224-N.jpg,BM-027,materials/cfd/Images/CFD/BM-027/CFD-BM-027-001-N.jpg,m,1
26,2,103,study,1,female,White,female,White,neutral,,,,,m,765,False,False,,2,,,,False,226,WF-221,materials/cfd/Images/CFD/WF-221/CFD-WF-221-005-N.jpg,WF-234,materials/cfd/Images/CFD/WF-234/CFD-WF-234-086-N.jpg,z,1
26,2,104,study,1,female,White,female,Black,angry,,,,,m,1352,False,False,,2,,,,False,228,WF-225,materials/cfd/Images/CFD/WF-225/CFD-WF-225-101-N.jpg,BF-033,materials/cfd/Images/CFD/BF-033/CFD-BF-033-016-A.jpg,z,1
26,2,105,study,1,male,White,male,White,angry,,,,,m,902,True,False,,2,,,,False,230,WM-032,materials/cfd/Images/CFD/WM-032/CFD-WM-032-001-N.jpg,WM-024,materials/cfd/Images/CFD/WM-024/CFD-WM-024-010-A.jpg,m,1
26,2,106,study,1,female,Latino,female,White,happy,,,,,z,1143,True,False,,2,,,,False,232,LF-215,materials/cfd/Images/CFD/LF-215/CFD-LF-215-157-N.jpg,WF-009,materials/cfd/Images/CFD/WF-009/CFD-WF-009-004-HO.jpg,z,1
26,2,107,study,1,male,Black,female,Black,angry,,,,,m,1736,True,False,,2,,,,False,234,BM-237,materials/cfd/Images/CFD/BM-237/CFD-BM-237-188-N.jpg,BF-029,materials/cfd/Images/CFD/BF-029/CFD-BF-029-046-A.jpg,m,1
26,2,108,study,1,male,White,male,White,neutral,,,,,m,1220,True,False,,2,,,,False,236,WM-020,materials/cfd/Images/CFD/WM-020/CFD-WM-020-001-N.jpg,WM-009,materials/cfd/Images/CFD/WM-009/CFD-WM-009-002-N.jpg,m,1
26,2,109,study,1,male,Asian,female,Black,happy,,,,,z,1100,False,False,,2,,,,False,238,AM-225,materials/cfd/Images/CFD/AM-225/CFD-AM-225-102-N.jpg,BF-016,materials/cfd/Images/CFD/BF-016/CFD-BF-016-018-HO.jpg,m,1
26,2,110,study,1,male,Latino,male,White,angry,,,,,m,1256,True,False,,2,,,,False,240,LM-217,materials/cfd/Images/CFD/LM-217/CFD-LM-217-162-N.jpg,WM-026,materials/cfd/Images/CFD/WM-026/CFD-WM-026-019-A.jpg,m,1
26,2,111,study,1,male,White,female,White,neutral,,,,,z,2181,False,False,,2,,,,False,242,WM-242,materials/cfd/Images/CFD/WM-242/CFD-WM-242-011-N.jpg,WF-219,materials/cfd/Images/CFD/WF-219/CFD-WF-219-038-N.jpg,m,1
26,2,112,study,1,male,Black,female,Black,neutral,,,,,z,1778,False,False,,2,,,,False,244,BM-242,materials/cfd/Images/CFD/BM-242/CFD-BM-242-233-N.jpg,BF-229,materials/cfd/Images/CFD/BF-229/CFD-BF-229-179-N.jpg,m,1
26,2,113,study,1,female,Latino,female,Black,neutral,,,,,z,1284,True,False,,2,,,,False,246,LF-234,materials/cfd/Images/CFD/LF-234/CFD-LF-234-139-N.jpg,BF-252,materials/cfd/Images/CFD/BF-252/CFD-BF-252-191-N.jpg,z,1
26,2,114,study,1,female,Asian,male,Black,neutral,,,,,m,1405,False,False,,2,,,,False,248,AF-223,materials/cfd/Images/CFD/AF-223/CFD-AF-223-183-N.jpg,BM-212,materials/cfd/Images/CFD/BM-212/CFD-BM-212-117-N.jpg,z,1
26,2,115,study,1,male,Black,female,Black,happy,,,,,z,1126,False,False,,2,,,,False,250,BM-205,materials/cfd/Images/CFD/BM-205/CFD-BM-205-001-N.jpg,BF-010,materials/cfd/Images/CFD/BF-010/CFD-BF-010-003-HO.jpg,m,1
26,2,116,study,1,female,Latino,male,Black,angry,,,,,m,1264,False,False,,2,,,,False,252,LF-232,materials/cfd/Images/CFD/LF-232/CFD-LF-232-199-N.jpg,BM-033,materials/cfd/Images/CFD/BM-033/CFD-BM-033-032-A.jpg,z,1
26,2,117,study,1,female,White,male,White,happy,,,,,m,1223,False,False,,2,,,,False,254,WF-230,materials/cfd/Images/CFD/WF-230/CFD-WF-230-158-N.jpg,WM-014,materials/cfd/Images/CFD/WM-014/CFD-WM-014-004-HO.jpg,z,1
26,2,118,study,1,male,White,female,Black,angry,,,,,z,1726,False,False,,2,,,,False,256,WM-229,materials/cfd/Images/CFD/WM-229/CFD-WM-229-129-N.jpg,BF-023,materials/cfd/Images/CFD/BF-023/CFD-BF-023-013-A.jpg,m,1
26,2,119,study,1,male,Black,male,Black,neutral,,,,,m,1423,True,False,,2,,,,False,258,BM-013,materials/cfd/Images/CFD/BM-013/CFD-BM-013-002-N.jpg,BM-026,materials/cfd/Images/CFD/BM-026/CFD-BM-026-002-N.jpg,m,1
26,2,120,study,1,female,Black,male,Black,angry,,,,,m,1445,False,False,,2,,,,False,260,BF-049,materials/cfd/Images/CFD/BF-049/CFD-BF-049-032-N.jpg,BM-002,materials/cfd/Images/CFD/BM-002/CFD-BM-002-016-A.jpg,z,1
26,2,121,test,0,female,White,male,Black,angry,,,,intact,m,1289,True,False,,2,,,,False,277,WF-238,materials/cfd/Images/CFD/WF-238/CFD-WF-238-023-N.jpg,BM-036,materials/cfd/Images/CFD/BM-036/CFD-BM-036-037-A.jpg,m,1
26,2,122,test,0,female,Asian,male,White,happy,,,,intact,m,1508,True,False,,2,,,,False,279,AF-230,materials/cfd/Images/CFD/AF-230/CFD-AF-230-193-N.jpg,WM-010,materials/cfd/Images/CFD/WM-010/CFD-WM-010-004-HO.jpg,m,1
26,2,123,test,0,male,Black,male,White,happy,,,,rearranged,m,1899,False,False,,2,,,,False,281,BM-209,materials/cfd/Images/CFD/BM-209/CFD-BM-209-088-N.jpg,WM-025,materials/cfd/Images/CFD/WM-025/CFD-WM-025-019-HO.jpg,z,1
26,2,124,test,0,female,Latino,male,White,angry,,,,rearranged,m,1334,False,False,,2,,,,False,283,LF-243,materials/cfd/Images/CFD/LF-243/CFD-LF-243-175-N.jpg,WM-019,materials/cfd/Images/CFD/WM-019/CFD-WM-019-013-A.jpg,z,1
26,2,125,test,0,male,White,female,White,angry,,,,intact,m,1737,True,False,,2,,,,False,285,WM-223,materials/cfd/Images/CFD/WM-223/CFD-WM-223-056-N.jpg,WF-013,materials/cfd/Images/CFD/WF-013/CFD-WF-013-015-A.jpg,m,1
26,2,126,test,0,female,Black,female,Black,neutral,,,,rearranged,m,1441,False,False,,2,,,,False,287,BF-018,materials/cfd/Images/CFD/BF-018/CFD-BF-018-039-N.jpg,BF-201,materials/cfd/Images/CFD/BF-201/CFD-BF-201-080-N.jpg,z,1
26,2,127,test,0,female,Latino,female,White,happy,,,,rearranged,m,1631,False,False,,2,,,,False,289,LF-251,materials/cfd/Images/CFD/LF-251/CFD-LF-251-057-N.jpg,WF-009,materials/cfd/Images/CFD/WF-009/CFD-WF-009-004-HO.jpg,z,1
26,2,128,test,0,female,Latino,female,White,angry,,,,intact,m,1881,True,False,,2,,,,False,291,LF-253,materials/cfd/Images/CFD/LF-253/CFD-LF-253-003-N.jpg,WF-014,materials/cfd/Images/CFD/WF-014/CFD-WF-014-012-A.jpg,m,1
26,2,129,test,0,male,White,female,White,neutral,,,,intact,,,False,True,,2,,,,False,293,WM-216,materials/cfd/Images/CFD/WM-216/CFD-WM-216-061-N.jpg,WF-246,materials/cfd/Images/CFD/WF-246/CFD-WF-246-087-N.jpg,m,1
26,2,130,test,0,male,Asian,male,Black,angry,,,,rearranged,m,1419,False,False,,2,,,,False,295,AM-221,materials/cfd/Images/CFD/AM-221/CFD-AM-221-184-N.jpg,BM-032,materials/cfd/Images/CFD/BM-032/CFD-BM-032-015-A.jpg,z,1
26,2,131,test,0,male,Latino,male,Black,happy,,,,intact,m,1344,True,False,,2,,,,False,297,LM-244,materials/cfd/Images/CFD/LM-244/CFD-LM-244-068-N.jpg,BM-028,materials/cfd/Images/CFD/BM-028/CFD-BM-028-028-HO.jpg,m,1
26,2,132,test,0,female,White,female,White,neutral,,,,intact,m,1683,True,False,,2,,,,False,299,WF-221,materials/cfd/Images/CFD/WF-221/CFD-WF-221-005-N.jpg,WF-234,materials/cfd/Images/CFD/WF-234/CFD-WF-234-086-N.jpg,m,1
26,2,133,test,0,male,White,male,Black,neutral,,,,intact,m,2222,True,False,,2,,,,False,301,WM-252,materials/cfd/Images/CFD/WM-252/CFD-WM-252-224-N.jpg,BM-027,materials/cfd/Images/CFD/BM-027/CFD-BM-027-001-N.jpg,m,1
26,2,134,test,0,male,Latino,female,Black,happy,,,,rearranged,m,1568,False,False,,2,,,,False,303,LM-216,materials/cfd/Images/CFD/LM-216/CFD-LM-216-082-N.jpg,BF-012,materials/cfd/Images/CFD/BF-012/CFD-BF-012-019-HO.jpg,z,1
26,2,135,test,0,female,Latino,male,Black,angry,,,,intact,m,1183,True,False,,2,,,,False,305,LF-232,materials/cfd/Images/CFD/LF-232/CFD-LF-232-199-N.jpg,BM-033,materials/cfd/Images/CFD/BM-033/CFD-BM-033-032-A.jpg,m,1
26,2,136,test,0,male,Black,female,Black,angry,,,,rearranged,m,2060,False,False,,2,,,,False,307,BM-247,materials/cfd/Images/CFD/BM-247/CFD-BM-247-240-N.jpg,BF-011,materials/cfd/Images/CFD/BF-011/CFD-BF-011-011-A.jpg,z,1
26,2,137,test,0,female,Latino,female,White,happy,,,,rearranged,m,1974,False,False,,2,,,,False,309,LF-215,materials/cfd/Images/CFD/LF-215/CFD-LF-215-157-N.jpg,WF-029,materials/cfd/Images/CFD/WF-029/CFD-WF-029-021-HO.jpg,z,1
26,2,138,test,0,female,White,male,White,neutral,,,,intact,m,1669,True,False,,2,,,,False,311,WF-023,materials/cfd/Images/CFD/WF-023/CFD-WF-023-003-N.jpg,WM-258,materials/cfd/Images/CFD/WM-258/CFD-WM-258-125-N.jpg,m,1
26,2,139,test,0,male,White,female,Black,angry,,,,intact,m,1419,True,False,,2,,,,False,313,WM-229,materials/cfd/Images/CFD/WM-229/CFD-WM-229-129-N.jpg,BF-023,materials/cfd/Images/CFD/BF-023/CFD-BF-023-013-A.jpg,m,1
26,2,140,test,0,male,White,male,White,angry,,,,intact,m,1609,True,False,,2,,,,False,315,WM-032,materials/cfd/Images/CFD/WM-032/CFD-WM-032-001-N.jpg,WM-024,materials/cfd/Images/CFD/WM-024/CFD-WM-024-010-A.jpg,m,1
26,2,141,test,0,male,White,female,Black,happy,,,,rearranged,m,1338,False,False,,2,,,,False,317,WM-015,materials/cfd/Images/CFD/WM-015/CFD-WM-015-002-N.jpg,BF-016,materials/cfd/Images/CFD/BF-016/CFD-BF-016-018-HO.jpg,z,1
26,2,142,test,0,female,Black,female,Black,angry,,,,rearranged,m,1517,False,False,,2,,,,False,319,BF-041,materials/cfd/Images/CFD/BF-041/CFD-BF-041-001-N.jpg,BF-033,materials/cfd/Images/CFD/BF-033/CFD-BF-033-016-A.jpg,z,1
26,2,143,test,0,female,Latino,female,White,angry,,,,intact,m,2167,True,False,,2,,,,False,321,LF-200,materials/cfd/Images/CFD/LF-200/CFD-LF-200-058-N.jpg,WF-006,materials/cfd/Images/CFD/WF-006/CFD-WF-006-019-A.jpg,m,1
26,2,144,test,0,female,Asian,male,Black,happy,,,,intact,m,1226,True,False,,2,,,,False,323,AF-255,materials/cfd/Images/CFD/AF-255/CFD-AF-255-209-N.jpg,BM-015,materials/cfd/Images/CFD/BM-015/CFD-BM-015-016-HO.jpg,m,1
26,2,145,test,0,female,Black,female,Black,neutral,,,,rearranged,m,1592,False,False,,2,,,,False,325,BF-007,materials/cfd/Images/CFD/BF-007/CFD-BF-007-001-N.jpg,BF-255,materials/cfd/Images/CFD/BF-255/CFD-BF-255-140-N.jpg,z,1
26,2,146,test,0,male,Latino,male,White,angry,,,,rearranged,m,1886,False,False,,2,,,,False,327,LM-211,materials/cfd/Images/CFD/LM-211/CFD-LM-211-128-N.jpg,WM-026,materials/cfd/Images/CFD/WM-026/CFD-WM-026-019-A.jpg,z,1
26,2,147,test,0,female,White,male,White,neutral,,,,rearranged,m,1901,False,False,,2,,,,False,329,WF-204,materials/cfd/Images/CFD/WF-204/CFD-WF-204-038-N.jpg,WM-200,materials/cfd/Images/CFD/WM-200/CFD-WM-200-034-N.jpg,z,1
26,2,148,test,0,male,Black,female,Black,angry,,,,intact,m,1711,True,False,,2,,,,False,331,BM-237,materials/cfd/Images/CFD/BM-237/CFD-BM-237-188-N.jpg,BF-029,materials/cfd/Images/CFD/BF-029/CFD-BF-029-046-A.jpg,m,1
26,2,149,test,0,male,Black,male,White,angry,,,,intact,m,2073,True,False,,2,,,,False,333,BM-233,materials/cfd/Images/CFD/BM-233/CFD-BM-233-285-N.jpg,WM-023,materials/cfd/Images/CFD/WM-023/CFD-WM-023-012-A.jpg,m,1
26,2,150,test,0,female,Asian,female,White,angry,,,,intact,m,1159,True,False,,2,,,,False,335,AF-224,materials/cfd/Images/CFD/AF-224/CFD-AF-224-026-N.jpg,WF-008,materials/cfd/Images/CFD/WF-008/CFD-WF-008-011-A.jpg,m,1
26,2,151,test,1,female,Asian,female,Black,happy,,,,rearranged,m,1469,False,False,,2,,,,False,338,AF-242,materials/cfd/Images/CFD/AF-242/CFD-AF-242-158-N.jpg,BF-014,materials/cfd/Images/CFD/BF-014/CFD-BF-014-004-HO.jpg,z,1
26,2,152,test,1,male,White,male,Black,neutral,,,,rearranged,m,1228,False,False,,2,,,,False,340,WM-020,materials/cfd/Images/CFD/WM-020/CFD-WM-020-001-N.jpg,BM-023,materials/cfd/Images/CFD/BM-023/CFD-BM-023-029-N.jpg,z,1
26,2,153,test,1,female,White,female,Black,angry,,,,rearranged,m,1151,False,False,,2,,,,False,342,WF-225,materials/cfd/Images/CFD/WF-225/CFD-WF-225-101-N.jpg,BF-047,materials/cfd/Images/CFD/BF-047/CFD-BF-047-046-A.jpg,z,1
26,2,154,test,1,female,Latino,female,Black,neutral,,,,intact,m,1016,True,False,,2,,,,False,344,LF-234,materials/cfd/Images/CFD/LF-234/CFD-LF-234-139-N.jpg,BF-252,materials/cfd/Images/CFD/BF-252/CFD-BF-252-191-N.jpg,m,1
26,2,155,test,1,male,White,female,Black,happy,,,,intact,m,1965,True,False,,2,,,,False,346,WM-202,materials/cfd/Images/CFD/WM-202/CFD-WM-202-107-N.jpg,BF-030,materials/cfd/Images/CFD/BF-030/CFD-BF-030-007-HO.jpg,m,1
26,2,156,test,1,female,Latino,male,White,happy,,,,intact,m,1302,True,False,,2,,,,False,348,LF-218,materials/cfd/Images/CFD/LF-218/CFD-LF-218-072-N.jpg,WM-012,materials/cfd/Images/CFD/WM-012/CFD-WM-012-005-HO.jpg,m,1
26,2,157,test,1,male,Black,female,Black,happy,,,,intact,m,2438,True,False,,2,,,,False,350,BM-205,materials/cfd/Images/CFD/BM-205/CFD-BM-205-001-N.jpg,BF-010,materials/cfd/Images/CFD/BF-010/CFD-BF-010-003-HO.jpg,m,1
26,2,158,test,1,male,Black,female,Black,neutral,,,,intact,m,1143,True,False,,2,,,,False,352,BM-242,materials/cfd/Images/CFD/BM-242/CFD-BM-242-233-N.jpg,BF-229,materials/cfd/Images/CFD/BF-229/CFD-BF-229-179-N.jpg,m,1
26,2,159,test,1,female,Black,male,White,happy,,,,rearranged,m,1377,False,False,,2,,,,False,354,BF-244,materials/cfd/Images/CFD/BF-244/CFD-BF-244-231-N.jpg,WM-014,materials/cfd/Images/CFD/WM-014/CFD-WM-014-004-HO.jpg,z,1
26,2,160,test,1,male,Black,female,White,neutral,,,,rearranged,m,2124,False,False,,2,,,,False,356,BM-236,materials/cfd/Images/CFD/BM-236/CFD-BM-236-248-N.jpg,WF-219,materials/cfd/Images/CFD/WF-219/CFD-WF-219-038-N.jpg,z,1
26,2,161,test,1,female,White,male,White,happy,,,,rearranged,,,False,True,,2,,,,False,358,WF-230,materials/cfd/Images/CFD/WF-230/CFD-WF-230-158-N.jpg,WM-018,materials/cfd/Images/CFD/WM-018/CFD-WM-018-004-HO.jpg,z,1
26,2,162,test,1,male,Black,male,Black,neutral,,,,rearranged,m,1098,False,False,,2,,,,False,360,BM-045,materials/cfd/Images/CFD/BM-045/CFD-BM-045-004-N.jpg,BM-026,materials/cfd/Images/CFD/BM-026/CFD-BM-026-002-N.jpg,z,1
26,2,163,test,1,male,Latino,male,Black,happy,,,,intact,m,1852,True,False,,2,,,,False,362,LM-209,materials/cfd/Images/CFD/LM-209/CFD-LM-209-111-N.jpg,BM-046,materials/cfd/Images/CFD/BM-046/CFD-BM-046-039-HO.jpg,m,1
26,2,164,test,1,male,Black,male,White,neutral,,,,rearranged,m,1681,False,False,,2,,,,False,364,BM-013,materials/cfd/Images/CFD/BM-013/CFD-BM-013-002-N.jpg,WM-009,materials/cfd/Images/CFD/WM-009/CFD-WM-009-002-N.jpg,z,1
26,2,165,test,1,female,Asian,male,Black,neutral,,,,intact,m,1796,True,False,,2,,,,False,366,AF-223,materials/cfd/Images/CFD/AF-223/CFD-AF-223-183-N.jpg,BM-212,materials/cfd/Images/CFD/BM-212/CFD-BM-212-117-N.jpg,m,1
26,2,166,test,1,female,Black,male,Black,angry,,,,rearranged,m,1197,False,False,,2,,,,False,368,BF-049,materials/cfd/Images/CFD/BF-049/CFD-BF-049-032-N.jpg,BM-041,materials/cfd/Images/CFD/BM-041/CFD-BM-041-048-A.jpg,z,1
26,2,167,test,1,female,Latino,male,White,neutral,,,,rearranged,m,1210,False,False,,2,,,,False,370,LF-235,materials/cfd/Images/CFD/LF-235/CFD-LF-235-219-N.jpg,WM-213,materials/cfd/Images/CFD/WM-213/CFD-WM-213-076-N.jpg,z,1
26,2,168,test,1,female,Asian,female,Black,happy,,,,intact,m,1225,True,False,,2,,,,False,372,AF-244,materials/cfd/Images/CFD/AF-244/CFD-AF-244-168-N.jpg,BF-019,materials/cfd/Images/CFD/BF-019/CFD-BF-019-022-HO.jpg,m,1
26,2,169,test,1,male,White,female,White,neutral,,,,rearranged,m,1349,False,False,,2,,,,False,374,WM-242,materials/cfd/Images/CFD/WM-242/CFD-WM-242-011-N.jpg,WF-037,materials/cfd/Images/CFD/WF-037/CFD-WF-037-029-N.jpg,z,1
26,2,170,test,1,female,Black,male,Black,neutral,,,,rearranged,m,1262,False,False,,2,,,,False,376,BF-243,materials/cfd/Images/CFD/BF-243/CFD-BF-243-164-N.jpg,BM-226,materials/cfd/Images/CFD/BM-226/CFD-BM-226-276-N.jpg,z,1
26,2,171,test,1,male,White,female,Black,neutral,,,,intact,m,1293,True,False,,2,,,,False,378,WM-228,materials/cfd/Images/CFD/WM-228/CFD-WM-228-065-N.jpg,BF-004,materials/cfd/Images/CFD/BF-004/CFD-BF-004-014-N.jpg,m,1
26,2,172,test,1,male,Latino,male,Black,happy,,,,rearranged,m,1103,False,False,,2,,,,False,380,LM-208,materials/cfd/Images/CFD/LM-208/CFD-LM-208-110-N.jpg,BM-022,materials/cfd/Images/CFD/BM-022/CFD-BM-022-027-HO.jpg,z,1
26,2,173,test,1,female,Black,female,Black,neutral,,,,intact,m,1152,True,False,,2,,,,False,382,BF-213,materials/cfd/Images/CFD/BF-213/CFD-BF-213-188-N.jpg,BF-028,materials/cfd/Images/CFD/BF-028/CFD-BF-028-001-N.jpg,m,1
26,2,174,test,1,male,Latino,male,Black,happy,,,,intact,m,1607,True,False,,2,,,,False,384,LM-247,materials/cfd/Images/CFD/LM-247/CFD-LM-247-095-N.jpg,BM-019,materials/cfd/Images/CFD/BM-019/CFD-BM-019-004-HO.jpg,m,1
26,2,175,test,1,male,Asian,female,White,happy,,,,rearranged,m,953,False,False,,2,,,,False,386,AM-225,materials/cfd/Images/CFD/AM-225/CFD-AM-225-102-N.jpg,WF-033,materials/cfd/Images/CFD/WF-033/CFD-WF-033-005-HO.jpg,z,1
26,2,176,test,1,female,Black,male,Black,angry,,,,rearranged,m,1006,False,False,,2,,,,False,388,BF-231,materials/cfd/Images/CFD/BF-231/CFD-BF-231-202-N.jpg,BM-002,materials/cfd/Images/CFD/BM-002/CFD-BM-002-016-A.jpg,z,1
26,2,177,test,1,male,Latino,male,White,angry,,,,rearranged,m,1390,False,False,,2,,,,False,390,LM-217,materials/cfd/Images/CFD/LM-217/CFD-LM-217-162-N.jpg,WM-038,materials/cfd/Images/CFD/WM-038/CFD-WM-038-011-A.jpg,z,1
26,2,178,test,1,male,White,male,White,neutral,,,,intact,m,1319,True,False,,2,,,,False,392,WM-237,materials/cfd/Images/CFD/WM-237/CFD-WM-237-052-N.jpg,WM-001,materials/cfd/Images/CFD/WM-001/CFD-WM-001-014-N.jpg,m,1
26,2,179,test,1,female,White,female,White,happy,,,,intact,m,2259,True,False,,2,,,,False,394,WF-208,materials/cfd/Images/CFD/WF-208/CFD-WF-208-068-N.jpg,WF-015,materials/cfd/Images/CFD/WF-015/CFD-WF-015-022-HO.jpg,m,1
26,2,180,test,1,male,Black,female,White,angry,,,,rearranged,m,2666,False,False,,2,,,,False,396,BM-244,materials/cfd/Images/CFD/BM-244/CFD-BM-244-197-N.jpg,WF-034,materials/cfd/Images/CFD/WF-034/CFD-WF-034-016-A.jpg,z,1
