subject_number,condition,trial_number,phase,block,target_gender,target_race,flanker_gender,flanker_race,flanker_emotion,stimulus_type,study_flanker_emotion,study_flanker_gender,pair_type,response,rt,correct,timed_out,rating,key_mapping,subject_id,study_id,session_id,test_mode,trial_index,target_id,target_filename,flanker_id,flanker_filename,correct_response,device_pixel_ratio
1,2,1,study,0,female,Asian,female,White,neutral,,,,,z,700,True,False,,2,,,,False,17,AF-237,materials/cfd/Images/CFD/AF-237/CFD-AF-237-223-N.jpg,WF-213,materials/cfd/Images/CFD/WF-213/CFD-WF-213-031-N.jpg,z,1.5
1,2,2,study,0,female,Black,male,Black,neutral,,,,,,,False,True,,2,,,,False,19,BF-222,materials/cfd/Images/CFD/BF-222/CFD-BF-222-240-N.jpg,BM-232,materials/cfd/Images/CFD/BM-232/CFD-BM-232-213-N.jpg,z,1.5
1,2,3,study,0,male,Black,male,White,angry,,,,,,,False,True,,2,,,,False,21,BM-208,materials/cfd/Images/CFD/BM-208/CFD-BM-208-065-N.jpg,WM-002,materials/cfd/Images/CFD/WM-002/CFD-WM-002-017-A.jpg,m,1.5
1,2,4,study,0,male,White,female,White,neutral,,,,,z,703,False,False,,2,,,,False,23,WM-041,materials/cfd/Images/CFD/WM-041/CFD-WM-041-021-N.jpg,WF-220,materials/cfd/Images/CFD/WF-220/CFD-WF-220-101-N.jpg,m,1.5
1,2,5,study,0,female,White,male,Black,happy,,,,,,,False,True,,2,,,,False,25,WF-216,materials/cfd/Images/CFD/WF-216/CFD-WF-216-079-N.jpg,BM-034,materials/cfd/Images/CFD/BM-034/CFD-BM-034-033-HO.jpg,z,1.5
1,2,6,study,0,male,White,female,Black,neutral,,,,,z,1654,False,False,,2,,,,False,27,WM-244,materials/cfd/Images/CFD/WM-244/CFD-WM-244-003-N.jpg,BF-226,materials/cfd/Images/CFD/BF-226/CFD-BF-226-119-N.jpg,m,1.5
1,2,7,study,0,female,Asian,female,White,happy,,,,,z,1343,True,False,,2,,,,False,29,AF-228,materials/cfd/Images/CFD/AF-228/CFD-AF-228-173-N.jpg,WF-034,materials/cfd/Images/CFD/WF-034/CFD-WF-034-033-HO.jpg,z,1.5
1,2,8,study,0,male,White,female,White,angry,,,,,z,2716,False,False,,2,,,,False,31,WM-017,materials/cfd/Images/CFD/WM-017/CFD-WM-017-002-N.jpg,WF-010,materials/cfd/Images/CFD/WF-010/CFD-WF-010-014-A.jpg,m,1.5
1,2,9,study,0,male,White,female,White,neutral,,,,,z,2506,False,False,,2,,,,False,33,WM-023,materials/cfd/Images/CFD/WM-023/CFD-WM-023-001-N.jpg,WF-224,materials/cfd/Images/CFD/WF-224/CFD-WF-224-099-N.jpg,m,1.5
1,2,10,study,0,female,Asian,male,Black,neutral,,,,,m,2257,False,False,,2,,,,False,35,AF-256,materials/cfd/Images/CFD/AF-256/CFD-AF-256-160-N.jpg,BM-225,materials/cfd/Images/CFD/BM-225/CFD-BM-225-154-N.jpg,z,1.5
1,2,11,study,0,male,White,male,White,happy,,,,,m,1123,True,False,,2,,,,False,37,WM-225,materials/cfd/Images/CFD/WM-225/CFD-WM-225-127-N.jpg,WM-006,materials/cfd/Images/CFD/WM-006/CFD-WM-006-010-HO.jpg,m,1.5
1,2,12,study,0,male,Asian,female,Black,angry,,,,,z,1339,False,False,,2,,,,False,39,AM-207,materials/cfd/Images/CFD/AM-207/CFD-AM-207-108-N.jpg,BF-037,materials/cfd/Images/CFD/BF-037/CFD-BF-037-013-A.jpg,m,1.5
1,2,13,study,0,male,Asian,female,White,angry,,,,,m,667,True,False,,2,,,,False,41,AM-217,materials/cfd/Images/CFD/AM-217/CFD-AM-217-085-N.jpg,WF-009,materials/cfd/Images/CFD/WF-009/CFD-WF-009-010-A.jpg,m,1.5
1,2,14,study,0,female,Asian,female,White,neutral,,,,,z,895,True,False,,2,,,,False,43,AF-238,materials/cfd/Images/CFD/AF-238/CFD-AF-238-185-N.jpg,WF-007,materials/cfd/Images/CFD/WF-007/CFD-WF-007-001-N.jpg,z,1.5
1,2,15,study,0,female,Asian,male,Black,happy,,,,,m,835,False,False,,2,,,,False,45,AF-240,materials/cfd/Images/CFD/AF-240/CFD-AF-240-206-N.jpg,BM-025,materials/cfd/Images/CFD/BM-025/CFD-BM-025-040-HO.jpg,z,1.5
1,2,16,study,0,male,White,male,White,neutral,,,,,z,1031,False,False,,2,,,,False,47,WM-206,materials/cfd/Images/CFD/WM-206/CFD-WM-206-045-N.jpg,WM-033,materials/cfd/Images/CFD/WM-033/CFD-WM-033-025-N.jpg,m,1.5
1,2,17,study,0,female,Latino,male,Black,happy,,,,,m,2345,False,False,,2,,,,False,49,LF-222,materials/cfd/Images/CFD/LF-222/CFD-LF-222-147-N.jpg,BM-003,materials/cfd/Images/CFD/BM-003/CFD-BM-003-021-HO.jpg,z,1.5
1,2,18,study,0,female,Black,female,White,happy,,,,,z,1015,True,False,,2,,,,False,51,BF-221,materials/cfd/Images/CFD/BF-221/CFD-BF-221-223-N.jpg,WF-031,materials/cfd/Images/CFD/WF-031/CFD-WF-031-005-HO.jpg,z,1.5
1,2,19,study,0,male,White,male,Black,angry,,,,,m,1165,True,False,,2,,,,False,53,WM-010,materials/cfd/Images/CFD/WM-010/CFD-WM-010-001-N.jpg,BM-031,materials/cfd/Images/CFD/BM-031/CFD-BM-031-030-A.jpg,m,1.5
1,2,20,study,0,male,Asian,female,Black,neutral,,,,,z,1682,False,False,,2,,,,False,55,AM-216,materials/cfd/Images/CFD/AM-216/CFD-AM-216-114-N.jpg,BF-229,materials/cfd/Images/CFD/BF-229/CFD-BF-229-179-N.jpg,m,1.5
1,2,21,study,0,female,Latino,male,Black,angry,,,,,m,1095,False,False,,2,,,,False,57,LF-236,materials/cfd/Images/CFD/LF-236/CFD-LF-236-221-N.jpg,BM-046,materials/cfd/Images/CFD/BM-046/CFD-BM-046-048-A.jpg,z,1.5
1,2,22,study,0,female,Black,male,Black,neutral,,,,,,,False,True,,2,,,,False,59,BF-252,materials/cfd/Images/CFD/BF-252/CFD-BF-252-191-N.jpg,BM-243,materials/cfd/Images/CFD/BM-243/CFD-BM-243-218-N.jpg,z,1.5
1,2,23,study,0,female,Latino,female,White,angry,,,,,z,534,True,False,,2,,,,False,61,LF-244,materials/cfd/Images/CFD/LF-244/CFD-LF-244-096-N.jpg,WF-015,materials/cfd/Images/CFD/WF-015/CFD-WF-015-014-A.jpg,z,1.5
1,2,24,study,0,male,Latino,male,Black,happy,,,,,m,673,True,False,,2,,,,False,63,LM-200,materials/cfd/Images/CFD/LM-200/CFD-LM-200-045-N.jpg,BM-016,materials/cfd/Images/CFD/BM-016/CFD-BM-016-040-HO.jpg,m,1.5
1,2,25,study,0,female,Black,female,Black,happy,,,,,z,769,True,False,,2,,,,False,65,BF-031,materials/cfd/Images/CFD/BF-031/CFD-BF-031-002-N.jpg,BF-029,materials/cfd/Images/CFD/BF-029/CFD-BF-029-005-HO.jpg,z,1.5
1,2,26,study,0,female,Latino,male,Black,angry,,,,,z,1618,True,False,,2,,,,False,67,LF-247,materials/cfd/Images/CFD/LF-247/CFD-LF-247-051-N.jpg,BM-013,materials/cfd/Images/CFD/BM-013/CFD-BM-013-016-A.jpg,z,1.5
1,2,27,study,0,male,Asian,female,White,happy,,,,,z,2079,False,False,,2,,,,False,69,AM-227,materials/cfd/Images/CFD/AM-227/CFD-AM-227-184-N.jpg,WF-001,materials/cfd/Images/CFD/WF-001/CFD-WF-001-009-HO.jpg,m,1.5
1,2,28,study,0,female,Black,female,Black,neutral,,,,,z,1184,True,False,,2,,,,False,71,BF-234,materials/cfd/Images/CFD/BF-234/CFD-BF-234-167-N.jpg,BF-208,materials/cfd/Images/CFD/BF-208/CFD-BF-208-266-N.jpg,z,1.5
1,2,29,study,0,female,White,male,Black,happy,,,,,m,840,False,False,,2,,,,False,73,WF-037,materials/cfd/Images/CFD/WF-037/CFD-WF-037-029-N.jpg,BM-036,materials/cfd/Images/CFD/BM-036/CFD-BM-036-004-HO.jpg,z,1.5
1,2,30,study,0,male,Black,female,White,happy,,,,,z,1462,False,False,,2,,,,False,75,BM-248,materials/cfd/Images/CFD/BM-248/CFD-BM-248-128-N.jpg,WF-039,materials/cfd/Images/CFD/WF-039/CFD-WF-039-005-HO.jpg,m,1.5
1,2,31,study,1,male,Black,female,White,happy,,,,,z,1383,False,False,,2,,,,False,78,BM-223,materials/cfd/Images/CFD/BM-223/CFD-BM-223-171-N.jpg,WF-020,materials/cfd/Images/CFD/WF-020/CFD-WF-020-023-HO.jpg,m,1.5
1,2,32,study,1,female,Asian,female,Black,happy,,,,,z,2077,True,False,,2,,,,False,80,AF-252,materials/cfd/Images/CFD/AF-252/CFD-AF-252-135-N.jpg,BF-030,materials/cfd/Images/CFD/BF-030/CFD-BF-030-007-HO.jpg,z,1.5
1,2,33,study,1,male,White,female,White,neutral,,,,,z,1530,False,False,,2,,,,False,82,WM-040,materials/cfd/Images/CFD/WM-040/CFD-WM-040-022-N.jpg,WF-226,materials/cfd/Images/CFD/WF-226/CFD-WF-226-095-N.jpg,m,1.5
1,2,34,study,1,female,Black,female,Black,angry,,,,,z,1261,True,False,,2,,,,False,84,BF-246,materials/cfd/Images/CFD/BF-246/CFD-BF-246-170-N.jpg,BF-041,materials/cfd/Images/CFD/BF-041/CFD-BF-041-047-A.jpg,z,1.5
1,2,35,study,1,female,Latino,male,Black,neutral,,,,,m,1044,False,False,,2,,,,False,86,LF-232,materials/cfd/Images/CFD/LF-232/CFD-LF-232-199-N.jpg,BM-022,materials/cfd/Images/CFD/BM-022/CFD-BM-022-022-N.jpg,z,1.5
1,2,36,study,1,female,Black,female,Black,angry,,,,,z,638,True,False,,2,,,,False,88,BF-027,materials/cfd/Images/CFD/BF-027/CFD-BF-027-002-N.jpg,BF-001,materials/cfd/Images/CFD/BF-001/CFD-BF-001-026-A.jpg,z,1.5
1,2,37,study,1,male,Latino,male,White,neutral,,,,,z,822,False,False,,2,,,,False,90,LM-228,materials/cfd/Images/CFD/LM-228/CFD-LM-228-188-N.jpg,WM-001,materials/cfd/Images/CFD/WM-001/CFD-WM-001-014-N.jpg,m,1.5
1,2,38,study,1,female,Black,female,White,neutral,,,,,z,798,True,False,,2,,,,False,92,BF-032,materials/cfd/Images/CFD/BF-032/CFD-BF-032-038-N.jpg,WF-208,materials/cfd/Images/CFD/WF-208/CFD-WF-208-068-N.jpg,z,1.5
1,2,39,study,1,male,Black,male,Black,happy,,,,,m,803,True,False,,2,,,,False,94,BM-030,materials/cfd/Images/CFD/BM-030/CFD-BM-030-003-N.jpg,BM-026,materials/cfd/Images/CFD/BM-026/CFD-BM-026-009-HO.jpg,m,1.5
1,2,40,study,1,male,White,male,Black,neutral,,,,,m,694,True,False,,2,,,,False,96,WM-202,materials/cfd/Images/CFD/WM-202/CFD-WM-202-107-N.jpg,BM-244,materials/cfd/Images/CFD/BM-244/CFD-BM-244-197-N.jpg,m,1.5
1,2,41,study,1,male,White,male,White,happy,,,,,m,1093,True,False,,2,,,,False,98,WM-009,materials/cfd/Images/CFD/WM-009/CFD-WM-009-002-N.jpg,WM-016,materials/cfd/Images/CFD/WM-016/CFD-WM-016-002-HO.jpg,m,1.5
1,2,42,study,1,male,Latino,male,White,angry,,,,,m,1115,True,False,,2,,,,False,100,LM-238,materials/cfd/Images/CFD/LM-238/CFD-LM-238-129-N.jpg,WM-003,materials/cfd/Images/CFD/WM-003/CFD-WM-003-008-A.jpg,m,1.5
1,2,43,study,1,male,White,female,Black,angry,,,,,z,1266,False,False,,2,,,,False,102,WM-207,materials/cfd/Images/CFD/WM-207/CFD-WM-207-048-N.jpg,BF-033,materials/cfd/Images/CFD/BF-033/CFD-BF-033-016-A.jpg,m,1.5
1,2,44,study,1,male,Asian,male,Black,neutral,,,,,m,1018,True,False,,2,,,,False,104,AM-230,materials/cfd/Images/CFD/AM-230/CFD-AM-230-150-N.jpg,BM-239,materials/cfd/Images/CFD/BM-239/CFD-BM-239-136-N.jpg,m,1.5
1,2,45,study,1,female,Latino,female,Black,angry,,,,,z,1198,True,False,,2,,,,False,106,LF-235,materials/cfd/Images/CFD/LF-235/CFD-LF-235-219-N.jpg,BF-039,materials/cfd/Images/CFD/BF-039/CFD-BF-039-039-A.jpg,z,1.5
1,2,46,study,1,female,Latino,male,White,angry,,,,,m,1010,False,False,,2,,,,False,108,LF-208,materials/cfd/Images/CFD/LF-208/CFD-LF-208-127-N.jpg,WM-029,materials/cfd/Images/CFD/WM-029/CFD-WM-029-014-A.jpg,z,1.5
1,2,47,study,1,female,Black,female,White,angry,,,,,z,1215,True,False,,2,,,,False,110,BF-236,materials/cfd/Images/CFD/BF-236/CFD-BF-236-177-N.jpg,WF-011,materials/cfd/Images/CFD/WF-011/CFD-WF-011-011-A.jpg,z,1.5
1,2,48,study,1,male,Black,female,White,angry,,,,,z,1412,False,False,,2,,,,False,112,BM-005,materials/cfd/Images/CFD/BM-005/CFD-BM-005-003-N.jpg,WF-022,materials/cfd/Images/CFD/WF-022/CFD-WF-022-023-A.jpg,m,1.5
1,2,49,study,1,male,Black,male,Black,happy,,,,,m,1260,True,False,,2,,,,False,114,BM-012,materials/cfd/Images/CFD/BM-012/CFD-BM-012-018-N.jpg,BM-020,materials/cfd/Images/CFD/BM-020/CFD-BM-020-026-HO.jpg,m,1.5
1,2,50,study,1,female,Black,female,Black,happy,,,,,z,1202,True,False,,2,,,,False,116,BF-215,materials/cfd/Images/CFD/BF-215/CFD-BF-215-177-N.jpg,BF-005,materials/cfd/Images/CFD/BF-005/CFD-BF-005-005-HO.jpg,z,1.5
1,2,51,study,1,male,Black,male,Black,angry,,,,,m,1103,True,False,,2,,,,False,118,BM-200,materials/cfd/Images/CFD/BM-200/CFD-BM-200-046-N.jpg,BM-039,materials/cfd/Images/CFD/BM-039/CFD-BM-039-037-A.jpg,m,1.5
1,2,52,study,1,female,White,female,White,neutral,,,,,z,932,True,False,,2,,,,False,120,WF-027,materials/cfd/Images/CFD/WF-027/CFD-WF-027-003-N.jpg,WF-203,materials/cfd/Images/CFD/WF-203/CFD-WF-203-229-N.jpg,z,1.5
1,2,53,study,1,male,White,male,Black,neutral,,,,,m,736,True,False,,2,,,,False,122,WM-255,materials/cfd/Images/CFD/WM-255/CFD-WM-255-219-N.jpg,BM-045,materials/cfd/Images/CFD/BM-045/CFD-BM-045-004-N.jpg,m,1.5
1,2,54,study,1,male,White,female,Black,happy,,,,,z,889,False,False,,2,,,,False,124,WM-019,materials/cfd/Images/CFD/WM-019/CFD-WM-019-003-N.jpg,BF-047,materials/cfd/Images/CFD/BF-047/CFD-BF-047-028-HO.jpg,m,1.5
1,2,55,study,1,male,Asian,female,White,happy,,,,,z,1502,False,False,,2,,,,False,126,AM-208,materials/cfd/Images/CFD/AM-208/CFD-AM-208-143-N.jpg,WF-029,materials/cfd/Images/CFD/WF-029/CFD-WF-029-021-HO.jpg,m,1.5
1,2,56,study,1,female,Black,male,White,angry,,,,,m,1515,False,False,,2,,,,False,128,BF-228,materials/cfd/Images/CFD/BF-228/CFD-BF-228-212-N.jpg,WM-034,materials/cfd/Images/CFD/WM-034/CFD-WM-034-040-A.jpg,z,1.5
1,2,57,study,1,female,Asian,male,White,happy,,,,,m,2911,False,False,,2,,,,False,130,AF-232,materials/cfd/Images/CFD/AF-232/CFD-AF-232-078-N.jpg,WM-015,materials/cfd/Images/CFD/WM-015/CFD-WM-015-005-HO.jpg,z,1.5
1,2,58,study,1,female,Black,male,Black,angry,,,,,m,1687,False,False,,2,,,,False,132,BF-200,materials/cfd/Images/CFD/BF-200/CFD-BF-200-080-N.jpg,BM-009,materials/cfd/Images/CFD/BM-009/CFD-BM-009-008-A.jpg,z,1.5
1,2,59,study,1,male,White,male,White,angry,,,,,m,1122,True,False,,2,,,,False,134,WM-018,materials/cfd/Images/CFD/WM-018/CFD-WM-018-002-N.jpg,WM-035,materials/cfd/Images/CFD/WM-035/CFD-WM-035-018-A.jpg,m,1.5
1,2,60,study,1,female,White,male,White,neutral,,,,,m,2919,False,False,,2,,,,False,136,WF-025,materials/cfd/Images/CFD/WF-025/CFD-WF-025-019-N.jpg,WM-218,materials/cfd/Images/CFD/WM-218/CFD-WM-218-074-N.jpg,z,1.5
1,2,61,study,0,male,Asian,female,White,happy,,,,,z,1490,False,False,,2,,,,False,139,AM-227,materials/cfd/Images/CFD/AM-227/CFD-AM-227-184-N.jpg,WF-001,materials/cfd/Images/CFD/WF-001/CFD-WF-001-009-HO.jpg,m,1.5
1,2,62,study,0,female,Latino,male,Black,happy,,,,,m,1158,False,False,,2,,,,False,141,LF-222,materials/cfd/Images/CFD/LF-222/CFD-LF-222-147-N.jpg,BM-003,materials/cfd/Images/CFD/BM-003/CFD-BM-003-021-HO.jpg,z,1.5
1,2,63,study,0,female,Black,female,White,angry,,,,,z,749,True,False,,2,,,,False,143,BF-236,materials/cfd/Images/CFD/BF-236/CFD-BF-236-177-N.jpg,WF-011,materials/cfd/Images/CFD/WF-011/CFD-WF-011-011-A.jpg,z,1.5
1,2,64,study,0,female,Asian,male,White,happy,,,,,m,846,False,False,,2,,,,False,145,AF-232,materials/cfd/Images/CFD/AF-232/CFD-AF-232-078-N.jpg,WM-015,materials/cfd/Images/CFD/WM-015/CFD-WM-015-005-HO.jpg,z,1.5
1,2,65,study,0,male,Black,male,White,angry,,,,,m,1114,True,False,,2,,,,False,147,BM-208,materials/cfd/Images/CFD/BM-208/CFD-BM-208-065-N.jpg,WM-002,materials/cfd/Images/CFD/WM-002/CFD-WM-002-017-A.jpg,m,1.5
1,2,66,study,0,male,Asian,male,Black,neutral,,,,,m,975,True,False,,2,,,,False,149,AM-230,materials/cfd/Images/CFD/AM-230/CFD-AM-230-150-N.jpg,BM-239,materials/cfd/Images/CFD/BM-239/CFD-BM-239-136-N.jpg,m,1.5
1,2,67,study,0,male,Black,female,White,happy,,,,,z,1144,False,False,,2,,,,False,151,BM-248,materials/cfd/Images/CFD/BM-248/CFD-BM-248-128-N.jpg,WF-039,materials/cfd/Images/CFD/WF-039/CFD-WF-039-005-HO.jpg,m,1.5
1,2,68,study,0,female,White,male,White,neutral,,,,,m,1019,False,False,,2,,,,False,153,WF-025,materials/cfd/Images/CFD/WF-025/CFD-WF-025-019-N.jpg,WM-218,materials/cfd/Images/CFD/WM-218/CFD-WM-218-074-N.jpg,z,1.5
1,2,69,study,0,female,Black,female,Black,angry,,,,,z,778,True,False,,2,,,,False,155,BF-027,materials/cfd/Images/CFD/BF-027/CFD-BF-027-002-N.jpg,BF-001,materials/cfd/Images/CFD/BF-001/CFD-BF-001-026-A.jpg,z,1.5
1,2,70,study,0,male,Black,female,White,happy,,,,,z,1157,False,False,,2,,,,False,157,BM-223,materials/cfd/Images/CFD/BM-223/CFD-BM-223-171-N.jpg,WF-020,materials/cfd/Images/CFD/WF-020/CFD-WF-020-023-HO.jpg,m,1.5
1,2,71,study,0,female,Asian,female,Black,happy,,,,,z,1224,True,False,,2,,,,False,159,AF-252,materials/cfd/Images/CFD/AF-252/CFD-AF-252-135-N.jpg,BF-030,materials/cfd/Images/CFD/BF-030/CFD-BF-030-007-HO.jpg,z,1.5
1,2,72,study,0,female,Asian,female,White,neutral,,,,,z,2069,True,False,,2,,,,False,161,AF-237,materials/cfd/Images/CFD/AF-237/CFD-AF-237-223-N.jpg,WF-213,materials/cfd/Images/CFD/WF-213/CFD-WF-213-031-N.jpg,z,1.5
1,2,73,study,0,female,Asian,female,White,neutral,,,,,z,1814,True,False,,2,,,,False,163,AF-238,materials/cfd/Images/CFD/AF-238/CFD-AF-238-185-N.jpg,WF-007,materials/cfd/Images/CFD/WF-007/CFD-WF-007-001-N.jpg,z,1.5
1,2,74,study,0,male,White,female,Black,angry,,,,,m,1243,True,False,,2,,,,False,165,WM-207,materials/cfd/Images/CFD/WM-207/CFD-WM-207-048-N.jpg,BF-033,materials/cfd/Images/CFD/BF-033/CFD-BF-033-016-A.jpg,m,1.5
1,2,75,study,0,male,Black,male,Black,happy,,,,,m,1006,True,False,,2,,,,False,167,BM-030,materials/cfd/Images/CFD/BM-030/CFD-BM-030-003-N.jpg,BM-026,materials/cfd/Images/CFD/BM-026/CFD-BM-026-009-HO.jpg,m,1.5
1,2,76,study,0,female,Black,female,Black,angry,,,,,z,861,True,False,,2,,,,False,169,BF-246,materials/cfd/Images/CFD/BF-246/CFD-BF-246-170-N.jpg,BF-041,materials/cfd/Images/CFD/BF-041/CFD-BF-041-047-A.jpg,z,1.5
1,2,77,study,0,male,Asian,female,Black,angry,,,,,z,1359,False,False,,2,,,,False,171,AM-207,materials/cfd/Images/CFD/AM-207/CFD-AM-207-108-N.jpg,BF-037,materials/cfd/Images/CFD/BF-037/CFD-BF-037-013-A.jpg,m,1.5
1,2,78,study,0,female,Asian,male,Black,happy,,,,,m,726,False,False,,2,,,,False,173,AF-240,materials/cfd/Images/CFD/AF-240/CFD-AF-240-206-N.jpg,BM-025,materials/cfd/Images/CFD/BM-025/CFD-BM-025-040-HO.jpg,z,1.5
1,2,79,study,0,female,Latino,male,Black,angry,,,,,z,1649,True,False,,2,,,,False,175,LF-247,materials/cfd/Images/CFD/LF-247/CFD-LF-247-051-N.jpg,BM-013,materials/cfd/Images/CFD/BM-013/CFD-BM-013-016-A.jpg,z,1.5
1,2,80,study,0,male,White,male,White,happy,,,,,z,1163,False,False,,2,,,,False,177,WM-225,materials/cfd/Images/CFD/WM-225/CFD-WM-225-127-N.jpg,WM-006,materials/cfd/Images/CFD/WM-006/CFD-WM-006-010-HO.jpg,m,1.5
1,2,81,study,0,male,White,female,White,neutral,,,,,z,1695,False,False,,2,,,,False,179,WM-023,materials/cfd/Images/CFD/WM-023/CFD-WM-023-001-N.jpg,WF-224,materials/cfd/Images/CFD/WF-224/CFD-WF-224-099-N.jpg,m,1.5
1,2,82,study,0,female,Black,male,Black,angry,,,,,m,1561,False,False,,2,,,,False,181,BF-200,materials/cfd/Images/CFD/BF-200/CFD-BF-200-080-N.jpg,BM-009,materials/cfd/Images/CFD/BM-009/CFD-BM-009-008-A.jpg,z,1.5
1,2,83,study,0,male,White,male,Black,angry,,,,,m,1295,True,False,,2,,,,False,183,WM-010,materials/cfd/Images/CFD/WM-010/CFD-WM-010-001-N.jpg,BM-031,materials/cfd/Images/CFD/BM-031/CFD-BM-031-030-A.jpg,m,1.5
1,2,84,study,0,male,White,female,Black,happy,,,,,z,1281,False,False,,2,,,,False,185,WM-019,materials/cfd/Images/CFD/WM-019/CFD-WM-019-003-N.jpg,BF-047,materials/cfd/Images/CFD/BF-047/CFD-BF-047-028-HO.jpg,m,1.5
1,2,85,study,0,female,Black,female,White,happy,,,,,z,1272,True,False,,2,,,,False,187,BF-221,materials/cfd/Images/CFD/BF-221/CFD-BF-221-223-N.jpg,WF-031,materials/cfd/Images/CFD/WF-031/CFD-WF-031-005-HO.jpg,z,1.5
1,2,86,study,0,female,Latino,male,Black,angry,,,,,m,976,False,False,,2,,,,False,189,LF-236,materials/cfd/Images/CFD/LF-236/CFD-LF-236-221-N.jpg,BM-046,materials/cfd/Images/CFD/BM-046/CFD-BM-046-048-A.jpg,z,1.5
1,2,87,study,0,female,Black,male,Black,neutral,,,,,m,1356,False,False,,2,,,,False,191,BF-222,materials/cfd/Images/CFD/BF-222/CFD-BF-222-240-N.jpg,BM-232,materials/cfd/Images/CFD/BM-232/CFD-BM-232-213-N.jpg,z,1.5
1,2,88,study,0,female,Latino,male,Black,neutral,,,,,m,1599,False,False,,2,,,,False,193,LF-232,materials/cfd/Images/CFD/LF-232/CFD-LF-232-199-N.jpg,BM-022,materials/cfd/Images/CFD/BM-022/CFD-BM-022-022-N.jpg,z,1.5
1,2,89,study,0,male,Black,male,Black,happy,,,,,m,1643,True,False,,2,,,,False,195,BM-012,materials/cfd/Images/CFD/BM-012/CFD-BM-012-018-N.jpg,BM-020,materials/cfd/Images/CFD/BM-020/CFD-BM-020-026-HO.jpg,m,1.5
1,2,90,study,0,male,White,female,White,neutral,,,,,z,1224,False,False,,2,,,,False,197,WM-041,materials/cfd/Images/CFD/WM-041/CFD-WM-041-021-N.jpg,WF-220,materials/cfd/Images/CFD/WF-220/CFD-WF-220-101-N.jpg,m,1.5
1,2,91,study,1,male,Asian,female,White,angry,,,,,z,1809,False,False,,2,,,,False,200,AM-217,materials/cfd/Images/CFD/AM-217/CFD-AM-217-085-N.jpg,WF-009,materials/cfd/Images/CFD/WF-009/CFD-WF-009-010-A.jpg,m,1.5
1,2,92,study,1,female,White,female,White,neutral,,,,,z,1132,True,False,,2,,,,False,202,WF-027,materials/cfd/Images/CFD/WF-027/CFD-WF-027-003-N.jpg,WF-203,materials/cfd/Images/CFD/WF-203/CFD-WF-203-229-N.jpg,z,1.5
1,2,93,study,1,female,Latino,male,White,angry,,,,,m,1211,False,False,,2,,,,False,204,LF-208,materials/cfd/Images/CFD/LF-208/CFD-LF-208-127-N.jpg,WM-029,materials/cfd/Images/CFD/WM-029/CFD-WM-029-014-A.jpg,z,1.5
1,2,94,study,1,female,Black,male,White,angry,,,,,m,2400,False,False,,2,,,,False,206,BF-228,materials/cfd/Images/CFD/BF-228/CFD-BF-228-212-N.jpg,WM-034,materials/cfd/Images/CFD/WM-034/CFD-WM-034-040-A.jpg,z,1.5
1,2,95,study,1,female,Black,female,Black,happy,,,,,z,1101,True,False,,2,,,,False,208,BF-215,materials/cfd/Images/CFD/BF-215/CFD-BF-215-177-N.jpg,BF-005,materials/cfd/Images/CFD/BF-005/CFD-BF-005-005-HO.jpg,z,1.5
1,2,96,study,1,male,White,male,White,happy,,,,,m,1148,True,False,,2,,,,False,210,WM-009,materials/cfd/Images/CFD/WM-009/CFD-WM-009-002-N.jpg,WM-016,materials/cfd/Images/CFD/WM-016/CFD-WM-016-002-HO.jpg,m,1.5
1,2,97,study,1,male,Latino,male,Black,happy,,,,,z,1738,False,False,,2,,,,False,212,LM-200,materials/cfd/Images/CFD/LM-200/CFD-LM-200-045-N.jpg,BM-016,materials/cfd/Images/CFD/BM-016/CFD-BM-016-040-HO.jpg,m,1.5
1,2,98,study,1,female,Black,female,White,neutral,,,,,z,2186,True,False,,2,,,,False,214,BF-032,materials/cfd/Images/CFD/BF-032/CFD-BF-032-038-N.jpg,WF-208,materials/cfd/Images/CFD/WF-208/CFD-WF-208-068-N.jpg,z,1.5
1,2,99,study,1,female,White,male,Black,happy,,,,,m,1082,False,False,,2,,,,False,216,WF-037,materials/cfd/Images/CFD/WF-037/CFD-WF-037-029-N.jpg,BM-036,materials/cfd/Images/CFD/BM-036/CFD-BM-036-004-HO.jpg,z,1.5
1,2,100,study,1,female,Latino,female,White,angry,,,,,z,1007,True,False,,2,,,,False,218,LF-244,materials/cfd/Images/CFD/LF-244/CFD-LF-244-096-N.jpg,WF-015,materials/cfd/Images/CFD/WF-015/CFD-WF-015-014-A.jpg,z,1.5
1,2,101,study,1,male,Black,female,White,angry,,,,,z,1241,False,False,,2,,,,False,220,BM-005,materials/cfd/Images/CFD/BM-005/CFD-BM-005-003-N.jpg,WF-022,materials/cfd/Images/CFD/WF-022/CFD-WF-022-023-A.jpg,m,1.5
1,2,102,study,1,male,Latino,male,White,angry,,,,,m,1365,True,False,,2,,,,False,222,LM-238,materials/cfd/Images/CFD/LM-238/CFD-LM-238-129-N.jpg,WM-003,materials/cfd/Images/CFD/WM-003/CFD-WM-003-008-A.jpg,m,1.5
1,2,103,study,1,male,White,male,Black,neutral,,,,,m,1561,True,False,,2,,,,False,224,WM-202,materials/cfd/Images/CFD/WM-202/CFD-WM-202-107-N.jpg,BM-244,materials/cfd/Images/CFD/BM-244/CFD-BM-244-197-N.jpg,m,1.5
1,2,104,study,1,male,White,male,White,neutral,,,,,m,1040,True,False,,2,,,,False,226,WM-206,materials/cfd/Images/CFD/WM-206/CFD-WM-206-045-N.jpg,WM-033,materials/cfd/Images/CFD/WM-033/CFD-WM-033-025-N.jpg,m,1.5
1,2,105,study,1,male,Black,male,Black,angry,,,,,m,892,True,False,,2,,,,False,228,BM-200,materials/cfd/Images/CFD/BM-200/CFD-BM-200-046-N.jpg,BM-039,materials/cfd/Images/CFD/BM-039/CFD-BM-039-037-A.jpg,m,1.5
1,2,106,study,1,female,Latino,female,Black,angry,,,,,z,1322,True,False,,2,,,,False,230,LF-235,materials/cfd/Images/CFD/LF-235/CFD-LF-235-219-N.jpg,BF-039,materials/cfd/Images/CFD/BF-039/CFD-BF-039-039-A.jpg,z,1.5
1,2,107,study,1,male,Asian,female,Black,neutral,,,,,z,1707,False,False,,2,,,,False,232,AM-216,materials/cfd/Images/CFD/AM-216/CFD-AM-216-114-N.jpg,BF-229,materials/cfd/Images/CFD/BF-229/CFD-BF-229-179-N.jpg,m,1.5
1,2,108,study,1,female,Black,male,Black,neutral,,,,,m,835,False,False,,2,,,,False,234,BF-252,materials/cfd/Images/CFD/BF-252/CFD-BF-252-191-N.jpg,BM-243,materials/cfd/Images/CFD/BM-243/CFD-BM-243-218-N.jpg,z,1.5
1,2,109,study,1,female,White,male,Black,happy,,,,,m,1479,False,False,,2,,,,False,236,WF-216,materials/cfd/Images/CFD/WF-216/CFD-WF-216-079-N.jpg,BM-034,materials/cfd/Images/CFD/BM-034/CFD-BM-034-033-HO.jpg,z,1.5
1,2,110,study,1,female,Black,female,Black,happy,,,,,m,2534,False,False,,2,,,,False,238,BF-031,materials/cfd/Images/CFD/BF-031/CFD-BF-031-002-N.jpg,BF-029,materials/cfd/Images/CFD/BF-029/CFD-BF-029-005-HO.jpg,z,1.5
1,2,111,study,1,female,Black,female,Black,neutral,,,,,z,1370,True,False,,2,,,,False,240,BF-234,materials/cfd/Images/CFD/BF-234/CFD-BF-234-167-N.jpg,BF-208,materials/cfd/Images/CFD/BF-208/CFD-BF-208-266-N.jpg,z,1.5
1,2,112,study,1,male,White,female,Black,neutral,,,,,z,1880,False,False,,2,,,,False,242,WM-244,materials/cfd/Images/CFD/WM-244/CFD-WM-244-003-N.jpg,BF-226,materials/cfd/Images/CFD/BF-226/CFD-BF-226-119-N.jpg,m,1.5
1,2,113,study,1,female,Asian,female,White,happy,,,,,z,1247,True,False,,2,,,,False,244,AF-228,materials/cfd/Images/CFD/AF-228/CFD-AF-228-173-N.jpg,WF-034,materials/cfd/Images/CFD/WF-034/CFD-WF-034-033-HO.jpg,z,1.5
1,2,114,study,1,male,White,male,Black,neutral,,,,,m,1474,True,False,,2,,,,False,246,WM-255,materials/cfd/Images/CFD/WM-255/CFD-WM-255-219-N.jpg,BM-045,materials/cfd/Images/CFD/BM-045/CFD-BM-045-004-N.jpg,m,1.5
1,2,115,study,1,male,White,male,White,angry,,,,,m,1053,True,False,,2,,,,False,248,WM-018,materials/cfd/Images/CFD/WM-018/CFD-WM-018-002-N.jpg,WM-035,materials/cfd/Images/CFD/WM-035/CFD-WM-035-018-A.jpg,m,1.5
1,2,116,study,1,male,White,female,White,angry,,,,,z,1978,False,False,,2,,,,False,250,WM-017,materials/cfd/Images/CFD/WM-017/CFD-WM-017-002-N.jpg,WF-010,materials/cfd/Images/CFD/WF-010/CFD-WF-010-014-A.jpg,m,1.5
1,2,117,study,1,female,Asian,male,Black,neutral,,,,,m,1498,False,False,,2,,,,False,252,AF-256,materials/cfd/Images/CFD/AF-256/CFD-AF-256-160-N.jpg,BM-225,materials/cfd/Images/CFD/BM-225/CFD-BM-225-154-N.jpg,z,1.5
1,2,118,study,1,male,Latino,male,White,neutral,,,,,m,978,True,False,,2,,,,False,254,LM-228,materials/cfd/Images/CFD/LM-228/CFD-LM-228-188-N.jpg,WM-001,materials/cfd/Images/CFD/WM-001/CFD-WM-001-014-N.jpg,m,1.5
1,2,119,study,1,male,White,female,White,neutral,,,,,z,1870,False,False,,2,,,,False,256,WM-040,materials/cfd/Images/CFD/WM-040/CFD-WM-040-022-N.jpg,WF-226,materials/cfd/Images/CFD/WF-226/CFD-WF-226-095-N.jpg,m,1.5
1,2,120,study,1,male,Asian,female,White,happy,,,,,z,1808,False,False,,2,,,,False,258,AM-208,materials/cfd/Images/CFD/AM-208/CFD-AM-208-143-N.jpg,WF-029,materials/cfd/Images/CFD/WF-029/CFD-WF-029-021-HO.jpg,m,1.5
1,2,121,test,0,female,Asian,female,White,happy,,,,intact,z,2583,False,False,,2,,,,False,277,AF-228,materials/cfd/Images/CFD/AF-228/CFD-AF-228-173-N.jpg,WF-034,materials/cfd/Images/CFD/WF-034/CFD-WF-034-033-HO.jpg,m,1.5
1,2,122,test,0,female,Latino,male,Black,angry,,,,intact,m,1690,True,False,,2,,,,False,279,LF-247,materials/cfd/Images/CFD/LF-247/CFD-LF-247-051-N.jpg,BM-013,materials/cfd/Images/CFD/BM-013/CFD-BM-013-016-A.jpg,m,1.5
1,2,123,test,0,male,White,male,White,angry,,,,rearranged,,,False,True,,2,,,,False,281,WM-018,materials/cfd/Images/CFD/WM-018/CFD-WM-018-002-N.jpg,WM-003,materials/cfd/Images/CFD/WM-003/CFD-WM-003-008-A.jpg,z,1.5
1,2,124,test,0,male,Black,male,Black,angry,,,,intact,m,1568,True,False,,2,,,,False,283,BM-200,materials/cfd/Images/CFD/BM-200/CFD-BM-200-046-N.jpg,BM-039,materials/cfd/Images/CFD/BM-039/CFD-BM-039-037-A.jpg,m,1.5
1,2,125,test,0,female,Latino,male,White,angry,,,,rearranged,m,2028,False,False,,2,,,,False,285,LF-236,materials/cfd/Images/CFD/LF-236/CFD-LF-236-221-N.jpg,WM-029,materials/cfd/Images/CFD/WM-029/CFD-WM-029-014-A.jpg,z,1.5
1,2,126,test,0,female,Asian,male,Black,happy,,,,rearranged,z,1887,True,False,,2,,,,False,287,AF-232,materials/cfd/Images/CFD/AF-232/CFD-AF-232-078-N.jpg,BM-025,materials/cfd/Images/CFD/BM-025/CFD-BM-025-040-HO.jpg,z,1.5
1,2,127,test,0,female,White,female,White,neutral,,,,intact,m,1447,True,False,,2,,,,False,289,WF-027,materials/cfd/Images/CFD/WF-027/CFD-WF-027-003-N.jpg,WF-203,materials/cfd/Images/CFD/WF-203/CFD-WF-203-229-N.jpg,m,1.5
1,2,128,test,0,male,White,female,White,neutral,,,,intact,,,False,True,,2,,,,False,291,WM-040,materials/cfd/Images/CFD/WM-040/CFD-WM-040-022-N.jpg,WF-226,materials/cfd/Images/CFD/WF-226/CFD-WF-226-095-N.jpg,m,1.5
1,2,129,test,0,male,White,male,White,happy,,,,intact,m,1091,True,False,,2,,,,False,293,WM-009,materials/cfd/Images/CFD/WM-009/CFD-WM-009-002-N.jpg,WM-016,materials/cfd/Images/CFD/WM-016/CFD-WM-016-002-HO.jpg,m,1.5
1,2,130,test,0,male,White,female,Black,neutral,,,,rearranged,z,719,True,False,,2,,,,False,295,WM-041,materials/cfd/Images/CFD/WM-041/CFD-WM-041-021-N.jpg,BF-229,materials/cfd/Images/CFD/BF-229/CFD-BF-229-179-N.jpg,z,1.5
1,2,131,test,0,male,White,female,White,angry,,,,rearranged,z,948,True,False,,2,,,,False,297,WM-017,materials/cfd/Images/CFD/WM-017/CFD-WM-017-002-N.jpg,WF-022,materials/cfd/Images/CFD/WF-022/CFD-WF-022-023-A.jpg,z,1.5
1,2,132,test,0,female,Black,male,Black,neutral,,,,rearranged,m,945,False,False,,2,,,,False,299,BF-252,materials/cfd/Images/CFD/BF-252/CFD-BF-252-191-N.jpg,BM-232,materials/cfd/Images/CFD/BM-232/CFD-BM-232-213-N.jpg,z,1.5
1,2,133,test,0,male,White,male,Black,angry,,,,intact,z,770,False,False,,2,,,,False,301,WM-010,materials/cfd/Images/CFD/WM-010/CFD-WM-010-001-N.jpg,BM-031,materials/cfd/Images/CFD/BM-031/CFD-BM-031-030-A.jpg,m,1.5
1,2,134,test,0,male,White,male,White,neutral,,,,rearranged,z,2042,True,False,,2,,,,False,303,WM-255,materials/cfd/Images/CFD/WM-255/CFD-WM-255-219-N.jpg,WM-033,materials/cfd/Images/CFD/WM-033/CFD-WM-033-025-N.jpg,z,1.5
1,2,135,test,0,female,Asian,female,Black,happy,,,,intact,z,938,False,False,,2,,,,False,305,AF-252,materials/cfd/Images/CFD/AF-252/CFD-AF-252-135-N.jpg,BF-030,materials/cfd/Images/CFD/BF-030/CFD-BF-030-007-HO.jpg,m,1.5
1,2,136,test,0,female,Latino,female,Black,angry,,,,intact,z,990,False,False,,2,,,,False,307,LF-235,materials/cfd/Images/CFD/LF-235/CFD-LF-235-219-N.jpg,BF-039,materials/cfd/Images/CFD/BF-039/CFD-BF-039-039-A.jpg,m,1.5
1,2,137,test,0,female,Black,female,Black,angry,,,,intact,z,1249,False,False,,2,,,,False,309,BF-246,materials/cfd/Images/CFD/BF-246/CFD-BF-246-170-N.jpg,BF-041,materials/cfd/Images/CFD/BF-041/CFD-BF-041-047-A.jpg,m,1.5
1,2,138,test,0,male,Black,male,Black,happy,,,,intact,m,791,True,False,,2,,,,False,311,BM-030,materials/cfd/Images/CFD/BM-030/CFD-BM-030-003-N.jpg,BM-026,materials/cfd/Images/CFD/BM-026/CFD-BM-026-009-HO.jpg,m,1.5
1,2,139,test,0,female,White,male,Black,happy,,,,intact,z,773,False,False,,2,,,,False,313,WF-037,materials/cfd/Images/CFD/WF-037/CFD-WF-037-029-N.jpg,BM-036,materials/cfd/Images/CFD/BM-036/CFD-BM-036-004-HO.jpg,m,1.5
1,2,140,test,0,male,White,female,Black,neutral,,,,intact,z,695,False,False,,2,,,,False,315,WM-244,materials/cfd/Images/CFD/WM-244/CFD-WM-244-003-N.jpg,BF-226,materials/cfd/Images/CFD/BF-226/CFD-BF-226-119-N.jpg,m,1.5
1,2,141,test,0,female,Latino,male,Black,neutral,,,,intact,m,912,True,False,,2,,,,False,317,LF-232,materials/cfd/Images/CFD/LF-232/CFD-LF-232-199-N.jpg,BM-022,materials/cfd/Images/CFD/BM-022/CFD-BM-022-022-N.jpg,m,1.5
1,2,142,test,0,female,Black,male,Black,angry,,,,rearranged,z,1008,True,False,,2,,,,False,319,BF-228,materials/cfd/Images/CFD/BF-228/CFD-BF-228-212-N.jpg,BM-046,materials/cfd/Images/CFD/BM-046/CFD-BM-046-048-A.jpg,z,1.5
1,2,143,test,0,female,Black,female,White,happy,,,,rearranged,z,924,True,False,,2,,,,False,321,BF-031,materials/cfd/Images/CFD/BF-031/CFD-BF-031-002-N.jpg,WF-031,materials/cfd/Images/CFD/WF-031/CFD-WF-031-005-HO.jpg,z,1.5
1,2,144,test,0,female,Black,female,Black,happy,,,,rearranged,z,1810,True,False,,2,,,,False,323,BF-221,materials/cfd/Images/CFD/BF-221/CFD-BF-221-223-N.jpg,BF-005,materials/cfd/Images/CFD/BF-005/CFD-BF-005-005-HO.jpg,z,1.5
1,2,145,test,0,female,Black,male,Black,neutral,,,,rearranged,,,False,True,,2,,,,False,325,BF-222,materials/cfd/Images/CFD/BF-222/CFD-BF-222-240-N.jpg,BM-225,materials/cfd/Images/CFD/BM-225/CFD-BM-225-154-N.jpg,z,1.5
1,2,146,test,0,male,Latino,male,White,happy,,,,rearranged,m,1183,False,False,,2,,,,False,327,LM-200,materials/cfd/Images/CFD/LM-200/CFD-LM-200-045-N.jpg,WM-006,materials/cfd/Images/CFD/WM-006/CFD-WM-006-010-HO.jpg,z,1.5
1,2,147,test,0,male,White,male,Black,happy,,,,rearranged,z,1135,True,False,,2,,,,False,329,WM-225,materials/cfd/Images/CFD/WM-225/CFD-WM-225-127-N.jpg,BM-016,materials/cfd/Images/CFD/BM-016/CFD-BM-016-040-HO.jpg,z,1.5
1,2,148,test,0,male,Asian,female,White,happy,,,,rearranged,m,1783,False,False,,2,,,,False,331,AM-208,materials/cfd/Images/CFD/AM-208/CFD-AM-208-143-N.jpg,WF-020,materials/cfd/Images/CFD/WF-020/CFD-WF-020-023-HO.jpg,z,1.5
1,2,149,test,0,female,Asian,female,White,neutral,,,,rearranged,z,1751,True,False,,2,,,,False,333,AF-237,materials/cfd/Images/CFD/AF-237/CFD-AF-237-223-N.jpg,WF-208,materials/cfd/Images/CFD/WF-208/CFD-WF-208-068-N.jpg,z,1.5
1,2,150,test,0,male,Black,female,White,angry,,,,rearranged,z,1034,True,False,,2,,,,False,335,BM-005,materials/cfd/Images/CFD/BM-005/CFD-BM-005-003-N.jpg,WF-010,materials/cfd/Images/CFD/WF-010/CFD-WF-010-014-A.jpg,z,1.5
1,2,151,test,1,male,White,female,Black,angry,,,,intact,z,1414,False,False,,2,,,,False,338,WM-207,materials/cfd/Images/CFD/WM-207/CFD-WM-207-048-N.jpg,BF-033,materials/cfd/Images/CFD/BF-033/CFD-BF-033-016-A.jpg,m,1.5
1,2,152,test,1,male,Asian,female,White,neutral,,,,rearranged,z,1444,True,False,,2,,,,False,340,AM-216,materials/cfd/Images/CFD/AM-216/CFD-AM-216-114-N.jpg,WF-220,materials/cfd/Images/CFD/WF-220/CFD-WF-220-101-N.jpg,z,1.5
1,2,153,test,1,female,White,male,Black,happy,,,,intact,z,1301,False,False,,2,,,,False,342,WF-216,materials/cfd/Images/CFD/WF-216/CFD-WF-216-079-N.jpg,BM-034,materials/cfd/Images/CFD/BM-034/CFD-BM-034-033-HO.jpg,m,1.5
1,2,154,test,1,male,Black,female,White,happy,,,,intact,z,1385,False,False,,2,,,,False,344,BM-248,materials/cfd/Images/CFD/BM-248/CFD-BM-248-128-N.jpg,WF-039,materials/cfd/Images/CFD/WF-039/CFD-WF-039-005-HO.jpg,m,1.5
1,2,155,test,1,male,White,female,White,neutral,,,,intact,z,1474,False,False,,2,,,,False,346,WM-023,materials/cfd/Images/CFD/WM-023/CFD-WM-023-001-N.jpg,WF-224,materials/cfd/Images/CFD/WF-224/CFD-WF-224-099-N.jpg,m,1.5
1,2,156,test,1,male,Black,female,Black,happy,,,,rearranged,z,1527,True,False,,2,,,,False,348,BM-223,materials/cfd/Images/CFD/BM-223/CFD-BM-223-171-N.jpg,BF-047,materials/cfd/Images/CFD/BF-047/CFD-BF-047-028-HO.jpg,z,1.5
1,2,157,test,1,female,Black,female,Black,happy,,,,rearranged,m,1424,False,False,,2,,,,False,350,BF-215,materials/cfd/Images/CFD/BF-215/CFD-BF-215-177-N.jpg,BF-029,materials/cfd/Images/CFD/BF-029/CFD-BF-029-005-HO.jpg,z,1.5
1,2,158,test,1,male,White,male,White,neutral,,,,rearranged,z,1260,True,False,,2,,,,False,352,WM-206,materials/cfd/Images/CFD/WM-206/CFD-WM-206-045-N.jpg,WM-001,materials/cfd/Images/CFD/WM-001/CFD-WM-001-014-N.jpg,z,1.5
1,2,159,test,1,female,Black,female,White,neutral,,,,rearranged,z,1425,True,False,,2,,,,False,354,BF-032,materials/cfd/Images/CFD/BF-032/CFD-BF-032-038-N.jpg,WF-213,materials/cfd/Images/CFD/WF-213/CFD-WF-213-031-N.jpg,z,1.5
1,2,160,test,1,male,Asian,female,White,happy,,,,intact,m,2729,True,False,,2,,,,False,356,AM-227,materials/cfd/Images/CFD/AM-227/CFD-AM-227-184-N.jpg,WF-001,materials/cfd/Images/CFD/WF-001/CFD-WF-001-009-HO.jpg,m,1.5
1,2,161,test,1,female,Latino,female,Black,angry,,,,rearranged,,,False,True,,2,,,,False,358,LF-244,materials/cfd/Images/CFD/LF-244/CFD-LF-244-096-N.jpg,BF-001,materials/cfd/Images/CFD/BF-001/CFD-BF-001-026-A.jpg,z,1.5
1,2,162,test,1,female,Black,female,Black,neutral,,,,intact,z,2856,False,False,,2,,,,False,360,BF-234,materials/cfd/Images/CFD/BF-234/CFD-BF-234-167-N.jpg,BF-208,materials/cfd/Images/CFD/BF-208/CFD-BF-208-266-N.jpg,m,1.5
1,2,163,test,1,female,Latino,male,White,angry,,,,rearranged,m,1017,False,False,,2,,,,False,362,LF-208,materials/cfd/Images/CFD/LF-208/CFD-LF-208-127-N.jpg,WM-034,materials/cfd/Images/CFD/WM-034/CFD-WM-034-040-A.jpg,z,1.5
1,2,164,test,1,male,Asian,female,White,angry,,,,intact,m,1602,True,False,,2,,,,False,364,AM-217,materials/cfd/Images/CFD/AM-217/CFD-AM-217-085-N.jpg,WF-009,materials/cfd/Images/CFD/WF-009/CFD-WF-009-010-A.jpg,m,1.5
1,2,165,test,1,male,White,male,Black,neutral,,,,intact,z,1073,False,False,,2,,,,False,366,WM-202,materials/cfd/Images/CFD/WM-202/CFD-WM-202-107-N.jpg,BM-244,materials/cfd/Images/CFD/BM-244/CFD-BM-244-197-N.jpg,m,1.5
1,2,166,test,1,female,Black,female,White,angry,,,,rearranged,z,1715,True,False,,2,,,,False,368,BF-027,materials/cfd/Images/CFD/BF-027/CFD-BF-027-002-N.jpg,WF-015,materials/cfd/Images/CFD/WF-015/CFD-WF-015-014-A.jpg,z,1.5
1,2,167,test,1,female,Asian,male,White,happy,,,,rearranged,z,1209,True,False,,2,,,,False,370,AF-240,materials/cfd/Images/CFD/AF-240/CFD-AF-240-206-N.jpg,WM-015,materials/cfd/Images/CFD/WM-015/CFD-WM-015-005-HO.jpg,z,1.5
1,2,168,test,1,male,Asian,female,Black,angry,,,,intact,z,1157,False,False,,2,,,,False,372,AM-207,materials/cfd/Images/CFD/AM-207/CFD-AM-207-108-N.jpg,BF-037,materials/cfd/Images/CFD/BF-037/CFD-BF-037-013-A.jpg,m,1.5
1,2,169,test,1,female,Asian,male,Black,neutral,,,,rearranged,z,818,True,False,,2,,,,False,374,AF-256,materials/cfd/Images/CFD/AF-256/CFD-AF-256-160-N.jpg,BM-243,materials/cfd/Images/CFD/BM-243/CFD-BM-243-218-N.jpg,z,1.5
1,2,170,test,1,male,Asian,male,Black,neutral,,,,intact,z,1367,False,False,,2,,,,False,376,AM-230,materials/cfd/Images/CFD/AM-230/CFD-AM-230-150-N.jpg,BM-239,materials/cfd/Images/CFD/BM-239/CFD-BM-239-136-N.jpg,m,1.5
1,2,171,test,1,female,Black,female,White,angry,,,,intact,z,1664,False,False,,2,,,,False,378,BF-236,materials/cfd/Images/CFD/BF-236/CFD-BF-236-177-N.jpg,WF-011,materials/cfd/Images/CFD/WF-011/CFD-WF-011-011-A.jpg,m,1.5
1,2,172,test,1,female,Latino,male,Black,happy,,,,intact,z,1328,False,False,,2,,,,False,380,LF-222,materials/cfd/Images/CFD/LF-222/CFD-LF-222-147-N.jpg,BM-003,materials/cfd/Images/CFD/BM-003/CFD-BM-003-021-HO.jpg,m,1.5
1,2,173,test,1,female,Asian,female,White,neutral,,,,intact,m,1152,True,False,,2,,,,False,382,AF-238,materials/cfd/Images/CFD/AF-238/CFD-AF-238-185-N.jpg,WF-007,materials/cfd/Images/CFD/WF-007/CFD-WF-007-001-N.jpg,m,1.5
1,2,174,test,1,male,Latino,male,White,angry,,,,rearranged,z,1439,True,False,,2,,,,False,384,LM-238,materials/cfd/Images/CFD/LM-238/CFD-LM-238-129-N.jpg,WM-002,materials/cfd/Images/CFD/WM-002/CFD-WM-002-017-A.jpg,z,1.5
1,2,175,test,1,male,Latino,male,Black,neutral,,,,rearranged,z,1791,True,False,,2,,,,False,386,LM-228,materials/cfd/Images/CFD/LM-228/CFD-LM-228-188-N.jpg,BM-045,materials/cfd/Images/CFD/BM-045/CFD-BM-045-004-N.jpg,z,1.5
1,2,176,test,1,female,White,male,White,neutral,,,,intact,z,1351,False,False,,2,,,,False,388,WF-025,materials/cfd/Images/CFD/WF-025/CFD-WF-025-019-N.jpg,WM-218,materials/cfd/Images/CFD/WM-218/CFD-WM-218-074-N.jpg,m,1.5
1,2,177,test,1,female,Black,male,Black,angry,,,,intact,z,1493,False,False,,2,,,,False,390,BF-200,materials/cfd/Images/CFD/BF-200/CFD-BF-200-080-N.jpg,BM-009,materials/cfd/Images/CFD/BM-009/CFD-BM-009-008-A.jpg,m,1.5
1,2,178,test,1,male,Black,male,White,angry,,,,rearranged,z,1318,True,False,,2,,,,False,392,BM-208,materials/cfd/Images/CFD/BM-208/CFD-BM-208-065-N.jpg,WM-035,materials/cfd/Images/CFD/WM-035/CFD-WM-035-018-A.jpg,z,1.5
1,2,179,test,1,male,Black,male,Black,happy,,,,intact,z,1191,False,False,,2,,,,False,394,BM-012,materials/cfd/Images/CFD/BM-012/CFD-BM-012-018-N.jpg,BM-020,materials/cfd/Images/CFD/BM-020/CFD-BM-020-026-HO.jpg,m,1.5
1,2,180,test,1,male,White,female,White,happy,,,,rearranged,z,1248,True,False,,2,,,,False,396,WM-019,materials/cfd/Images/CFD/WM-019/CFD-WM-019-003-N.jpg,WF-029,materials/cfd/Images/CFD/WF-029/CFD-WF-029-021-HO.jpg,z,1.5
2,2,1,study,0,male,White,female,Black,neutral,,,,,m,648,True,False,,1,,,,False,17,WM-003,materials/cfd/Images/CFD/WM-003/CFD-WM-003-002-N.jpg,BF-205,materials/cfd/Images/CFD/BF-205/CFD-BF-205-141-N.jpg,m,1.25
2,2,2,study,0,male,Latino,female,White,neutral,,,,,z,1912,False,False,,1,,,,False,19,LM-227,materials/cfd/Images/CFD/LM-227/CFD-LM-227-103-N.jpg,WF-005,materials/cfd/Images/CFD/WF-005/CFD-WF-005-010-N.jpg,m,1.25
2,2,3,study,0,male,White,female,White,angry,,,,,z,1455,False,False,,1,,,,False,21,WM-239,materials/cfd/Images/CFD/WM-239/CFD-WM-239-128-N.jpg,WF-008,materials/cfd/Images/CFD/WF-008/CFD-WF-008-011-A.jpg,m,1.25
2,2,4,study,0,male,White,female,Black,angry,,,,,z,1929,False,False,,1,,,,False,23,WM-223,materials/cfd/Images/CFD/WM-223/CFD-WM-223-056-N.jpg,BF-012,materials/cfd/Images/CFD/BF-012/CFD-BF-012-015-A.jpg,m,1.25
2,2,5,study,0,male,Black,female,Black,angry,,,,,z,2306,False,False,,1,,,,False,25,BM-218,materials/cfd/Images/CFD/BM-218/CFD-BM-218-132-N.jpg,BF-018,materials/cfd/Images/CFD/BF-018/CFD-BF-018-019-A.jpg,m,1.25
2,2,6,study,0,male,Black,male,White,happy,,,,,m,1188,True,False,,1,,,,False,27,BM-207,materials/cfd/Images/CFD/BM-207/CFD-BM-207-024-N.jpg,WM-035,materials/cfd/Images/CFD/WM-035/CFD-WM-035-033-HO.jpg,m,1.25
2,2,7,study,0,female,Black,female,Black,angry,,,,,z,1045,True,False,,1,,,,False,29,BF-202,materials/cfd/Images/CFD/BF-202/CFD-BF-202-109-N.jpg,BF-014,materials/cfd/Images/CFD/BF-014/CFD-BF-014-013-A.jpg,z,1.25
2,2,8,study,0,male,White,male,Black,neutral,,,,,z,1922,False,False,,1,,,,False,31,WM-231,materials/cfd/Images/CFD/WM-231/CFD-WM-231-112-N.jpg,BM-232,materials/cfd/Images/CFD/BM-232/CFD-BM-232-213-N.jpg,m,1.25
2,2,9,study,0,female,White,female,Black,angry,,,,,z,1792,True,False,,1,,,,False,33,WF-220,materials/cfd/Images/CFD/WF-220/CFD-WF-220-101-N.jpg,BF-009,materials/cfd/Images/CFD/BF-009/CFD-BF-009-024-A.jpg,z,1.25
2,2,10,study,0,female,Black,male,Black,neutral,,,,,z,2076,True,False,,1,,,,False,35,BF-247,materials/cfd/Images/CFD/BF-247/CFD-BF-247-179-N.jpg,BM-200,materials/cfd/Images/CFD/BM-200/CFD-BM-200-046-N.jpg,z,1.25
2,2,11,study,0,female,White,female,White,angry,,,,,m,860,False,False,,1,,,,False,37,WF-218,materials/cfd/Images/CFD/WF-218/CFD-WF-218-087-N.jpg,WF-030,materials/cfd/Images/CFD/WF-030/CFD-WF-030-033-A.jpg,z,1.25
2,2,12,study,0,female,Black,female,Black,neutral,,,,,z,1285,True,False,,1,,,,False,39,BF-227,materials/cfd/Images/CFD/BF-227/CFD-BF-227-137-N.jpg,BF-242,materials/cfd/Images/CFD/BF-242/CFD-BF-242-154-N.jpg,z,1.25
2,2,13,study,0,female,White,female,Black,happy,,,,,z,1124,True,False,,1,,,,False,41,WF-230,materials/cfd/Images/CFD/WF-230/CFD-WF-230-158-N.jpg,BF-050,materials/cfd/Images/CFD/BF-050/CFD-BF-050-004-HO.jpg,z,1.25
2,2,14,study,0,female,White,female,Black,angry,,,,,z,1213,True,False,,1,,,,False,43,WF-237,materials/cfd/Images/CFD/WF-237/CFD-WF-237-067-N.jpg,BF-048,materials/cfd/Images/CFD/BF-048/CFD-BF-048-038-A.jpg,z,1.25
2,2,15,study,0,female,Black,female,White,neutral,,,,,z,1304,True,False,,1,,,,False,45,BF-208,materials/cfd/Images/CFD/BF-208/CFD-BF-208-266-N.jpg,WF-013,materials/cfd/Images/CFD/WF-013/CFD-WF-013-003-N.jpg,z,1.25
2,2,16,study,0,female,Asian,female,Black,happy,,,,,z,997,True,False,,1,,,,False,47,AF-222,materials/cfd/Images/CFD/AF-222/CFD-AF-222-134-N.jpg,BF-045,materials/cfd/Images/CFD/BF-045/CFD-BF-045-062-HO.jpg,z,1.25
2,2,17,study,0,female,White,female,Black,neutral,,,,,z,1097,True,False,,1,,,,False,49,WF-245,materials/cfd/Images/CFD/WF-245/CFD-WF-245-084-N.jpg,BF-204,materials/cfd/Images/CFD/BF-204/CFD-BF-204-189-N.jpg,z,1.25
2,2,18,study,0,male,Latino,male,Black,angry,,,,,m,892,True,False,,1,,,,False,51,LM-210,materials/cfd/Images/CFD/LM-210/CFD-LM-210-156-N.jpg,BM-038,materials/cfd/Images/CFD/BM-038/CFD-BM-038-038-A.jpg,m,1.25
2,2,19,study,0,male,Black,male,Black,angry,,,,,m,1311,True,False,,1,,,,False,53,BM-046,materials/cfd/Images/CFD/BM-046/CFD-BM-046-006-N.jpg,BM-011,materials/cfd/Images/CFD/BM-011/CFD-BM-011-020-A.jpg,m,1.25
2,2,20,study,0,male,Latino,male,Black,neutral,,,,,m,951,True,False,,1,,,,False,55,LM-234,materials/cfd/Images/CFD/LM-234/CFD-LM-234-176-N.jpg,BM-230,materials/cfd/Images/CFD/BM-230/CFD-BM-230-232-N.jpg,m,1.25
2,2,21,study,0,male,Latino,female,Black,neutral,,,,,z,1046,False,False,,1,,,,False,57,LM-239,materials/cfd/Images/CFD/LM-239/CFD-LM-239-075-N.jpg,BF-226,materials/cfd/Images/CFD/BF-226/CFD-BF-226-119-N.jpg,m,1.25
2,2,22,study,0,male,White,female,Black,happy,,,,,m,1844,True,False,,1,,,,False,59,WM-200,materials/cfd/Images/CFD/WM-200/CFD-WM-200-034-N.jpg,BF-020,materials/cfd/Images/CFD/BF-020/CFD-BF-020-004-HO.jpg,m,1.25
2,2,23,study,0,female,Latino,male,White,neutral,,,,,m,1771,False,False,,1,,,,False,61,LF-206,materials/cfd/Images/CFD/LF-206/CFD-LF-206-078-N.jpg,WM-210,materials/cfd/Images/CFD/WM-210/CFD-WM-210-057-N.jpg,z,1.25
2,2,24,study,0,female,Black,male,White,happy,,,,,m,1652,False,False,,1,,,,False,63,BF-007,materials/cfd/Images/CFD/BF-007/CFD-BF-007-001-N.jpg,WM-004,materials/cfd/Images/CFD/WM-004/CFD-WM-004-006-HO.jpg,z,1.25
2,2,25,study,0,female,Black,female,Black,happy,,,,,z,1315,True,False,,1,,,,False,65,BF-214,materials/cfd/Images/CFD/BF-214/CFD-BF-214-308-N.jpg,BF-021,materials/cfd/Images/CFD/BF-021/CFD-BF-021-014-HO.jpg,z,1.25
2,2,26,study,0,female,Asian,male,Black,neutral,,,,,m,1465,False,False,,1,,,,False,67,AF-247,materials/cfd/Images/CFD/AF-247/CFD-AF-247-278-N.jpg,BM-213,materials/cfd/Images/CFD/BM-213/CFD-BM-213-134-N.jpg,z,1.25
2,2,27,study,0,female,Asian,male,White,angry,,,,,m,995,False,False,,1,,,,False,69,AF-201,materials/cfd/Images/CFD/AF-201/CFD-AF-201-060-N.jpg,WM-033,materials/cfd/Images/CFD/WM-033/CFD-WM-033-014-A.jpg,z,1.25
2,2,28,study,0,female,White,female,Black,neutral,,,,,z,1358,True,False,,1,,,,False,71,WF-252,materials/cfd/Images/CFD/WF-252/CFD-WF-252-159-N.jpg,BF-231,materials/cfd/Images/CFD/BF-231/CFD-BF-231-202-N.jpg,z,1.25
2,2,29,study,0,male,Black,male,White,neutral,,,,,m,1286,True,False,,1,,,,False,73,BM-026,materials/cfd/Images/CFD/BM-026/CFD-BM-026-002-N.jpg,WM-041,materials/cfd/Images/CFD/WM-041/CFD-WM-041-021-N.jpg,m,1.25
2,2,30,study,0,female,Asian,female,White,angry,,,,,z,1101,True,False,,1,,,,False,75,AF-221,materials/cfd/Images/CFD/AF-221/CFD-AF-221-147-N.jpg,WF-003,materials/cfd/Images/CFD/WF-003/CFD-WF-003-014-A.jpg,z,1.25
2,2,31,study,1,female,Latino,male,Black,happy,,,,,z,1110,True,False,,1,,,,False,78,LF-255,materials/cfd/Images/CFD/LF-255/CFD-LF-255-088-N.jpg,BM-031,materials/cfd/Images/CFD/BM-031/CFD-BM-031-004-HO.jpg,z,1.25
2,2,32,study,1,female,Black,female,Black,neutral,,,,,z,1145,True,False,,1,,,,False,80,BF-238,materials/cfd/Images/CFD/BF-238/CFD-BF-238-190-N.jpg,BF-254,materials/cfd/Images/CFD/BF-254/CFD-BF-254-201-N.jpg,z,1.25
2,2,33,study,1,male,White,male,White,happy,,,,,m,1348,True,False,,1,,,,False,82,WM-201,materials/cfd/Images/CFD/WM-201/CFD-WM-201-063-N.jpg,WM-040,materials/cfd/Images/CFD/WM-040/CFD-WM-040-023-HO.jpg,m,1.25
2,2,34,study,1,male,Asian,male,White,happy,,,,,m,1334,True,False,,1,,,,False,84,AM-225,materials/cfd/Images/CFD/AM-225/CFD-AM-225-102-N.jpg,WM-002,materials/cfd/Images/CFD/WM-002/CFD-WM-002-007-HO.jpg,m,1.25
2,2,35,study,1,female,Black,male,White,neutral,,,,,m,1307,False,False,,1,,,,False,86,BF-249,materials/cfd/Images/CFD/BF-249/CFD-BF-249-091-N.jpg,WM-228,materials/cfd/Images/CFD/WM-228/CFD-WM-228-065-N.jpg,z,1.25
2,2,36,study,1,female,Black,male,Black,happy,,,,,z,1266,True,False,,1,,,,False,88,BF-043,materials/cfd/Images/CFD/BF-043/CFD-BF-043-003-N.jpg,BM-021,materials/cfd/Images/CFD/BM-021/CFD-BM-021-022-HO.jpg,z,1.25
2,2,37,study,1,male,White,male,White,neutral,,,,,m,927,True,False,,1,,,,False,90,WM-253,materials/cfd/Images/CFD/WM-253/CFD-WM-253-119-N.jpg,WM-213,materials/cfd/Images/CFD/WM-213/CFD-WM-213-076-N.jpg,m,1.25
2,2,38,study,1,male,Black,female,Black,angry,,,,,z,1340,False,False,,1,,,,False,92,BM-043,materials/cfd/Images/CFD/BM-043/CFD-BM-043-071-N.jpg,BF-025,materials/cfd/Images/CFD/BF-025/CFD-BF-025-011-A.jpg,m,1.25
2,2,39,study,1,male,Black,male,White,happy,,,,,m,1410,True,False,,1,,,,False,94,BM-209,materials/cfd/Images/CFD/BM-209/CFD-BM-209-088-N.jpg,WM-017,materials/cfd/Images/CFD/WM-017/CFD-WM-017-005-HO.jpg,m,1.25
2,2,40,study,1,female,Asian,male,Black,angry,,,,,z,1682,True,False,,1,,,,False,96,AF-224,materials/cfd/Images/CFD/AF-224/CFD-AF-224-026-N.jpg,BM-003,materials/cfd/Images/CFD/BM-003/CFD-BM-003-030-A.jpg,z,1.25
2,2,41,study,1,female,Black,male,Black,happy,,,,,m,1190,False,False,,1,,,,False,98,BF-253,materials/cfd/Images/CFD/BF-253/CFD-BF-253-202-N.jpg,BM-032,materials/cfd/Images/CFD/BM-032/CFD-BM-032-007-HO.jpg,z,1.25
2,2,42,study,1,female,Black,male,Black,happy,,,,,z,1487,True,False,,1,,,,False,100,BF-203,materials/cfd/Images/CFD/BF-203/CFD-BF-203-184-N.jpg,BM-033,materials/cfd/Images/CFD/BM-033/CFD-BM-033-029-HO.jpg,z,1.25
2,2,43,study,1,male,Asian,male,Black,neutral,,,,,m,1112,True,False,,1,,,,False,102,AM-208,materials/cfd/Images/CFD/AM-208/CFD-AM-208-143-N.jpg,BM-022,materials/cfd/Images/CFD/BM-022/CFD-BM-022-022-N.jpg,m,1.25
2,2,44,study,1,male,Asian,female,White,happy,,,,,z,1059,False,False,,1,,,,False,104,AM-207,materials/cfd/Images/CFD/AM-207/CFD-AM-207-108-N.jpg,WF-017,materials/cfd/Images/CFD/WF-017/CFD-WF-017-015-HO.jpg,m,1.25
2,2,45,study,1,female,Latino,male,Black,angry,,,,,m,1562,False,False,,1,,,,False,106,LF-231,materials/cfd/Images/CFD/LF-231/CFD-LF-231-260-N.jpg,BM-034,materials/cfd/Images/CFD/BM-034/CFD-BM-034-040-A.jpg,z,1.25
2,2,46,study,1,female,White,female,White,happy,,,,,m,1275,False,False,,1,,,,False,108,WF-224,materials/cfd/Images/CFD/WF-224/CFD-WF-224-099-N.jpg,WF-009,materials/cfd/Images/CFD/WF-009/CFD-WF-009-004-HO.jpg,z,1.25
2,2,47,study,1,female,White,male,White,neutral,,,,,m,1143,False,False,,1,,,,False,110,WF-031,materials/cfd/Images/CFD/WF-031/CFD-WF-031-027-N.jpg,WM-205,materials/cfd/Images/CFD/WM-205/CFD-WM-205-007-N.jpg,z,1.25
2,2,48,study,1,female,Asian,male,Black,angry,,,,,m,852,False,False,,1,,,,False,112,AF-228,materials/cfd/Images/CFD/AF-228/CFD-AF-228-173-N.jpg,BM-040,materials/cfd/Images/CFD/BM-040/CFD-BM-040-013-A.jpg,z,1.25
2,2,49,study,1,male,Black,male,White,angry,,,,,z,1205,False,False,,1,,,,False,114,BM-216,materials/cfd/Images/CFD/BM-216/CFD-BM-216-088-N.jpg,WM-009,materials/cfd/Images/CFD/WM-009/CFD-WM-009-009-A.jpg,m,1.25
2,2,50,study,1,male,Black,female,White,happy,,,,,z,1128,False,False,,1,,,,False,116,BM-044,materials/cfd/Images/CFD/BM-044/CFD-BM-044-001-N.jpg,WF-033,materials/cfd/Images/CFD/WF-033/CFD-WF-033-005-HO.jpg,m,1.25
2,2,51,study,1,female,White,male,Black,angry,,,,,m,941,False,False,,1,,,,False,118,WF-028,materials/cfd/Images/CFD/WF-028/CFD-WF-028-023-N.jpg,BM-030,materials/cfd/Images/CFD/BM-030/CFD-BM-030-041-A.jpg,z,1.25
2,2,52,study,1,female,White,female,White,happy,,,,,z,1195,True,False,,1,,,,False,120,WF-216,materials/cfd/Images/CFD/WF-216/CFD-WF-216-079-N.jpg,WF-026,materials/cfd/Images/CFD/WF-026/CFD-WF-026-017-HO.jpg,z,1.25
2,2,53,study,1,male,Latino,male,Black,angry,,,,,m,791,True,False,,1,,,,False,122,LM-222,materials/cfd/Images/CFD/LM-222/CFD-LM-222-239-N.jpg,BM-005,materials/cfd/Images/CFD/BM-005/CFD-BM-005-010-A.jpg,m,1.25
2,2,54,study,1,male,Black,male,Black,angry,,,,,m,1048,True,False,,1,,,,False,124,BM-004,materials/cfd/Images/CFD/BM-004/CFD-BM-004-002-N.jpg,BM-037,materials/cfd/Images/CFD/BM-037/CFD-BM-037-041-A.jpg,m,1.25
2,2,55,study,1,male,White,female,White,neutral,,,,,z,1552,False,False,,1,,,,False,126,WM-023,materials/cfd/Images/CFD/WM-023/CFD-WM-023-001-N.jpg,WF-227,materials/cfd/Images/CFD/WF-227/CFD-WF-227-002-N.jpg,m,1.25
2,2,56,study,1,male,White,male,Black,happy,,,,,m,978,True,False,,1,,,,False,128,WM-024,materials/cfd/Images/CFD/WM-024/CFD-WM-024-015-N.jpg,BM-036,materials/cfd/Images/CFD/BM-036/CFD-BM-036-004-HO.jpg,m,1.25
2,2,57,study,1,male,White,female,White,neutral,,,,,z,902,False,False,,1,,,,False,130,WM-032,materials/cfd/Images/CFD/WM-032/CFD-WM-032-001-N.jpg,WF-006,materials/cfd/Images/CFD/WF-006/CFD-WF-006-002-N.jpg,m,1.25
2,2,58,study,1,male,Black,female,Black,angry,,,,,m,1004,True,False,,1,,,,False,132,BM-224,materials/cfd/Images/CFD/BM-224/CFD-BM-224-073-N.jpg,BF-024,materials/cfd/Images/CFD/BF-024/CFD-BF-024-024-A.jpg,m,1.25
2,2,59,study,1,male,White,female,Black,happy,,,,,z,1032,False,False,,1,,,,False,134,WM-222,materials/cfd/Images/CFD/WM-222/CFD-WM-222-057-N.jpg,BF-049,materials/cfd/Images/CFD/BF-049/CFD-BF-049-034-HO.jpg,m,1.25
2,2,60,study,1,male,Black,female,Black,happy,,,,,z,1376,False,False,,1,,,,False,136,BM-201,materials/cfd/Images/CFD/BM-201/CFD-BM-201-077-N.jpg,BF-005,materials/cfd/Images/CFD/BF-005/CFD-BF-005-005-HO.jpg,m,1.25
2,2,61,study,0,female,White,female,Black,angry,,,,,z,1186,True,False,,1,,,,False,139,WF-237,materials/cfd/Images/CFD/WF-237/CFD-WF-237-067-N.jpg,BF-048,materials/cfd/Images/CFD/BF-048/CFD-BF-048-038-A.jpg,z,1.25
2,2,62,study,0,male,Black,female,Black,happy,,,,,m,1567,True,False,,1,,,,False,141,BM-201,materials/cfd/Images/CFD/BM-201/CFD-BM-201-077-N.jpg,BF-005,materials/cfd/Images/CFD/BF-005/CFD-BF-005-005-HO.jpg,m,1.25
2,2,63,study,0,female,Asian,male,Black,angry,,,,,z,973,True,False,,1,,,,False,143,AF-228,materials/cfd/Images/CFD/AF-228/CFD-AF-228-173-N.jpg,BM-040,materials/cfd/Images/CFD/BM-040/CFD-BM-040-013-A.jpg,z,1.25
2,2,64,study,0,male,Latino,female,Black,neutral,,,,,m,1118,True,False,,1,,,,False,145,LM-239,materials/cfd/Images/CFD/LM-239/CFD-LM-239-075-N.jpg,BF-226,materials/cfd/Images/CFD/BF-226/CFD-BF-226-119-N.jpg,m,1.25
2,2,65,study,0,female,Black,female,Black,happy,,,,,z,941,True,False,,1,,,,False,147,BF-214,materials/cfd/Images/CFD/BF-214/CFD-BF-214-308-N.jpg,BF-021,materials/cfd/Images/CFD/BF-021/CFD-BF-021-014-HO.jpg,z,1.25
2,2,66,study,0,male,Asian,female,White,happy,,,,,m,1226,True,False,,1,,,,False,149,AM-207,materials/cfd/Images/CFD/AM-207/CFD-AM-207-108-N.jpg,WF-017,materials/cfd/Images/CFD/WF-017/CFD-WF-017-015-HO.jpg,m,1.25
2,2,67,study,0,male,Black,male,White,happy,,,,,m,1008,True,False,,1,,,,False,151,BM-207,materials/cfd/Images/CFD/BM-207/CFD-BM-207-024-N.jpg,WM-035,materials/cfd/Images/CFD/WM-035/CFD-WM-035-033-HO.jpg,m,1.25
2,2,68,study,0,male,White,female,White,neutral,,,,,m,1556,True,False,,1,,,,False,153,WM-032,materials/cfd/Images/CFD/WM-032/CFD-WM-032-001-N.jpg,WF-006,materials/cfd/Images/CFD/WF-006/CFD-WF-006-002-N.jpg,m,1.25
2,2,69,study,0,male,White,male,Black,happy,,,,,m,854,True,False,,1,,,,False,155,WM-024,materials/cfd/Images/CFD/WM-024/CFD-WM-024-015-N.jpg,BM-036,materials/cfd/Images/CFD/BM-036/CFD-BM-036-004-HO.jpg,m,1.25
2,2,70,study,0,female,Latino,male,Black,happy,,,,,z,817,True,False,,1,,,,False,157,LF-255,materials/cfd/Images/CFD/LF-255/CFD-LF-255-088-N.jpg,BM-031,materials/cfd/Images/CFD/BM-031/CFD-BM-031-004-HO.jpg,z,1.25
2,2,71,study,0,female,Asian,male,Black,angry,,,,,z,737,True,False,,1,,,,False,159,AF-224,materials/cfd/Images/CFD/AF-224/CFD-AF-224-026-N.jpg,BM-003,materials/cfd/Images/CFD/BM-003/CFD-BM-003-030-A.jpg,z,1.25
2,2,72,study,0,female,Asian,male,White,angry,,,,,z,1023,True,False,,1,,,,False,161,AF-201,materials/cfd/Images/CFD/AF-201/CFD-AF-201-060-N.jpg,WM-033,materials/cfd/Images/CFD/WM-033/CFD-WM-033-014-A.jpg,z,1.25
2,2,73,study,0,female,Black,male,Black,happy,,,,,z,835,True,False,,1,,,,False,163,BF-203,materials/cfd/Images/CFD/BF-203/CFD-BF-203-184-N.jpg,BM-033,materials/cfd/Images/CFD/BM-033/CFD-BM-033-029-HO.jpg,z,1.25
2,2,74,study,0,male,White,male,Black,neutral,,,,,z,885,False,False,,1,,,,False,165,WM-231,materials/cfd/Images/CFD/WM-231/CFD-WM-231-112-N.jpg,BM-232,materials/cfd/Images/CFD/BM-232/CFD-BM-232-213-N.jpg,m,1.25
2,2,75,study,0,female,Latino,male,White,neutral,,,,,z,1216,True,False,,1,,,,False,167,LF-206,materials/cfd/Images/CFD/LF-206/CFD-LF-206-078-N.jpg,WM-210,materials/cfd/Images/CFD/WM-210/CFD-WM-210-057-N.jpg,z,1.25
2,2,76,study,0,female,White,female,Black,happy,,,,,z,933,True,False,,1,,,,False,169,WF-230,materials/cfd/Images/CFD/WF-230/CFD-WF-230-158-N.jpg,BF-050,materials/cfd/Images/CFD/BF-050/CFD-BF-050-004-HO.jpg,z,1.25
2,2,77,study,0,male,Latino,male,Black,angry,,,,,m,1202,True,False,,1,,,,False,171,LM-222,materials/cfd/Images/CFD/LM-222/CFD-LM-222-239-N.jpg,BM-005,materials/cfd/Images/CFD/BM-005/CFD-BM-005-010-A.jpg,m,1.25
2,2,78,study,0,female,White,female,White,happy,,,,,z,1051,True,False,,1,,,,False,173,WF-216,materials/cfd/Images/CFD/WF-216/CFD-WF-216-079-N.jpg,WF-026,materials/cfd/Images/CFD/WF-026/CFD-WF-026-017-HO.jpg,z,1.25
2,2,79,study,0,female,White,female,White,happy,,,,,m,1139,False,False,,1,,,,False,175,WF-224,materials/cfd/Images/CFD/WF-224/CFD-WF-224-099-N.jpg,WF-009,materials/cfd/Images/CFD/WF-009/CFD-WF-009-004-HO.jpg,z,1.25
2,2,80,study,0,male,Latino,male,Black,angry,,,,,m,837,True,False,,1,,,,False,177,LM-210,materials/cfd/Images/CFD/LM-210/CFD-LM-210-156-N.jpg,BM-038,materials/cfd/Images/CFD/BM-038/CFD-BM-038-038-A.jpg,m,1.25
2,2,81,study,0,male,Black,female,Black,angry,,,,,m,771,True,False,,1,,,,False,179,BM-043,materials/cfd/Images/CFD/BM-043/CFD-BM-043-071-N.jpg,BF-025,materials/cfd/Images/CFD/BF-025/CFD-BF-025-011-A.jpg,m,1.25
2,2,82,study,0,male,Black,female,White,happy,,,,,m,779,True,False,,1,,,,False,181,BM-044,materials/cfd/Images/CFD/BM-044/CFD-BM-044-001-N.jpg,WF-033,materials/cfd/Images/CFD/WF-033/CFD-WF-033-005-HO.jpg,m,1.25
2,2,83,study,0,male,White,male,White,happy,,,,,m,906,True,False,,1,,,,False,183,WM-201,materials/cfd/Images/CFD/WM-201/CFD-WM-201-063-N.jpg,WM-040,materials/cfd/Images/CFD/WM-040/CFD-WM-040-023-HO.jpg,m,1.25
2,2,84,study,0,male,Black,female,Black,angry,,,,,m,830,True,False,,1,,,,False,185,BM-218,materials/cfd/Images/CFD/BM-218/CFD-BM-218-132-N.jpg,BF-018,materials/cfd/Images/CFD/BF-018/CFD-BF-018-019-A.jpg,m,1.25
2,2,85,study,0,male,Latino,female,White,neutral,,,,,m,1603,True,False,,1,,,,False,187,LM-227,materials/cfd/Images/CFD/LM-227/CFD-LM-227-103-N.jpg,WF-005,materials/cfd/Images/CFD/WF-005/CFD-WF-005-010-N.jpg,m,1.25
2,2,86,study,0,female,Asian,female,White,angry,,,,,z,965,True,False,,1,,,,False,189,AF-221,materials/cfd/Images/CFD/AF-221/CFD-AF-221-147-N.jpg,WF-003,materials/cfd/Images/CFD/WF-003/CFD-WF-003-014-A.jpg,z,1.25
2,2,87,study,0,male,Black,male,White,neutral,,,,,m,1256,True,False,,1,,,,False,191,BM-026,materials/cfd/Images/CFD/BM-026/CFD-BM-026-002-N.jpg,WM-041,materials/cfd/Images/CFD/WM-041/CFD-WM-041-021-N.jpg,m,1.25
2,2,88,study,0,female,Asian,male,Black,neutral,,,,,z,990,True,False,,1,,,,False,193,AF-247,materials/cfd/Images/CFD/AF-247/CFD-AF-247-278-N.jpg,BM-213,materials/cfd/Images/CFD/BM-213/CFD-BM-213-134-N.jpg,z,1.25
2,2,89,study,0,male,Black,male,Black,angry,,,,,m,787,True,False,,1,,,,False,195,BM-046,materials/cfd/Images/CFD/BM-046/CFD-BM-046-006-N.jpg,BM-011,materials/cfd/Images/CFD/BM-011/CFD-BM-011-020-A.jpg,m,1.25
2,2,90,study,0,male,White,female,Black,happy,,,,,m,935,True,False,,1,,,,False,197,WM-200,materials/cfd/Images/CFD/WM-200/CFD-WM-200-034-N.jpg,BF-020,materials/cfd/Images/CFD/BF-020/CFD-BF-020-004-HO.jpg,m,1.25
2,2,91,study,1,male,Black,male,White,happy,,,,,m,830,True,False,,1,,,,False,200,BM-209,materials/cfd/Images/CFD/BM-209/CFD-BM-209-088-N.jpg,WM-017,materials/cfd/Images/CFD/WM-017/CFD-WM-017-005-HO.jpg,m,1.25
2,2,92,study,1,female,White,male,White,neutral,,,,,z,985,True,False,,1,,,,False,202,WF-031,materials/cfd/Images/CFD/WF-031/CFD-WF-031-027-N.jpg,WM-205,materials/cfd/Images/CFD/WM-205/CFD-WM-205-007-N.jpg,z,1.25
2,2,93,study,1,male,White,male,White,neutral,,,,,m,724,True,False,,1,,,,False,204,WM-253,materials/cfd/Images/CFD/WM-253/CFD-WM-253-119-N.jpg,WM-213,materials/cfd/Images/CFD/WM-213/CFD-WM-213-076-N.jpg,m,1.25
2,2,94,study,1,male,Latino,male,Black,neutral,,,,,m,769,True,False,,1,,,,False,206,LM-234,materials/cfd/Images/CFD/LM-234/CFD-LM-234-176-N.jpg,BM-230,materials/cfd/Images/CFD/BM-230/CFD-BM-230-232-N.jpg,m,1.25
2,2,95,study,1,female,White,female,Black,neutral,,,,,z,845,True,False,,1,,,,False,208,WF-252,materials/cfd/Images/CFD/WF-252/CFD-WF-252-159-N.jpg,BF-231,materials/cfd/Images/CFD/BF-231/CFD-BF-231-202-N.jpg,z,1.25
2,2,96,study,1,male,Asian,male,White,happy,,,,,m,805,True,False,,1,,,,False,210,AM-225,materials/cfd/Images/CFD/AM-225/CFD-AM-225-102-N.jpg,WM-002,materials/cfd/Images/CFD/WM-002/CFD-WM-002-007-HO.jpg,m,1.25
2,2,97,study,1,female,Black,female,Black,neutral,,,,,z,1060,True,False,,1,,,,False,212,BF-227,materials/cfd/Images/CFD/BF-227/CFD-BF-227-137-N.jpg,BF-242,materials/cfd/Images/CFD/BF-242/CFD-BF-242-154-N.jpg,z,1.25
2,2,98,study,1,female,Black,female,Black,neutral,,,,,z,1565,True,False,,1,,,,False,214,BF-238,materials/cfd/Images/CFD/BF-238/CFD-BF-238-190-N.jpg,BF-254,materials/cfd/Images/CFD/BF-254/CFD-BF-254-201-N.jpg,z,1.25
2,2,99,study,1,female,Black,male,Black,happy,,,,,m,1361,False,False,,1,,,,False,216,BF-253,materials/cfd/Images/CFD/BF-253/CFD-BF-253-202-N.jpg,BM-032,materials/cfd/Images/CFD/BM-032/CFD-BM-032-007-HO.jpg,z,1.25
2,2,100,study,1,female,White,male,Black,angry,,,,,z,832,True,False,,1,,,,False,218,WF-028,materials/cfd/Images/CFD/WF-028/CFD-WF-028-023-N.jpg,BM-030,materials/cfd/Images/CFD/BM-030/CFD-BM-030-041-A.jpg,z,1.25
2,2,101,study,1,female,Black,male,White,neutral,,,,,m,1123,False,False,,1,,,,False,220,BF-249,materials/cfd/Images/CFD/BF-249/CFD-BF-249-091-N.jpg,WM-228,materials/cfd/Images/CFD/WM-228/CFD-WM-228-065-N.jpg,z,1.25
2,2,102,study,1,female,Black,male,Black,happy,,,,,z,872,True,False,,1,,,,False,222,BF-043,materials/cfd/Images/CFD/BF-043/CFD-BF-043-003-N.jpg,BM-021,materials/cfd/Images/CFD/BM-021/CFD-BM-021-022-HO.jpg,z,1.25
2,2,103,study,1,female,White,female,Black,angry,,,,,z,1026,True,False,,1,,,,False,224,WF-220,materials/cfd/Images/CFD/WF-220/CFD-WF-220-101-N.jpg,BF-009,materials/cfd/Images/CFD/BF-009/CFD-BF-009-024-A.jpg,z,1.25
2,2,104,study,1,male,White,female,Black,neutral,,,,,z,842,False,False,,1,,,,False,226,WM-003,materials/cfd/Images/CFD/WM-003/CFD-WM-003-002-N.jpg,BF-205,materials/cfd/Images/CFD/BF-205/CFD-BF-205-141-N.jpg,m,1.25
2,2,105,study,1,female,Black,female,White,neutral,,,,,z,1400,True,False,,1,,,,False,228,BF-208,materials/cfd/Images/CFD/BF-208/CFD-BF-208-266-N.jpg,WF-013,materials/cfd/Images/CFD/WF-013/CFD-WF-013-003-N.jpg,z,1.25
2,2,106,study,1,female,Black,female,Black,angry,,,,,z,831,True,False,,1,,,,False,230,BF-202,materials/cfd/Images/CFD/BF-202/CFD-BF-202-109-N.jpg,BF-014,materials/cfd/Images/CFD/BF-014/CFD-BF-014-013-A.jpg,z,1.25
2,2,107,study,1,male,White,female,White,neutral,,,,,m,1083,True,False,,1,,,,False,232,WM-023,materials/cfd/Images/CFD/WM-023/CFD-WM-023-001-N.jpg,WF-227,materials/cfd/Images/CFD/WF-227/CFD-WF-227-002-N.jpg,m,1.25
2,2,108,study,1,male,Black,male,Black,angry,,,,,m,602,True,False,,1,,,,False,234,BM-004,materials/cfd/Images/CFD/BM-004/CFD-BM-004-002-N.jpg,BM-037,materials/cfd/Images/CFD/BM-037/CFD-BM-037-041-A.jpg,m,1.25
2,2,109,study,1,female,Black,male,Black,neutral,,,,,z,1063,True,False,,1,,,,False,236,BF-247,materials/cfd/Images/CFD/BF-247/CFD-BF-247-179-N.jpg,BM-200,materials/cfd/Images/CFD/BM-200/CFD-BM-200-046-N.jpg,z,1.25
2,2,110,study,1,male,White,female,Black,happy,,,,,m,1005,True,False,,1,,,,False,238,WM-222,materials/cfd/Images/CFD/WM-222/CFD-WM-222-057-N.jpg,BF-049,materials/cfd/Images/CFD/BF-049/CFD-BF-049-034-HO.jpg,m,1.25
2,2,111,study,1,male,Asian,male,Black,neutral,,,,,m,1046,True,False,,1,,,,False,240,AM-208,materials/cfd/Images/CFD/AM-208/CFD-AM-208-143-N.jpg,BM-022,materials/cfd/Images/CFD/BM-022/CFD-BM-022-022-N.jpg,m,1.25
2,2,112,study,1,male,Black,male,White,angry,,,,,m,703,True,False,,1,,,,False,242,BM-216,materials/cfd/Images/CFD/BM-216/CFD-BM-216-088-N.jpg,WM-009,materials/cfd/Images/CFD/WM-009/CFD-WM-009-009-A.jpg,m,1.25
2,2,113,study,1,male,White,female,Black,angry,,,,,m,689,True,False,,1,,,,False,244,WM-223,materials/cfd/Images/CFD/WM-223/CFD-WM-223-056-N.jpg,BF-012,materials/cfd/Images/CFD/BF-012/CFD-BF-012-015-A.jpg,m,1.25
2,2,114,study,1,female,White,female,White,angry,,,,,z,1660,True,False,,1,,,,False,246,WF-218,materials/cfd/Images/CFD/WF-218/CFD-WF-218-087-N.jpg,WF-030,materials/cfd/Images/CFD/WF-030/CFD-WF-030-033-A.jpg,z,1.25
2,2,115,study,1,male,Black,female,Black,angry,,,,,m,1054,True,False,,1,,,,False,248,BM-224,materials/cfd/Images/CFD/BM-224/CFD-BM-224-073-N.jpg,BF-024,materials/cfd/Images/CFD/BF-024/CFD-BF-024-024-A.jpg,m,1.25
2,2,116,study,1,male,White,female,White,angry,,,,,m,866,True,False,,1,,,,False,250,WM-239,materials/cfd/Images/CFD/WM-239/CFD-WM-239-128-N.jpg,WF-008,materials/cfd/Images/CFD/WF-008/CFD-WF-008-011-A.jpg,m,1.25
2,2,117,study,1,female,White,female,Black,neutral,,,,,z,1061,True,False,,1,,,,False,252,WF-245,materials/cfd/Images/CFD/WF-245/CFD-WF-245-084-N.jpg,BF-204,materials/cfd/Images/CFD/BF-204/CFD-BF-204-189-N.jpg,z,1.25
2,2,118,study,1,female,Latino,male,Black,angry,,,,,z,794,True,False,,1,,,,False,254,LF-231,materials/cfd/Images/CFD/LF-231/CFD-LF-231-260-N.jpg,BM-034,materials/cfd/Images/CFD/BM-034/CFD-BM-034-040-A.jpg,z,1.25
2,2,119,study,1,female,Black,male,White,happy,,,,,z,959,True,False,,1,,,,False,256,BF-007,materials/cfd/Images/CFD/BF-007/CFD-BF-007-001-N.jpg,WM-004,materials/cfd/Images/CFD/WM-004/CFD-WM-004-006-HO.jpg,z,1.25
2,2,120,study,1,female,Asian,female,Black,happy,,,,,z,890,True,False,,1,,,,False,258,AF-222,materials/cfd/Images/CFD/AF-222/CFD-AF-222-134-N.jpg,BF-045,materials/cfd/Images/CFD/BF-045/CFD-BF-045-062-HO.jpg,z,1.25
2,2,121,test,0,male,Black,female,Black,angry,,,,intact,z,935,True,False,,1,,,,False,275,BM-224,materials/cfd/Images/CFD/BM-224/CFD-BM-224-073-N.jpg,BF-024,materials/cfd/Images/CFD/BF-024/CFD-BF-024-024-A.jpg,z,1.25
2,2,122,test,0,female,Latino,male,Black,angry,,,,intact,z,541,True,False,,1,,,,False,277,LF-231,materials/cfd/Images/CFD/LF-231/CFD-LF-231-260-N.jpg,BM-034,materials/cfd/Images/CFD/BM-034/CFD-BM-034-040-A.jpg,z,1.25
2,2,123,test,0,female,White,female,White,neutral,,,,rearranged,m,882,True,False,,1,,,,False,279,WF-252,materials/cfd/Images/CFD/WF-252/CFD-WF-252-159-N.jpg,WF-013,materials/cfd/Images/CFD/WF-013/CFD-WF-013-003-N.jpg,m,1.25
2,2,124,test,0,female,White,female,Black,happy,,,,rearranged,m,858,True,False,,1,,,,False,281,WF-216,materials/cfd/Images/CFD/WF-216/CFD-WF-216-079-N.jpg,BF-045,materials/cfd/Images/CFD/BF-045/CFD-BF-045-062-HO.jpg,m,1.25
2,2,125,test,0,male,White,female,White,neutral,,,,intact,z,543,True,False,,1,,,,False,283,WM-032,materials/cfd/Images/CFD/WM-032/CFD-WM-032-001-N.jpg,WF-006,materials/cfd/Images/CFD/WF-006/CFD-WF-006-002-N.jpg,z,1.25
2,2,126,test,0,female,White,female,Black,happy,,,,intact,m,470,False,False,,1,,,,False,285,WF-230,materials/cfd/Images/CFD/WF-230/CFD-WF-230-158-N.jpg,BF-050,materials/cfd/Images/CFD/BF-050/CFD-BF-050-004-HO.jpg,z,1.25
2,2,127,test,0,male,White,male,White,happy,,,,intact,z,452,True,False,,1,,,,False,287,WM-201,materials/cfd/Images/CFD/WM-201/CFD-WM-201-063-N.jpg,WM-040,materials/cfd/Images/CFD/WM-040/CFD-WM-040-023-HO.jpg,z,1.25
2,2,128,test,0,male,White,female,Black,angry,,,,rearranged,z,364,False,False,,1,,,,False,289,WM-239,materials/cfd/Images/CFD/WM-239/CFD-WM-239-128-N.jpg,BF-018,materials/cfd/Images/CFD/BF-018/CFD-BF-018-019-A.jpg,m,1.25
2,2,129,test,0,female,Asian,female,White,angry,,,,rearranged,z,583,False,False,,1,,,,False,291,AF-221,materials/cfd/Images/CFD/AF-221/CFD-AF-221-147-N.jpg,WF-030,materials/cfd/Images/CFD/WF-030/CFD-WF-030-033-A.jpg,m,1.25
2,2,130,test,0,female,Black,male,Black,happy,,,,rearranged,m,619,True,False,,1,,,,False,293,BF-043,materials/cfd/Images/CFD/BF-043/CFD-BF-043-003-N.jpg,BM-032,materials/cfd/Images/CFD/BM-032/CFD-BM-032-007-HO.jpg,m,1.25
2,2,131,test,0,female,Black,male,Black,neutral,,,,rearranged,z,684,False,False,,1,,,,False,295,BF-249,materials/cfd/Images/CFD/BF-249/CFD-BF-249-091-N.jpg,BM-200,materials/cfd/Images/CFD/BM-200/CFD-BM-200-046-N.jpg,m,1.25
2,2,132,test,0,female,Asian,male,Black,angry,,,,rearranged,z,803,False,False,,1,,,,False,297,AF-228,materials/cfd/Images/CFD/AF-228/CFD-AF-228-173-N.jpg,BM-030,materials/cfd/Images/CFD/BM-030/CFD-BM-030-041-A.jpg,m,1.25
2,2,133,test,0,female,White,female,Black,angry,,,,intact,z,367,True,False,,1,,,,False,299,WF-220,materials/cfd/Images/CFD/WF-220/CFD-WF-220-101-N.jpg,BF-009,materials/cfd/Images/CFD/BF-009/CFD-BF-009-024-A.jpg,z,1.25
2,2,134,test,0,male,Black,male,Black,angry,,,,rearranged,z,711,False,False,,1,,,,False,301,BM-216,materials/cfd/Images/CFD/BM-216/CFD-BM-216-088-N.jpg,BM-005,materials/cfd/Images/CFD/BM-005/CFD-BM-005-010-A.jpg,m,1.25
2,2,135,test,0,female,Black,female,White,happy,,,,rearranged,m,819,True,False,,1,,,,False,303,BF-214,materials/cfd/Images/CFD/BF-214/CFD-BF-214-308-N.jpg,WF-026,materials/cfd/Images/CFD/WF-026/CFD-WF-026-017-HO.jpg,m,1.25
2,2,136,test,0,male,White,female,White,neutral,,,,intact,z,632,True,False,,1,,,,False,305,WM-023,materials/cfd/Images/CFD/WM-023/CFD-WM-023-001-N.jpg,WF-227,materials/cfd/Images/CFD/WF-227/CFD-WF-227-002-N.jpg,z,1.25
2,2,137,test,0,female,Black,female,Black,angry,,,,intact,z,514,True,False,,1,,,,False,307,BF-202,materials/cfd/Images/CFD/BF-202/CFD-BF-202-109-N.jpg,BF-014,materials/cfd/Images/CFD/BF-014/CFD-BF-014-013-A.jpg,z,1.25
2,2,138,test,0,female,White,female,White,angry,,,,rearranged,m,1383,True,False,,1,,,,False,309,WF-218,materials/cfd/Images/CFD/WF-218/CFD-WF-218-087-N.jpg,WF-003,materials/cfd/Images/CFD/WF-003/CFD-WF-003-014-A.jpg,m,1.25
2,2,139,test,0,male,White,male,Black,neutral,,,,intact,m,895,False,False,,1,,,,False,311,WM-231,materials/cfd/Images/CFD/WM-231/CFD-WM-231-112-N.jpg,BM-232,materials/cfd/Images/CFD/BM-232/CFD-BM-232-213-N.jpg,z,1.25
2,2,140,test,0,male,Latino,male,Black,angry,,,,intact,z,1140,True,False,,1,,,,False,313,LM-210,materials/cfd/Images/CFD/LM-210/CFD-LM-210-156-N.jpg,BM-038,materials/cfd/Images/CFD/BM-038/CFD-BM-038-038-A.jpg,z,1.25
2,2,141,test,0,male,Black,female,Black,angry,,,,intact,m,1110,False,False,,1,,,,False,315,BM-043,materials/cfd/Images/CFD/BM-043/CFD-BM-043-071-N.jpg,BF-025,materials/cfd/Images/CFD/BF-025/CFD-BF-025-011-A.jpg,z,1.25
2,2,142,test,0,male,Black,female,White,angry,,,,rearranged,z,1069,False,False,,1,,,,False,317,BM-218,materials/cfd/Images/CFD/BM-218/CFD-BM-218-132-N.jpg,WF-008,materials/cfd/Images/CFD/WF-008/CFD-WF-008-011-A.jpg,m,1.25
2,2,143,test,0,male,Black,male,Black,neutral,,,,rearranged,z,864,False,False,,1,,,,False,319,BM-026,materials/cfd/Images/CFD/BM-026/CFD-BM-026-002-N.jpg,BM-022,materials/cfd/Images/CFD/BM-022/CFD-BM-022-022-N.jpg,m,1.25
2,2,144,test,0,male,White,female,Black,neutral,,,,rearranged,m,467,True,False,,1,,,,False,321,WM-003,materials/cfd/Images/CFD/WM-003/CFD-WM-003-002-N.jpg,BF-226,materials/cfd/Images/CFD/BF-226/CFD-BF-226-119-N.jpg,m,1.25
2,2,145,test,0,female,Black,male,Black,happy,,,,rearranged,z,523,False,False,,1,,,,False,323,BF-253,materials/cfd/Images/CFD/BF-253/CFD-BF-253-202-N.jpg,BM-021,materials/cfd/Images/CFD/BM-021/CFD-BM-021-022-HO.jpg,m,1.25
2,2,146,test,0,male,Black,male,Black,angry,,,,intact,z,910,True,False,,1,,,,False,325,BM-046,materials/cfd/Images/CFD/BM-046/CFD-BM-046-006-N.jpg,BM-011,materials/cfd/Images/CFD/BM-011/CFD-BM-011-020-A.jpg,z,1.25
2,2,147,test,0,female,Black,female,Black,neutral,,,,intact,m,513,False,False,,1,,,,False,327,BF-227,materials/cfd/Images/CFD/BF-227/CFD-BF-227-137-N.jpg,BF-242,materials/cfd/Images/CFD/BF-242/CFD-BF-242-154-N.jpg,z,1.25
2,2,148,test,0,female,Asian,male,Black,angry,,,,rearranged,z,412,False,False,,1,,,,False,329,AF-224,materials/cfd/Images/CFD/AF-224/CFD-AF-224-026-N.jpg,BM-040,materials/cfd/Images/CFD/BM-040/CFD-BM-040-013-A.jpg,m,1.25
2,2,149,test,0,male,Asian,female,Black,happy,,,,rearranged,m,446,True,False,,1,,,,False,331,AM-207,materials/cfd/Images/CFD/AM-207/CFD-AM-207-108-N.jpg,BF-020,materials/cfd/Images/CFD/BF-020/CFD-BF-020-004-HO.jpg,m,1.25
2,2,150,test,0,male,Latino,male,Black,angry,,,,rearranged,z,1108,False,False,,1,,,,False,333,LM-222,materials/cfd/Images/CFD/LM-222/CFD-LM-222-239-N.jpg,BM-037,materials/cfd/Images/CFD/BM-037/CFD-BM-037-041-A.jpg,m,1.25
2,2,151,test,1,female,Black,male,Black,happy,,,,intact,z,511,True,False,,1,,,,False,336,BF-203,materials/cfd/Images/CFD/BF-203/CFD-BF-203-184-N.jpg,BM-033,materials/cfd/Images/CFD/BM-033/CFD-BM-033-029-HO.jpg,z,1.25
2,2,152,test,1,male,Black,female,Black,happy,,,,intact,z,483,True,False,,1,,,,False,338,BM-201,materials/cfd/Images/CFD/BM-201/CFD-BM-201-077-N.jpg,BF-005,materials/cfd/Images/CFD/BF-005/CFD-BF-005-005-HO.jpg,z,1.25
2,2,153,test,1,female,Black,male,White,neutral,,,,rearranged,m,305,True,False,,1,,,,False,340,BF-247,materials/cfd/Images/CFD/BF-247/CFD-BF-247-179-N.jpg,WM-210,materials/cfd/Images/CFD/WM-210/CFD-WM-210-057-N.jpg,m,1.25
2,2,154,test,1,female,Black,female,Black,neutral,,,,rearranged,z,345,False,False,,1,,,,False,342,BF-208,materials/cfd/Images/CFD/BF-208/CFD-BF-208-266-N.jpg,BF-231,materials/cfd/Images/CFD/BF-231/CFD-BF-231-202-N.jpg,m,1.25
2,2,155,test,1,female,White,female,Black,neutral,,,,intact,z,637,True,False,,1,,,,False,344,WF-245,materials/cfd/Images/CFD/WF-245/CFD-WF-245-084-N.jpg,BF-204,materials/cfd/Images/CFD/BF-204/CFD-BF-204-189-N.jpg,z,1.25
2,2,156,test,1,female,White,female,White,happy,,,,intact,m,349,False,False,,1,,,,False,346,WF-224,materials/cfd/Images/CFD/WF-224/CFD-WF-224-099-N.jpg,WF-009,materials/cfd/Images/CFD/WF-009/CFD-WF-009-004-HO.jpg,z,1.25
2,2,157,test,1,female,Black,male,White,happy,,,,intact,z,588,True,False,,1,,,,False,348,BF-007,materials/cfd/Images/CFD/BF-007/CFD-BF-007-001-N.jpg,WM-004,materials/cfd/Images/CFD/WM-004/CFD-WM-004-006-HO.jpg,z,1.25
2,2,158,test,1,female,White,male,Black,angry,,,,rearranged,z,813,False,False,,1,,,,False,350,WF-028,materials/cfd/Images/CFD/WF-028/CFD-WF-028-023-N.jpg,BM-003,materials/cfd/Images/CFD/BM-003/CFD-BM-003-030-A.jpg,m,1.25
2,2,159,test,1,female,Latino,male,Black,happy,,,,intact,m,536,False,False,,1,,,,False,352,LF-255,materials/cfd/Images/CFD/LF-255/CFD-LF-255-088-N.jpg,BM-031,materials/cfd/Images/CFD/BM-031/CFD-BM-031-004-HO.jpg,z,1.25
2,2,160,test,1,female,Asian,male,Black,neutral,,,,intact,z,1061,True,False,,1,,,,False,354,AF-247,materials/cfd/Images/CFD/AF-247/CFD-AF-247-278-N.jpg,BM-213,materials/cfd/Images/CFD/BM-213/CFD-BM-213-134-N.jpg,z,1.25
2,2,161,test,1,female,Asian,female,Black,happy,,,,rearranged,z,421,False,False,,1,,,,False,356,AF-222,materials/cfd/Images/CFD/AF-222/CFD-AF-222-134-N.jpg,BF-021,materials/cfd/Images/CFD/BF-021/CFD-BF-021-014-HO.jpg,m,1.25
2,2,162,test,1,male,Latino,female,Black,neutral,,,,rearranged,m,648,True,False,,1,,,,False,358,LM-239,materials/cfd/Images/CFD/LM-239/CFD-LM-239-075-N.jpg,BF-205,materials/cfd/Images/CFD/BF-205/CFD-BF-205-141-N.jpg,m,1.25
2,2,163,test,1,female,Asian,male,White,angry,,,,intact,z,1180,True,False,,1,,,,False,360,AF-201,materials/cfd/Images/CFD/AF-201/CFD-AF-201-060-N.jpg,WM-033,materials/cfd/Images/CFD/WM-033/CFD-WM-033-014-A.jpg,z,1.25
2,2,164,test,1,male,White,male,White,happy,,,,rearranged,z,667,False,False,,1,,,,False,362,WM-024,materials/cfd/Images/CFD/WM-024/CFD-WM-024-015-N.jpg,WM-035,materials/cfd/Images/CFD/WM-035/CFD-WM-035-033-HO.jpg,m,1.25
2,2,165,test,1,female,Black,female,Black,neutral,,,,intact,m,424,False,False,,1,,,,False,364,BF-238,materials/cfd/Images/CFD/BF-238/CFD-BF-238-190-N.jpg,BF-254,materials/cfd/Images/CFD/BF-254/CFD-BF-254-201-N.jpg,z,1.25
2,2,166,test,1,male,Latino,female,White,neutral,,,,intact,z,468,True,False,,1,,,,False,366,LM-227,materials/cfd/Images/CFD/LM-227/CFD-LM-227-103-N.jpg,WF-005,materials/cfd/Images/CFD/WF-005/CFD-WF-005-010-N.jpg,z,1.25
2,2,167,test,1,male,White,female,Black,happy,,,,intact,z,808,True,False,,1,,,,False,368,WM-222,materials/cfd/Images/CFD/WM-222/CFD-WM-222-057-N.jpg,BF-049,materials/cfd/Images/CFD/BF-049/CFD-BF-049-034-HO.jpg,z,1.25
2,2,168,test,1,male,White,male,White,neutral,,,,rearranged,z,789,False,False,,1,,,,False,370,WM-253,materials/cfd/Images/CFD/WM-253/CFD-WM-253-119-N.jpg,WM-041,materials/cfd/Images/CFD/WM-041/CFD-WM-041-021-N.jpg,m,1.25
2,2,169,test,1,female,White,female,Black,angry,,,,intact,m,549,False,False,,1,,,,False,372,WF-237,materials/cfd/Images/CFD/WF-237/CFD-WF-237-067-N.jpg,BF-048,materials/cfd/Images/CFD/BF-048/CFD-BF-048-038-A.jpg,z,1.25
2,2,170,test,1,male,White,female,Black,angry,,,,intact,z,404,True,False,,1,,,,False,374,WM-223,materials/cfd/Images/CFD/WM-223/CFD-WM-223-056-N.jpg,BF-012,materials/cfd/Images/CFD/BF-012/CFD-BF-012-015-A.jpg,z,1.25
2,2,171,test,1,male,Latino,male,Black,neutral,,,,intact,z,1022,True,False,,1,,,,False,376,LM-234,materials/cfd/Images/CFD/LM-234/CFD-LM-234-176-N.jpg,BM-230,materials/cfd/Images/CFD/BM-230/CFD-BM-230-232-N.jpg,z,1.25
2,2,172,test,1,female,White,male,White,neutral,,,,intact,m,507,False,False,,1,,,,False,378,WF-031,materials/cfd/Images/CFD/WF-031/CFD-WF-031-027-N.jpg,WM-205,materials/cfd/Images/CFD/WM-205/CFD-WM-205-007-N.jpg,z,1.25
2,2,173,test,1,male,Asian,male,White,happy,,,,intact,z,458,True,False,,1,,,,False,380,AM-225,materials/cfd/Images/CFD/AM-225/CFD-AM-225-102-N.jpg,WM-002,materials/cfd/Images/CFD/WM-002/CFD-WM-002-007-HO.jpg,z,1.25
2,2,174,test,1,male,Black,male,White,angry,,,,rearranged,z,889,False,False,,1,,,,False,382,BM-004,materials/cfd/Images/CFD/BM-004/CFD-BM-004-002-N.jpg,WM-009,materials/cfd/Images/CFD/WM-009/CFD-WM-009-009-A.jpg,m,1.25
2,2,175,test,1,female,Latino,male,White,neutral,,,,rearranged,m,888,True,False,,1,,,,False,384,LF-206,materials/cfd/Images/CFD/LF-206/CFD-LF-206-078-N.jpg,WM-228,materials/cfd/Images/CFD/WM-228/CFD-WM-228-065-N.jpg,m,1.25
2,2,176,test,1,male,White,female,White,happy,,,,rearranged,z,811,False,False,,1,,,,False,386,WM-200,materials/cfd/Images/CFD/WM-200/CFD-WM-200-034-N.jpg,WF-033,materials/cfd/Images/CFD/WF-033/CFD-WF-033-005-HO.jpg,m,1.25
2,2,177,test,1,male,Black,female,White,happy,,,,rearranged,z,722,False,False,,1,,,,False,388,BM-044,materials/cfd/Images/CFD/BM-044/CFD-BM-044-001-N.jpg,WF-017,materials/cfd/Images/CFD/WF-017/CFD-WF-017-015-HO.jpg,m,1.25
2,2,178,test,1,male,Black,male,White,happy,,,,intact,z,1004,True,False,,1,,,,False,390,BM-209,materials/cfd/Images/CFD/BM-209/CFD-BM-209-088-N.jpg,WM-017,materials/cfd/Images/CFD/WM-017/CFD-WM-017-005-HO.jpg,z,1.25
2,2,179,test,1,male,Asian,male,White,neutral,,,,rearranged,m,813,True,False,,1,,,,False,392,AM-208,materials/cfd/Images/CFD/AM-208/CFD-AM-208-143-N.jpg,WM-213,materials/cfd/Images/CFD/WM-213/CFD-WM-213-076-N.jpg,m,1.25
2,2,180,test,1,male,Black,male,Black,happy,,,,rearranged,z,553,False,False,,1,,,,False,394,BM-207,materials/cfd/Images/CFD/BM-207/CFD-BM-207-024-N.jpg,BM-036,materials/cfd/Images/CFD/BM-036/CFD-BM-036-004-HO.jpg,m,1.25
3,2,1,study,0,female,Black,male,Black,happy,,,,,z,927,True,False,,2,,,,False,17,BF-038,materials/cfd/Images/CFD/BF-038/CFD-BF-038-037-N.jpg,BM-003,materials/cfd/Images/CFD/BM-003/CFD-BM-003-021-HO.jpg,z,1.25
3,2,2,study,0,male,Black,female,Black,angry,,,,,m,1036,True,False,,2,,,,False,19,BM-001,materials/cfd/Images/CFD/BM-001/CFD-BM-001-014-N.jpg,BF-041,materials/cfd/Images/CFD/BF-041/CFD-BF-041-047-A.jpg,m,1.25
3,2,3,study,0,male,Asian,female,White,happy,,,,,m,778,True,False,,2,,,,False,21,AM-244,materials/cfd/Images/CFD/AM-244/CFD-AM-244-222-N.jpg,WF-018,materials/cfd/Images/CFD/WF-018/CFD-WF-018-018-HO.jpg,m,1.25
3,2,4,study,0,male,Black,male,Black,neutral,,,,,m,575,True,False,,2,,,,False,23,BM-245,materials/cfd/Images/CFD/BM-245/CFD-BM-245-164-N.jpg,BM-032,materials/cfd/Images/CFD/BM-032/CFD-BM-032-024-N.jpg,m,1.25
3,2,5,study,0,female,Latino,male,White,angry,,,,,z,1199,True,False,,2,,,,False,25,LF-207,materials/cfd/Images/CFD/LF-207/CFD-LF-207-198-N.jpg,WM-022,materials/cfd/Images/CFD/WM-022/CFD-WM-022-008-A.jpg,z,1.25
3,2,6,study,0,female,Latino,female,White,angry,,,,,z,1151,True,False,,2,,,,False,27,LF-208,materials/cfd/Images/CFD/LF-208/CFD-LF-208-127-N.jpg,WF-026,materials/cfd/Images/CFD/WF-026/CFD-WF-026-008-A.jpg,z,1.25
3,2,7,study,0,female,Asian,female,Black,angry,,,,,z,1052,True,False,,2,,,,False,29,AF-247,materials/cfd/Images/CFD/AF-247/CFD-AF-247-278-N.jpg,BF-049,materials/cfd/Images/CFD/BF-049/CFD-BF-049-039-A.jpg,z,1.25
3,2,8,study,0,male,Latino,male,White,angry,,,,,m,1360,True,False,,2,,,,False,31,LM-216,materials/cfd/Images/CFD/LM-216/CFD-LM-216-082-N.jpg,WM-004,materials/cfd/Images/CFD/WM-004/CFD-WM-004-011-A.jpg,m,1.25
3,2,9,study,0,female,Asian,male,White,happy,,,,,z,1540,True,False,,2,,,,False,33,AF-205,materials/cfd/Images/CFD/AF-205/CFD-AF-205-155-N.jpg,WM-031,materials/cfd/Images/CFD/WM-031/CFD-WM-031-004-HO.jpg,z,1.25
3,2,10,study,0,male,Black,female,White,happy,,,,,m,1381,True,False,,2,,,,False,35,BM-246,materials/cfd/Images/CFD/BM-246/CFD-BM-246-192-N.jpg,WF-015,materials/cfd/Images/CFD/WF-015/CFD-WF-015-022-HO.jpg,m,1.25
3,2,11,study,0,female,White,female,White,happy,,,,,z,1146,True,False,,2,,,,False,37,WF-243,materials/cfd/Images/CFD/WF-243/CFD-WF-243-148-N.jpg,WF-023,materials/cfd/Images/CFD/WF-023/CFD-WF-023-020-HO.jpg,z,1.25
3,2,12,study,0,male,White,male,Black,angry,,,,,m,1036,True,False,,2,,,,False,39,WM-258,materials/cfd/Images/CFD/WM-258/CFD-WM-258-125-N.jpg,BM-045,materials/cfd/Images/CFD/BM-045/CFD-BM-045-061-A.jpg,m,1.25
3,2,13,study,0,female,White,male,Black,neutral,,,,,z,1179,True,False,,2,,,,False,41,WF-202,materials/cfd/Images/CFD/WF-202/CFD-WF-202-056-N.jpg,BM-012,materials/cfd/Images/CFD/BM-012/CFD-BM-012-018-N.jpg,z,1.25
3,2,14,study,0,male,Latino,male,White,angry,,,,,m,1235,True,False,,2,,,,False,43,LM-209,materials/cfd/Images/CFD/LM-209/CFD-LM-209-111-N.jpg,WM-040,materials/cfd/Images/CFD/WM-040/CFD-WM-040-007-A.jpg,m,1.25
3,2,15,study,0,female,Black,female,Black,neutral,,,,,,,False,True,,2,,,,False,45,BF-201,materials/cfd/Images/CFD/BF-201/CFD-BF-201-080-N.jpg,BF-255,materials/cfd/Images/CFD/BF-255/CFD-BF-255-140-N.jpg,z,1.25
3,2,16,study,0,male,Latino,male,White,happy,,,,,m,485,True,False,,2,,,,False,47,LM-227,materials/cfd/Images/CFD/LM-227/CFD-LM-227-103-N.jpg,WM-034,materials/cfd/Images/CFD/WM-034/CFD-WM-034-035-HO.jpg,m,1.25
3,2,17,study,0,male,White,female,White,neutral,,,,,m,529,True,False,,2,,,,False,49,WM-248,materials/cfd/Images/CFD/WM-248/CFD-WM-248-036-N.jpg,WF-028,materials/cfd/Images/CFD/WF-028/CFD-WF-028-023-N.jpg,m,1.25
3,2,18,study,0,female,Black,male,Black,happy,,,,,z,1460,True,False,,2,,,,False,51,BF-008,materials/cfd/Images/CFD/BF-008/CFD-BF-008-001-N.jpg,BM-036,materials/cfd/Images/CFD/BM-036/CFD-BM-036-004-HO.jpg,z,1.25
3,2,19,study,0,male,Latino,female,Black,neutral,,,,,m,1859,True,False,,2,,,,False,53,LM-236,materials/cfd/Images/CFD/LM-236/CFD-LM-236-163-N.jpg,BF-219,materials/cfd/Images/CFD/BF-219/CFD-BF-219-137-N.jpg,m,1.25
3,2,20,study,0,male,Black,female,White,happy,,,,,m,544,True,False,,2,,,,False,55,BM-227,materials/cfd/Images/CFD/BM-227/CFD-BM-227-191-N.jpg,WF-005,materials/cfd/Images/CFD/WF-005/CFD-WF-005-013-HO.jpg,m,1.25
3,2,21,study,0,female,Latino,female,White,neutral,,,,,z,1406,True,False,,2,,,,False,57,LF-237,materials/cfd/Images/CFD/LF-237/CFD-LF-237-190-N.jpg,WF-210,materials/cfd/Images/CFD/WF-210/CFD-WF-210-086-N.jpg,z,1.25
3,2,22,study,0,female,Asian,male,White,neutral,,,,,z,988,True,False,,2,,,,False,59,AF-222,materials/cfd/Images/CFD/AF-222/CFD-AF-222-134-N.jpg,WM-011,materials/cfd/Images/CFD/WM-011/CFD-WM-011-002-N.jpg,z,1.25
3,2,23,study,0,male,Asian,female,White,angry,,,,,m,1007,True,False,,2,,,,False,61,AM-241,materials/cfd/Images/CFD/AM-241/CFD-AM-241-287-N.jpg,WF-030,materials/cfd/Images/CFD/WF-030/CFD-WF-030-033-A.jpg,m,1.25
3,2,24,study,0,female,Asian,female,White,neutral,,,,,z,1251,True,False,,2,,,,False,63,AF-208,materials/cfd/Images/CFD/AF-208/CFD-AF-208-003-N.jpg,WF-038,materials/cfd/Images/CFD/WF-038/CFD-WF-038-021-N.jpg,z,1.25
3,2,25,study,0,male,Asian,male,White,neutral,,,,,m,1135,True,False,,2,,,,False,65,AM-217,materials/cfd/Images/CFD/AM-217/CFD-AM-217-085-N.jpg,WM-017,materials/cfd/Images/CFD/WM-017/CFD-WM-017-002-N.jpg,m,1.25
3,2,26,study,0,female,Asian,male,White,happy,,,,,z,1100,True,False,,2,,,,False,67,AF-250,materials/cfd/Images/CFD/AF-250/CFD-AF-250-200-N.jpg,WM-024,materials/cfd/Images/CFD/WM-024/CFD-WM-024-003-HO.jpg,z,1.25
3,2,27,study,0,male,Black,female,Black,happy,,,,,m,1323,True,False,,2,,,,False,69,BM-243,materials/cfd/Images/CFD/BM-243/CFD-BM-243-218-N.jpg,BF-023,materials/cfd/Images/CFD/BF-023/CFD-BF-023-003-HO.jpg,m,1.25
3,2,28,study,0,male,White,female,White,happy,,,,,m,1504,True,False,,2,,,,False,71,WM-231,materials/cfd/Images/CFD/WM-231/CFD-WM-231-112-N.jpg,WF-039,materials/cfd/Images/CFD/WF-039/CFD-WF-039-005-HO.jpg,m,1.25
3,2,29,study,0,female,Black,male,White,neutral,,,,,z,1454,True,False,,2,,,,False,73,BF-231,materials/cfd/Images/CFD/BF-231/CFD-BF-231-202-N.jpg,WM-039,materials/cfd/Images/CFD/WM-039/CFD-WM-039-018-N.jpg,z,1.25
3,2,30,study,0,female,White,male,White,neutral,,,,,z,2021,True,False,,2,,,,False,75,WF-226,materials/cfd/Images/CFD/WF-226/CFD-WF-226-095-N.jpg,WM-234,materials/cfd/Images/CFD/WM-234/CFD-WM-234-118-N.jpg,z,1.25
3,2,31,study,1,female,White,female,Black,happy,,,,,z,475,True,False,,2,,,,False,78,WF-238,materials/cfd/Images/CFD/WF-238/CFD-WF-238-023-N.jpg,BF-036,materials/cfd/Images/CFD/BF-036/CFD-BF-036-030-HO.jpg,z,1.25
3,2,32,study,1,male,Black,male,White,happy,,,,,m,680,True,False,,2,,,,False,80,BM-214,materials/cfd/Images/CFD/BM-214/CFD-BM-214-075-N.jpg,WM-025,materials/cfd/Images/CFD/WM-025/CFD-WM-025-019-HO.jpg,m,1.25
3,2,33,study,1,female,Black,female,Black,happy,,,,,z,1710,True,False,,2,,,,False,82,BF-200,materials/cfd/Images/CFD/BF-200/CFD-BF-200-080-N.jpg,BF-021,materials/cfd/Images/CFD/BF-021/CFD-BF-021-014-HO.jpg,z,1.25
3,2,34,study,1,male,Black,female,White,neutral,,,,,m,1293,True,False,,2,,,,False,84,BM-204,materials/cfd/Images/CFD/BM-204/CFD-BM-204-003-N.jpg,WF-233,materials/cfd/Images/CFD/WF-233/CFD-WF-233-112-N.jpg,m,1.25
3,2,35,study,1,male,White,female,Black,angry,,,,,m,2891,True,False,,2,,,,False,86,WM-233,materials/cfd/Images/CFD/WM-233/CFD-WM-233-106-N.jpg,BF-018,materials/cfd/Images/CFD/BF-018/CFD-BF-018-019-A.jpg,m,1.25
3,2,36,study,1,female,Asian,male,White,angry,,,,,z,2489,True,False,,2,,,,False,88,AF-215,materials/cfd/Images/CFD/AF-215/CFD-AF-215-70-N.jpg,WM-035,materials/cfd/Images/CFD/WM-035/CFD-WM-035-018-A.jpg,z,1.25
3,2,37,study,1,female,Latino,female,White,happy,,,,,z,1108,True,False,,2,,,,False,90,LF-232,materials/cfd/Images/CFD/LF-232/CFD-LF-232-199-N.jpg,WF-027,materials/cfd/Images/CFD/WF-027/CFD-WF-027-021-HO.jpg,z,1.25
3,2,38,study,1,male,Asian,female,White,angry,,,,,m,1613,True,False,,2,,,,False,92,AM-246,materials/cfd/Images/CFD/AM-246/CFD-AM-246-184-N.jpg,WF-029,materials/cfd/Images/CFD/WF-029/CFD-WF-029-026-A.jpg,m,1.25
3,2,39,study,1,male,White,male,White,happy,,,,,m,1154,True,False,,2,,,,False,94,WM-038,materials/cfd/Images/CFD/WM-038/CFD-WM-038-003-N.jpg,WM-010,materials/cfd/Images/CFD/WM-010/CFD-WM-010-004-HO.jpg,m,1.25
3,2,40,study,1,male,Black,male,Black,angry,,,,,m,2207,True,False,,2,,,,False,96,BM-208,materials/cfd/Images/CFD/BM-208/CFD-BM-208-065-N.jpg,BM-013,materials/cfd/Images/CFD/BM-013/CFD-BM-013-016-A.jpg,m,1.25
3,2,41,study,1,male,White,male,Black,neutral,,,,,m,1351,True,False,,2,,,,False,98,WM-227,materials/cfd/Images/CFD/WM-227/CFD-WM-227-099-N.jpg,BM-017,materials/cfd/Images/CFD/BM-017/CFD-BM-017-021-N.jpg,m,1.25
3,2,42,study,1,male,White,female,Black,angry,,,,,m,2365,True,False,,2,,,,False,100,WM-036,materials/cfd/Images/CFD/WM-036/CFD-WM-036-031-N.jpg,BF-015,materials/cfd/Images/CFD/BF-015/CFD-BF-015-022-A.jpg,m,1.25
3,2,43,study,1,male,Black,male,Black,angry,,,,,m,2800,True,False,,2,,,,False,102,BM-221,materials/cfd/Images/CFD/BM-221/CFD-BM-221-198-N.jpg,BM-026,materials/cfd/Images/CFD/BM-026/CFD-BM-026-017-A.jpg,m,1.25
3,2,44,study,1,male,Asian,male,Black,neutral,,,,,,,False,True,,2,,,,False,104,AM-235,materials/cfd/Images/CFD/AM-235/CFD-AM-235-241-N.jpg,BM-005,materials/cfd/Images/CFD/BM-005/CFD-BM-005-003-N.jpg,m,1.25
3,2,45,study,1,female,White,female,Black,angry,,,,,z,995,True,False,,2,,,,False,106,WF-011,materials/cfd/Images/CFD/WF-011/CFD-WF-011-002-N.jpg,BF-051,materials/cfd/Images/CFD/BF-051/CFD-BF-051-043-A.jpg,z,1.25
3,2,46,study,1,female,Latino,female,Black,happy,,,,,z,1652,True,False,,2,,,,False,108,LF-215,materials/cfd/Images/CFD/LF-215/CFD-LF-215-157-N.jpg,BF-005,materials/cfd/Images/CFD/BF-005/CFD-BF-005-005-HO.jpg,z,1.25
3,2,47,study,1,female,Latino,female,Black,neutral,,,,,z,1651,True,False,,2,,,,False,110,LF-252,materials/cfd/Images/CFD/LF-252/CFD-LF-252-172-N.jpg,BF-044,materials/cfd/Images/CFD/BF-044/CFD-BF-044-034-N.jpg,z,1.25
3,2,48,study,1,female,White,male,Black,angry,,,,,z,1589,True,False,,2,,,,False,112,WF-010,materials/cfd/Images/CFD/WF-010/CFD-WF-010-004-N.jpg,BM-023,materials/cfd/Images/CFD/BM-023/CFD-BM-023-011-A.jpg,z,1.25
3,2,49,study,1,male,White,female,White,neutral,,,,,m,850,True,False,,2,,,,False,114,WM-251,materials/cfd/Images/CFD/WM-251/CFD-WM-251-002-N.jpg,WF-013,materials/cfd/Images/CFD/WF-013/CFD-WF-013-003-N.jpg,m,1.25
3,2,50,study,1,female,White,female,White,angry,,,,,z,1047,True,False,,2,,,,False,116,WF-001,materials/cfd/Images/CFD/WF-001/CFD-WF-001-003-N.jpg,WF-025,materials/cfd/Images/CFD/WF-025/CFD-WF-025-015-A.jpg,z,1.25
3,2,51,study,1,female,Asian,male,Black,neutral,,,,,z,1002,True,False,,2,,,,False,118,AF-228,materials/cfd/Images/CFD/AF-228/CFD-AF-228-173-N.jpg,BM-215,materials/cfd/Images/CFD/BM-215/CFD-BM-215-155-N.jpg,z,1.25
3,2,52,study,1,female,Black,male,Black,angry,,,,,z,1183,True,False,,2,,,,False,120,BF-226,materials/cfd/Images/CFD/BF-226/CFD-BF-226-119-N.jpg,BM-041,materials/cfd/Images/CFD/BM-041/CFD-BM-041-048-A.jpg,z,1.25
3,2,53,study,1,male,Latino,male,White,happy,,,,,m,1335,True,False,,2,,,,False,122,LM-237,materials/cfd/Images/CFD/LM-237/CFD-LM-237-264-N.jpg,WM-037,materials/cfd/Images/CFD/WM-037/CFD-WM-037-034-HO.jpg,m,1.25
3,2,54,study,1,male,Black,male,White,happy,,,,,m,1682,True,False,,2,,,,False,124,BM-232,materials/cfd/Images/CFD/BM-232/CFD-BM-232-213-N.jpg,WM-029,materials/cfd/Images/CFD/WM-029/CFD-WM-029-029-HO.jpg,m,1.25
3,2,55,study,1,female,Asian,female,Black,angry,,,,,z,1134,True,False,,2,,,,False,126,AF-217,materials/cfd/Images/CFD/AF-217/CFD-AF-217-155-N.jpg,BF-031,materials/cfd/Images/CFD/BF-031/CFD-BF-031-020-A.jpg,z,1.25
3,2,56,study,1,female,Black,female,White,neutral,,,,,z,1077,True,False,,2,,,,False,128,BF-006,materials/cfd/Images/CFD/BF-006/CFD-BF-006-017-N.jpg,WF-033,materials/cfd/Images/CFD/WF-033/CFD-WF-033-002-N.jpg,z,1.25
3,2,57,study,1,female,Asian,male,White,angry,,,,,z,1192,True,False,,2,,,,False,130,AF-248,materials/cfd/Images/CFD/AF-248/CFD-AF-248-148-N.jpg,WM-021,materials/cfd/Images/CFD/WM-021/CFD-WM-021-009-A.jpg,z,1.25
3,2,58,study,1,female,Latino,male,White,happy,,,,,z,2027,True,False,,2,,,,False,132,LF-227,materials/cfd/Images/CFD/LF-227/CFD-LF-227-054-N.jpg,WM-032,materials/cfd/Images/CFD/WM-032/CFD-WM-032-004-HO.jpg,z,1.25
3,2,59,study,1,male,White,male,White,neutral,,,,,m,1707,True,False,,2,,,,False,134,WM-205,materials/cfd/Images/CFD/WM-205/CFD-WM-205-007-N.jpg,WM-222,materials/cfd/Images/CFD/WM-222/CFD-WM-222-057-N.jpg,m,1.25
3,2,60,study,1,male,Asian,female,Black,neutral,,,,,m,981,True,False,,2,,,,False,136,AM-240,materials/cfd/Images/CFD/AM-240/CFD-AM-240-191-N.jpg,BF-244,materials/cfd/Images/CFD/BF-244/CFD-BF-244-231-N.jpg,m,1.25
3,2,61,study,0,female,Asian,female,White,neutral,,,,,z,682,True,False,,2,,,,False,139,AF-208,materials/cfd/Images/CFD/AF-208/CFD-AF-208-003-N.jpg,WF-038,materials/cfd/Images/CFD/WF-038/CFD-WF-038-021-N.jpg,z,1.25
3,2,62,study,0,male,White,male,White,happy,,,,,m,2203,True,False,,2,,,,False,141,WM-038,materials/cfd/Images/CFD/WM-038/CFD-WM-038-003-N.jpg,WM-010,materials/cfd/Images/CFD/WM-010/CFD-WM-010-004-HO.jpg,m,1.25
3,2,63,study,0,female,Black,male,Black,happy,,,,,z,1292,True,False,,2,,,,False,143,BF-038,materials/cfd/Images/CFD/BF-038/CFD-BF-038-037-N.jpg,BM-003,materials/cfd/Images/CFD/BM-003/CFD-BM-003-021-HO.jpg,z,1.25
3,2,64,study,0,male,Black,female,White,happy,,,,,z,510,False,False,,2,,,,False,145,BM-246,materials/cfd/Images/CFD/BM-246/CFD-BM-246-192-N.jpg,WF-015,materials/cfd/Images/CFD/WF-015/CFD-WF-015-022-HO.jpg,m,1.25
3,2,65,study,0,female,Latino,male,White,happy,,,,,z,1212,True,False,,2,,,,False,147,LF-227,materials/cfd/Images/CFD/LF-227/CFD-LF-227-054-N.jpg,WM-032,materials/cfd/Images/CFD/WM-032/CFD-WM-032-004-HO.jpg,z,1.25
3,2,66,study,0,female,Asian,male,White,neutral,,,,,z,1137,True,False,,2,,,,False,149,AF-222,materials/cfd/Images/CFD/AF-222/CFD-AF-222-134-N.jpg,WM-011,materials/cfd/Images/CFD/WM-011/CFD-WM-011-002-N.jpg,z,1.25
3,2,67,study,0,male,Black,male,Black,angry,,,,,m,742,True,False,,2,,,,False,151,BM-221,materials/cfd/Images/CFD/BM-221/CFD-BM-221-198-N.jpg,BM-026,materials/cfd/Images/CFD/BM-026/CFD-BM-026-017-A.jpg,m,1.25
3,2,68,study,0,female,White,female,White,happy,,,,,z,1095,True,False,,2,,,,False,153,WF-243,materials/cfd/Images/CFD/WF-243/CFD-WF-243-148-N.jpg,WF-023,materials/cfd/Images/CFD/WF-023/CFD-WF-023-020-HO.jpg,z,1.25
3,2,69,study,0,male,Black,female,White,happy,,,,,m,767,True,False,,2,,,,False,155,BM-227,materials/cfd/Images/CFD/BM-227/CFD-BM-227-191-N.jpg,WF-005,materials/cfd/Images/CFD/WF-005/CFD-WF-005-013-HO.jpg,m,1.25
3,2,70,study,0,female,White,female,White,angry,,,,,z,1203,True,False,,2,,,,False,157,WF-001,materials/cfd/Images/CFD/WF-001/CFD-WF-001-003-N.jpg,WF-025,materials/cfd/Images/CFD/WF-025/CFD-WF-025-015-A.jpg,z,1.25
3,2,71,study,0,female,White,female,Black,happy,,,,,z,1334,True,False,,2,,,,False,159,WF-238,materials/cfd/Images/CFD/WF-238/CFD-WF-238-023-N.jpg,BF-036,materials/cfd/Images/CFD/BF-036/CFD-BF-036-030-HO.jpg,z,1.25
3,2,72,study,0,male,White,male,Black,angry,,,,,m,1439,True,False,,2,,,,False,161,WM-258,materials/cfd/Images/CFD/WM-258/CFD-WM-258-125-N.jpg,BM-045,materials/cfd/Images/CFD/BM-045/CFD-BM-045-061-A.jpg,m,1.25
3,2,73,study,0,female,Asian,male,White,happy,,,,,z,1683,True,False,,2,,,,False,163,AF-250,materials/cfd/Images/CFD/AF-250/CFD-AF-250-200-N.jpg,WM-024,materials/cfd/Images/CFD/WM-024/CFD-WM-024-003-HO.jpg,z,1.25
3,2,74,study,0,male,White,female,Black,angry,,,,,m,1053,True,False,,2,,,,False,165,WM-036,materials/cfd/Images/CFD/WM-036/CFD-WM-036-031-N.jpg,BF-015,materials/cfd/Images/CFD/BF-015/CFD-BF-015-022-A.jpg,m,1.25
3,2,75,study,0,female,Black,male,White,neutral,,,,,z,879,True,False,,2,,,,False,167,BF-231,materials/cfd/Images/CFD/BF-231/CFD-BF-231-202-N.jpg,WM-039,materials/cfd/Images/CFD/WM-039/CFD-WM-039-018-N.jpg,z,1.25
3,2,76,study,0,male,Asian,female,White,angry,,,,,m,1010,True,False,,2,,,,False,169,AM-246,materials/cfd/Images/CFD/AM-246/CFD-AM-246-184-N.jpg,WF-029,materials/cfd/Images/CFD/WF-029/CFD-WF-029-026-A.jpg,m,1.25
3,2,77,study,0,female,Latino,male,White,angry,,,,,z,754,True,False,,2,,,,False,171,LF-207,materials/cfd/Images/CFD/LF-207/CFD-LF-207-198-N.jpg,WM-022,materials/cfd/Images/CFD/WM-022/CFD-WM-022-008-A.jpg,z,1.25
3,2,78,study,0,female,Latino,female,Black,neutral,,,,,z,1064,True,False,,2,,,,False,173,LF-252,materials/cfd/Images/CFD/LF-252/CFD-LF-252-172-N.jpg,BF-044,materials/cfd/Images/CFD/BF-044/CFD-BF-044-034-N.jpg,z,1.25
3,2,79,study,0,male,Asian,male,Black,neutral,,,,,m,1063,True,False,,2,,,,False,175,AM-235,materials/cfd/Images/CFD/AM-235/CFD-AM-235-241-N.jpg,BM-005,materials/cfd/Images/CFD/BM-005/CFD-BM-005-003-N.jpg,m,1.25
3,2,80,study,0,female,Asian,female,Black,angry,,,,,z,1046,True,False,,2,,,,False,177,AF-247,materials/cfd/Images/CFD/AF-247/CFD-AF-247-278-N.jpg,BF-049,materials/cfd/Images/CFD/BF-049/CFD-BF-049-039-A.jpg,z,1.25
3,2,81,study,0,male,White,female,White,neutral,,,,,m,1143,True,False,,2,,,,False,179,WM-251,materials/cfd/Images/CFD/WM-251/CFD-WM-251-002-N.jpg,WF-013,materials/cfd/Images/CFD/WF-013/CFD-WF-013-003-N.jpg,m,1.25
3,2,82,study,0,male,Latino,female,Black,neutral,,,,,m,933,True,False,,2,,,,False,181,LM-236,materials/cfd/Images/CFD/LM-236/CFD-LM-236-163-N.jpg,BF-219,materials/cfd/Images/CFD/BF-219/CFD-BF-219-137-N.jpg,m,1.25
3,2,83,study,0,male,Black,male,Black,neutral,,,,,m,1127,True,False,,2,,,,False,183,BM-245,materials/cfd/Images/CFD/BM-245/CFD-BM-245-164-N.jpg,BM-032,materials/cfd/Images/CFD/BM-032/CFD-BM-032-024-N.jpg,m,1.25
3,2,84,study,0,female,Black,female,Black,happy,,,,,z,1264,True,False,,2,,,,False,185,BF-200,materials/cfd/Images/CFD/BF-200/CFD-BF-200-080-N.jpg,BF-021,materials/cfd/Images/CFD/BF-021/CFD-BF-021-014-HO.jpg,z,1.25
3,2,85,study,0,male,Black,male,White,happy,,,,,m,811,True,False,,2,,,,False,187,BM-232,materials/cfd/Images/CFD/BM-232/CFD-BM-232-213-N.jpg,WM-029,materials/cfd/Images/CFD/WM-029/CFD-WM-029-029-HO.jpg,m,1.25
3,2,86,study,0,female,Asian,male,White,angry,,,,,z,996,True,False,,2,,,,False,189,AF-215,materials/cfd/Images/CFD/AF-215/CFD-AF-215-70-N.jpg,WM-035,materials/cfd/Images/CFD/WM-035/CFD-WM-035-018-A.jpg,z,1.25
3,2,87,study,0,male,Asian,female,White,angry,,,,,m,888,True,False,,2,,,,False,191,AM-241,materials/cfd/Images/CFD/AM-241/CFD-AM-241-287-N.jpg,WF-030,materials/cfd/Images/CFD/WF-030/CFD-WF-030-033-A.jpg,m,1.25
3,2,88,study,0,female,White,male,Black,angry,,,,,z,1225,True,False,,2,,,,False,193,WF-010,materials/cfd/Images/CFD/WF-010/CFD-WF-010-004-N.jpg,BM-023,materials/cfd/Images/CFD/BM-023/CFD-BM-023-011-A.jpg,z,1.25
3,2,89,study,0,female,Asian,male,Black,neutral,,,,,z,1208,True,False,,2,,,,False,195,AF-228,materials/cfd/Images/CFD/AF-228/CFD-AF-228-173-N.jpg,BM-215,materials/cfd/Images/CFD/BM-215/CFD-BM-215-155-N.jpg,z,1.25
3,2,90,study,0,female,Latino,female,Black,happy,,,,,z,1316,True,False,,2,,,,False,197,LF-215,materials/cfd/Images/CFD/LF-215/CFD-LF-215-157-N.jpg,BF-005,materials/cfd/Images/CFD/BF-005/CFD-BF-005-005-HO.jpg,z,1.25
3,2,91,study,1,male,Asian,female,Black,neutral,,,,,m,607,True,False,,2,,,,False,200,AM-240,materials/cfd/Images/CFD/AM-240/CFD-AM-240-191-N.jpg,BF-244,materials/cfd/Images/CFD/BF-244/CFD-BF-244-231-N.jpg,m,1.25
3,2,92,study,1,male,Latino,male,White,angry,,,,,m,807,True,False,,2,,,,False,202,LM-216,materials/cfd/Images/CFD/LM-216/CFD-LM-216-082-N.jpg,WM-004,materials/cfd/Images/CFD/WM-004/CFD-WM-004-011-A.jpg,m,1.25
3,2,93,study,1,female,Latino,female,White,neutral,,,,,z,1101,True,False,,2,,,,False,204,LF-237,materials/cfd/Images/CFD/LF-237/CFD-LF-237-190-N.jpg,WF-210,materials/cfd/Images/CFD/WF-210/CFD-WF-210-086-N.jpg,z,1.25
3,2,94,study,1,female,White,female,Black,angry,,,,,z,1202,True,False,,2,,,,False,206,WF-011,materials/cfd/Images/CFD/WF-011/CFD-WF-011-002-N.jpg,BF-051,materials/cfd/Images/CFD/BF-051/CFD-BF-051-043-A.jpg,z,1.25
3,2,95,study,1,male,Black,male,Black,angry,,,,,m,1137,True,False,,2,,,,False,208,BM-208,materials/cfd/Images/CFD/BM-208/CFD-BM-208-065-N.jpg,BM-013,materials/cfd/Images/CFD/BM-013/CFD-BM-013-016-A.jpg,m,1.25
3,2,96,study,1,male,Black,female,White,neutral,,,,,m,705,True,False,,2,,,,False,210,BM-204,materials/cfd/Images/CFD/BM-204/CFD-BM-204-003-N.jpg,WF-233,materials/cfd/Images/CFD/WF-233/CFD-WF-233-112-N.jpg,m,1.25
3,2,97,study,1,male,Asian,female,White,happy,,,,,m,777,True,False,,2,,,,False,212,AM-244,materials/cfd/Images/CFD/AM-244/CFD-AM-244-222-N.jpg,WF-018,materials/cfd/Images/CFD/WF-018/CFD-WF-018-018-HO.jpg,m,1.25
3,2,98,study,1,male,White,male,White,neutral,,,,,m,535,True,False,,2,,,,False,214,WM-205,materials/cfd/Images/CFD/WM-205/CFD-WM-205-007-N.jpg,WM-222,materials/cfd/Images/CFD/WM-222/CFD-WM-222-057-N.jpg,m,1.25
3,2,99,study,1,male,Black,male,White,happy,,,,,m,661,True,False,,2,,,,False,216,BM-214,materials/cfd/Images/CFD/BM-214/CFD-BM-214-075-N.jpg,WM-025,materials/cfd/Images/CFD/WM-025/CFD-WM-025-019-HO.jpg,m,1.25
3,2,100,study,1,female,Black,male,Black,angry,,,,,z,1250,True,False,,2,,,,False,218,BF-226,materials/cfd/Images/CFD/BF-226/CFD-BF-226-119-N.jpg,BM-041,materials/cfd/Images/CFD/BM-041/CFD-BM-041-048-A.jpg,z,1.25
3,2,101,study,1,male,Black,female,Black,angry,,,,,m,830,True,False,,2,,,,False,220,BM-001,materials/cfd/Images/CFD/BM-001/CFD-BM-001-014-N.jpg,BF-041,materials/cfd/Images/CFD/BF-041/CFD-BF-041-047-A.jpg,m,1.25
3,2,102,study,1,female,Asian,female,Black,angry,,,,,z,1272,True,False,,2,,,,False,222,AF-217,materials/cfd/Images/CFD/AF-217/CFD-AF-217-155-N.jpg,BF-031,materials/cfd/Images/CFD/BF-031/CFD-BF-031-020-A.jpg,z,1.25
3,2,103,study,1,male,White,female,White,happy,,,,,m,2083,True,False,,2,,,,False,224,WM-231,materials/cfd/Images/CFD/WM-231/CFD-WM-231-112-N.jpg,WF-039,materials/cfd/Images/CFD/WF-039/CFD-WF-039-005-HO.jpg,m,1.25
3,2,104,study,1,female,White,male,White,neutral,,,,,z,1155,True,False,,2,,,,False,226,WF-226,materials/cfd/Images/CFD/WF-226/CFD-WF-226-095-N.jpg,WM-234,materials/cfd/Images/CFD/WM-234/CFD-WM-234-118-N.jpg,z,1.25
3,2,105,study,1,male,Latino,male,White,happy,,,,,m,1218,True,False,,2,,,,False,228,LM-227,materials/cfd/Images/CFD/LM-227/CFD-LM-227-103-N.jpg,WM-034,materials/cfd/Images/CFD/WM-034/CFD-WM-034-035-HO.jpg,m,1.25
3,2,106,study,1,female,Latino,female,White,happy,,,,,z,940,True,False,,2,,,,False,230,LF-232,materials/cfd/Images/CFD/LF-232/CFD-LF-232-199-N.jpg,WF-027,materials/cfd/Images/CFD/WF-027/CFD-WF-027-021-HO.jpg,z,1.25
3,2,107,study,1,female,Black,female,Black,neutral,,,,,z,961,True,False,,2,,,,False,232,BF-201,materials/cfd/Images/CFD/BF-201/CFD-BF-201-080-N.jpg,BF-255,materials/cfd/Images/CFD/BF-255/CFD-BF-255-140-N.jpg,z,1.25
3,2,108,study,1,male,Black,female,Black,happy,,,,,m,921,True,False,,2,,,,False,234,BM-243,materials/cfd/Images/CFD/BM-243/CFD-BM-243-218-N.jpg,BF-023,materials/cfd/Images/CFD/BF-023/CFD-BF-023-003-HO.jpg,m,1.25
3,2,109,study,1,female,Asian,male,White,happy,,,,,z,1039,True,False,,2,,,,False,236,AF-205,materials/cfd/Images/CFD/AF-205/CFD-AF-205-155-N.jpg,WM-031,materials/cfd/Images/CFD/WM-031/CFD-WM-031-004-HO.jpg,z,1.25
3,2,110,study,1,male,Latino,male,White,happy,,,,,m,624,True,False,,2,,,,False,238,LM-237,materials/cfd/Images/CFD/LM-237/CFD-LM-237-264-N.jpg,WM-037,materials/cfd/Images/CFD/WM-037/CFD-WM-037-034-HO.jpg,m,1.25
3,2,111,study,1,female,Asian,male,White,angry,,,,,z,1018,True,False,,2,,,,False,240,AF-248,materials/cfd/Images/CFD/AF-248/CFD-AF-248-148-N.jpg,WM-021,materials/cfd/Images/CFD/WM-021/CFD-WM-021-009-A.jpg,z,1.25
3,2,112,study,1,female,Black,male,Black,happy,,,,,z,1124,True,False,,2,,,,False,242,BF-008,materials/cfd/Images/CFD/BF-008/CFD-BF-008-001-N.jpg,BM-036,materials/cfd/Images/CFD/BM-036/CFD-BM-036-004-HO.jpg,z,1.25
3,2,113,study,1,male,White,female,Black,angry,,,,,m,956,True,False,,2,,,,False,244,WM-233,materials/cfd/Images/CFD/WM-233/CFD-WM-233-106-N.jpg,BF-018,materials/cfd/Images/CFD/BF-018/CFD-BF-018-019-A.jpg,m,1.25
3,2,114,study,1,female,Black,female,White,neutral,,,,,z,1348,True,False,,2,,,,False,246,BF-006,materials/cfd/Images/CFD/BF-006/CFD-BF-006-017-N.jpg,WF-033,materials/cfd/Images/CFD/WF-033/CFD-WF-033-002-N.jpg,z,1.25
3,2,115,study,1,male,White,female,White,neutral,,,,,m,995,True,False,,2,,,,False,248,WM-248,materials/cfd/Images/CFD/WM-248/CFD-WM-248-036-N.jpg,WF-028,materials/cfd/Images/CFD/WF-028/CFD-WF-028-023-N.jpg,m,1.25
3,2,116,study,1,male,Latino,male,White,angry,,,,,m,889,True,False,,2,,,,False,250,LM-209,materials/cfd/Images/CFD/LM-209/CFD-LM-209-111-N.jpg,WM-040,materials/cfd/Images/CFD/WM-040/CFD-WM-040-007-A.jpg,m,1.25
3,2,117,study,1,female,Latino,female,White,angry,,,,,z,1215,True,False,,2,,,,False,252,LF-208,materials/cfd/Images/CFD/LF-208/CFD-LF-208-127-N.jpg,WF-026,materials/cfd/Images/CFD/WF-026/CFD-WF-026-008-A.jpg,z,1.25
3,2,118,study,1,male,Asian,male,White,neutral,,,,,m,1064,True,False,,2,,,,False,254,AM-217,materials/cfd/Images/CFD/AM-217/CFD-AM-217-085-N.jpg,WM-017,materials/cfd/Images/CFD/WM-017/CFD-WM-017-002-N.jpg,m,1.25
3,2,119,study,1,male,White,male,Black,neutral,,,,,m,1017,True,False,,2,,,,False,256,WM-227,materials/cfd/Images/CFD/WM-227/CFD-WM-227-099-N.jpg,BM-017,materials/cfd/Images/CFD/BM-017/CFD-BM-017-021-N.jpg,m,1.25
3,2,120,study,1,female,White,male,Black,neutral,,,,,z,974,True,False,,2,,,,False,258,WF-202,materials/cfd/Images/CFD/WF-202/CFD-WF-202-056-N.jpg,BM-012,materials/cfd/Images/CFD/BM-012/CFD-BM-012-018-N.jpg,z,1.25
3,2,121,test,0,female,Asian,male,White,angry,,,,intact,z,678,False,False,,2,,,,False,277,AF-248,materials/cfd/Images/CFD/AF-248/CFD-AF-248-148-N.jpg,WM-021,materials/cfd/Images/CFD/WM-021/CFD-WM-021-009-A.jpg,m,1.25
3,2,122,test,0,female,Latino,female,Black,happy,,,,rearranged,z,698,True,False,,2,,,,False,279,LF-215,materials/cfd/Images/CFD/LF-215/CFD-LF-215-157-N.jpg,BF-021,materials/cfd/Images/CFD/BF-021/CFD-BF-021-014-HO.jpg,z,1.25
3,2,123,test,0,female,White,male,Black,neutral,,,,rearranged,m,714,False,False,,2,,,,False,281,WF-226,materials/cfd/Images/CFD/WF-226/CFD-WF-226-095-N.jpg,BM-215,materials/cfd/Images/CFD/BM-215/CFD-BM-215-155-N.jpg,z,1.25
3,2,124,test,0,male,White,female,White,happy,,,,rearranged,m,979,False,False,,2,,,,False,283,WM-231,materials/cfd/Images/CFD/WM-231/CFD-WM-231-112-N.jpg,WF-018,materials/cfd/Images/CFD/WF-018/CFD-WF-018-018-HO.jpg,z,1.25
3,2,125,test,0,male,White,male,Black,angry,,,,intact,m,1027,True,False,,2,,,,False,285,WM-258,materials/cfd/Images/CFD/WM-258/CFD-WM-258-125-N.jpg,BM-045,materials/cfd/Images/CFD/BM-045/CFD-BM-045-061-A.jpg,m,1.25
3,2,126,test,0,female,White,female,White,happy,,,,intact,z,707,False,False,,2,,,,False,287,WF-243,materials/cfd/Images/CFD/WF-243/CFD-WF-243-148-N.jpg,WF-023,materials/cfd/Images/CFD/WF-023/CFD-WF-023-020-HO.jpg,m,1.25
3,2,127,test,0,female,Latino,female,Black,neutral,,,,intact,z,1138,False,False,,2,,,,False,289,LF-252,materials/cfd/Images/CFD/LF-252/CFD-LF-252-172-N.jpg,BF-044,materials/cfd/Images/CFD/BF-044/CFD-BF-044-034-N.jpg,m,1.25
3,2,128,test,0,male,Asian,female,White,happy,,,,rearranged,m,1093,False,False,,2,,,,False,291,AM-244,materials/cfd/Images/CFD/AM-244/CFD-AM-244-222-N.jpg,WF-005,materials/cfd/Images/CFD/WF-005/CFD-WF-005-013-HO.jpg,z,1.25
3,2,129,test,0,male,Black,male,White,angry,,,,rearranged,z,1110,True,False,,2,,,,False,293,BM-221,materials/cfd/Images/CFD/BM-221/CFD-BM-221-198-N.jpg,WM-004,materials/cfd/Images/CFD/WM-004/CFD-WM-004-011-A.jpg,z,1.25
3,2,130,test,0,male,Latino,male,White,angry,,,,intact,z,924,False,False,,2,,,,False,295,LM-209,materials/cfd/Images/CFD/LM-209/CFD-LM-209-111-N.jpg,WM-040,materials/cfd/Images/CFD/WM-040/CFD-WM-040-007-A.jpg,m,1.25
3,2,131,test,0,female,Asian,male,White,neutral,,,,rearranged,m,1335,False,False,,2,,,,False,297,AF-228,materials/cfd/Images/CFD/AF-228/CFD-AF-228-173-N.jpg,WM-011,materials/cfd/Images/CFD/WM-011/CFD-WM-011-002-N.jpg,z,1.25
3,2,132,test,0,female,Black,female,White,happy,,,,rearranged,m,264,False,False,,2,,,,False,299,BF-200,materials/cfd/Images/CFD/BF-200/CFD-BF-200-080-N.jpg,WF-027,materials/cfd/Images/CFD/WF-027/CFD-WF-027-021-HO.jpg,z,1.25
3,2,133,test,0,female,Black,male,Black,happy,,,,intact,m,619,True,False,,2,,,,False,301,BF-008,materials/cfd/Images/CFD/BF-008/CFD-BF-008-001-N.jpg,BM-036,materials/cfd/Images/CFD/BM-036/CFD-BM-036-004-HO.jpg,m,1.25
3,2,134,test,0,male,White,female,Black,angry,,,,intact,z,329,False,False,,2,,,,False,303,WM-036,materials/cfd/Images/CFD/WM-036/CFD-WM-036-031-N.jpg,BF-015,materials/cfd/Images/CFD/BF-015/CFD-BF-015-022-A.jpg,m,1.25
3,2,135,test,0,female,Latino,female,Black,angry,,,,rearranged,z,1397,True,False,,2,,,,False,305,LF-208,materials/cfd/Images/CFD/LF-208/CFD-LF-208-127-N.jpg,BF-049,materials/cfd/Images/CFD/BF-049/CFD-BF-049-039-A.jpg,z,1.25
3,2,136,test,0,male,Asian,male,Black,neutral,,,,rearranged,z,1147,True,False,,2,,,,False,307,AM-235,materials/cfd/Images/CFD/AM-235/CFD-AM-235-241-N.jpg,BM-032,materials/cfd/Images/CFD/BM-032/CFD-BM-032-024-N.jpg,z,1.25
3,2,137,test,0,male,Black,female,Black,happy,,,,intact,z,1199,False,False,,2,,,,False,309,BM-243,materials/cfd/Images/CFD/BM-243/CFD-BM-243-218-N.jpg,BF-023,materials/cfd/Images/CFD/BF-023/CFD-BF-023-003-HO.jpg,m,1.25
3,2,138,test,0,male,Asian,male,White,neutral,,,,intact,z,1289,False,False,,2,,,,False,311,AM-217,materials/cfd/Images/CFD/AM-217/CFD-AM-217-085-N.jpg,WM-017,materials/cfd/Images/CFD/WM-017/CFD-WM-017-002-N.jpg,m,1.25
3,2,139,test,0,female,Black,male,Black,angry,,,,rearranged,m,1180,False,False,,2,,,,False,313,BF-226,materials/cfd/Images/CFD/BF-226/CFD-BF-226-119-N.jpg,BM-023,materials/cfd/Images/CFD/BM-023/CFD-BM-023-011-A.jpg,z,1.25
3,2,140,test,0,male,Asian,female,White,angry,,,,intact,z,1732,False,False,,2,,,,False,315,AM-246,materials/cfd/Images/CFD/AM-246/CFD-AM-246-184-N.jpg,WF-029,materials/cfd/Images/CFD/WF-029/CFD-WF-029-026-A.jpg,m,1.25
3,2,141,test,0,female,Asian,female,Black,neutral,,,,rearranged,z,864,True,False,,2,,,,False,317,AF-208,materials/cfd/Images/CFD/AF-208/CFD-AF-208-003-N.jpg,BF-255,materials/cfd/Images/CFD/BF-255/CFD-BF-255-140-N.jpg,z,1.25
3,2,142,test,0,female,White,female,Black,happy,,,,intact,z,1006,False,False,,2,,,,False,319,WF-238,materials/cfd/Images/CFD/WF-238/CFD-WF-238-023-N.jpg,BF-036,materials/cfd/Images/CFD/BF-036/CFD-BF-036-030-HO.jpg,m,1.25
3,2,143,test,0,male,Black,male,Black,neutral,,,,rearranged,m,1006,False,False,,2,,,,False,321,BM-245,materials/cfd/Images/CFD/BM-245/CFD-BM-245-164-N.jpg,BM-017,materials/cfd/Images/CFD/BM-017/CFD-BM-017-021-N.jpg,z,1.25
3,2,144,test,0,male,White,male,White,neutral,,,,intact,m,1152,True,False,,2,,,,False,323,WM-205,materials/cfd/Images/CFD/WM-205/CFD-WM-205-007-N.jpg,WM-222,materials/cfd/Images/CFD/WM-222/CFD-WM-222-057-N.jpg,m,1.25
3,2,145,test,0,female,Latino,male,White,happy,,,,rearranged,m,1711,False,False,,2,,,,False,325,LF-227,materials/cfd/Images/CFD/LF-227/CFD-LF-227-054-N.jpg,WM-031,materials/cfd/Images/CFD/WM-031/CFD-WM-031-004-HO.jpg,z,1.25
3,2,146,test,0,male,White,male,White,happy,,,,rearranged,m,1172,False,False,,2,,,,False,327,WM-038,materials/cfd/Images/CFD/WM-038/CFD-WM-038-003-N.jpg,WM-029,materials/cfd/Images/CFD/WM-029/CFD-WM-029-029-HO.jpg,z,1.25
3,2,147,test,0,male,Black,male,White,happy,,,,intact,z,1603,False,False,,2,,,,False,329,BM-214,materials/cfd/Images/CFD/BM-214/CFD-BM-214-075-N.jpg,WM-025,materials/cfd/Images/CFD/WM-025/CFD-WM-025-019-HO.jpg,m,1.25
3,2,148,test,0,female,White,male,White,angry,,,,rearranged,z,917,True,False,,2,,,,False,331,WF-010,materials/cfd/Images/CFD/WF-010/CFD-WF-010-004-N.jpg,WM-022,materials/cfd/Images/CFD/WM-022/CFD-WM-022-008-A.jpg,z,1.25
3,2,149,test,0,male,Black,female,White,happy,,,,rearranged,m,957,False,False,,2,,,,False,333,BM-227,materials/cfd/Images/CFD/BM-227/CFD-BM-227-191-N.jpg,WF-039,materials/cfd/Images/CFD/WF-039/CFD-WF-039-005-HO.jpg,z,1.25
3,2,150,test,0,female,Black,female,White,neutral,,,,intact,z,866,False,False,,2,,,,False,335,BF-006,materials/cfd/Images/CFD/BF-006/CFD-BF-006-017-N.jpg,WF-033,materials/cfd/Images/CFD/WF-033/CFD-WF-033-002-N.jpg,m,1.25
3,2,151,test,1,female,Asian,male,White,angry,,,,intact,m,659,True,False,,2,,,,False,338,AF-215,materials/cfd/Images/CFD/AF-215/CFD-AF-215-70-N.jpg,WM-035,materials/cfd/Images/CFD/WM-035/CFD-WM-035-018-A.jpg,m,1.25
3,2,152,test,1,female,Asian,male,White,neutral,,,,rearranged,m,654,False,False,,2,,,,False,340,AF-222,materials/cfd/Images/CFD/AF-222/CFD-AF-222-134-N.jpg,WM-234,materials/cfd/Images/CFD/WM-234/CFD-WM-234-118-N.jpg,z,1.25
3,2,153,test,1,male,Latino,male,White,happy,,,,intact,z,628,False,False,,2,,,,False,342,LM-227,materials/cfd/Images/CFD/LM-227/CFD-LM-227-103-N.jpg,WM-034,materials/cfd/Images/CFD/WM-034/CFD-WM-034-035-HO.jpg,m,1.25
3,2,154,test,1,male,White,female,White,angry,,,,rearranged,m,1023,False,False,,2,,,,False,344,WM-233,materials/cfd/Images/CFD/WM-233/CFD-WM-233-106-N.jpg,WF-030,materials/cfd/Images/CFD/WF-030/CFD-WF-030-033-A.jpg,z,1.25
3,2,155,test,1,female,Latino,male,Black,angry,,,,rearranged,z,319,True,False,,2,,,,False,346,LF-207,materials/cfd/Images/CFD/LF-207/CFD-LF-207-198-N.jpg,BM-041,materials/cfd/Images/CFD/BM-041/CFD-BM-041-048-A.jpg,z,1.25
3,2,156,test,1,male,Black,male,White,happy,,,,rearranged,m,485,False,False,,2,,,,False,348,BM-232,materials/cfd/Images/CFD/BM-232/CFD-BM-232-213-N.jpg,WM-010,materials/cfd/Images/CFD/WM-010/CFD-WM-010-004-HO.jpg,z,1.25
3,2,157,test,1,male,Asian,female,Black,neutral,,,,intact,m,536,True,False,,2,,,,False,350,AM-240,materials/cfd/Images/CFD/AM-240/CFD-AM-240-191-N.jpg,BF-244,materials/cfd/Images/CFD/BF-244/CFD-BF-244-231-N.jpg,m,1.25
3,2,158,test,1,male,Latino,female,Black,neutral,,,,intact,z,760,False,False,,2,,,,False,352,LM-236,materials/cfd/Images/CFD/LM-236/CFD-LM-236-163-N.jpg,BF-219,materials/cfd/Images/CFD/BF-219/CFD-BF-219-137-N.jpg,m,1.25
3,2,159,test,1,male,Black,male,Black,angry,,,,rearranged,m,463,False,False,,2,,,,False,354,BM-208,materials/cfd/Images/CFD/BM-208/CFD-BM-208-065-N.jpg,BM-026,materials/cfd/Images/CFD/BM-026/CFD-BM-026-017-A.jpg,z,1.25
3,2,160,test,1,female,Black,female,White,neutral,,,,rearranged,m,1002,False,False,,2,,,,False,356,BF-201,materials/cfd/Images/CFD/BF-201/CFD-BF-201-080-N.jpg,WF-038,materials/cfd/Images/CFD/WF-038/CFD-WF-038-021-N.jpg,z,1.25
3,2,161,test,1,male,Black,female,White,neutral,,,,rearranged,z,378,True,False,,2,,,,False,358,BM-204,materials/cfd/Images/CFD/BM-204/CFD-BM-204-003-N.jpg,WF-028,materials/cfd/Images/CFD/WF-028/CFD-WF-028-023-N.jpg,z,1.25
3,2,162,test,1,female,White,male,Black,neutral,,,,intact,m,999,True,False,,2,,,,False,360,WF-202,materials/cfd/Images/CFD/WF-202/CFD-WF-202-056-N.jpg,BM-012,materials/cfd/Images/CFD/BM-012/CFD-BM-012-018-N.jpg,m,1.25
3,2,163,test,1,female,White,female,Black,angry,,,,intact,z,1264,False,False,,2,,,,False,362,WF-011,materials/cfd/Images/CFD/WF-011/CFD-WF-011-002-N.jpg,BF-051,materials/cfd/Images/CFD/BF-051/CFD-BF-051-043-A.jpg,m,1.25
3,2,164,test,1,female,Asian,female,Black,angry,,,,intact,z,1714,False,False,,2,,,,False,364,AF-217,materials/cfd/Images/CFD/AF-217/CFD-AF-217-155-N.jpg,BF-031,materials/cfd/Images/CFD/BF-031/CFD-BF-031-020-A.jpg,m,1.25
3,2,165,test,1,male,Black,female,Black,angry,,,,intact,z,1259,False,False,,2,,,,False,366,BM-001,materials/cfd/Images/CFD/BM-001/CFD-BM-001-014-N.jpg,BF-041,materials/cfd/Images/CFD/BF-041/CFD-BF-041-047-A.jpg,m,1.25
3,2,166,test,1,male,Black,female,White,happy,,,,intact,m,1233,True,False,,2,,,,False,368,BM-246,materials/cfd/Images/CFD/BM-246/CFD-BM-246-192-N.jpg,WF-015,materials/cfd/Images/CFD/WF-015/CFD-WF-015-022-HO.jpg,m,1.25
3,2,167,test,1,female,Latino,female,White,neutral,,,,intact,z,1535,False,False,,2,,,,False,370,LF-237,materials/cfd/Images/CFD/LF-237/CFD-LF-237-190-N.jpg,WF-210,materials/cfd/Images/CFD/WF-210/CFD-WF-210-086-N.jpg,m,1.25
3,2,168,test,1,female,Black,male,Black,happy,,,,intact,z,1611,False,False,,2,,,,False,372,BF-038,materials/cfd/Images/CFD/BF-038/CFD-BF-038-037-N.jpg,BM-003,materials/cfd/Images/CFD/BM-003/CFD-BM-003-021-HO.jpg,m,1.25
3,2,169,test,1,male,Latino,male,Black,angry,,,,rearranged,m,1945,False,False,,2,,,,False,374,LM-216,materials/cfd/Images/CFD/LM-216/CFD-LM-216-082-N.jpg,BM-013,materials/cfd/Images/CFD/BM-013/CFD-BM-013-016-A.jpg,z,1.25
3,2,170,test,1,male,White,female,White,neutral,,,,rearranged,z,1306,True,False,,2,,,,False,376,WM-248,materials/cfd/Images/CFD/WM-248/CFD-WM-248-036-N.jpg,WF-233,materials/cfd/Images/CFD/WF-233/CFD-WF-233-112-N.jpg,z,1.25
3,2,171,test,1,male,Latino,male,White,happy,,,,intact,m,1424,True,False,,2,,,,False,378,LM-237,materials/cfd/Images/CFD/LM-237/CFD-LM-237-264-N.jpg,WM-037,materials/cfd/Images/CFD/WM-037/CFD-WM-037-034-HO.jpg,m,1.25
3,2,172,test,1,male,White,male,Black,neutral,,,,rearranged,m,721,False,False,,2,,,,False,380,WM-227,materials/cfd/Images/CFD/WM-227/CFD-WM-227-099-N.jpg,BM-005,materials/cfd/Images/CFD/BM-005/CFD-BM-005-003-N.jpg,z,1.25
3,2,173,test,1,female,Black,male,White,neutral,,,,intact,m,628,True,False,,2,,,,False,382,BF-231,materials/cfd/Images/CFD/BF-231/CFD-BF-231-202-N.jpg,WM-039,materials/cfd/Images/CFD/WM-039/CFD-WM-039-018-N.jpg,m,1.25
3,2,174,test,1,female,Asian,male,White,happy,,,,rearranged,z,364,True,False,,2,,,,False,384,AF-205,materials/cfd/Images/CFD/AF-205/CFD-AF-205-155-N.jpg,WM-032,materials/cfd/Images/CFD/WM-032/CFD-WM-032-004-HO.jpg,z,1.25
3,2,175,test,1,male,White,female,White,neutral,,,,intact,m,409,True,False,,2,,,,False,386,WM-251,materials/cfd/Images/CFD/WM-251/CFD-WM-251-002-N.jpg,WF-013,materials/cfd/Images/CFD/WF-013/CFD-WF-013-003-N.jpg,m,1.25
3,2,176,test,1,female,White,female,White,angry,,,,intact,m,795,True,False,,2,,,,False,388,WF-001,materials/cfd/Images/CFD/WF-001/CFD-WF-001-003-N.jpg,WF-025,materials/cfd/Images/CFD/WF-025/CFD-WF-025-015-A.jpg,m,1.25
3,2,177,test,1,female,Latino,female,Black,happy,,,,rearranged,z,426,True,False,,2,,,,False,390,LF-232,materials/cfd/Images/CFD/LF-232/CFD-LF-232-199-N.jpg,BF-005,materials/cfd/Images/CFD/BF-005/CFD-BF-005-005-HO.jpg,z,1.25
3,2,178,test,1,female,Asian,female,White,angry,,,,rearranged,z,1075,True,False,,2,,,,False,392,AF-247,materials/cfd/Images/CFD/AF-247/CFD-AF-247-278-N.jpg,WF-026,materials/cfd/Images/CFD/WF-026/CFD-WF-026-008-A.jpg,z,1.25
3,2,179,test,1,female,Asian,male,White,happy,,,,intact,z,1194,False,False,,2,,,,False,394,AF-250,materials/cfd/Images/CFD/AF-250/CFD-AF-250-200-N.jpg,WM-024,materials/cfd/Images/CFD/WM-024/CFD-WM-024-003-HO.jpg,m,1.25
3,2,180,test,1,male,Asian,female,Black,angry,,,,rearranged,z,2066,True,False,,2,,,,False,396,AM-241,materials/cfd/Images/CFD/AM-241/CFD-AM-241-287-N.jpg,BF-018,materials/cfd/Images/CFD/BF-018/CFD-BF-018-019-A.jpg,z,1.25
4,2,1,study,0,female,Latino,male,Black,angry,,,,,m,1505,False,False,,1,,,,False,17,LF-213,materials/cfd/Images/CFD/LF-213/CFD-LF-213-079-N.jpg,BM-033,materials/cfd/Images/CFD/BM-033/CFD-BM-033-032-A.jpg,z,1
4,2,2,study,0,male,Asian,female,White,angry,,,,,z,869,False,False,,1,,,,False,19,AM-221,materials/cfd/Images/CFD/AM-221/CFD-AM-221-184-N.jpg,WF-031,materials/cfd/Images/CFD/WF-031/CFD-WF-031-015-A.jpg,m,1
4,2,3,study,0,male,Asian,female,Black,angry,,,,,m,802,True,False,,1,,,,False,21,AM-205,materials/cfd/Images/CFD/AM-205/CFD-AM-205-153-N.jpg,BF-011,materials/cfd/Images/CFD/BF-011/CFD-BF-011-011-A.jpg,m,1
4,2,4,study,0,female,Asian,male,Black,happy,,,,,m,1626,False,False,,1,,,,False,23,AF-233,materials/cfd/Images/CFD/AF-233/CFD-AF-233-190-N.jpg,BM-031,materials/cfd/Images/CFD/BM-031/CFD-BM-031-004-HO.jpg,z,1
4,2,5,study,0,male,White,female,Black,neutral,,,,,z,1868,False,False,,1,,,,False,25,WM-228,materials/cfd/Images/CFD/WM-228/CFD-WM-228-065-N.jpg,BF-233,materials/cfd/Images/CFD/BF-233/CFD-BF-233-116-N.jpg,m,1
4,2,6,study,0,female,Black,male,Black,neutral,,,,,z,947,True,False,,1,,,,False,27,BF-215,materials/cfd/Images/CFD/BF-215/CFD-BF-215-177-N.jpg,BM-038,materials/cfd/Images/CFD/BM-038/CFD-BM-038-001-N.jpg,z,1
4,2,7,study,0,male,Asian,female,White,happy,,,,,m,718,True,False,,1,,,,False,29,AM-235,materials/cfd/Images/CFD/AM-235/CFD-AM-235-241-N.jpg,WF-017,materials/cfd/Images/CFD/WF-017/CFD-WF-017-015-HO.jpg,m,1
4,2,8,study,0,male,Asian,female,White,happy,,,,,m,758,True,False,,1,,,,False,31,AM-237,materials/cfd/Images/CFD/AM-237/CFD-AM-237-154-N.jpg,WF-012,materials/cfd/Images/CFD/WF-012/CFD-WF-012-007-HO.jpg,m,1
4,2,9,study,0,male,Latino,female,Black,neutral,,,,,m,656,True,False,,1,,,,False,33,LM-238,materials/cfd/Images/CFD/LM-238/CFD-LM-238-129-N.jpg,BF-047,materials/cfd/Images/CFD/BF-047/CFD-BF-047-003-N.jpg,m,1
4,2,10,study,0,female,Asian,female,White,happy,,,,,z,1052,True,False,,1,,,,False,35,AF-202,materials/cfd/Images/CFD/AF-202/CFD-AF-202-122-N.jpg,WF-001,materials/cfd/Images/CFD/WF-001/CFD-WF-001-009-HO.jpg,z,1
4,2,11,study,0,male,Black,male,Black,angry,,,,,m,946,True,False,,1,,,,False,37,BM-226,materials/cfd/Images/CFD/BM-226/CFD-BM-226-276-N.jpg,BM-022,materials/cfd/Images/CFD/BM-022/CFD-BM-022-030-A.jpg,m,1
4,2,12,study,0,male,Black,male,Black,happy,,,,,m,738,True,False,,1,,,,False,39,BM-015,materials/cfd/Images/CFD/BM-015/CFD-BM-015-015-N.jpg,BM-039,materials/cfd/Images/CFD/BM-039/CFD-BM-039-034-HO.jpg,m,1
4,2,13,study,0,male,White,male,Black,angry,,,,,m,785,True,False,,1,,,,False,41,WM-219,materials/cfd/Images/CFD/WM-219/CFD-WM-219-008-N.jpg,BM-019,materials/cfd/Images/CFD/BM-019/CFD-BM-019-045-A.jpg,m,1
4,2,14,study,0,male,Black,male,Black,neutral,,,,,m,531,True,False,,1,,,,False,43,BM-240,materials/cfd/Images/CFD/BM-240/CFD-BM-240-207-N.jpg,BM-230,materials/cfd/Images/CFD/BM-230/CFD-BM-230-232-N.jpg,m,1
4,2,15,study,0,male,White,female,Black,neutral,,,,,m,790,True,False,,1,,,,False,45,WM-229,materials/cfd/Images/CFD/WM-229/CFD-WM-229-129-N.jpg,BF-223,materials/cfd/Images/CFD/BF-223/CFD-BF-223-250-N.jpg,m,1
4,2,16,study,0,female,Asian,male,Black,happy,,,,,z,1050,True,False,,1,,,,False,47,AF-219,materials/cfd/Images/CFD/AF-219/CFD-AF-219-106-N.jpg,BM-003,materials/cfd/Images/CFD/BM-003/CFD-BM-003-021-HO.jpg,z,1
4,2,17,study,0,male,Asian,female,White,neutral,,,,,m,569,True,False,,1,,,,False,49,AM-227,materials/cfd/Images/CFD/AM-227/CFD-AM-227-184-N.jpg,WF-209,materials/cfd/Images/CFD/WF-209/CFD-WF-209-052-N.jpg,m,1
4,2,18,study,0,male,Black,female,Black,neutral,,,,,m,736,True,False,,1,,,,False,51,BM-219,materials/cfd/Images/CFD/BM-219/CFD-BM-219-141-N.jpg,BF-049,materials/cfd/Images/CFD/BF-049/CFD-BF-049-032-N.jpg,m,1
4,2,19,study,0,female,White,male,Black,happy,,,,,z,587,True,False,,1,,,,False,53,WF-035,materials/cfd/Images/CFD/WF-035/CFD-WF-035-024-N.jpg,BM-030,materials/cfd/Images/CFD/BM-030/CFD-BM-030-004-HO.jpg,z,1
4,2,20,study,0,female,White,female,Black,angry,,,,,z,962,True,False,,1,,,,False,55,WF-252,materials/cfd/Images/CFD/WF-252/CFD-WF-252-159-N.jpg,BF-033,materials/cfd/Images/CFD/BF-033/CFD-BF-033-016-A.jpg,z,1
4,2,21,study,0,female,White,male,Black,neutral,,,,,z,1594,True,False,,1,,,,False,57,WF-034,materials/cfd/Images/CFD/WF-034/CFD-WF-034-006-N.jpg,BM-245,materials/cfd/Images/CFD/BM-245/CFD-BM-245-164-N.jpg,z,1
4,2,22,study,0,male,Asian,male,White,angry,,,,,m,673,True,False,,1,,,,False,59,AM-248,materials/cfd/Images/CFD/AM-248/CFD-AM-248-104-N.jpg,WM-025,materials/cfd/Images/CFD/WM-025/CFD-WM-025-008-A.jpg,m,1
4,2,23,study,0,female,Latino,female,Black,angry,,,,,z,626,True,False,,1,,,,False,61,LF-247,materials/cfd/Images/CFD/LF-247/CFD-LF-247-051-N.jpg,BF-023,materials/cfd/Images/CFD/BF-023/CFD-BF-023-013-A.jpg,z,1
4,2,24,study,0,male,Latino,male,White,neutral,,,,,m,585,True,False,,1,,,,False,63,LM-226,materials/cfd/Images/CFD/LM-226/CFD-LM-226-175-N.jpg,WM-014,materials/cfd/Images/CFD/WM-014/CFD-WM-014-002-N.jpg,m,1
4,2,25,study,0,male,White,male,Black,neutral,,,,,m,726,True,False,,1,,,,False,65,WM-258,materials/cfd/Images/CFD/WM-258/CFD-WM-258-125-N.jpg,BM-023,materials/cfd/Images/CFD/BM-023/CFD-BM-023-029-N.jpg,m,1
4,2,26,study,0,male,Latino,female,White,happy,,,,,m,524,True,False,,1,,,,False,67,LM-201,materials/cfd/Images/CFD/LM-201/CFD-LM-201-057-N.jpg,WF-038,materials/cfd/Images/CFD/WF-038/CFD-WF-038-023-HO.jpg,m,1
4,2,27,study,0,female,White,male,White,happy,,,,,z,669,True,False,,1,,,,False,69,WF-232,materials/cfd/Images/CFD/WF-232/CFD-WF-232-161-N.jpg,WM-002,materials/cfd/Images/CFD/WM-002/CFD-WM-002-007-HO.jpg,z,1
4,2,28,study,0,male,Black,male,White,happy,,,,,m,721,True,False,,1,,,,False,71,BM-010,materials/cfd/Images/CFD/BM-010/CFD-BM-010-003-N.jpg,WM-023,materials/cfd/Images/CFD/WM-023/CFD-WM-023-004-HO.jpg,m,1
4,2,29,study,0,female,Black,male,White,happy,,,,,z,883,True,False,,1,,,,False,73,BF-021,materials/cfd/Images/CFD/BF-021/CFD-BF-021-013-N.jpg,WM-019,materials/cfd/Images/CFD/WM-019/CFD-WM-019-009-HO.jpg,z,1
4,2,30,study,0,female,White,male,Black,angry,,,,,z,604,True,False,,1,,,,False,75,WF-025,materials/cfd/Images/CFD/WF-025/CFD-WF-025-019-N.jpg,BM-005,materials/cfd/Images/CFD/BM-005/CFD-BM-005-010-A.jpg,z,1
4,2,31,study,1,male,White,male,White,neutral,,,,,m,745,True,False,,1,,,,False,78,WM-013,materials/cfd/Images/CFD/WM-013/CFD-WM-013-001-N.jpg,WM-010,materials/cfd/Images/CFD/WM-010/CFD-WM-010-001-N.jpg,m,1
4,2,32,study,1,male,Asian,female,Black,happy,,,,,m,876,True,False,,1,,,,False,80,AM-226,materials/cfd/Images/CFD/AM-226/CFD-AM-226-234-N.jpg,BF-051,materials/cfd/Images/CFD/BF-051/CFD-BF-051-037-HO.jpg,m,1
4,2,33,study,1,female,White,male,Black,neutral,,,,,z,705,True,False,,1,,,,False,82,WF-223,materials/cfd/Images/CFD/WF-223/CFD-WF-223-133-N.jpg,BM-235,materials/cfd/Images/CFD/BM-235/CFD-BM-235-226-N.jpg,z,1
4,2,34,study,1,male,Latino,male,White,happy,,,,,m,615,True,False,,1,,,,False,84,LM-210,materials/cfd/Images/CFD/LM-210/CFD-LM-210-156-N.jpg,WM-017,materials/cfd/Images/CFD/WM-017/CFD-WM-017-005-HO.jpg,m,1
4,2,35,study,1,female,White,female,White,angry,,,,,z,741,True,False,,1,,,,False,86,WF-245,materials/cfd/Images/CFD/WF-245/CFD-WF-245-084-N.jpg,WF-006,materials/cfd/Images/CFD/WF-006/CFD-WF-006-019-A.jpg,z,1
4,2,36,study,1,female,White,female,Black,neutral,,,,,z,831,True,False,,1,,,,False,88,WF-219,materials/cfd/Images/CFD/WF-219/CFD-WF-219-038-N.jpg,BF-230,materials/cfd/Images/CFD/BF-230/CFD-BF-230-189-N.jpg,z,1
4,2,37,study,1,male,Black,male,Black,angry,,,,,m,749,True,False,,1,,,,False,90,BM-044,materials/cfd/Images/CFD/BM-044/CFD-BM-044-001-N.jpg,BM-021,materials/cfd/Images/CFD/BM-021/CFD-BM-021-026-A.jpg,m,1
4,2,38,study,1,female,Black,male,White,neutral,,,,,z,1001,True,False,,1,,,,False,92,BF-247,materials/cfd/Images/CFD/BF-247/CFD-BF-247-179-N.jpg,WM-233,materials/cfd/Images/CFD/WM-233/CFD-WM-233-106-N.jpg,z,1
4,2,39,study,1,male,White,male,White,neutral,,,,,m,632,True,False,,1,,,,False,94,WM-011,materials/cfd/Images/CFD/WM-011/CFD-WM-011-002-N.jpg,WM-021,materials/cfd/Images/CFD/WM-021/CFD-WM-021-001-N.jpg,m,1
4,2,40,study,1,male,Latino,female,White,angry,,,,,m,548,True,False,,1,,,,False,96,LM-237,materials/cfd/Images/CFD/LM-237/CFD-LM-237-264-N.jpg,WF-026,materials/cfd/Images/CFD/WF-026/CFD-WF-026-008-A.jpg,m,1
4,2,41,study,1,female,Latino,male,Black,angry,,,,,z,566,True,False,,1,,,,False,98,LF-206,materials/cfd/Images/CFD/LF-206/CFD-LF-206-078-N.jpg,BM-043,materials/cfd/Images/CFD/BM-043/CFD-BM-043-014-A.jpg,z,1
4,2,42,study,1,female,Asian,female,Black,neutral,,,,,z,915,True,False,,1,,,,False,100,AF-224,materials/cfd/Images/CFD/AF-224/CFD-AF-224-026-N.jpg,BF-042,materials/cfd/Images/CFD/BF-042/CFD-BF-042-026-N.jpg,z,1
4,2,43,study,1,male,Black,male,White,happy,,,,,m,749,True,False,,1,,,,False,102,BM-253,materials/cfd/Images/CFD/BM-253/CFD-BM-253-004-N.jpg,WM-031,materials/cfd/Images/CFD/WM-031/CFD-WM-031-004-HO.jpg,m,1
4,2,44,study,1,female,Asian,male,White,angry,,,,,z,1308,True,False,,1,,,,False,104,AF-253,materials/cfd/Images/CFD/AF-253/CFD-AF-253-130-N.jpg,WM-036,materials/cfd/Images/CFD/WM-036/CFD-WM-036-018-A.jpg,z,1
4,2,45,study,1,female,Latino,male,White,angry,,,,,z,966,True,False,,1,,,,False,106,LF-243,materials/cfd/Images/CFD/LF-243/CFD-LF-243-175-N.jpg,WM-039,materials/cfd/Images/CFD/WM-039/CFD-WM-039-010-A.jpg,z,1
4,2,46,study,1,female,White,female,Black,happy,,,,,z,1033,True,False,,1,,,,False,108,WF-015,materials/cfd/Images/CFD/WF-015/CFD-WF-015-006-N.jpg,BF-016,materials/cfd/Images/CFD/BF-016/CFD-BF-016-018-HO.jpg,z,1
4,2,47,study,1,female,Asian,male,Black,neutral,,,,,z,1078,True,False,,1,,,,False,110,AF-213,materials/cfd/Images/CFD/AF-213/CFD-AF-213-126-N.jpg,BM-029,materials/cfd/Images/CFD/BM-029/CFD-BM-029-024-N.jpg,z,1
4,2,48,study,1,male,Latino,female,White,happy,,,,,m,1025,True,False,,1,,,,False,112,LM-220,materials/cfd/Images/CFD/LM-220/CFD-LM-220-329-N.jpg,WF-030,materials/cfd/Images/CFD/WF-030/CFD-WF-030-003-HO.jpg,m,1
4,2,49,study,1,male,Black,male,Black,happy,,,,,m,1224,True,False,,1,,,,False,114,BM-046,materials/cfd/Images/CFD/BM-046/CFD-BM-046-006-N.jpg,BM-032,materials/cfd/Images/CFD/BM-032/CFD-BM-032-007-HO.jpg,m,1
4,2,50,study,1,female,Latino,female,White,angry,,,,,z,1411,True,False,,1,,,,False,116,LF-234,materials/cfd/Images/CFD/LF-234/CFD-LF-234-139-N.jpg,WF-014,materials/cfd/Images/CFD/WF-014/CFD-WF-014-012-A.jpg,z,1
4,2,51,study,1,male,Latino,male,Black,angry,,,,,m,895,True,False,,1,,,,False,118,LM-218,materials/cfd/Images/CFD/LM-218/CFD-LM-218-183-N.jpg,BM-025,materials/cfd/Images/CFD/BM-025/CFD-BM-025-045-A.jpg,m,1
4,2,52,study,1,female,White,female,White,angry,,,,,z,589,True,False,,1,,,,False,120,WF-207,materials/cfd/Images/CFD/WF-207/CFD-WF-207-014-N.jpg,WF-013,materials/cfd/Images/CFD/WF-013/CFD-WF-013-015-A.jpg,z,1
4,2,53,study,1,male,Asian,female,Black,angry,,,,,m,560,True,False,,1,,,,False,122,AM-218,materials/cfd/Images/CFD/AM-218/CFD-AM-218-085-N.jpg,BF-040,materials/cfd/Images/CFD/BF-040/CFD-BF-040-051-A.jpg,m,1
4,2,54,study,1,male,Black,female,Black,angry,,,,,m,704,True,False,,1,,,,False,124,BM-225,materials/cfd/Images/CFD/BM-225/CFD-BM-225-154-N.jpg,BF-007,materials/cfd/Images/CFD/BF-007/CFD-BF-007-013-A.jpg,m,1
4,2,55,study,1,female,Black,female,White,happy,,,,,z,1094,True,False,,1,,,,False,126,BF-253,materials/cfd/Images/CFD/BF-253/CFD-BF-253-202-N.jpg,WF-010,materials/cfd/Images/CFD/WF-010/CFD-WF-010-006-HO.jpg,z,1
4,2,56,study,1,female,Black,female,Black,neutral,,,,,z,1049,True,False,,1,,,,False,128,BF-219,materials/cfd/Images/CFD/BF-219/CFD-BF-219-137-N.jpg,BF-236,materials/cfd/Images/CFD/BF-236/CFD-BF-236-177-N.jpg,z,1
4,2,57,study,1,female,White,female,White,happy,,,,,z,1316,True,False,,1,,,,False,130,WF-011,materials/cfd/Images/CFD/WF-011/CFD-WF-011-002-N.jpg,WF-027,materials/cfd/Images/CFD/WF-027/CFD-WF-027-021-HO.jpg,z,1
4,2,58,study,1,female,Latino,female,Black,happy,,,,,z,803,True,False,,1,,,,False,132,LF-230,materials/cfd/Images/CFD/LF-230/CFD-LF-230-203-N.jpg,BF-037,materials/cfd/Images/CFD/BF-037/CFD-BF-037-026-HO.jpg,z,1
4,2,59,study,1,female,White,female,Black,neutral,,,,,z,881,True,False,,1,,,,False,134,WF-227,materials/cfd/Images/CFD/WF-227/CFD-WF-227-002-N.jpg,BF-252,materials/cfd/Images/CFD/BF-252/CFD-BF-252-191-N.jpg,z,1
4,2,60,study,1,female,Latino,female,Black,neutral,,,,,z,750,True,False,,1,,,,False,136,LF-218,materials/cfd/Images/CFD/LF-218/CFD-LF-218-072-N.jpg,BF-034,materials/cfd/Images/CFD/BF-034/CFD-BF-034-002-N.jpg,z,1
4,2,61,study,0,male,White,male,Black,neutral,,,,,m,759,True,False,,1,,,,False,139,WM-258,materials/cfd/Images/CFD/WM-258/CFD-WM-258-125-N.jpg,BM-023,materials/cfd/Images/CFD/BM-023/CFD-BM-023-029-N.jpg,m,1
4,2,62,study,0,male,Asian,female,White,neutral,,,,,m,662,True,False,,1,,,,False,141,AM-227,materials/cfd/Images/CFD/AM-227/CFD-AM-227-184-N.jpg,WF-209,materials/cfd/Images/CFD/WF-209/CFD-WF-209-052-N.jpg,m,1
4,2,63,study,0,male,Asian,male,White,angry,,,,,m,672,True,False,,1,,,,False,143,AM-248,materials/cfd/Images/CFD/AM-248/CFD-AM-248-104-N.jpg,WM-025,materials/cfd/Images/CFD/WM-025/CFD-WM-025-008-A.jpg,m,1
4,2,64,study,0,male,Latino,male,Black,angry,,,,,m,584,True,False,,1,,,,False,145,LM-218,materials/cfd/Images/CFD/LM-218/CFD-LM-218-183-N.jpg,BM-025,materials/cfd/Images/CFD/BM-025/CFD-BM-025-045-A.jpg,m,1
4,2,65,study,0,female,Latino,male,White,angry,,,,,z,401,True,False,,1,,,,False,147,LF-243,materials/cfd/Images/CFD/LF-243/CFD-LF-243-175-N.jpg,WM-039,materials/cfd/Images/CFD/WM-039/CFD-WM-039-010-A.jpg,z,1
4,2,66,study,0,female,White,male,Black,happy,,,,,z,703,True,False,,1,,,,False,149,WF-035,materials/cfd/Images/CFD/WF-035/CFD-WF-035-024-N.jpg,BM-030,materials/cfd/Images/CFD/BM-030/CFD-BM-030-004-HO.jpg,z,1
4,2,67,study,0,female,Black,female,White,happy,,,,,z,765,True,False,,1,,,,False,151,BF-253,materials/cfd/Images/CFD/BF-253/CFD-BF-253-202-N.jpg,WF-010,materials/cfd/Images/CFD/WF-010/CFD-WF-010-006-HO.jpg,z,1
4,2,68,study,0,male,Asian,female,White,angry,,,,,m,899,True,False,,1,,,,False,153,AM-221,materials/cfd/Images/CFD/AM-221/CFD-AM-221-184-N.jpg,WF-031,materials/cfd/Images/CFD/WF-031/CFD-WF-031-015-A.jpg,m,1
4,2,69,study,0,male,Black,male,White,happy,,,,,m,623,True,False,,1,,,,False,155,BM-010,materials/cfd/Images/CFD/BM-010/CFD-BM-010-003-N.jpg,WM-023,materials/cfd/Images/CFD/WM-023/CFD-WM-023-004-HO.jpg,m,1
4,2,70,study,0,male,White,male,White,neutral,,,,,m,532,True,False,,1,,,,False,157,WM-011,materials/cfd/Images/CFD/WM-011/CFD-WM-011-002-N.jpg,WM-021,materials/cfd/Images/CFD/WM-021/CFD-WM-021-001-N.jpg,m,1
4,2,71,study,0,male,White,female,Black,neutral,,,,,m,585,True,False,,1,,,,False,159,WM-229,materials/cfd/Images/CFD/WM-229/CFD-WM-229-129-N.jpg,BF-223,materials/cfd/Images/CFD/BF-223/CFD-BF-223-250-N.jpg,m,1
4,2,72,study,0,male,White,male,Black,angry,,,,,m,748,True,False,,1,,,,False,161,WM-219,materials/cfd/Images/CFD/WM-219/CFD-WM-219-008-N.jpg,BM-019,materials/cfd/Images/CFD/BM-019/CFD-BM-019-045-A.jpg,m,1
4,2,73,study,0,male,Latino,female,White,happy,,,,,m,575,True,False,,1,,,,False,163,LM-201,materials/cfd/Images/CFD/LM-201/CFD-LM-201-057-N.jpg,WF-038,materials/cfd/Images/CFD/WF-038/CFD-WF-038-023-HO.jpg,m,1
4,2,74,study,0,female,White,male,Black,angry,,,,,z,735,True,False,,1,,,,False,165,WF-025,materials/cfd/Images/CFD/WF-025/CFD-WF-025-019-N.jpg,BM-005,materials/cfd/Images/CFD/BM-005/CFD-BM-005-010-A.jpg,z,1
4,2,75,study,0,female,White,female,White,angry,,,,,z,642,True,False,,1,,,,False,167,WF-207,materials/cfd/Images/CFD/WF-207/CFD-WF-207-014-N.jpg,WF-013,materials/cfd/Images/CFD/WF-013/CFD-WF-013-015-A.jpg,z,1
4,2,76,study,0,female,Black,female,Black,neutral,,,,,z,794,True,False,,1,,,,False,169,BF-219,materials/cfd/Images/CFD/BF-219/CFD-BF-219-137-N.jpg,BF-236,materials/cfd/Images/CFD/BF-236/CFD-BF-236-177-N.jpg,z,1
4,2,77,study,0,female,Asian,male,Black,happy,,,,,z,566,True,False,,1,,,,False,171,AF-233,materials/cfd/Images/CFD/AF-233/CFD-AF-233-190-N.jpg,BM-031,materials/cfd/Images/CFD/BM-031/CFD-BM-031-004-HO.jpg,z,1
4,2,78,study,0,male,Latino,female,Black,neutral,,,,,m,960,True,False,,1,,,,False,173,LM-238,materials/cfd/Images/CFD/LM-238/CFD-LM-238-129-N.jpg,BF-047,materials/cfd/Images/CFD/BF-047/CFD-BF-047-003-N.jpg,m,1
4,2,79,study,0,female,Black,male,White,neutral,,,,,z,1534,True,False,,1,,,,False,175,BF-247,materials/cfd/Images/CFD/BF-247/CFD-BF-247-179-N.jpg,WM-233,materials/cfd/Images/CFD/WM-233/CFD-WM-233-106-N.jpg,z,1
4,2,80,study,0,female,White,female,Black,angry,,,,,z,586,True,False,,1,,,,False,177,WF-252,materials/cfd/Images/CFD/WF-252/CFD-WF-252-159-N.jpg,BF-033,materials/cfd/Images/CFD/BF-033/CFD-BF-033-016-A.jpg,z,1
4,2,81,study,0,male,Black,male,Black,happy,,,,,m,601,True,False,,1,,,,False,179,BM-015,materials/cfd/Images/CFD/BM-015/CFD-BM-015-015-N.jpg,BM-039,materials/cfd/Images/CFD/BM-039/CFD-BM-039-034-HO.jpg,m,1
4,2,82,study,0,male,White,male,White,neutral,,,,,m,605,True,False,,1,,,,False,181,WM-013,materials/cfd/Images/CFD/WM-013/CFD-WM-013-001-N.jpg,WM-010,materials/cfd/Images/CFD/WM-010/CFD-WM-010-001-N.jpg,m,1
4,2,83,study,0,male,Black,female,Black,angry,,,,,m,651,True,False,,1,,,,False,183,BM-225,materials/cfd/Images/CFD/BM-225/CFD-BM-225-154-N.jpg,BF-007,materials/cfd/Images/CFD/BF-007/CFD-BF-007-013-A.jpg,m,1
4,2,84,study,0,female,White,male,Black,neutral,,,,,z,769,True,False,,1,,,,False,185,WF-223,materials/cfd/Images/CFD/WF-223/CFD-WF-223-133-N.jpg,BM-235,materials/cfd/Images/CFD/BM-235/CFD-BM-235-226-N.jpg,z,1
4,2,85,study,0,female,White,male,Black,neutral,,,,,z,1500,True,False,,1,,,,False,187,WF-034,materials/cfd/Images/CFD/WF-034/CFD-WF-034-006-N.jpg,BM-245,materials/cfd/Images/CFD/BM-245/CFD-BM-245-164-N.jpg,z,1
4,2,86,study,0,male,Black,female,Black,neutral,,,,,m,654,True,False,,1,,,,False,189,BM-219,materials/cfd/Images/CFD/BM-219/CFD-BM-219-141-N.jpg,BF-049,materials/cfd/Images/CFD/BF-049/CFD-BF-049-032-N.jpg,m,1
4,2,87,study,0,male,Black,male,White,happy,,,,,m,1723,True,False,,1,,,,False,191,BM-253,materials/cfd/Images/CFD/BM-253/CFD-BM-253-004-N.jpg,WM-031,materials/cfd/Images/CFD/WM-031/CFD-WM-031-004-HO.jpg,m,1
4,2,88,study,0,male,Black,male,Black,angry,,,,,m,1913,True,False,,1,,,,False,193,BM-226,materials/cfd/Images/CFD/BM-226/CFD-BM-226-276-N.jpg,BM-022,materials/cfd/Images/CFD/BM-022/CFD-BM-022-030-A.jpg,m,1
4,2,89,study,0,male,Latino,male,White,neutral,,,,,m,845,True,False,,1,,,,False,195,LM-226,materials/cfd/Images/CFD/LM-226/CFD-LM-226-175-N.jpg,WM-014,materials/cfd/Images/CFD/WM-014/CFD-WM-014-002-N.jpg,m,1
4,2,90,study,0,male,Latino,female,White,angry,,,,,m,2581,True,False,,1,,,,False,197,LM-237,materials/cfd/Images/CFD/LM-237/CFD-LM-237-264-N.jpg,WF-026,materials/cfd/Images/CFD/WF-026/CFD-WF-026-008-A.jpg,m,1
4,2,91,study,1,female,Latino,female,White,angry,,,,,z,1098,True,False,,1,,,,False,200,LF-234,materials/cfd/Images/CFD/LF-234/CFD-LF-234-139-N.jpg,WF-014,materials/cfd/Images/CFD/WF-014/CFD-WF-014-012-A.jpg,z,1
4,2,92,study,1,female,Latino,female,Black,angry,,,,,z,578,True,False,,1,,,,False,202,LF-247,materials/cfd/Images/CFD/LF-247/CFD-LF-247-051-N.jpg,BF-023,materials/cfd/Images/CFD/BF-023/CFD-BF-023-013-A.jpg,z,1
4,2,93,study,1,female,Asian,male,Black,neutral,,,,,z,718,True,False,,1,,,,False,204,AF-213,materials/cfd/Images/CFD/AF-213/CFD-AF-213-126-N.jpg,BM-029,materials/cfd/Images/CFD/BM-029/CFD-BM-029-024-N.jpg,z,1
4,2,94,study,1,female,Asian,female,White,happy,,,,,z,1103,True,False,,1,,,,False,206,AF-202,materials/cfd/Images/CFD/AF-202/CFD-AF-202-122-N.jpg,WF-001,materials/cfd/Images/CFD/WF-001/CFD-WF-001-009-HO.jpg,z,1
4,2,95,study,1,male,Asian,female,Black,happy,,,,,m,635,True,False,,1,,,,False,208,AM-226,materials/cfd/Images/CFD/AM-226/CFD-AM-226-234-N.jpg,BF-051,materials/cfd/Images/CFD/BF-051/CFD-BF-051-037-HO.jpg,m,1
4,2,96,study,1,male,Black,male,Black,neutral,,,,,m,720,True,False,,1,,,,False,210,BM-240,materials/cfd/Images/CFD/BM-240/CFD-BM-240-207-N.jpg,BM-230,materials/cfd/Images/CFD/BM-230/CFD-BM-230-232-N.jpg,m,1
4,2,97,study,1,female,Asian,male,White,angry,,,,,z,722,True,False,,1,,,,False,212,AF-253,materials/cfd/Images/CFD/AF-253/CFD-AF-253-130-N.jpg,WM-036,materials/cfd/Images/CFD/WM-036/CFD-WM-036-018-A.jpg,z,1
4,2,98,study,1,female,White,female,White,angry,,,,,z,712,True,False,,1,,,,False,214,WF-245,materials/cfd/Images/CFD/WF-245/CFD-WF-245-084-N.jpg,WF-006,materials/cfd/Images/CFD/WF-006/CFD-WF-006-019-A.jpg,z,1
4,2,99,study,1,male,Asian,female,White,happy,,,,,m,630,True,False,,1,,,,False,216,AM-237,materials/cfd/Images/CFD/AM-237/CFD-AM-237-154-N.jpg,WF-012,materials/cfd/Images/CFD/WF-012/CFD-WF-012-007-HO.jpg,m,1
4,2,100,study,1,male,White,female,Black,neutral,,,,,m,817,True,False,,1,,,,False,218,WM-228,materials/cfd/Images/CFD/WM-228/CFD-WM-228-065-N.jpg,BF-233,materials/cfd/Images/CFD/BF-233/CFD-BF-233-116-N.jpg,m,1
4,2,101,study,1,male,Latino,female,White,happy,,,,,m,820,True,False,,1,,,,False,220,LM-220,materials/cfd/Images/CFD/LM-220/CFD-LM-220-329-N.jpg,WF-030,materials/cfd/Images/CFD/WF-030/CFD-WF-030-003-HO.jpg,m,1
4,2,102,study,1,male,Asian,female,White,happy,,,,,m,476,True,False,,1,,,,False,222,AM-235,materials/cfd/Images/CFD/AM-235/CFD-AM-235-241-N.jpg,WF-017,materials/cfd/Images/CFD/WF-017/CFD-WF-017-015-HO.jpg,m,1
4,2,103,study,1,female,White,female,White,happy,,,,,z,759,True,False,,1,,,,False,224,WF-011,materials/cfd/Images/CFD/WF-011/CFD-WF-011-002-N.jpg,WF-027,materials/cfd/Images/CFD/WF-027/CFD-WF-027-021-HO.jpg,z,1
4,2,104,study,1,female,White,female,Black,neutral,,,,,z,808,True,False,,1,,,,False,226,WF-227,materials/cfd/Images/CFD/WF-227/CFD-WF-227-002-N.jpg,BF-252,materials/cfd/Images/CFD/BF-252/CFD-BF-252-191-N.jpg,z,1
4,2,105,study,1,female,Latino,male,Black,angry,,,,,z,871,True,False,,1,,,,False,228,LF-206,materials/cfd/Images/CFD/LF-206/CFD-LF-206-078-N.jpg,BM-043,materials/cfd/Images/CFD/BM-043/CFD-BM-043-014-A.jpg,z,1
4,2,106,study,1,male,Asian,female,Black,angry,,,,,m,866,True,False,,1,,,,False,230,AM-205,materials/cfd/Images/CFD/AM-205/CFD-AM-205-153-N.jpg,BF-011,materials/cfd/Images/CFD/BF-011/CFD-BF-011-011-A.jpg,m,1
4,2,107,study,1,female,Black,male,Black,neutral,,,,,z,1175,True,False,,1,,,,False,232,BF-215,materials/cfd/Images/CFD/BF-215/CFD-BF-215-177-N.jpg,BM-038,materials/cfd/Images/CFD/BM-038/CFD-BM-038-001-N.jpg,z,1
4,2,108,study,1,male,Asian,female,Black,angry,,,,,m,473,True,False,,1,,,,False,234,AM-218,materials/cfd/Images/CFD/AM-218/CFD-AM-218-085-N.jpg,BF-040,materials/cfd/Images/CFD/BF-040/CFD-BF-040-051-A.jpg,m,1
4,2,109,study,1,male,Black,male,Black,angry,,,,,,,False,True,,1,,,,False,236,BM-044,materials/cfd/Images/CFD/BM-044/CFD-BM-044-001-N.jpg,BM-021,materials/cfd/Images/CFD/BM-021/CFD-BM-021-026-A.jpg,m,1
4,2,110,study,1,female,White,male,White,happy,,,,,z,528,True,False,,1,,,,False,238,WF-232,materials/cfd/Images/CFD/WF-232/CFD-WF-232-161-N.jpg,WM-002,materials/cfd/Images/CFD/WM-002/CFD-WM-002-007-HO.jpg,z,1
4,2,111,study,1,female,Latino,male,Black,angry,,,,,z,719,True,False,,1,,,,False,240,LF-213,materials/cfd/Images/CFD/LF-213/CFD-LF-213-079-N.jpg,BM-033,materials/cfd/Images/CFD/BM-033/CFD-BM-033-032-A.jpg,z,1
4,2,112,study,1,female,White,female,Black,happy,,,,,z,470,True,False,,1,,,,False,242,WF-015,materials/cfd/Images/CFD/WF-015/CFD-WF-015-006-N.jpg,BF-016,materials/cfd/Images/CFD/BF-016/CFD-BF-016-018-HO.jpg,z,1
4,2,113,study,1,female,Latino,female,Black,neutral,,,,,z,524,True,False,,1,,,,False,244,LF-218,materials/cfd/Images/CFD/LF-218/CFD-LF-218-072-N.jpg,BF-034,materials/cfd/Images/CFD/BF-034/CFD-BF-034-002-N.jpg,z,1
4,2,114,study,1,female,White,female,Black,neutral,,,,,z,700,True,False,,1,,,,False,246,WF-219,materials/cfd/Images/CFD/WF-219/CFD-WF-219-038-N.jpg,BF-230,materials/cfd/Images/CFD/BF-230/CFD-BF-230-189-N.jpg,z,1
4,2,115,study,1,female,Asian,female,Black,neutral,,,,,z,982,True,False,,1,,,,False,248,AF-224,materials/cfd/Images/CFD/AF-224/CFD-AF-224-026-N.jpg,BF-042,materials/cfd/Images/CFD/BF-042/CFD-BF-042-026-N.jpg,z,1
4,2,116,study,1,female,Black,male,White,happy,,,,,z,1019,True,False,,1,,,,False,250,BF-021,materials/cfd/Images/CFD/BF-021/CFD-BF-021-013-N.jpg,WM-019,materials/cfd/Images/CFD/WM-019/CFD-WM-019-009-HO.jpg,z,1
4,2,117,study,1,female,Latino,female,Black,happy,,,,,z,915,True,False,,1,,,,False,252,LF-230,materials/cfd/Images/CFD/LF-230/CFD-LF-230-203-N.jpg,BF-037,materials/cfd/Images/CFD/BF-037/CFD-BF-037-026-HO.jpg,z,1
4,2,118,study,1,male,Black,male,Black,happy,,,,,m,1357,True,False,,1,,,,False,254,BM-046,materials/cfd/Images/CFD/BM-046/CFD-BM-046-006-N.jpg,BM-032,materials/cfd/Images/CFD/BM-032/CFD-BM-032-007-HO.jpg,m,1
4,2,119,study,1,female,Asian,male,Black,happy,,,,,z,1142,True,False,,1,,,,False,256,AF-219,materials/cfd/Images/CFD/AF-219/CFD-AF-219-106-N.jpg,BM-003,materials/cfd/Images/CFD/BM-003/CFD-BM-003-021-HO.jpg,z,1
4,2,120,study,1,male,Latino,male,White,happy,,,,,m,769,True,False,,1,,,,False,258,LM-210,materials/cfd/Images/CFD/LM-210/CFD-LM-210-156-N.jpg,WM-017,materials/cfd/Images/CFD/WM-017/CFD-WM-017-005-HO.jpg,m,1
4,2,121,test,0,male,Black,male,Black,happy,,,,rearranged,z,1555,False,False,,1,,,,False,277,BM-046,materials/cfd/Images/CFD/BM-046/CFD-BM-046-006-N.jpg,BM-039,materials/cfd/Images/CFD/BM-039/CFD-BM-039-034-HO.jpg,m,1
4,2,122,test,0,female,Latino,female,Black,neutral,,,,rearranged,z,1673,False,False,,1,,,,False,279,LF-218,materials/cfd/Images/CFD/LF-218/CFD-LF-218-072-N.jpg,BF-252,materials/cfd/Images/CFD/BF-252/CFD-BF-252-191-N.jpg,m,1
4,2,123,test,0,female,Latino,female,White,happy,,,,rearranged,z,1984,False,False,,1,,,,False,281,LF-230,materials/cfd/Images/CFD/LF-230/CFD-LF-230-203-N.jpg,WF-001,materials/cfd/Images/CFD/WF-001/CFD-WF-001-009-HO.jpg,m,1
4,2,124,test,0,male,White,male,White,neutral,,,,rearranged,m,2236,True,False,,1,,,,False,283,WM-011,materials/cfd/Images/CFD/WM-011/CFD-WM-011-002-N.jpg,WM-014,materials/cfd/Images/CFD/WM-014/CFD-WM-014-002-N.jpg,m,1
4,2,125,test,0,female,Latino,male,Black,angry,,,,rearranged,z,1408,False,False,,1,,,,False,285,LF-206,materials/cfd/Images/CFD/LF-206/CFD-LF-206-078-N.jpg,BM-005,materials/cfd/Images/CFD/BM-005/CFD-BM-005-010-A.jpg,m,1
4,2,126,test,0,female,Black,male,White,neutral,,,,intact,m,1870,False,False,,1,,,,False,287,BF-247,materials/cfd/Images/CFD/BF-247/CFD-BF-247-179-N.jpg,WM-233,materials/cfd/Images/CFD/WM-233/CFD-WM-233-106-N.jpg,z,1
4,2,127,test,0,male,Black,male,Black,angry,,,,intact,m,1959,False,False,,1,,,,False,289,BM-226,materials/cfd/Images/CFD/BM-226/CFD-BM-226-276-N.jpg,BM-022,materials/cfd/Images/CFD/BM-022/CFD-BM-022-030-A.jpg,z,1
4,2,128,test,0,female,Asian,male,Black,happy,,,,intact,m,1505,False,False,,1,,,,False,291,AF-233,materials/cfd/Images/CFD/AF-233/CFD-AF-233-190-N.jpg,BM-031,materials/cfd/Images/CFD/BM-031/CFD-BM-031-004-HO.jpg,z,1
4,2,129,test,0,male,Asian,female,Black,happy,,,,intact,z,1573,True,False,,1,,,,False,293,AM-226,materials/cfd/Images/CFD/AM-226/CFD-AM-226-234-N.jpg,BF-051,materials/cfd/Images/CFD/BF-051/CFD-BF-051-037-HO.jpg,z,1
4,2,130,test,0,female,Black,female,Black,neutral,,,,intact,z,1867,True,False,,1,,,,False,295,BF-219,materials/cfd/Images/CFD/BF-219/CFD-BF-219-137-N.jpg,BF-236,materials/cfd/Images/CFD/BF-236/CFD-BF-236-177-N.jpg,z,1
4,2,131,test,0,female,White,female,Black,happy,,,,rearranged,m,1648,True,False,,1,,,,False,297,WF-015,materials/cfd/Images/CFD/WF-015/CFD-WF-015-006-N.jpg,BF-037,materials/cfd/Images/CFD/BF-037/CFD-BF-037-026-HO.jpg,m,1
4,2,132,test,0,female,White,female,Black,neutral,,,,intact,z,1782,True,False,,1,,,,False,299,WF-219,materials/cfd/Images/CFD/WF-219/CFD-WF-219-038-N.jpg,BF-230,materials/cfd/Images/CFD/BF-230/CFD-BF-230-189-N.jpg,z,1
4,2,133,test,0,female,Asian,male,White,angry,,,,intact,z,1443,True,False,,1,,,,False,301,AF-253,materials/cfd/Images/CFD/AF-253/CFD-AF-253-130-N.jpg,WM-036,materials/cfd/Images/CFD/WM-036/CFD-WM-036-018-A.jpg,z,1
4,2,134,test,0,female,White,male,Black,angry,,,,rearranged,m,986,True,False,,1,,,,False,303,WF-025,materials/cfd/Images/CFD/WF-025/CFD-WF-025-019-N.jpg,BM-033,materials/cfd/Images/CFD/BM-033/CFD-BM-033-032-A.jpg,m,1
4,2,135,test,0,male,Asian,female,Black,angry,,,,rearranged,m,1035,True,False,,1,,,,False,305,AM-218,materials/cfd/Images/CFD/AM-218/CFD-AM-218-085-N.jpg,BF-011,materials/cfd/Images/CFD/BF-011/CFD-BF-011-011-A.jpg,m,1
4,2,136,test,0,male,Asian,female,White,neutral,,,,intact,m,1558,False,False,,1,,,,False,307,AM-227,materials/cfd/Images/CFD/AM-227/CFD-AM-227-184-N.jpg,WF-209,materials/cfd/Images/CFD/WF-209/CFD-WF-209-052-N.jpg,z,1
4,2,137,test,0,female,White,male,Black,happy,,,,intact,z,1423,True,False,,1,,,,False,309,WF-035,materials/cfd/Images/CFD/WF-035/CFD-WF-035-024-N.jpg,BM-030,materials/cfd/Images/CFD/BM-030/CFD-BM-030-004-HO.jpg,z,1
4,2,138,test,0,female,Latino,male,Black,angry,,,,rearranged,m,778,True,False,,1,,,,False,311,LF-213,materials/cfd/Images/CFD/LF-213/CFD-LF-213-079-N.jpg,BM-043,materials/cfd/Images/CFD/BM-043/CFD-BM-043-014-A.jpg,m,1
4,2,139,test,0,male,Black,male,White,angry,,,,rearranged,m,884,True,False,,1,,,,False,313,BM-044,materials/cfd/Images/CFD/BM-044/CFD-BM-044-001-N.jpg,WM-025,materials/cfd/Images/CFD/WM-025/CFD-WM-025-008-A.jpg,m,1
4,2,140,test,0,male,White,male,White,neutral,,,,intact,z,1493,True,False,,1,,,,False,315,WM-013,materials/cfd/Images/CFD/WM-013/CFD-WM-013-001-N.jpg,WM-010,materials/cfd/Images/CFD/WM-010/CFD-WM-010-001-N.jpg,z,1
4,2,141,test,0,male,Asian,male,Black,angry,,,,rearranged,m,981,True,False,,1,,,,False,317,AM-248,materials/cfd/Images/CFD/AM-248/CFD-AM-248-104-N.jpg,BM-019,materials/cfd/Images/CFD/BM-019/CFD-BM-019-045-A.jpg,m,1
4,2,142,test,0,female,Asian,female,Black,neutral,,,,intact,m,1181,False,False,,1,,,,False,319,AF-224,materials/cfd/Images/CFD/AF-224/CFD-AF-224-026-N.jpg,BF-042,materials/cfd/Images/CFD/BF-042/CFD-BF-042-026-N.jpg,z,1
4,2,143,test,0,female,White,male,Black,happy,,,,rearranged,m,867,True,False,,1,,,,False,321,WF-232,materials/cfd/Images/CFD/WF-232/CFD-WF-232-161-N.jpg,BM-003,materials/cfd/Images/CFD/BM-003/CFD-BM-003-021-HO.jpg,m,1
4,2,144,test,0,female,White,male,Black,neutral,,,,rearranged,z,1017,False,False,,1,,,,False,323,WF-034,materials/cfd/Images/CFD/WF-034/CFD-WF-034-006-N.jpg,BM-029,materials/cfd/Images/CFD/BM-029/CFD-BM-029-024-N.jpg,m,1
4,2,145,test,0,male,Asian,female,Black,angry,,,,rearranged,m,1005,True,False,,1,,,,False,325,AM-205,materials/cfd/Images/CFD/AM-205/CFD-AM-205-153-N.jpg,BF-040,materials/cfd/Images/CFD/BF-040/CFD-BF-040-051-A.jpg,m,1
4,2,146,test,0,female,White,female,White,angry,,,,rearranged,z,1366,False,False,,1,,,,False,327,WF-207,materials/cfd/Images/CFD/WF-207/CFD-WF-207-014-N.jpg,WF-014,materials/cfd/Images/CFD/WF-014/CFD-WF-014-012-A.jpg,m,1
4,2,147,test,0,female,White,female,Black,angry,,,,intact,z,1632,True,False,,1,,,,False,329,WF-252,materials/cfd/Images/CFD/WF-252/CFD-WF-252-159-N.jpg,BF-033,materials/cfd/Images/CFD/BF-033/CFD-BF-033-016-A.jpg,z,1
4,2,148,test,0,female,Black,female,White,happy,,,,intact,m,1204,False,False,,1,,,,False,331,BF-253,materials/cfd/Images/CFD/BF-253/CFD-BF-253-202-N.jpg,WF-010,materials/cfd/Images/CFD/WF-010/CFD-WF-010-006-HO.jpg,z,1
4,2,149,test,0,male,Black,male,White,neutral,,,,rearranged,m,1751,True,False,,1,,,,False,333,BM-240,materials/cfd/Images/CFD/BM-240/CFD-BM-240-207-N.jpg,WM-021,materials/cfd/Images/CFD/WM-021/CFD-WM-021-001-N.jpg,m,1
4,2,150,test,0,male,Latino,female,White,happy,,,,rearranged,m,1347,True,False,,1,,,,False,335,LM-220,materials/cfd/Images/CFD/LM-220/CFD-LM-220-329-N.jpg,WF-017,materials/cfd/Images/CFD/WF-017/CFD-WF-017-015-HO.jpg,m,1
4,2,151,test,1,male,White,male,Black,neutral,,,,intact,z,1417,True,False,,1,,,,False,338,WM-258,materials/cfd/Images/CFD/WM-258/CFD-WM-258-125-N.jpg,BM-023,materials/cfd/Images/CFD/BM-023/CFD-BM-023-029-N.jpg,z,1
4,2,152,test,1,male,Black,male,White,happy,,,,intact,z,1277,True,False,,1,,,,False,340,BM-010,materials/cfd/Images/CFD/BM-010/CFD-BM-010-003-N.jpg,WM-023,materials/cfd/Images/CFD/WM-023/CFD-WM-023-004-HO.jpg,z,1
4,2,153,test,1,female,White,female,White,happy,,,,intact,m,1030,False,False,,1,,,,False,342,WF-011,materials/cfd/Images/CFD/WF-011/CFD-WF-011-002-N.jpg,WF-027,materials/cfd/Images/CFD/WF-027/CFD-WF-027-021-HO.jpg,z,1
4,2,154,test,1,female,Black,male,Black,neutral,,,,rearranged,m,1005,True,False,,1,,,,False,344,BF-215,materials/cfd/Images/CFD/BF-215/CFD-BF-215-177-N.jpg,BM-245,materials/cfd/Images/CFD/BM-245/CFD-BM-245-164-N.jpg,m,1
4,2,155,test,1,male,Black,female,Black,angry,,,,intact,m,1037,False,False,,1,,,,False,346,BM-225,materials/cfd/Images/CFD/BM-225/CFD-BM-225-154-N.jpg,BF-007,materials/cfd/Images/CFD/BF-007/CFD-BF-007-013-A.jpg,z,1
4,2,156,test,1,male,Black,female,Black,neutral,,,,intact,z,1074,True,False,,1,,,,False,348,BM-219,materials/cfd/Images/CFD/BM-219/CFD-BM-219-141-N.jpg,BF-049,materials/cfd/Images/CFD/BF-049/CFD-BF-049-032-N.jpg,z,1
4,2,157,test,1,female,Black,male,White,happy,,,,intact,m,1000,False,False,,1,,,,False,350,BF-021,materials/cfd/Images/CFD/BF-021/CFD-BF-021-013-N.jpg,WM-019,materials/cfd/Images/CFD/WM-019/CFD-WM-019-009-HO.jpg,z,1
4,2,158,test,1,male,Black,male,Black,happy,,,,rearranged,m,822,True,False,,1,,,,False,352,BM-015,materials/cfd/Images/CFD/BM-015/CFD-BM-015-015-N.jpg,BM-032,materials/cfd/Images/CFD/BM-032/CFD-BM-032-007-HO.jpg,m,1
4,2,159,test,1,female,Asian,female,Black,happy,,,,rearranged,z,1142,False,False,,1,,,,False,354,AF-202,materials/cfd/Images/CFD/AF-202/CFD-AF-202-122-N.jpg,BF-016,materials/cfd/Images/CFD/BF-016/CFD-BF-016-018-HO.jpg,m,1
4,2,160,test,1,male,Asian,female,White,happy,,,,rearranged,m,855,True,False,,1,,,,False,356,AM-237,materials/cfd/Images/CFD/AM-237/CFD-AM-237-154-N.jpg,WF-030,materials/cfd/Images/CFD/WF-030/CFD-WF-030-003-HO.jpg,m,1
4,2,161,test,1,female,Asian,male,White,happy,,,,rearranged,m,705,True,False,,1,,,,False,358,AF-219,materials/cfd/Images/CFD/AF-219/CFD-AF-219-106-N.jpg,WM-002,materials/cfd/Images/CFD/WM-002/CFD-WM-002-007-HO.jpg,m,1
4,2,162,test,1,male,Latino,female,White,happy,,,,intact,m,892,False,False,,1,,,,False,360,LM-201,materials/cfd/Images/CFD/LM-201/CFD-LM-201-057-N.jpg,WF-038,materials/cfd/Images/CFD/WF-038/CFD-WF-038-023-HO.jpg,z,1
4,2,163,test,1,male,Asian,female,White,angry,,,,intact,z,1083,True,False,,1,,,,False,362,AM-221,materials/cfd/Images/CFD/AM-221/CFD-AM-221-184-N.jpg,WF-031,materials/cfd/Images/CFD/WF-031/CFD-WF-031-015-A.jpg,z,1
4,2,164,test,1,female,Latino,female,White,angry,,,,rearranged,m,1287,True,False,,1,,,,False,364,LF-234,materials/cfd/Images/CFD/LF-234/CFD-LF-234-139-N.jpg,WF-013,materials/cfd/Images/CFD/WF-013/CFD-WF-013-015-A.jpg,m,1
4,2,165,test,1,male,Latino,female,Black,neutral,,,,intact,m,1861,False,False,,1,,,,False,366,LM-238,materials/cfd/Images/CFD/LM-238/CFD-LM-238-129-N.jpg,BF-047,materials/cfd/Images/CFD/BF-047/CFD-BF-047-003-N.jpg,z,1
4,2,166,test,1,male,Latino,male,Black,neutral,,,,rearranged,m,1483,True,False,,1,,,,False,368,LM-226,materials/cfd/Images/CFD/LM-226/CFD-LM-226-175-N.jpg,BM-230,materials/cfd/Images/CFD/BM-230/CFD-BM-230-232-N.jpg,m,1
4,2,167,test,1,male,Latino,male,Black,angry,,,,intact,m,1353,False,False,,1,,,,False,370,LM-218,materials/cfd/Images/CFD/LM-218/CFD-LM-218-183-N.jpg,BM-025,materials/cfd/Images/CFD/BM-025/CFD-BM-025-045-A.jpg,z,1
4,2,168,test,1,female,Latino,female,Black,angry,,,,intact,m,1599,False,False,,1,,,,False,372,LF-247,materials/cfd/Images/CFD/LF-247/CFD-LF-247-051-N.jpg,BF-023,materials/cfd/Images/CFD/BF-023/CFD-BF-023-013-A.jpg,z,1
4,2,169,test,1,female,Latino,male,White,angry,,,,intact,m,1246,False,False,,1,,,,False,374,LF-243,materials/cfd/Images/CFD/LF-243/CFD-LF-243-175-N.jpg,WM-039,materials/cfd/Images/CFD/WM-039/CFD-WM-039-010-A.jpg,z,1
4,2,170,test,1,female,White,female,White,angry,,,,intact,z,1670,True,False,,1,,,,False,376,WF-245,materials/cfd/Images/CFD/WF-245/CFD-WF-245-084-N.jpg,WF-006,materials/cfd/Images/CFD/WF-006/CFD-WF-006-019-A.jpg,z,1
4,2,171,test,1,female,Asian,male,Black,neutral,,,,rearranged,m,955,True,False,,1,,,,False,378,AF-213,materials/cfd/Images/CFD/AF-213/CFD-AF-213-126-N.jpg,BM-038,materials/cfd/Images/CFD/BM-038/CFD-BM-038-001-N.jpg,m,1
4,2,172,test,1,female,White,female,Black,neutral,,,,rearranged,m,1115,True,False,,1,,,,False,380,WF-227,materials/cfd/Images/CFD/WF-227/CFD-WF-227-002-N.jpg,BF-034,materials/cfd/Images/CFD/BF-034/CFD-BF-034-002-N.jpg,m,1
4,2,173,test,1,male,Latino,female,White,angry,,,,intact,z,1173,True,False,,1,,,,False,382,LM-237,materials/cfd/Images/CFD/LM-237/CFD-LM-237-264-N.jpg,WF-026,materials/cfd/Images/CFD/WF-026/CFD-WF-026-008-A.jpg,z,1
4,2,174,test,1,male,Asian,female,White,happy,,,,rearranged,z,1296,False,False,,1,,,,False,384,AM-235,materials/cfd/Images/CFD/AM-235/CFD-AM-235-241-N.jpg,WF-012,materials/cfd/Images/CFD/WF-012/CFD-WF-012-007-HO.jpg,m,1
4,2,175,test,1,male,White,male,Black,angry,,,,rearranged,z,1044,False,False,,1,,,,False,386,WM-219,materials/cfd/Images/CFD/WM-219/CFD-WM-219-008-N.jpg,BM-021,materials/cfd/Images/CFD/BM-021/CFD-BM-021-026-A.jpg,m,1
4,2,176,test,1,male,Latino,male,White,happy,,,,intact,z,1756,True,False,,1,,,,False,388,LM-210,materials/cfd/Images/CFD/LM-210/CFD-LM-210-156-N.jpg,WM-017,materials/cfd/Images/CFD/WM-017/CFD-WM-017-005-HO.jpg,z,1
4,2,177,test,1,male,White,female,Black,neutral,,,,rearranged,z,2016,False,False,,1,,,,False,390,WM-229,materials/cfd/Images/CFD/WM-229/CFD-WM-229-129-N.jpg,BF-233,materials/cfd/Images/CFD/BF-233/CFD-BF-233-116-N.jpg,m,1
4,2,178,test,1,male,White,female,Black,neutral,,,,rearranged,z,1731,False,False,,1,,,,False,392,WM-228,materials/cfd/Images/CFD/WM-228/CFD-WM-228-065-N.jpg,BF-223,materials/cfd/Images/CFD/BF-223/CFD-BF-223-250-N.jpg,m,1
4,2,179,test,1,female,White,male,Black,neutral,,,,intact,z,2311,True,False,,1,,,,False,394,WF-223,materials/cfd/Images/CFD/WF-223/CFD-WF-223-133-N.jpg,BM-235,materials/cfd/Images/CFD/BM-235/CFD-BM-235-226-N.jpg,z,1
4,2,180,test,1,male,Black,male,White,happy,,,,intact,m,888,False,False,,1,,,,False,396,BM-253,materials/cfd/Images/CFD/BM-253/CFD-BM-253-004-N.jpg,WM-031,materials/cfd/Images/CFD/WM-031/CFD-WM-031-004-HO.jpg,z,1
5,2,1,study,0,male,Asian,male,Black,happy,,,,,m,535,True,False,,2,,,,False,17,AM-242,materials/cfd/Images/CFD/AM-242/CFD-AM-242-176-N.jpg,BM-036,materials/cfd/Images/CFD/BM-036/CFD-BM-036-004-HO.jpg,m,1.25
5,2,2,study,0,male,White,male,Black,angry,,,,,m,693,True,False,,2,,,,False,19,WM-245,materials/cfd/Images/CFD/WM-245/CFD-WM-245-123-N.jpg,BM-015,materials/cfd/Images/CFD/BM-015/CFD-BM-015-012-A.jpg,m,1.25
5,2,3,study,0,male,White,male,White,neutral,,,,,m,730,True,False,,2,,,,False,21,WM-229,materials/cfd/Images/CFD/WM-229/CFD-WM-229-129-N.jpg,WM-237,materials/cfd/Images/CFD/WM-237/CFD-WM-237-052-N.jpg,m,1.25
5,2,4,study,0,female,Black,female,Black,happy,,,,,z,880,True,False,,2,,,,False,23,BF-002,materials/cfd/Images/CFD/BF-002/CFD-BF-002-001-N.jpg,BF-032,materials/cfd/Images/CFD/BF-032/CFD-BF-032-043-HO.jpg,z,1.25
5,2,5,study,0,female,Asian,female,White,angry,,,,,z,827,True,False,,2,,,,False,25,AF-211,materials/cfd/Images/CFD/AF-211/CFD-AF-211-066-N.jpg,WF-027,materials/cfd/Images/CFD/WF-027/CFD-WF-027-014-A.jpg,z,1.25
5,2,6,study,0,female,Asian,female,Black,angry,,,,,z,864,True,False,,2,,,,False,27,AF-225,materials/cfd/Images/CFD/AF-225/CFD-AF-225-141-N.jpg,BF-025,materials/cfd/Images/CFD/BF-025/CFD-BF-025-011-A.jpg,z,1.25
5,2,7,study,0,female,White,female,Black,angry,,,,,z,558,True,False,,2,,,,False,29,WF-220,materials/cfd/Images/CFD/WF-220/CFD-WF-220-101-N.jpg,BF-039,materials/cfd/Images/CFD/BF-039/CFD-BF-039-039-A.jpg,z,1.25
5,2,8,study,0,male,White,female,White,neutral,,,,,z,1126,False,False,,2,,,,False,31,WM-256,materials/cfd/Images/CFD/WM-256/CFD-WM-256-138-N.jpg,WF-010,materials/cfd/Images/CFD/WF-010/CFD-WF-010-004-N.jpg,m,1.25
5,2,9,study,0,male,Latino,female,Black,angry,,,,,m,2285,True,False,,2,,,,False,33,LM-234,materials/cfd/Images/CFD/LM-234/CFD-LM-234-176-N.jpg,BF-012,materials/cfd/Images/CFD/BF-012/CFD-BF-012-015-A.jpg,m,1.25
5,2,10,study,0,female,White,male,White,neutral,,,,,z,1840,True,False,,2,,,,False,35,WF-205,materials/cfd/Images/CFD/WF-205/CFD-WF-205-006-N.jpg,WM-004,materials/cfd/Images/CFD/WM-004/CFD-WM-004-010-N.jpg,z,1.25
5,2,11,study,0,male,Black,male,Black,happy,,,,,m,988,True,False,,2,,,,False,37,BM-210,materials/cfd/Images/CFD/BM-210/CFD-BM-210-148-N.jpg,BM-010,materials/cfd/Images/CFD/BM-010/CFD-BM-010-004-HO.jpg,m,1.25
5,2,12,study,0,female,White,male,Black,happy,,,,,m,1901,False,False,,2,,,,False,39,WF-009,materials/cfd/Images/CFD/WF-009/CFD-WF-009-001-N.jpg,BM-016,materials/cfd/Images/CFD/BM-016/CFD-BM-016-040-HO.jpg,z,1.25
5,2,13,study,0,male,White,male,Black,angry,,,,,m,1834,True,False,,2,,,,False,41,WM-222,materials/cfd/Images/CFD/WM-222/CFD-WM-222-057-N.jpg,BM-001,materials/cfd/Images/CFD/BM-001/CFD-BM-001-022-A.jpg,m,1.25
5,2,14,study,0,female,Asian,female,Black,happy,,,,,z,1572,True,False,,2,,,,False,43,AF-231,materials/cfd/Images/CFD/AF-231/CFD-AF-231-357-N.jpg,BF-044,materials/cfd/Images/CFD/BF-044/CFD-BF-044-007-HO.jpg,z,1.25
5,2,15,study,0,female,White,female,Black,neutral,,,,,z,1014,True,False,,2,,,,False,45,WF-211,materials/cfd/Images/CFD/WF-211/CFD-WF-211-001-N.jpg,BF-220,materials/cfd/Images/CFD/BF-220/CFD-BF-220-161-N.jpg,z,1.25
5,2,16,study,0,male,Black,male,Black,neutral,,,,,m,882,True,False,,2,,,,False,47,BM-013,materials/cfd/Images/CFD/BM-013/CFD-BM-013-002-N.jpg,BM-038,materials/cfd/Images/CFD/BM-038/CFD-BM-038-001-N.jpg,m,1.25
5,2,17,study,0,female,Latino,female,White,neutral,,,,,z,966,True,False,,2,,,,False,49,LF-253,materials/cfd/Images/CFD/LF-253/CFD-LF-253-003-N.jpg,WF-022,materials/cfd/Images/CFD/WF-022/CFD-WF-022-017-N.jpg,z,1.25
5,2,18,study,0,male,White,male,White,angry,,,,,m,969,True,False,,2,,,,False,51,WM-232,materials/cfd/Images/CFD/WM-232/CFD-WM-232-070-N.jpg,WM-013,materials/cfd/Images/CFD/WM-013/CFD-WM-013-015-A.jpg,m,1.25
5,2,19,study,0,male,White,female,White,neutral,,,,,z,2620,False,False,,2,,,,False,53,WM-231,materials/cfd/Images/CFD/WM-231/CFD-WM-231-112-N.jpg,WF-020,materials/cfd/Images/CFD/WF-020/CFD-WF-020-002-N.jpg,m,1.25
5,2,20,study,0,male,White,male,White,happy,,,,,m,962,True,False,,2,,,,False,55,WM-216,materials/cfd/Images/CFD/WM-216/CFD-WM-216-061-N.jpg,WM-016,materials/cfd/Images/CFD/WM-016/CFD-WM-016-002-HO.jpg,m,1.25
5,2,21,study,0,male,White,male,White,angry,,,,,m,733,True,False,,2,,,,False,57,WM-225,materials/cfd/Images/CFD/WM-225/CFD-WM-225-127-N.jpg,WM-037,materials/cfd/Images/CFD/WM-037/CFD-WM-037-060-A.jpg,m,1.25
5,2,22,study,0,female,Black,female,Black,angry,,,,,z,1176,True,False,,2,,,,False,59,BF-017,materials/cfd/Images/CFD/BF-017/CFD-BF-017-003-N.jpg,BF-011,materials/cfd/Images/CFD/BF-011/CFD-BF-011-011-A.jpg,z,1.25
5,2,23,study,0,male,Asian,female,Black,neutral,,,,,,,False,True,,2,,,,False,61,AM-218,materials/cfd/Images/CFD/AM-218/CFD-AM-218-085-N.jpg,BF-028,materials/cfd/Images/CFD/BF-028/CFD-BF-028-001-N.jpg,m,1.25
5,2,24,study,0,male,Black,male,Black,happy,,,,,m,659,True,False,,2,,,,False,63,BM-018,materials/cfd/Images/CFD/BM-018/CFD-BM-018-001-N.jpg,BM-028,materials/cfd/Images/CFD/BM-028/CFD-BM-028-028-HO.jpg,m,1.25
5,2,25,study,0,female,Black,male,Black,neutral,,,,,,,False,True,,2,,,,False,65,BF-210,materials/cfd/Images/CFD/BF-210/CFD-BF-210-130-N.jpg,BM-209,materials/cfd/Images/CFD/BM-209/CFD-BM-209-088-N.jpg,z,1.25
5,2,26,study,0,male,White,female,Black,happy,,,,,,,False,True,,2,,,,False,67,WM-211,materials/cfd/Images/CFD/WM-211/CFD-WM-211-054-N.jpg,BF-015,materials/cfd/Images/CFD/BF-015/CFD-BF-015-006-HO.jpg,m,1.25
5,2,27,study,0,female,Black,female,White,happy,,,,,z,916,True,False,,2,,,,False,69,BF-001,materials/cfd/Images/CFD/BF-001/CFD-BF-001-025-N.jpg,WF-024,materials/cfd/Images/CFD/WF-024/CFD-WF-024-006-HO.jpg,z,1.25
5,2,28,study,0,male,Asian,female,Black,happy,,,,,,,False,True,,2,,,,False,71,AM-253,materials/cfd/Images/CFD/AM-253/CFD-AM-253-161-N.jpg,BF-023,materials/cfd/Images/CFD/BF-023/CFD-BF-023-003-HO.jpg,m,1.25
5,2,29,study,0,female,White,male,Black,neutral,,,,,,,False,True,,2,,,,False,73,WF-213,materials/cfd/Images/CFD/WF-213/CFD-WF-213-031-N.jpg,BM-041,materials/cfd/Images/CFD/BM-041/CFD-BM-041-035-N.jpg,z,1.25
5,2,30,study,0,male,Latino,male,White,neutral,,,,,m,757,True,False,,2,,,,False,75,LM-220,materials/cfd/Images/CFD/LM-220/CFD-LM-220-329-N.jpg,WM-019,materials/cfd/Images/CFD/WM-019/CFD-WM-019-003-N.jpg,m,1.25
5,2,31,study,1,female,White,male,Black,neutral,,,,,,,False,True,,2,,,,False,78,WF-002,materials/cfd/Images/CFD/WF-002/CFD-WF-002-004-N.jpg,BM-246,materials/cfd/Images/CFD/BM-246/CFD-BM-246-192-N.jpg,z,1.25
5,2,32,study,1,male,White,male,White,happy,,,,,m,834,True,False,,2,,,,False,80,WM-254,materials/cfd/Images/CFD/WM-254/CFD-WM-254-152-N.jpg,WM-034,materials/cfd/Images/CFD/WM-034/CFD-WM-034-035-HO.jpg,m,1.25
5,2,33,study,1,female,White,male,Black,angry,,,,,,,False,True,,2,,,,False,82,WF-217,materials/cfd/Images/CFD/WF-217/CFD-WF-217-085-N.jpg,BM-032,materials/cfd/Images/CFD/BM-032/CFD-BM-032-015-A.jpg,z,1.25
5,2,34,study,1,male,Black,female,Black,angry,,,,,,,False,True,,2,,,,False,84,BM-044,materials/cfd/Images/CFD/BM-044/CFD-BM-044-001-N.jpg,BF-027,materials/cfd/Images/CFD/BF-027/CFD-BF-027-008-A.jpg,m,1.25
5,2,35,study,1,female,Black,female,White,angry,,,,,z,691,True,False,,2,,,,False,86,BF-033,materials/cfd/Images/CFD/BF-033/CFD-BF-033-028-N.jpg,WF-008,materials/cfd/Images/CFD/WF-008/CFD-WF-008-011-A.jpg,z,1.25
5,2,36,study,1,female,Latino,male,White,angry,,,,,,,False,True,,2,,,,False,88,LF-225,materials/cfd/Images/CFD/LF-225/CFD-LF-225-164-N.jpg,WM-003,materials/cfd/Images/CFD/WM-003/CFD-WM-003-008-A.jpg,z,1.25
5,2,37,study,1,female,Latino,male,Black,happy,,,,,,,False,True,,2,,,,False,90,LF-218,materials/cfd/Images/CFD/LF-218/CFD-LF-218-072-N.jpg,BM-030,materials/cfd/Images/CFD/BM-030/CFD-BM-030-004-HO.jpg,z,1.25
5,2,38,study,1,female,Black,female,Black,happy,,,,,z,1245,True,False,,2,,,,False,92,BF-218,materials/cfd/Images/CFD/BF-218/CFD-BF-218-207-N.jpg,BF-005,materials/cfd/Images/CFD/BF-005/CFD-BF-005-005-HO.jpg,z,1.25
5,2,39,study,1,male,Black,female,Black,angry,,,,,,,False,True,,2,,,,False,94,BM-242,materials/cfd/Images/CFD/BM-242/CFD-BM-242-233-N.jpg,BF-036,materials/cfd/Images/CFD/BF-036/CFD-BF-036-020-A.jpg,m,1.25
5,2,40,study,1,male,Black,male,White,neutral,,,,,m,870,True,False,,2,,,,False,96,BM-034,materials/cfd/Images/CFD/BM-034/CFD-BM-034-031-N.jpg,WM-208,materials/cfd/Images/CFD/WM-208/CFD-WM-208-068-N.jpg,m,1.25
5,2,41,study,1,male,White,female,White,angry,,,,,,,False,True,,2,,,,False,98,WM-230,materials/cfd/Images/CFD/WM-230/CFD-WM-230-131-N.jpg,WF-017,materials/cfd/Images/CFD/WF-017/CFD-WF-017-023-A.jpg,m,1.25
5,2,42,study,1,male,Latino,female,White,happy,,,,,,,False,True,,2,,,,False,100,LM-232,materials/cfd/Images/CFD/LM-232/CFD-LM-232-204-N.jpg,WF-019,materials/cfd/Images/CFD/WF-019/CFD-WF-019-035-HO.jpg,m,1.25
5,2,43,study,1,female,White,male,White,angry,,,,,,,False,True,,2,,,,False,102,WF-235,materials/cfd/Images/CFD/WF-235/CFD-WF-235-121-N.jpg,WM-032,materials/cfd/Images/CFD/WM-032/CFD-WM-032-014-A.jpg,z,1.25
5,2,44,study,1,female,White,male,Black,angry,,,,,,,False,True,,2,,,,False,104,WF-209,materials/cfd/Images/CFD/WF-209/CFD-WF-209-052-N.jpg,BM-024,materials/cfd/Images/CFD/BM-024/CFD-BM-024-018-A.jpg,z,1.25
5,2,45,study,1,male,Black,male,Black,neutral,,,,,m,816,True,False,,2,,,,False,106,BM-214,materials/cfd/Images/CFD/BM-214/CFD-BM-214-075-N.jpg,BM-231,materials/cfd/Images/CFD/BM-231/CFD-BM-231-155-N.jpg,m,1.25
5,2,46,study,1,female,Black,male,White,neutral,,,,,,,False,True,,2,,,,False,108,BF-050,materials/cfd/Images/CFD/BF-050/CFD-BF-050-003-N.jpg,WM-223,materials/cfd/Images/CFD/WM-223/CFD-WM-223-056-N.jpg,z,1.25
5,2,47,study,1,male,White,female,White,neutral,,,,,,,False,True,,2,,,,False,110,WM-239,materials/cfd/Images/CFD/WM-239/CFD-WM-239-128-N.jpg,WF-030,materials/cfd/Images/CFD/WF-030/CFD-WF-030-002-N.jpg,m,1.25
5,2,48,study,1,female,Asian,male,White,happy,,,,,,,False,True,,2,,,,False,112,AF-221,materials/cfd/Images/CFD/AF-221/CFD-AF-221-147-N.jpg,WM-031,materials/cfd/Images/CFD/WM-031/CFD-WM-031-004-HO.jpg,z,1.25
5,2,49,study,1,male,Asian,female,Black,neutral,,,,,,,False,True,,2,,,,False,114,AM-202,materials/cfd/Images/CFD/AM-202/CFD-AM-202-079-N.jpg,BF-234,materials/cfd/Images/CFD/BF-234/CFD-BF-234-167-N.jpg,m,1.25
5,2,50,study,1,female,Latino,female,Black,neutral,,,,,z,871,True,False,,2,,,,False,116,LF-215,materials/cfd/Images/CFD/LF-215/CFD-LF-215-157-N.jpg,BF-206,materials/cfd/Images/CFD/BF-206/CFD-BF-206-143-N.jpg,z,1.25
5,2,51,study,1,male,Asian,female,White,happy,,,,,,,False,True,,2,,,,False,118,AM-221,materials/cfd/Images/CFD/AM-221/CFD-AM-221-184-N.jpg,WF-016,materials/cfd/Images/CFD/WF-016/CFD-WF-016-003-HO.jpg,m,1.25
5,2,52,study,1,female,Asian,male,White,angry,,,,,,,False,True,,2,,,,False,120,AF-237,materials/cfd/Images/CFD/AF-237/CFD-AF-237-223-N.jpg,WM-026,materials/cfd/Images/CFD/WM-026/CFD-WM-026-019-A.jpg,z,1.25
5,2,53,study,1,female,White,female,Black,neutral,,,,,z,856,True,False,,2,,,,False,122,WF-248,materials/cfd/Images/CFD/WF-248/CFD-WF-248-129-N.jpg,BF-014,materials/cfd/Images/CFD/BF-014/CFD-BF-014-002-N.jpg,z,1.25
5,2,54,study,1,male,Latino,female,White,happy,,,,,,,False,True,,2,,,,False,124,LM-253,materials/cfd/Images/CFD/LM-253/CFD-LM-253-075-N.jpg,WF-039,materials/cfd/Images/CFD/WF-039/CFD-WF-039-005-HO.jpg,m,1.25
5,2,55,study,1,female,Black,male,Black,happy,,,,,,,False,True,,2,,,,False,126,BF-040,materials/cfd/Images/CFD/BF-040/CFD-BF-040-003-N.jpg,BM-037,materials/cfd/Images/CFD/BM-037/CFD-BM-037-036-HO.jpg,z,1.25
5,2,56,study,1,male,Black,female,White,angry,,,,,,,False,True,,2,,,,False,128,BM-218,materials/cfd/Images/CFD/BM-218/CFD-BM-218-132-N.jpg,WF-029,materials/cfd/Images/CFD/WF-029/CFD-WF-029-026-A.jpg,m,1.25
5,2,57,study,1,female,Black,female,Black,happy,,,,,z,804,True,False,,2,,,,False,130,BF-043,materials/cfd/Images/CFD/BF-043/CFD-BF-043-003-N.jpg,BF-016,materials/cfd/Images/CFD/BF-016/CFD-BF-016-018-HO.jpg,z,1.25
5,2,58,study,1,male,Latino,male,Black,angry,,,,,m,799,True,False,,2,,,,False,132,LM-222,materials/cfd/Images/CFD/LM-222/CFD-LM-222-239-N.jpg,BM-023,materials/cfd/Images/CFD/BM-023/CFD-BM-023-011-A.jpg,m,1.25
5,2,59,study,1,female,Black,male,Black,happy,,,,,m,1838,False,False,,2,,,,False,134,BF-238,materials/cfd/Images/CFD/BF-238/CFD-BF-238-190-N.jpg,BM-002,materials/cfd/Images/CFD/BM-002/CFD-BM-002-007-HO.jpg,z,1.25
5,2,60,study,1,female,Latino,female,Black,neutral,,,,,z,899,True,False,,2,,,,False,136,LF-219,materials/cfd/Images/CFD/LF-219/CFD-LF-219-223-N.jpg,BF-031,materials/cfd/Images/CFD/BF-031/CFD-BF-031-002-N.jpg,z,1.25
5,2,61,study,0,male,White,female,White,neutral,,,,,,,False,True,,2,,,,False,139,WM-256,materials/cfd/Images/CFD/WM-256/CFD-WM-256-138-N.jpg,WF-010,materials/cfd/Images/CFD/WF-010/CFD-WF-010-004-N.jpg,m,1.25
5,2,62,study,0,female,Latino,male,White,angry,,,,,,,False,True,,2,,,,False,141,LF-225,materials/cfd/Images/CFD/LF-225/CFD-LF-225-164-N.jpg,WM-003,materials/cfd/Images/CFD/WM-003/CFD-WM-003-008-A.jpg,z,1.25
5,2,63,study,0,male,Black,male,Black,happy,,,,,m,620,True,False,,2,,,,False,143,BM-210,materials/cfd/Images/CFD/BM-210/CFD-BM-210-148-N.jpg,BM-010,materials/cfd/Images/CFD/BM-010/CFD-BM-010-004-HO.jpg,m,1.25
5,2,64,study,0,male,Latino,female,Black,angry,,,,,,,False,True,,2,,,,False,145,LM-234,materials/cfd/Images/CFD/LM-234/CFD-LM-234-176-N.jpg,BF-012,materials/cfd/Images/CFD/BF-012/CFD-BF-012-015-A.jpg,m,1.25
5,2,65,study,0,female,White,male,Black,neutral,,,,,,,False,True,,2,,,,False,147,WF-213,materials/cfd/Images/CFD/WF-213/CFD-WF-213-031-N.jpg,BM-041,materials/cfd/Images/CFD/BM-041/CFD-BM-041-035-N.jpg,z,1.25
5,2,66,study,0,male,Asian,female,White,happy,,,,,,,False,True,,2,,,,False,149,AM-221,materials/cfd/Images/CFD/AM-221/CFD-AM-221-184-N.jpg,WF-016,materials/cfd/Images/CFD/WF-016/CFD-WF-016-003-HO.jpg,m,1.25
5,2,67,study,0,male,Black,male,Black,happy,,,,,z,791,False,False,,2,,,,False,151,BM-018,materials/cfd/Images/CFD/BM-018/CFD-BM-018-001-N.jpg,BM-028,materials/cfd/Images/CFD/BM-028/CFD-BM-028-028-HO.jpg,m,1.25
5,2,68,study,0,female,Black,female,Black,happy,,,,,z,890,True,False,,2,,,,False,153,BF-218,materials/cfd/Images/CFD/BF-218/CFD-BF-218-207-N.jpg,BF-005,materials/cfd/Images/CFD/BF-005/CFD-BF-005-005-HO.jpg,z,1.25
5,2,69,study,0,female,White,male,Black,angry,,,,,,,False,True,,2,,,,False,155,WF-209,materials/cfd/Images/CFD/WF-209/CFD-WF-209-052-N.jpg,BM-024,materials/cfd/Images/CFD/BM-024/CFD-BM-024-018-A.jpg,z,1.25
5,2,70,study,0,male,White,male,White,angry,,,,,m,762,True,False,,2,,,,False,157,WM-225,materials/cfd/Images/CFD/WM-225/CFD-WM-225-127-N.jpg,WM-037,materials/cfd/Images/CFD/WM-037/CFD-WM-037-060-A.jpg,m,1.25
5,2,71,study,0,male,White,male,White,angry,,,,,m,901,True,False,,2,,,,False,159,WM-232,materials/cfd/Images/CFD/WM-232/CFD-WM-232-070-N.jpg,WM-013,materials/cfd/Images/CFD/WM-013/CFD-WM-013-015-A.jpg,m,1.25
5,2,72,study,0,female,White,female,Black,neutral,,,,,z,769,True,False,,2,,,,False,161,WF-248,materials/cfd/Images/CFD/WF-248/CFD-WF-248-129-N.jpg,BF-014,materials/cfd/Images/CFD/BF-014/CFD-BF-014-002-N.jpg,z,1.25
5,2,73,study,0,male,Latino,female,White,happy,,,,,,,False,True,,2,,,,False,163,LM-253,materials/cfd/Images/CFD/LM-253/CFD-LM-253-075-N.jpg,WF-039,materials/cfd/Images/CFD/WF-039/CFD-WF-039-005-HO.jpg,m,1.25
5,2,74,study,0,male,Black,female,Black,angry,,,,,,,False,True,,2,,,,False,165,BM-242,materials/cfd/Images/CFD/BM-242/CFD-BM-242-233-N.jpg,BF-036,materials/cfd/Images/CFD/BF-036/CFD-BF-036-020-A.jpg,m,1.25
5,2,75,study,0,male,Asian,female,Black,neutral,,,,,,,False,True,,2,,,,False,167,AM-202,materials/cfd/Images/CFD/AM-202/CFD-AM-202-079-N.jpg,BF-234,materials/cfd/Images/CFD/BF-234/CFD-BF-234-167-N.jpg,m,1.25
5,2,76,study,0,female,Black,female,White,happy,,,,,z,906,True,False,,2,,,,False,169,BF-001,materials/cfd/Images/CFD/BF-001/CFD-BF-001-025-N.jpg,WF-024,materials/cfd/Images/CFD/WF-024/CFD-WF-024-006-HO.jpg,z,1.25
5,2,77,study,0,male,White,female,Black,happy,,,,,z,1242,False,False,,2,,,,False,171,WM-211,materials/cfd/Images/CFD/WM-211/CFD-WM-211-054-N.jpg,BF-015,materials/cfd/Images/CFD/BF-015/CFD-BF-015-006-HO.jpg,m,1.25
5,2,78,study,0,male,Black,female,Black,angry,,,,,,,False,True,,2,,,,False,173,BM-044,materials/cfd/Images/CFD/BM-044/CFD-BM-044-001-N.jpg,BF-027,materials/cfd/Images/CFD/BF-027/CFD-BF-027-008-A.jpg,m,1.25
5,2,79,study,0,female,Asian,male,White,happy,,,,,,,False,True,,2,,,,False,175,AF-221,materials/cfd/Images/CFD/AF-221/CFD-AF-221-147-N.jpg,WM-031,materials/cfd/Images/CFD/WM-031/CFD-WM-031-004-HO.jpg,z,1.25
5,2,80,study,0,female,Latino,male,Black,happy,,,,,,,False,True,,2,,,,False,177,LF-218,materials/cfd/Images/CFD/LF-218/CFD-LF-218-072-N.jpg,BM-030,materials/cfd/Images/CFD/BM-030/CFD-BM-030-004-HO.jpg,z,1.25
5,2,81,study,0,female,White,male,Black,angry,,,,,,,False,True,,2,,,,False,179,WF-217,materials/cfd/Images/CFD/WF-217/CFD-WF-217-085-N.jpg,BM-032,materials/cfd/Images/CFD/BM-032/CFD-BM-032-015-A.jpg,z,1.25
5,2,82,study,0,female,Black,female,Black,happy,,,,,z,1096,True,False,,2,,,,False,181,BF-043,materials/cfd/Images/CFD/BF-043/CFD-BF-043-003-N.jpg,BF-016,materials/cfd/Images/CFD/BF-016/CFD-BF-016-018-HO.jpg,z,1.25
5,2,83,study,0,female,Black,female,Black,happy,,,,,z,802,True,False,,2,,,,False,183,BF-002,materials/cfd/Images/CFD/BF-002/CFD-BF-002-001-N.jpg,BF-032,materials/cfd/Images/CFD/BF-032/CFD-BF-032-043-HO.jpg,z,1.25
5,2,84,study,0,male,Asian,female,Black,happy,,,,,,,False,True,,2,,,,False,185,AM-253,materials/cfd/Images/CFD/AM-253/CFD-AM-253-161-N.jpg,BF-023,materials/cfd/Images/CFD/BF-023/CFD-BF-023-003-HO.jpg,m,1.25
5,2,85,study,0,female,Black,male,Black,neutral,,,,,,,False,True,,2,,,,False,187,BF-210,materials/cfd/Images/CFD/BF-210/CFD-BF-210-130-N.jpg,BM-209,materials/cfd/Images/CFD/BM-209/CFD-BM-209-088-N.jpg,z,1.25
5,2,86,study,0,female,White,male,White,neutral,,,,,,,False,True,,2,,,,False,189,WF-205,materials/cfd/Images/CFD/WF-205/CFD-WF-205-006-N.jpg,WM-004,materials/cfd/Images/CFD/WM-004/CFD-WM-004-010-N.jpg,z,1.25
5,2,87,study,0,male,White,male,White,neutral,,,,,m,1503,True,False,,2,,,,False,191,WM-229,materials/cfd/Images/CFD/WM-229/CFD-WM-229-129-N.jpg,WM-237,materials/cfd/Images/CFD/WM-237/CFD-WM-237-052-N.jpg,m,1.25
5,2,88,study,0,male,White,male,Black,angry,,,,,m,2161,True,False,,2,,,,False,193,WM-222,materials/cfd/Images/CFD/WM-222/CFD-WM-222-057-N.jpg,BM-001,materials/cfd/Images/CFD/BM-001/CFD-BM-001-022-A.jpg,m,1.25
5,2,89,study,0,female,Black,male,Black,happy,,,,,,,False,True,,2,,,,False,195,BF-040,materials/cfd/Images/CFD/BF-040/CFD-BF-040-003-N.jpg,BM-037,materials/cfd/Images/CFD/BM-037/CFD-BM-037-036-HO.jpg,z,1.25
5,2,90,study,0,female,Black,male,White,neutral,,,,,,,False,True,,2,,,,False,197,BF-050,materials/cfd/Images/CFD/BF-050/CFD-BF-050-003-N.jpg,WM-223,materials/cfd/Images/CFD/WM-223/CFD-WM-223-056-N.jpg,z,1.25
5,2,91,study,1,female,White,female,Black,neutral,,,,,z,968,True,False,,2,,,,False,200,WF-211,materials/cfd/Images/CFD/WF-211/CFD-WF-211-001-N.jpg,BF-220,materials/cfd/Images/CFD/BF-220/CFD-BF-220-161-N.jpg,z,1.25
5,2,92,study,1,female,White,female,Black,angry,,,,,z,1131,True,False,,2,,,,False,202,WF-220,materials/cfd/Images/CFD/WF-220/CFD-WF-220-101-N.jpg,BF-039,materials/cfd/Images/CFD/BF-039/CFD-BF-039-039-A.jpg,z,1.25
5,2,93,study,1,male,Black,male,Black,neutral,,,,,m,786,True,False,,2,,,,False,204,BM-013,materials/cfd/Images/CFD/BM-013/CFD-BM-013-002-N.jpg,BM-038,materials/cfd/Images/CFD/BM-038/CFD-BM-038-001-N.jpg,m,1.25
5,2,94,study,1,female,Asian,female,Black,angry,,,,,z,1213,True,False,,2,,,,False,206,AF-225,materials/cfd/Images/CFD/AF-225/CFD-AF-225-141-N.jpg,BF-025,materials/cfd/Images/CFD/BF-025/CFD-BF-025-011-A.jpg,z,1.25
5,2,95,study,1,male,White,male,White,happy,,,,,m,758,True,False,,2,,,,False,208,WM-216,materials/cfd/Images/CFD/WM-216/CFD-WM-216-061-N.jpg,WM-016,materials/cfd/Images/CFD/WM-016/CFD-WM-016-002-HO.jpg,m,1.25
5,2,96,study,1,male,Latino,male,White,neutral,,,,,m,667,True,False,,2,,,,False,210,LM-220,materials/cfd/Images/CFD/LM-220/CFD-LM-220-329-N.jpg,WM-019,materials/cfd/Images/CFD/WM-019/CFD-WM-019-003-N.jpg,m,1.25
5,2,97,study,1,female,Latino,female,Black,neutral,,,,,z,723,True,False,,2,,,,False,212,LF-219,materials/cfd/Images/CFD/LF-219/CFD-LF-219-223-N.jpg,BF-031,materials/cfd/Images/CFD/BF-031/CFD-BF-031-002-N.jpg,z,1.25
5,2,98,study,1,male,Asian,male,Black,happy,,,,,m,726,True,False,,2,,,,False,214,AM-242,materials/cfd/Images/CFD/AM-242/CFD-AM-242-176-N.jpg,BM-036,materials/cfd/Images/CFD/BM-036/CFD-BM-036-004-HO.jpg,m,1.25
5,2,99,study,1,female,Asian,female,Black,happy,,,,,z,1360,True,False,,2,,,,False,216,AF-231,materials/cfd/Images/CFD/AF-231/CFD-AF-231-357-N.jpg,BF-044,materials/cfd/Images/CFD/BF-044/CFD-BF-044-007-HO.jpg,z,1.25
5,2,100,study,1,female,White,male,Black,happy,,,,,,,False,True,,2,,,,False,218,WF-009,materials/cfd/Images/CFD/WF-009/CFD-WF-009-001-N.jpg,BM-016,materials/cfd/Images/CFD/BM-016/CFD-BM-016-040-HO.jpg,z,1.25
5,2,101,study,1,female,White,male,Black,neutral,,,,,,,False,True,,2,,,,False,220,WF-002,materials/cfd/Images/CFD/WF-002/CFD-WF-002-004-N.jpg,BM-246,materials/cfd/Images/CFD/BM-246/CFD-BM-246-192-N.jpg,z,1.25
5,2,102,study,1,male,White,female,White,neutral,,,,,,,False,True,,2,,,,False,222,WM-231,materials/cfd/Images/CFD/WM-231/CFD-WM-231-112-N.jpg,WF-020,materials/cfd/Images/CFD/WF-020/CFD-WF-020-002-N.jpg,m,1.25
5,2,103,study,1,female,Black,female,Black,angry,,,,,z,798,True,False,,2,,,,False,224,BF-017,materials/cfd/Images/CFD/BF-017/CFD-BF-017-003-N.jpg,BF-011,materials/cfd/Images/CFD/BF-011/CFD-BF-011-011-A.jpg,z,1.25
5,2,104,study,1,male,Latino,male,Black,angry,,,,,m,785,True,False,,2,,,,False,226,LM-222,materials/cfd/Images/CFD/LM-222/CFD-LM-222-239-N.jpg,BM-023,materials/cfd/Images/CFD/BM-023/CFD-BM-023-011-A.jpg,m,1.25
5,2,105,study,1,male,Black,female,White,angry,,,,,,,False,True,,2,,,,False,228,BM-218,materials/cfd/Images/CFD/BM-218/CFD-BM-218-132-N.jpg,WF-029,materials/cfd/Images/CFD/WF-029/CFD-WF-029-026-A.jpg,m,1.25
5,2,106,study,1,female,Latino,female,Black,neutral,,,,,z,716,True,False,,2,,,,False,230,LF-215,materials/cfd/Images/CFD/LF-215/CFD-LF-215-157-N.jpg,BF-206,materials/cfd/Images/CFD/BF-206/CFD-BF-206-143-N.jpg,z,1.25
5,2,107,study,1,female,Latino,female,White,neutral,,,,,z,692,True,False,,2,,,,False,232,LF-253,materials/cfd/Images/CFD/LF-253/CFD-LF-253-003-N.jpg,WF-022,materials/cfd/Images/CFD/WF-022/CFD-WF-022-017-N.jpg,z,1.25
5,2,108,study,1,male,Asian,female,Black,neutral,,,,,,,False,True,,2,,,,False,234,AM-218,materials/cfd/Images/CFD/AM-218/CFD-AM-218-085-N.jpg,BF-028,materials/cfd/Images/CFD/BF-028/CFD-BF-028-001-N.jpg,m,1.25
5,2,109,study,1,female,Asian,male,White,angry,,,,,,,False,True,,2,,,,False,236,AF-237,materials/cfd/Images/CFD/AF-237/CFD-AF-237-223-N.jpg,WM-026,materials/cfd/Images/CFD/WM-026/CFD-WM-026-019-A.jpg,z,1.25
5,2,110,study,1,male,Black,male,Black,neutral,,,,,m,764,True,False,,2,,,,False,238,BM-214,materials/cfd/Images/CFD/BM-214/CFD-BM-214-075-N.jpg,BM-231,materials/cfd/Images/CFD/BM-231/CFD-BM-231-155-N.jpg,m,1.25
5,2,111,study,1,female,White,male,White,angry,,,,,,,False,True,,2,,,,False,240,WF-235,materials/cfd/Images/CFD/WF-235/CFD-WF-235-121-N.jpg,WM-032,materials/cfd/Images/CFD/WM-032/CFD-WM-032-014-A.jpg,z,1.25
5,2,112,study,1,male,White,female,White,neutral,,,,,,,False,True,,2,,,,False,242,WM-239,materials/cfd/Images/CFD/WM-239/CFD-WM-239-128-N.jpg,WF-030,materials/cfd/Images/CFD/WF-030/CFD-WF-030-002-N.jpg,m,1.25
5,2,113,study,1,female,Asian,female,White,angry,,,,,z,1106,True,False,,2,,,,False,244,AF-211,materials/cfd/Images/CFD/AF-211/CFD-AF-211-066-N.jpg,WF-027,materials/cfd/Images/CFD/WF-027/CFD-WF-027-014-A.jpg,z,1.25
5,2,114,study,1,female,Black,male,Black,happy,,,,,,,False,True,,2,,,,False,246,BF-238,materials/cfd/Images/CFD/BF-238/CFD-BF-238-190-N.jpg,BM-002,materials/cfd/Images/CFD/BM-002/CFD-BM-002-007-HO.jpg,z,1.25
5,2,115,study,1,male,White,male,Black,angry,,,,,m,1451,True,False,,2,,,,False,248,WM-245,materials/cfd/Images/CFD/WM-245/CFD-WM-245-123-N.jpg,BM-015,materials/cfd/Images/CFD/BM-015/CFD-BM-015-012-A.jpg,m,1.25
5,2,116,study,1,male,White,female,White,angry,,,,,,,False,True,,2,,,,False,250,WM-230,materials/cfd/Images/CFD/WM-230/CFD-WM-230-131-N.jpg,WF-017,materials/cfd/Images/CFD/WF-017/CFD-WF-017-023-A.jpg,m,1.25
5,2,117,study,1,male,White,male,White,happy,,,,,m,667,True,False,,2,,,,False,252,WM-254,materials/cfd/Images/CFD/WM-254/CFD-WM-254-152-N.jpg,WM-034,materials/cfd/Images/CFD/WM-034/CFD-WM-034-035-HO.jpg,m,1.25
5,2,118,study,1,female,Black,female,White,angry,,,,,z,724,True,False,,2,,,,False,254,BF-033,materials/cfd/Images/CFD/BF-033/CFD-BF-033-028-N.jpg,WF-008,materials/cfd/Images/CFD/WF-008/CFD-WF-008-011-A.jpg,z,1.25
5,2,119,study,1,male,Latino,female,White,happy,,,,,,,False,True,,2,,,,False,256,LM-232,materials/cfd/Images/CFD/LM-232/CFD-LM-232-204-N.jpg,WF-019,materials/cfd/Images/CFD/WF-019/CFD-WF-019-035-HO.jpg,m,1.25
5,2,120,study,1,male,Black,male,White,neutral,,,,,m,708,True,False,,2,,,,False,258,BM-034,materials/cfd/Images/CFD/BM-034/CFD-BM-034-031-N.jpg,WM-208,materials/cfd/Images/CFD/WM-208/CFD-WM-208-068-N.jpg,m,1.25
5,2,121,test,0,female,White,female,Black,neutral,,,,rearranged,m,841,False,False,,2,,,,False,275,WF-211,materials/cfd/Images/CFD/WF-211/CFD-WF-211-001-N.jpg,BF-031,materials/cfd/Images/CFD/BF-031/CFD-BF-031-002-N.jpg,z,1.25
5,2,122,test,0,male,Black,male,White,neutral,,,,rearranged,m,739,False,False,,2,,,,False,277,BM-214,materials/cfd/Images/CFD/BM-214/CFD-BM-214-075-N.jpg,WM-208,materials/cfd/Images/CFD/WM-208/CFD-WM-208-068-N.jpg,z,1.25
5,2,123,test,0,male,Asian,male,Black,happy,,,,rearranged,m,675,False,False,,2,,,,False,279,AM-242,materials/cfd/Images/CFD/AM-242/CFD-AM-242-176-N.jpg,BM-028,materials/cfd/Images/CFD/BM-028/CFD-BM-028-028-HO.jpg,z,1.25
5,2,124,test,0,male,White,female,White,neutral,,,,rearranged,m,909,False,False,,2,,,,False,281,WM-256,materials/cfd/Images/CFD/WM-256/CFD-WM-256-138-N.jpg,WF-030,materials/cfd/Images/CFD/WF-030/CFD-WF-030-002-N.jpg,z,1.25
5,2,125,test,0,female,Black,female,Black,happy,,,,rearranged,m,1061,False,False,,2,,,,False,283,BF-001,materials/cfd/Images/CFD/BF-001/CFD-BF-001-025-N.jpg,BF-032,materials/cfd/Images/CFD/BF-032/CFD-BF-032-043-HO.jpg,z,1.25
5,2,126,test,0,female,Latino,female,Black,neutral,,,,intact,m,842,True,False,,2,,,,False,285,LF-215,materials/cfd/Images/CFD/LF-215/CFD-LF-215-157-N.jpg,BF-206,materials/cfd/Images/CFD/BF-206/CFD-BF-206-143-N.jpg,m,1.25
5,2,127,test,0,female,Latino,female,Black,neutral,,,,rearranged,m,878,False,False,,2,,,,False,287,LF-219,materials/cfd/Images/CFD/LF-219/CFD-LF-219-223-N.jpg,BF-220,materials/cfd/Images/CFD/BF-220/CFD-BF-220-161-N.jpg,z,1.25
5,2,128,test,0,female,White,male,Black,neutral,,,,rearranged,z,884,True,False,,2,,,,False,289,WF-213,materials/cfd/Images/CFD/WF-213/CFD-WF-213-031-N.jpg,BM-209,materials/cfd/Images/CFD/BM-209/CFD-BM-209-088-N.jpg,z,1.25
5,2,129,test,0,male,Asian,female,Black,happy,,,,rearranged,z,852,True,False,,2,,,,False,291,AM-253,materials/cfd/Images/CFD/AM-253/CFD-AM-253-161-N.jpg,BF-015,materials/cfd/Images/CFD/BF-015/CFD-BF-015-006-HO.jpg,z,1.25
5,2,130,test,0,male,White,male,White,angry,,,,rearranged,m,738,False,False,,2,,,,False,293,WM-245,materials/cfd/Images/CFD/WM-245/CFD-WM-245-123-N.jpg,WM-013,materials/cfd/Images/CFD/WM-013/CFD-WM-013-015-A.jpg,z,1.25
5,2,131,test,0,female,Black,female,Black,happy,,,,rearranged,m,967,False,False,,2,,,,False,295,BF-002,materials/cfd/Images/CFD/BF-002/CFD-BF-002-001-N.jpg,BF-044,materials/cfd/Images/CFD/BF-044/CFD-BF-044-007-HO.jpg,z,1.25
5,2,132,test,0,male,White,female,White,happy,,,,rearranged,z,791,True,False,,2,,,,False,297,WM-211,materials/cfd/Images/CFD/WM-211/CFD-WM-211-054-N.jpg,WF-019,materials/cfd/Images/CFD/WF-019/CFD-WF-019-035-HO.jpg,z,1.25
5,2,133,test,0,female,Black,female,Black,happy,,,,intact,m,1122,True,False,,2,,,,False,299,BF-218,materials/cfd/Images/CFD/BF-218/CFD-BF-218-207-N.jpg,BF-005,materials/cfd/Images/CFD/BF-005/CFD-BF-005-005-HO.jpg,m,1.25
5,2,134,test,0,female,Asian,male,White,angry,,,,intact,m,719,True,False,,2,,,,False,301,AF-237,materials/cfd/Images/CFD/AF-237/CFD-AF-237-223-N.jpg,WM-026,materials/cfd/Images/CFD/WM-026/CFD-WM-026-019-A.jpg,m,1.25
5,2,135,test,0,male,White,male,White,neutral,,,,intact,m,721,True,False,,2,,,,False,303,WM-229,materials/cfd/Images/CFD/WM-229/CFD-WM-229-129-N.jpg,WM-237,materials/cfd/Images/CFD/WM-237/CFD-WM-237-052-N.jpg,m,1.25
5,2,136,test,0,female,Black,female,Black,angry,,,,intact,m,962,True,False,,2,,,,False,305,BF-017,materials/cfd/Images/CFD/BF-017/CFD-BF-017-003-N.jpg,BF-011,materials/cfd/Images/CFD/BF-011/CFD-BF-011-011-A.jpg,m,1.25
5,2,137,test,0,male,White,male,Black,angry,,,,intact,z,764,False,False,,2,,,,False,307,WM-222,materials/cfd/Images/CFD/WM-222/CFD-WM-222-057-N.jpg,BM-001,materials/cfd/Images/CFD/BM-001/CFD-BM-001-022-A.jpg,m,1.25
5,2,138,test,0,male,Black,female,Black,angry,,,,rearranged,z,1241,True,False,,2,,,,False,309,BM-218,materials/cfd/Images/CFD/BM-218/CFD-BM-218-132-N.jpg,BF-012,materials/cfd/Images/CFD/BF-012/CFD-BF-012-015-A.jpg,z,1.25
5,2,139,test,0,male,Black,male,Black,happy,,,,rearranged,m,890,False,False,,2,,,,False,311,BM-018,materials/cfd/Images/CFD/BM-018/CFD-BM-018-001-N.jpg,BM-036,materials/cfd/Images/CFD/BM-036/CFD-BM-036-004-HO.jpg,z,1.25
5,2,140,test,0,male,White,male,White,happy,,,,intact,m,977,True,False,,2,,,,False,313,WM-216,materials/cfd/Images/CFD/WM-216/CFD-WM-216-061-N.jpg,WM-016,materials/cfd/Images/CFD/WM-016/CFD-WM-016-002-HO.jpg,m,1.25
5,2,141,test,0,female,Black,male,Black,happy,,,,intact,z,928,False,False,,2,,,,False,315,BF-238,materials/cfd/Images/CFD/BF-238/CFD-BF-238-190-N.jpg,BM-002,materials/cfd/Images/CFD/BM-002/CFD-BM-002-007-HO.jpg,m,1.25
5,2,142,test,0,male,White,male,White,angry,,,,rearranged,m,1470,False,False,,2,,,,False,317,WM-232,materials/cfd/Images/CFD/WM-232/CFD-WM-232-070-N.jpg,WM-037,materials/cfd/Images/CFD/WM-037/CFD-WM-037-060-A.jpg,z,1.25
5,2,143,test,0,male,Black,male,Black,neutral,,,,rearranged,m,726,False,False,,2,,,,False,319,BM-034,materials/cfd/Images/CFD/BM-034/CFD-BM-034-031-N.jpg,BM-038,materials/cfd/Images/CFD/BM-038/CFD-BM-038-001-N.jpg,z,1.25
5,2,144,test,0,female,White,male,White,angry,,,,intact,m,576,True,False,,2,,,,False,321,WF-235,materials/cfd/Images/CFD/WF-235/CFD-WF-235-121-N.jpg,WM-032,materials/cfd/Images/CFD/WM-032/CFD-WM-032-014-A.jpg,m,1.25
5,2,145,test,0,male,Black,female,Black,angry,,,,intact,z,875,False,False,,2,,,,False,323,BM-242,materials/cfd/Images/CFD/BM-242/CFD-BM-242-233-N.jpg,BF-036,materials/cfd/Images/CFD/BF-036/CFD-BF-036-020-A.jpg,m,1.25
5,2,146,test,0,female,White,male,White,neutral,,,,intact,z,1143,False,False,,2,,,,False,325,WF-205,materials/cfd/Images/CFD/WF-205/CFD-WF-205-006-N.jpg,WM-004,materials/cfd/Images/CFD/WM-004/CFD-WM-004-010-N.jpg,m,1.25
5,2,147,test,0,female,Black,male,White,neutral,,,,rearranged,z,816,True,False,,2,,,,False,327,BF-210,materials/cfd/Images/CFD/BF-210/CFD-BF-210-130-N.jpg,WM-223,materials/cfd/Images/CFD/WM-223/CFD-WM-223-056-N.jpg,z,1.25
5,2,148,test,0,male,Latino,female,White,happy,,,,intact,z,748,False,False,,2,,,,False,329,LM-253,materials/cfd/Images/CFD/LM-253/CFD-LM-253-075-N.jpg,WF-039,materials/cfd/Images/CFD/WF-039/CFD-WF-039-005-HO.jpg,m,1.25
5,2,149,test,0,female,Black,male,Black,happy,,,,rearranged,z,757,True,False,,2,,,,False,331,BF-040,materials/cfd/Images/CFD/BF-040/CFD-BF-040-003-N.jpg,BM-016,materials/cfd/Images/CFD/BM-016/CFD-BM-016-040-HO.jpg,z,1.25
5,2,150,test,0,female,Black,female,White,angry,,,,intact,m,960,True,False,,2,,,,False,333,BF-033,materials/cfd/Images/CFD/BF-033/CFD-BF-033-028-N.jpg,WF-008,materials/cfd/Images/CFD/WF-008/CFD-WF-008-011-A.jpg,m,1.25
5,2,151,test,1,female,Black,female,Black,happy,,,,intact,m,849,True,False,,2,,,,False,336,BF-043,materials/cfd/Images/CFD/BF-043/CFD-BF-043-003-N.jpg,BF-016,materials/cfd/Images/CFD/BF-016/CFD-BF-016-018-HO.jpg,m,1.25
5,2,152,test,1,male,Black,male,Black,happy,,,,intact,m,864,True,False,,2,,,,False,338,BM-210,materials/cfd/Images/CFD/BM-210/CFD-BM-210-148-N.jpg,BM-010,materials/cfd/Images/CFD/BM-010/CFD-BM-010-004-HO.jpg,m,1.25
5,2,153,test,1,male,Asian,female,Black,neutral,,,,intact,z,766,False,False,,2,,,,False,340,AM-202,materials/cfd/Images/CFD/AM-202/CFD-AM-202-079-N.jpg,BF-234,materials/cfd/Images/CFD/BF-234/CFD-BF-234-167-N.jpg,m,1.25
5,2,154,test,1,male,White,male,White,happy,,,,intact,m,723,True,False,,2,,,,False,342,WM-254,materials/cfd/Images/CFD/WM-254/CFD-WM-254-152-N.jpg,WM-034,materials/cfd/Images/CFD/WM-034/CFD-WM-034-035-HO.jpg,m,1.25
5,2,155,test,1,female,Latino,female,White,neutral,,,,intact,m,903,True,False,,2,,,,False,344,LF-253,materials/cfd/Images/CFD/LF-253/CFD-LF-253-003-N.jpg,WF-022,materials/cfd/Images/CFD/WF-022/CFD-WF-022-017-N.jpg,m,1.25
5,2,156,test,1,female,White,male,Black,neutral,,,,intact,z,813,False,False,,2,,,,False,346,WF-002,materials/cfd/Images/CFD/WF-002/CFD-WF-002-004-N.jpg,BM-246,materials/cfd/Images/CFD/BM-246/CFD-BM-246-192-N.jpg,m,1.25
5,2,157,test,1,male,Latino,male,White,neutral,,,,intact,m,1039,True,False,,2,,,,False,348,LM-220,materials/cfd/Images/CFD/LM-220/CFD-LM-220-329-N.jpg,WM-019,materials/cfd/Images/CFD/WM-019/CFD-WM-019-003-N.jpg,m,1.25
5,2,158,test,1,male,White,male,Black,angry,,,,rearranged,m,825,False,False,,2,,,,False,350,WM-225,materials/cfd/Images/CFD/WM-225/CFD-WM-225-127-N.jpg,BM-015,materials/cfd/Images/CFD/BM-015/CFD-BM-015-012-A.jpg,z,1.25
5,2,159,test,1,female,Latino,male,Black,happy,,,,intact,z,732,False,False,,2,,,,False,352,LF-218,materials/cfd/Images/CFD/LF-218/CFD-LF-218-072-N.jpg,BM-030,materials/cfd/Images/CFD/BM-030/CFD-BM-030-004-HO.jpg,m,1.25
5,2,160,test,1,male,Latino,female,Black,happy,,,,rearranged,z,914,True,False,,2,,,,False,354,LM-232,materials/cfd/Images/CFD/LM-232/CFD-LM-232-204-N.jpg,BF-023,materials/cfd/Images/CFD/BF-023/CFD-BF-023-003-HO.jpg,z,1.25
5,2,161,test,1,female,Asian,female,Black,angry,,,,rearranged,m,805,False,False,,2,,,,False,356,AF-211,materials/cfd/Images/CFD/AF-211/CFD-AF-211-066-N.jpg,BF-025,materials/cfd/Images/CFD/BF-025/CFD-BF-025-011-A.jpg,z,1.25
5,2,162,test,1,male,White,female,White,angry,,,,intact,z,667,False,False,,2,,,,False,358,WM-230,materials/cfd/Images/CFD/WM-230/CFD-WM-230-131-N.jpg,WF-017,materials/cfd/Images/CFD/WF-017/CFD-WF-017-023-A.jpg,m,1.25
5,2,163,test,1,female,White,male,Black,angry,,,,rearranged,z,682,True,False,,2,,,,False,360,WF-209,materials/cfd/Images/CFD/WF-209/CFD-WF-209-052-N.jpg,BM-032,materials/cfd/Images/CFD/BM-032/CFD-BM-032-015-A.jpg,z,1.25
5,2,164,test,1,male,Latino,female,White,angry,,,,rearranged,z,767,True,False,,2,,,,False,362,LM-234,materials/cfd/Images/CFD/LM-234/CFD-LM-234-176-N.jpg,WF-029,materials/cfd/Images/CFD/WF-029/CFD-WF-029-026-A.jpg,z,1.25
5,2,165,test,1,female,Black,male,Black,neutral,,,,rearranged,m,952,False,False,,2,,,,False,364,BF-050,materials/cfd/Images/CFD/BF-050/CFD-BF-050-003-N.jpg,BM-041,materials/cfd/Images/CFD/BM-041/CFD-BM-041-035-N.jpg,z,1.25
5,2,166,test,1,male,Asian,female,Black,neutral,,,,intact,z,804,False,False,,2,,,,False,366,AM-218,materials/cfd/Images/CFD/AM-218/CFD-AM-218-085-N.jpg,BF-028,materials/cfd/Images/CFD/BF-028/CFD-BF-028-001-N.jpg,m,1.25
5,2,167,test,1,female,White,male,White,angry,,,,rearranged,z,679,True,False,,2,,,,False,368,WF-217,materials/cfd/Images/CFD/WF-217/CFD-WF-217-085-N.jpg,WM-003,materials/cfd/Images/CFD/WM-003/CFD-WM-003-008-A.jpg,z,1.25
5,2,168,test,1,female,Latino,male,Black,angry,,,,rearranged,z,635,True,False,,2,,,,False,370,LF-225,materials/cfd/Images/CFD/LF-225/CFD-LF-225-164-N.jpg,BM-024,materials/cfd/Images/CFD/BM-024/CFD-BM-024-018-A.jpg,z,1.25
5,2,169,test,1,female,Asian,female,White,angry,,,,rearranged,m,1031,False,False,,2,,,,False,372,AF-225,materials/cfd/Images/CFD/AF-225/CFD-AF-225-141-N.jpg,WF-027,materials/cfd/Images/CFD/WF-027/CFD-WF-027-014-A.jpg,z,1.25
5,2,170,test,1,female,Asian,male,White,happy,,,,intact,z,879,False,False,,2,,,,False,374,AF-221,materials/cfd/Images/CFD/AF-221/CFD-AF-221-147-N.jpg,WM-031,materials/cfd/Images/CFD/WM-031/CFD-WM-031-004-HO.jpg,m,1.25
5,2,171,test,1,male,Latino,male,Black,angry,,,,intact,m,1176,True,False,,2,,,,False,376,LM-222,materials/cfd/Images/CFD/LM-222/CFD-LM-222-239-N.jpg,BM-023,materials/cfd/Images/CFD/BM-023/CFD-BM-023-011-A.jpg,m,1.25
5,2,172,test,1,female,White,male,Black,happy,,,,rearranged,z,794,True,False,,2,,,,False,378,WF-009,materials/cfd/Images/CFD/WF-009/CFD-WF-009-001-N.jpg,BM-037,materials/cfd/Images/CFD/BM-037/CFD-BM-037-036-HO.jpg,z,1.25
5,2,173,test,1,male,White,female,White,neutral,,,,intact,z,644,False,False,,2,,,,False,380,WM-231,materials/cfd/Images/CFD/WM-231/CFD-WM-231-112-N.jpg,WF-020,materials/cfd/Images/CFD/WF-020/CFD-WF-020-002-N.jpg,m,1.25
5,2,174,test,1,male,Black,male,Black,neutral,,,,rearranged,m,826,False,False,,2,,,,False,382,BM-013,materials/cfd/Images/CFD/BM-013/CFD-BM-013-002-N.jpg,BM-231,materials/cfd/Images/CFD/BM-231/CFD-BM-231-155-N.jpg,z,1.25
5,2,175,test,1,male,Black,female,Black,angry,,,,intact,m,1038,True,False,,2,,,,False,384,BM-044,materials/cfd/Images/CFD/BM-044/CFD-BM-044-001-N.jpg,BF-027,materials/cfd/Images/CFD/BF-027/CFD-BF-027-008-A.jpg,m,1.25
5,2,176,test,1,female,Asian,female,White,happy,,,,rearranged,m,1023,False,False,,2,,,,False,386,AF-231,materials/cfd/Images/CFD/AF-231/CFD-AF-231-357-N.jpg,WF-024,materials/cfd/Images/CFD/WF-024/CFD-WF-024-006-HO.jpg,z,1.25
5,2,177,test,1,male,White,female,White,neutral,,,,rearranged,z,1097,True,False,,2,,,,False,388,WM-239,materials/cfd/Images/CFD/WM-239/CFD-WM-239-128-N.jpg,WF-010,materials/cfd/Images/CFD/WF-010/CFD-WF-010-004-N.jpg,z,1.25
5,2,178,test,1,female,White,female,Black,neutral,,,,intact,m,991,True,False,,2,,,,False,390,WF-248,materials/cfd/Images/CFD/WF-248/CFD-WF-248-129-N.jpg,BF-014,materials/cfd/Images/CFD/BF-014/CFD-BF-014-002-N.jpg,m,1.25
5,2,179,test,1,female,White,female,Black,angry,,,,intact,m,970,True,False,,2,,,,False,392,WF-220,materials/cfd/Images/CFD/WF-220/CFD-WF-220-101-N.jpg,BF-039,materials/cfd/Images/CFD/BF-039/CFD-BF-039-039-A.jpg,m,1.25
5,2,180,test,1,male,Asian,female,White,happy,,,,intact,z,725,False,False,,2,,,,False,394,AM-221,materials/cfd/Images/CFD/AM-221/CFD-AM-221-184-N.jpg,WF-016,materials/cfd/Images/CFD/WF-016/CFD-WF-016-003-HO.jpg,m,1.25
6,2,1,study,0,female,Asian,female,Black,neutral,,,,,z,876,True,False,,1,,,,False,19,AF-236,materials/cfd/Images/CFD/AF-236/CFD-AF-236-145-N.jpg,BF-040,materials/cfd/Images/CFD/BF-040/CFD-BF-040-003-N.jpg,z,1
6,2,2,study,0,female,Asian,male,Black,angry,,,,,m,1423,False,False,,1,,,,False,21,AF-238,materials/cfd/Images/CFD/AF-238/CFD-AF-238-185-N.jpg,BM-020,materials/cfd/Images/CFD/BM-020/CFD-BM-020-037-A.jpg,z,1
6,2,3,study,0,male,Latino,male,Black,happy,,,,,m,1137,True,False,,1,,,,False,23,LM-242,materials/cfd/Images/CFD/LM-242/CFD-LM-242-002-N.jpg,BM-029,materials/cfd/Images/CFD/BM-029/CFD-BM-029-029-HO.jpg,m,1
6,2,4,study,0,female,Asian,male,White,angry,,,,,z,969,True,False,,1,,,,False,25,AF-215,materials/cfd/Images/CFD/AF-215/CFD-AF-215-70-N.jpg,WM-018,materials/cfd/Images/CFD/WM-018/CFD-WM-018-007-A.jpg,z,1
6,2,5,study,0,male,Latino,male,Black,neutral,,,,,m,770,True,False,,1,,,,False,27,LM-209,materials/cfd/Images/CFD/LM-209/CFD-LM-209-111-N.jpg,BM-009,materials/cfd/Images/CFD/BM-009/CFD-BM-009-002-N.jpg,m,1
6,2,6,study,0,male,Black,male,Black,neutral,,,,,m,794,True,False,,1,,,,False,29,BM-218,materials/cfd/Images/CFD/BM-218/CFD-BM-218-132-N.jpg,BM-232,materials/cfd/Images/CFD/BM-232/CFD-BM-232-213-N.jpg,m,1
6,2,7,study,0,female,White,female,Black,happy,,,,,z,684,True,False,,1,,,,False,31,WF-210,materials/cfd/Images/CFD/WF-210/CFD-WF-210-086-N.jpg,BF-030,materials/cfd/Images/CFD/BF-030/CFD-BF-030-007-HO.jpg,z,1
6,2,8,study,0,male,Latino,male,Black,angry,,,,,m,584,True,False,,1,,,,False,33,LM-234,materials/cfd/Images/CFD/LM-234/CFD-LM-234-176-N.jpg,BM-024,materials/cfd/Images/CFD/BM-024/CFD-BM-024-018-A.jpg,m,1
6,2,9,study,0,female,Black,female,Black,angry,,,,,m,507,False,False,,1,,,,False,35,BF-235,materials/cfd/Images/CFD/BF-235/CFD-BF-235-168-N.jpg,BF-001,materials/cfd/Images/CFD/BF-001/CFD-BF-001-026-A.jpg,z,1
6,2,10,study,0,male,Asian,female,White,neutral,,,,,z,865,False,False,,1,,,,False,37,AM-224,materials/cfd/Images/CFD/AM-224/CFD-AM-224-126-N.jpg,WF-244,materials/cfd/Images/CFD/WF-244/CFD-WF-244-163-N.jpg,m,1
6,2,11,study,0,female,White,female,Black,neutral,,,,,z,632,True,False,,1,,,,False,39,WF-012,materials/cfd/Images/CFD/WF-012/CFD-WF-012-002-N.jpg,BF-236,materials/cfd/Images/CFD/BF-236/CFD-BF-236-177-N.jpg,z,1
6,2,12,study,0,male,White,male,White,angry,,,,,m,717,True,False,,1,,,,False,41,WM-202,materials/cfd/Images/CFD/WM-202/CFD-WM-202-107-N.jpg,WM-035,materials/cfd/Images/CFD/WM-035/CFD-WM-035-018-A.jpg,m,1
6,2,13,study,0,female,Black,male,White,happy,,,,,z,617,True,False,,1,,,,False,43,BF-255,materials/cfd/Images/CFD/BF-255/CFD-BF-255-140-N.jpg,WM-024,materials/cfd/Images/CFD/WM-024/CFD-WM-024-003-HO.jpg,z,1
6,2,14,study,0,female,White,female,Black,angry,,,,,z,767,True,False,,1,,,,False,45,WF-215,materials/cfd/Images/CFD/WF-215/CFD-WF-215-145-N.jpg,BF-051,materials/cfd/Images/CFD/BF-051/CFD-BF-051-043-A.jpg,z,1
6,2,15,study,0,male,White,female,Black,neutral,,,,,m,572,True,False,,1,,,,False,47,WM-243,materials/cfd/Images/CFD/WM-243/CFD-WM-243-107-N.jpg,BF-019,materials/cfd/Images/CFD/BF-019/CFD-BF-019-001-N.jpg,m,1
6,2,16,study,0,female,Black,male,Black,angry,,,,,z,564,True,False,,1,,,,False,49,BF-239,materials/cfd/Images/CFD/BF-239/CFD-BF-239-180-N.jpg,BM-002,materials/cfd/Images/CFD/BM-002/CFD-BM-002-016-A.jpg,z,1
6,2,17,study,0,female,Black,male,Black,happy,,,,,z,656,True,False,,1,,,,False,51,BF-033,materials/cfd/Images/CFD/BF-033/CFD-BF-033-028-N.jpg,BM-046,materials/cfd/Images/CFD/BM-046/CFD-BM-046-039-HO.jpg,z,1
6,2,18,study,0,male,Asian,female,White,happy,,,,,m,775,True,False,,1,,,,False,53,AM-229,materials/cfd/Images/CFD/AM-229/CFD-AM-229-224-N.jpg,WF-001,materials/cfd/Images/CFD/WF-001/CFD-WF-001-009-HO.jpg,m,1
6,2,19,study,0,male,Asian,male,Black,neutral,,,,,m,628,True,False,,1,,,,False,55,AM-201,materials/cfd/Images/CFD/AM-201/CFD-AM-201-076-N.jpg,BM-037,materials/cfd/Images/CFD/BM-037/CFD-BM-037-033-N.jpg,m,1
6,2,20,study,0,male,White,female,White,neutral,,,,,m,578,True,False,,1,,,,False,57,WM-009,materials/cfd/Images/CFD/WM-009/CFD-WM-009-002-N.jpg,WF-200,materials/cfd/Images/CFD/WF-200/CFD-WF-200-099-N.jpg,m,1
6,2,21,study,0,male,White,female,White,happy,,,,,m,731,True,False,,1,,,,False,59,WM-212,materials/cfd/Images/CFD/WM-212/CFD-WM-212-097-N.jpg,WF-027,materials/cfd/Images/CFD/WF-027/CFD-WF-027-021-HO.jpg,m,1
6,2,22,study,0,male,White,male,White,angry,,,,,m,581,True,False,,1,,,,False,61,WM-215,materials/cfd/Images/CFD/WM-215/CFD-WM-215-041-N.jpg,WM-040,materials/cfd/Images/CFD/WM-040/CFD-WM-040-007-A.jpg,m,1
6,2,23,study,0,female,Asian,male,White,neutral,,,,,m,1250,False,False,,1,,,,False,63,AF-230,materials/cfd/Images/CFD/AF-230/CFD-AF-230-193-N.jpg,WM-233,materials/cfd/Images/CFD/WM-233/CFD-WM-233-106-N.jpg,z,1
6,2,24,study,0,male,White,male,Black,happy,,,,,m,716,True,False,,1,,,,False,65,WM-229,materials/cfd/Images/CFD/WM-229/CFD-WM-229-129-N.jpg,BM-019,materials/cfd/Images/CFD/BM-019/CFD-BM-019-004-HO.jpg,m,1
6,2,25,study,0,male,Black,male,Black,neutral,,,,,m,639,True,False,,1,,,,False,67,BM-217,materials/cfd/Images/CFD/BM-217/CFD-BM-217-082-N.jpg,BM-244,materials/cfd/Images/CFD/BM-244/CFD-BM-244-197-N.jpg,m,1
6,2,26,study,0,male,Black,female,White,angry,,,,,m,567,True,False,,1,,,,False,69,BM-213,materials/cfd/Images/CFD/BM-213/CFD-BM-213-134-N.jpg,WF-017,materials/cfd/Images/CFD/WF-017/CFD-WF-017-023-A.jpg,m,1
6,2,27,study,0,female,Latino,female,Black,happy,,,,,m,1195,False,False,,1,,,,False,71,LF-251,materials/cfd/Images/CFD/LF-251/CFD-LF-251-057-N.jpg,BF-003,materials/cfd/Images/CFD/BF-003/CFD-BF-003-004-HO.jpg,z,1
6,2,28,study,0,female,White,female,Black,happy,,,,,z,490,True,False,,1,,,,False,73,WF-251,materials/cfd/Images/CFD/WF-251/CFD-WF-251-014-N.jpg,BF-042,materials/cfd/Images/CFD/BF-042/CFD-BF-042-028-HO.jpg,z,1
6,2,29,study,0,male,Black,male,Black,neutral,,,,,m,687,True,False,,1,,,,False,75,BM-001,materials/cfd/Images/CFD/BM-001/CFD-BM-001-014-N.jpg,BM-225,materials/cfd/Images/CFD/BM-225/CFD-BM-225-154-N.jpg,m,1
6,2,30,study,0,male,Black,male,Black,happy,,,,,m,693,True,False,,1,,,,False,77,BM-003,materials/cfd/Images/CFD/BM-003/CFD-BM-003-003-N.jpg,BM-010,materials/cfd/Images/CFD/BM-010/CFD-BM-010-004-HO.jpg,m,1
6,2,31,study,1,female,Asian,female,White,angry,,,,,z,717,True,False,,1,,,,False,80,AF-216,materials/cfd/Images/CFD/AF-216/CFD-AF-216-106-N.jpg,WF-003,materials/cfd/Images/CFD/WF-003/CFD-WF-003-014-A.jpg,z,1
6,2,32,study,1,female,Black,male,White,happy,,,,,z,730,True,False,,1,,,,False,82,BF-213,materials/cfd/Images/CFD/BF-213/CFD-BF-213-188-N.jpg,WM-006,materials/cfd/Images/CFD/WM-006/CFD-WM-006-010-HO.jpg,z,1
6,2,33,study,1,male,Latino,female,Black,angry,,,,,m,687,True,False,,1,,,,False,84,LM-240,materials/cfd/Images/CFD/LM-240/CFD-LM-240-013-N.jpg,BF-034,materials/cfd/Images/CFD/BF-034/CFD-BF-034-035-A.jpg,m,1
6,2,34,study,1,male,Black,male,Black,angry,,,,,m,562,True,False,,1,,,,False,86,BM-200,materials/cfd/Images/CFD/BM-200/CFD-BM-200-046-N.jpg,BM-025,materials/cfd/Images/CFD/BM-025/CFD-BM-025-045-A.jpg,m,1
6,2,35,study,1,male,Black,female,Black,angry,,,,,z,582,False,False,,1,,,,False,88,BM-013,materials/cfd/Images/CFD/BM-013/CFD-BM-013-002-N.jpg,BF-025,materials/cfd/Images/CFD/BF-025/CFD-BF-025-011-A.jpg,m,1
6,2,36,study,1,female,White,female,Black,angry,,,,,z,665,True,False,,1,,,,False,90,WF-216,materials/cfd/Images/CFD/WF-216/CFD-WF-216-079-N.jpg,BF-007,materials/cfd/Images/CFD/BF-007/CFD-BF-007-013-A.jpg,z,1
6,2,37,study,1,male,Latino,male,White,angry,,,,,m,618,True,False,,1,,,,False,92,LM-238,materials/cfd/Images/CFD/LM-238/CFD-LM-238-129-N.jpg,WM-032,materials/cfd/Images/CFD/WM-032/CFD-WM-032-014-A.jpg,m,1
6,2,38,study,1,male,Asian,male,Black,happy,,,,,m,768,True,False,,1,,,,False,94,AM-250,materials/cfd/Images/CFD/AM-250/CFD-AM-250-149-N.jpg,BM-021,materials/cfd/Images/CFD/BM-021/CFD-BM-021-022-HO.jpg,m,1
6,2,39,study,1,male,Black,female,Black,angry,,,,,m,584,True,False,,1,,,,False,96,BM-212,materials/cfd/Images/CFD/BM-212/CFD-BM-212-117-N.jpg,BF-004,materials/cfd/Images/CFD/BF-004/CFD-BF-004-021-A.jpg,m,1
6,2,40,study,1,female,White,male,Black,neutral,,,,,z,794,True,False,,1,,,,False,98,WF-204,materials/cfd/Images/CFD/WF-204/CFD-WF-204-038-N.jpg,BM-236,materials/cfd/Images/CFD/BM-236/CFD-BM-236-248-N.jpg,z,1
6,2,41,study,1,female,Black,male,White,angry,,,,,m,522,False,False,,1,,,,False,100,BF-221,materials/cfd/Images/CFD/BF-221/CFD-BF-221-223-N.jpg,WM-014,materials/cfd/Images/CFD/WM-014/CFD-WM-014-013-A.jpg,z,1
6,2,42,study,1,male,Black,female,White,happy,,,,,z,814,False,False,,1,,,,False,102,BM-039,materials/cfd/Images/CFD/BM-039/CFD-BM-039-029-N.jpg,WF-025,materials/cfd/Images/CFD/WF-025/CFD-WF-025-006-HO.jpg,m,1
6,2,43,study,1,female,Asian,male,Black,neutral,,,,,z,789,True,False,,1,,,,False,104,AF-205,materials/cfd/Images/CFD/AF-205/CFD-AF-205-155-N.jpg,BM-016,materials/cfd/Images/CFD/BM-016/CFD-BM-016-036-N.jpg,z,1
6,2,44,study,1,male,White,male,Black,happy,,,,,m,594,True,False,,1,,,,False,106,WM-004,materials/cfd/Images/CFD/WM-004/CFD-WM-004-010-N.jpg,BM-034,materials/cfd/Images/CFD/BM-034/CFD-BM-034-033-HO.jpg,m,1
6,2,45,study,1,female,Latino,male,Black,happy,,,,,m,936,False,False,,1,,,,False,108,LF-218,materials/cfd/Images/CFD/LF-218/CFD-LF-218-072-N.jpg,BM-018,materials/cfd/Images/CFD/BM-018/CFD-BM-018-007-HO.jpg,z,1
6,2,46,study,1,male,Asian,female,Black,neutral,,,,,m,629,True,False,,1,,,,False,110,AM-230,materials/cfd/Images/CFD/AM-230/CFD-AM-230-150-N.jpg,BF-224,materials/cfd/Images/CFD/BF-224/CFD-BF-224-002-N.jpg,m,1
6,2,47,study,1,female,Asian,female,Black,neutral,,,,,z,585,True,False,,1,,,,False,112,AF-244,materials/cfd/Images/CFD/AF-244/CFD-AF-244-168-N.jpg,BF-254,materials/cfd/Images/CFD/BF-254/CFD-BF-254-201-N.jpg,z,1
6,2,48,study,1,male,White,female,White,happy,,,,,m,848,True,False,,1,,,,False,114,WM-241,materials/cfd/Images/CFD/WM-241/CFD-WM-241-072-N.jpg,WF-016,materials/cfd/Images/CFD/WF-016/CFD-WF-016-003-HO.jpg,m,1
6,2,49,study,1,female,Black,female,Black,happy,,,,,z,716,True,False,,1,,,,False,116,BF-226,materials/cfd/Images/CFD/BF-226/CFD-BF-226-119-N.jpg,BF-048,materials/cfd/Images/CFD/BF-048/CFD-BF-048-005-HO.jpg,z,1
6,2,50,study,1,male,White,female,Black,happy,,,,,m,691,True,False,,1,,,,False,118,WM-201,materials/cfd/Images/CFD/WM-201/CFD-WM-201-063-N.jpg,BF-032,materials/cfd/Images/CFD/BF-032/CFD-BF-032-043-HO.jpg,m,1
6,2,51,study,1,female,Asian,male,Black,neutral,,,,,m,774,False,False,,1,,,,False,120,AF-246,materials/cfd/Images/CFD/AF-246/CFD-AF-246-242-N.jpg,BM-235,materials/cfd/Images/CFD/BM-235/CFD-BM-235-226-N.jpg,z,1
6,2,52,study,1,female,Asian,male,Black,angry,,,,,z,668,True,False,,1,,,,False,122,AF-231,materials/cfd/Images/CFD/AF-231/CFD-AF-231-357-N.jpg,BM-041,materials/cfd/Images/CFD/BM-041/CFD-BM-041-048-A.jpg,z,1
6,2,53,study,1,female,Latino,male,White,happy,,,,,z,620,True,False,,1,,,,False,124,LF-226,materials/cfd/Images/CFD/LF-226/CFD-LF-226-174-N.jpg,WM-012,materials/cfd/Images/CFD/WM-012/CFD-WM-012-005-HO.jpg,z,1
6,2,54,study,1,male,Asian,female,White,neutral,,,,,m,1009,True,False,,1,,,,False,126,AM-248,materials/cfd/Images/CFD/AM-248/CFD-AM-248-104-N.jpg,WF-028,materials/cfd/Images/CFD/WF-028/CFD-WF-028-023-N.jpg,m,1
6,2,55,study,1,male,Asian,female,Black,angry,,,,,m,656,True,False,,1,,,,False,128,AM-228,materials/cfd/Images/CFD/AM-228/CFD-AM-228-214-N.jpg,BF-029,materials/cfd/Images/CFD/BF-029/CFD-BF-029-046-A.jpg,m,1
6,2,56,study,1,female,White,female,Black,neutral,,,,,z,587,True,False,,1,,,,False,130,WF-245,materials/cfd/Images/CFD/WF-245/CFD-WF-245-084-N.jpg,BF-201,materials/cfd/Images/CFD/BF-201/CFD-BF-201-080-N.jpg,z,1
6,2,57,study,1,female,Black,female,Black,angry,,,,,z,654,True,False,,1,,,,False,132,BF-247,materials/cfd/Images/CFD/BF-247/CFD-BF-247-179-N.jpg,BF-039,materials/cfd/Images/CFD/BF-039/CFD-BF-039-039-A.jpg,z,1
6,2,58,study,1,female,Black,female,Black,neutral,,,,,z,668,True,False,,1,,,,False,134,BF-014,materials/cfd/Images/CFD/BF-014/CFD-BF-014-002-N.jpg,BF-009,materials/cfd/Images/CFD/BF-009/CFD-BF-009-002-N.jpg,z,1
6,2,59,study,1,female,White,female,Black,happy,,,,,z,705,True,False,,1,,,,False,136,WF-031,materials/cfd/Images/CFD/WF-031/CFD-WF-031-027-N.jpg,BF-010,materials/cfd/Images/CFD/BF-010/CFD-BF-010-003-HO.jpg,z,1
6,2,60,study,1,female,White,male,Black,neutral,,,,,z,515,True,False,,1,,,,False,138,WF-238,materials/cfd/Images/CFD/WF-238/CFD-WF-238-023-N.jpg,BM-043,materials/cfd/Images/CFD/BM-043/CFD-BM-043-071-N.jpg,z,1
6,2,61,study,0,female,Black,male,Black,angry,,,,,z,519,True,False,,1,,,,False,141,BF-239,materials/cfd/Images/CFD/BF-239/CFD-BF-239-180-N.jpg,BM-002,materials/cfd/Images/CFD/BM-002/CFD-BM-002-016-A.jpg,z,1
6,2,62,study,0,female,Black,male,White,angry,,,,,z,537,True,False,,1,,,,False,143,BF-221,materials/cfd/Images/CFD/BF-221/CFD-BF-221-223-N.jpg,WM-014,materials/cfd/Images/CFD/WM-014/CFD-WM-014-013-A.jpg,z,1
6,2,63,study,0,female,Asian,male,Black,neutral,,,,,z,643,True,False,,1,,,,False,145,AF-246,materials/cfd/Images/CFD/AF-246/CFD-AF-246-242-N.jpg,BM-235,materials/cfd/Images/CFD/BM-235/CFD-BM-235-226-N.jpg,z,1
6,2,64,study,0,female,White,female,Black,happy,,,,,z,462,True,False,,1,,,,False,147,WF-031,materials/cfd/Images/CFD/WF-031/CFD-WF-031-027-N.jpg,BF-010,materials/cfd/Images/CFD/BF-010/CFD-BF-010-003-HO.jpg,z,1
6,2,65,study,0,female,Black,female,Black,neutral,,,,,z,455,True,False,,1,,,,False,149,BF-014,materials/cfd/Images/CFD/BF-014/CFD-BF-014-002-N.jpg,BF-009,materials/cfd/Images/CFD/BF-009/CFD-BF-009-002-N.jpg,z,1
6,2,66,study,0,male,Black,male,Black,angry,,,,,m,573,True,False,,1,,,,False,151,BM-200,materials/cfd/Images/CFD/BM-200/CFD-BM-200-046-N.jpg,BM-025,materials/cfd/Images/CFD/BM-025/CFD-BM-025-045-A.jpg,m,1
6,2,67,study,0,female,Asian,male,White,angry,,,,,m,673,False,False,,1,,,,False,153,AF-215,materials/cfd/Images/CFD/AF-215/CFD-AF-215-70-N.jpg,WM-018,materials/cfd/Images/CFD/WM-018/CFD-WM-018-007-A.jpg,z,1
6,2,68,study,0,female,Black,female,Black,angry,,,,,z,562,True,False,,1,,,,False,155,BF-247,materials/cfd/Images/CFD/BF-247/CFD-BF-247-179-N.jpg,BF-039,materials/cfd/Images/CFD/BF-039/CFD-BF-039-039-A.jpg,z,1
6,2,69,study,0,male,Black,male,Black,neutral,,,,,m,580,True,False,,1,,,,False,157,BM-218,materials/cfd/Images/CFD/BM-218/CFD-BM-218-132-N.jpg,BM-232,materials/cfd/Images/CFD/BM-232/CFD-BM-232-213-N.jpg,m,1
6,2,70,study,0,male,White,male,Black,happy,,,,,m,601,True,False,,1,,,,False,159,WM-004,materials/cfd/Images/CFD/WM-004/CFD-WM-004-010-N.jpg,BM-034,materials/cfd/Images/CFD/BM-034/CFD-BM-034-033-HO.jpg,m,1
6,2,71,study,0,female,Black,male,White,happy,,,,,z,672,True,False,,1,,,,False,161,BF-213,materials/cfd/Images/CFD/BF-213/CFD-BF-213-188-N.jpg,WM-006,materials/cfd/Images/CFD/WM-006/CFD-WM-006-010-HO.jpg,z,1
6,2,72,study,0,male,White,male,White,angry,,,,,m,735,True,False,,1,,,,False,163,WM-202,materials/cfd/Images/CFD/WM-202/CFD-WM-202-107-N.jpg,WM-035,materials/cfd/Images/CFD/WM-035/CFD-WM-035-018-A.jpg,m,1
6,2,73,study,0,male,Latino,male,White,angry,,,,,m,658,True,False,,1,,,,False,165,LM-238,materials/cfd/Images/CFD/LM-238/CFD-LM-238-129-N.jpg,WM-032,materials/cfd/Images/CFD/WM-032/CFD-WM-032-014-A.jpg,m,1
6,2,74,study,0,male,Latino,male,Black,happy,,,,,z,723,False,False,,1,,,,False,167,LM-242,materials/cfd/Images/CFD/LM-242/CFD-LM-242-002-N.jpg,BM-029,materials/cfd/Images/CFD/BM-029/CFD-BM-029-029-HO.jpg,m,1
6,2,75,study,0,female,Asian,male,Black,angry,,,,,z,780,True,False,,1,,,,False,169,AF-231,materials/cfd/Images/CFD/AF-231/CFD-AF-231-357-N.jpg,BM-041,materials/cfd/Images/CFD/BM-041/CFD-BM-041-048-A.jpg,z,1
6,2,76,study,0,female,White,female,Black,neutral,,,,,z,527,True,False,,1,,,,False,171,WF-245,materials/cfd/Images/CFD/WF-245/CFD-WF-245-084-N.jpg,BF-201,materials/cfd/Images/CFD/BF-201/CFD-BF-201-080-N.jpg,z,1
6,2,77,study,0,male,White,female,Black,happy,,,,,m,926,True,False,,1,,,,False,173,WM-201,materials/cfd/Images/CFD/WM-201/CFD-WM-201-063-N.jpg,BF-032,materials/cfd/Images/CFD/BF-032/CFD-BF-032-043-HO.jpg,m,1
6,2,78,study,0,female,White,male,Black,neutral,,,,,z,541,True,False,,1,,,,False,175,WF-204,materials/cfd/Images/CFD/WF-204/CFD-WF-204-038-N.jpg,BM-236,materials/cfd/Images/CFD/BM-236/CFD-BM-236-248-N.jpg,z,1
6,2,79,study,0,female,Black,female,Black,happy,,,,,z,575,True,False,,1,,,,False,177,BF-226,materials/cfd/Images/CFD/BF-226/CFD-BF-226-119-N.jpg,BF-048,materials/cfd/Images/CFD/BF-048/CFD-BF-048-005-HO.jpg,z,1
6,2,80,study,0,male,Latino,female,Black,angry,,,,,m,745,True,False,,1,,,,False,179,LM-240,materials/cfd/Images/CFD/LM-240/CFD-LM-240-013-N.jpg,BF-034,materials/cfd/Images/CFD/BF-034/CFD-BF-034-035-A.jpg,m,1
6,2,81,study,0,female,Black,male,White,happy,,,,,z,586,True,False,,1,,,,False,181,BF-255,materials/cfd/Images/CFD/BF-255/CFD-BF-255-140-N.jpg,WM-024,materials/cfd/Images/CFD/WM-024/CFD-WM-024-003-HO.jpg,z,1
6,2,82,study,0,male,Black,female,White,angry,,,,,m,770,True,False,,1,,,,False,183,BM-213,materials/cfd/Images/CFD/BM-213/CFD-BM-213-134-N.jpg,WF-017,materials/cfd/Images/CFD/WF-017/CFD-WF-017-023-A.jpg,m,1
6,2,83,study,0,female,Asian,male,Black,angry,,,,,z,978,True,False,,1,,,,False,185,AF-238,materials/cfd/Images/CFD/AF-238/CFD-AF-238-185-N.jpg,BM-020,materials/cfd/Images/CFD/BM-020/CFD-BM-020-037-A.jpg,z,1
6,2,84,study,0,male,Latino,male,Black,angry,,,,,m,882,True,False,,1,,,,False,187,LM-234,materials/cfd/Images/CFD/LM-234/CFD-LM-234-176-N.jpg,BM-024,materials/cfd/Images/CFD/BM-024/CFD-BM-024-018-A.jpg,m,1
6,2,85,study,0,male,White,female,White,happy,,,,,m,1469,True,False,,1,,,,False,189,WM-212,materials/cfd/Images/CFD/WM-212/CFD-WM-212-097-N.jpg,WF-027,materials/cfd/Images/CFD/WF-027/CFD-WF-027-021-HO.jpg,m,1
6,2,86,study,0,female,Black,female,Black,angry,,,,,z,1619,True,False,,1,,,,False,191,BF-235,materials/cfd/Images/CFD/BF-235/CFD-BF-235-168-N.jpg,BF-001,materials/cfd/Images/CFD/BF-001/CFD-BF-001-026-A.jpg,z,1
6,2,87,study,0,male,Asian,male,Black,neutral,,,,,m,1922,True,False,,1,,,,False,193,AM-201,materials/cfd/Images/CFD/AM-201/CFD-AM-201-076-N.jpg,BM-037,materials/cfd/Images/CFD/BM-037/CFD-BM-037-033-N.jpg,m,1
6,2,88,study,0,female,Black,male,Black,happy,,,,,z,1190,True,False,,1,,,,False,195,BF-033,materials/cfd/Images/CFD/BF-033/CFD-BF-033-028-N.jpg,BM-046,materials/cfd/Images/CFD/BM-046/CFD-BM-046-039-HO.jpg,z,1
6,2,89,study,0,female,Asian,female,Black,neutral,,,,,z,915,True,False,,1,,,,False,197,AF-244,materials/cfd/Images/CFD/AF-244/CFD-AF-244-168-N.jpg,BF-254,materials/cfd/Images/CFD/BF-254/CFD-BF-254-201-N.jpg,z,1
6,2,90,study,0,male,Black,male,Black,happy,,,,,m,547,True,False,,1,,,,False,199,BM-003,materials/cfd/Images/CFD/BM-003/CFD-BM-003-003-N.jpg,BM-010,materials/cfd/Images/CFD/BM-010/CFD-BM-010-004-HO.jpg,m,1
6,2,91,study,1,female,Latino,male,Black,happy,,,,,z,618,True,False,,1,,,,False,202,LF-218,materials/cfd/Images/CFD/LF-218/CFD-LF-218-072-N.jpg,BM-018,materials/cfd/Images/CFD/BM-018/CFD-BM-018-007-HO.jpg,z,1
6,2,92,study,1,female,Asian,female,White,angry,,,,,z,536,True,False,,1,,,,False,204,AF-216,materials/cfd/Images/CFD/AF-216/CFD-AF-216-106-N.jpg,WF-003,materials/cfd/Images/CFD/WF-003/CFD-WF-003-014-A.jpg,z,1
6,2,93,study,1,female,White,female,Black,angry,,,,,,,False,True,,1,,,,False,206,WF-215,materials/cfd/Images/CFD/WF-215/CFD-WF-215-145-N.jpg,BF-051,materials/cfd/Images/CFD/BF-051/CFD-BF-051-043-A.jpg,z,1
6,2,94,study,1,male,White,male,White,angry,,,,,m,598,True,False,,1,,,,False,208,WM-215,materials/cfd/Images/CFD/WM-215/CFD-WM-215-041-N.jpg,WM-040,materials/cfd/Images/CFD/WM-040/CFD-WM-040-007-A.jpg,m,1
6,2,95,study,1,male,Black,male,Black,neutral,,,,,m,639,True,False,,1,,,,False,210,BM-001,materials/cfd/Images/CFD/BM-001/CFD-BM-001-014-N.jpg,BM-225,materials/cfd/Images/CFD/BM-225/CFD-BM-225-154-N.jpg,m,1
6,2,96,study,1,male,Asian,female,White,happy,,,,,m,579,True,False,,1,,,,False,212,AM-229,materials/cfd/Images/CFD/AM-229/CFD-AM-229-224-N.jpg,WF-001,materials/cfd/Images/CFD/WF-001/CFD-WF-001-009-HO.jpg,m,1
6,2,97,study,1,male,Asian,female,Black,angry,,,,,m,516,True,False,,1,,,,False,214,AM-228,materials/cfd/Images/CFD/AM-228/CFD-AM-228-214-N.jpg,BF-029,materials/cfd/Images/CFD/BF-029/CFD-BF-029-046-A.jpg,m,1
6,2,98,study,1,male,Asian,female,Black,neutral,,,,,m,496,True,False,,1,,,,False,216,AM-230,materials/cfd/Images/CFD/AM-230/CFD-AM-230-150-N.jpg,BF-224,materials/cfd/Images/CFD/BF-224/CFD-BF-224-002-N.jpg,m,1
6,2,99,study,1,male,Black,female,Black,angry,,,,,m,544,True,False,,1,,,,False,218,BM-013,materials/cfd/Images/CFD/BM-013/CFD-BM-013-002-N.jpg,BF-025,materials/cfd/Images/CFD/BF-025/CFD-BF-025-011-A.jpg,m,1
6,2,100,study,1,female,Latino,male,White,happy,,,,,z,585,True,False,,1,,,,False,220,LF-226,materials/cfd/Images/CFD/LF-226/CFD-LF-226-174-N.jpg,WM-012,materials/cfd/Images/CFD/WM-012/CFD-WM-012-005-HO.jpg,z,1
6,2,101,study,1,male,Black,male,Black,neutral,,,,,m,665,True,False,,1,,,,False,222,BM-217,materials/cfd/Images/CFD/BM-217/CFD-BM-217-082-N.jpg,BM-244,materials/cfd/Images/CFD/BM-244/CFD-BM-244-197-N.jpg,m,1
6,2,102,study,1,male,White,female,Black,neutral,,,,,z,754,False,False,,1,,,,False,224,WM-243,materials/cfd/Images/CFD/WM-243/CFD-WM-243-107-N.jpg,BF-019,materials/cfd/Images/CFD/BF-019/CFD-BF-019-001-N.jpg,m,1
6,2,103,study,1,female,Asian,male,Black,neutral,,,,,z,980,True,False,,1,,,,False,226,AF-205,materials/cfd/Images/CFD/AF-205/CFD-AF-205-155-N.jpg,BM-016,materials/cfd/Images/CFD/BM-016/CFD-BM-016-036-N.jpg,z,1
6,2,104,study,1,male,Black,female,Black,angry,,,,,m,623,True,False,,1,,,,False,228,BM-212,materials/cfd/Images/CFD/BM-212/CFD-BM-212-117-N.jpg,BF-004,materials/cfd/Images/CFD/BF-004/CFD-BF-004-021-A.jpg,m,1
6,2,105,study,1,male,Asian,female,White,neutral,,,,,m,599,True,False,,1,,,,False,230,AM-224,materials/cfd/Images/CFD/AM-224/CFD-AM-224-126-N.jpg,WF-244,materials/cfd/Images/CFD/WF-244/CFD-WF-244-163-N.jpg,m,1
6,2,106,study,1,male,White,male,Black,happy,,,,,m,507,True,False,,1,,,,False,232,WM-229,materials/cfd/Images/CFD/WM-229/CFD-WM-229-129-N.jpg,BM-019,materials/cfd/Images/CFD/BM-019/CFD-BM-019-004-HO.jpg,m,1
6,2,107,study,1,male,Asian,male,Black,happy,,,,,m,577,True,False,,1,,,,False,234,AM-250,materials/cfd/Images/CFD/AM-250/CFD-AM-250-149-N.jpg,BM-021,materials/cfd/Images/CFD/BM-021/CFD-BM-021-022-HO.jpg,m,1
6,2,108,study,1,female,Asian,male,White,neutral,,,,,z,1722,True,False,,1,,,,False,236,AF-230,materials/cfd/Images/CFD/AF-230/CFD-AF-230-193-N.jpg,WM-233,materials/cfd/Images/CFD/WM-233/CFD-WM-233-106-N.jpg,z,1
6,2,109,study,1,female,White,female,Black,angry,,,,,z,701,True,False,,1,,,,False,238,WF-216,materials/cfd/Images/CFD/WF-216/CFD-WF-216-079-N.jpg,BF-007,materials/cfd/Images/CFD/BF-007/CFD-BF-007-013-A.jpg,z,1
6,2,110,study,1,female,Latino,female,Black,happy,,,,,z,640,True,False,,1,,,,False,240,LF-251,materials/cfd/Images/CFD/LF-251/CFD-LF-251-057-N.jpg,BF-003,materials/cfd/Images/CFD/BF-003/CFD-BF-003-004-HO.jpg,z,1
6,2,111,study,1,female,White,female,Black,neutral,,,,,z,1400,True,False,,1,,,,False,242,WF-012,materials/cfd/Images/CFD/WF-012/CFD-WF-012-002-N.jpg,BF-236,materials/cfd/Images/CFD/BF-236/CFD-BF-236-177-N.jpg,z,1
6,2,112,study,1,male,Black,female,White,happy,,,,,m,1248,True,False,,1,,,,False,244,BM-039,materials/cfd/Images/CFD/BM-039/CFD-BM-039-029-N.jpg,WF-025,materials/cfd/Images/CFD/WF-025/CFD-WF-025-006-HO.jpg,m,1
6,2,113,study,1,female,White,female,Black,happy,,,,,z,1032,True,False,,1,,,,False,246,WF-251,materials/cfd/Images/CFD/WF-251/CFD-WF-251-014-N.jpg,BF-042,materials/cfd/Images/CFD/BF-042/CFD-BF-042-028-HO.jpg,z,1
6,2,114,study,1,male,Asian,female,White,neutral,,,,,m,1083,True,False,,1,,,,False,248,AM-248,materials/cfd/Images/CFD/AM-248/CFD-AM-248-104-N.jpg,WF-028,materials/cfd/Images/CFD/WF-028/CFD-WF-028-023-N.jpg,m,1
6,2,115,study,1,female,White,female,Black,happy,,,,,z,1006,True,False,,1,,,,False,250,WF-210,materials/cfd/Images/CFD/WF-210/CFD-WF-210-086-N.jpg,BF-030,materials/cfd/Images/CFD/BF-030/CFD-BF-030-007-HO.jpg,z,1
6,2,116,study,1,male,Latino,male,Black,neutral,,,,,m,1137,True,False,,1,,,,False,252,LM-209,materials/cfd/Images/CFD/LM-209/CFD-LM-209-111-N.jpg,BM-009,materials/cfd/Images/CFD/BM-009/CFD-BM-009-002-N.jpg,m,1
6,2,117,study,1,female,Asian,female,Black,neutral,,,,,z,1123,True,False,,1,,,,False,254,AF-236,materials/cfd/Images/CFD/AF-236/CFD-AF-236-145-N.jpg,BF-040,materials/cfd/Images/CFD/BF-040/CFD-BF-040-003-N.jpg,z,1
6,2,118,study,1,male,White,female,White,neutral,,,,,m,1061,True,False,,1,,,,False,256,WM-009,materials/cfd/Images/CFD/WM-009/CFD-WM-009-002-N.jpg,WF-200,materials/cfd/Images/CFD/WF-200/CFD-WF-200-099-N.jpg,m,1
6,2,119,study,1,male,White,female,White,happy,,,,,m,1054,True,False,,1,,,,False,258,WM-241,materials/cfd/Images/CFD/WM-241/CFD-WM-241-072-N.jpg,WF-016,materials/cfd/Images/CFD/WF-016/CFD-WF-016-003-HO.jpg,m,1
6,2,120,study,1,female,White,male,Black,neutral,,,,,z,988,True,False,,1,,,,False,260,WF-238,materials/cfd/Images/CFD/WF-238/CFD-WF-238-023-N.jpg,BM-043,materials/cfd/Images/CFD/BM-043/CFD-BM-043-071-N.jpg,z,1
6,2,121,test,0,male,Black,female,Black,angry,,,,rearranged,m,1024,True,False,,1,,,,False,277,BM-013,materials/cfd/Images/CFD/BM-013/CFD-BM-013-002-N.jpg,BF-034,materials/cfd/Images/CFD/BF-034/CFD-BF-034-035-A.jpg,m,1
6,2,122,test,0,male,Asian,female,White,neutral,,,,intact,m,745,False,False,,1,,,,False,279,AM-224,materials/cfd/Images/CFD/AM-224/CFD-AM-224-126-N.jpg,WF-244,materials/cfd/Images/CFD/WF-244/CFD-WF-244-163-N.jpg,z,1
6,2,123,test,0,male,White,male,Black,angry,,,,rearranged,z,531,False,False,,1,,,,False,281,WM-215,materials/cfd/Images/CFD/WM-215/CFD-WM-215-041-N.jpg,BM-025,materials/cfd/Images/CFD/BM-025/CFD-BM-025-045-A.jpg,m,1
6,2,124,test,0,male,White,female,White,neutral,,,,intact,z,607,True,False,,1,,,,False,283,WM-009,materials/cfd/Images/CFD/WM-009/CFD-WM-009-002-N.jpg,WF-200,materials/cfd/Images/CFD/WF-200/CFD-WF-200-099-N.jpg,z,1
6,2,125,test,0,male,Black,male,Black,neutral,,,,rearranged,z,658,False,False,,1,,,,False,285,BM-217,materials/cfd/Images/CFD/BM-217/CFD-BM-217-082-N.jpg,BM-009,materials/cfd/Images/CFD/BM-009/CFD-BM-009-002-N.jpg,m,1
6,2,126,test,0,male,White,female,White,happy,,,,rearranged,m,1163,True,False,,1,,,,False,287,WM-201,materials/cfd/Images/CFD/WM-201/CFD-WM-201-063-N.jpg,WF-025,materials/cfd/Images/CFD/WF-025/CFD-WF-025-006-HO.jpg,m,1
6,2,127,test,0,female,Asian,male,Black,angry,,,,intact,m,1161,False,False,,1,,,,False,289,AF-238,materials/cfd/Images/CFD/AF-238/CFD-AF-238-185-N.jpg,BM-020,materials/cfd/Images/CFD/BM-020/CFD-BM-020-037-A.jpg,z,1
6,2,128,test,0,male,White,female,Black,neutral,,,,rearranged,z,1052,False,False,,1,,,,False,291,WM-243,materials/cfd/Images/CFD/WM-243/CFD-WM-243-107-N.jpg,BF-224,materials/cfd/Images/CFD/BF-224/CFD-BF-224-002-N.jpg,m,1
6,2,129,test,0,male,Black,male,Black,neutral,,,,intact,z,455,True,False,,1,,,,False,293,BM-218,materials/cfd/Images/CFD/BM-218/CFD-BM-218-132-N.jpg,BM-232,materials/cfd/Images/CFD/BM-232/CFD-BM-232-213-N.jpg,z,1
6,2,130,test,0,female,Black,female,Black,neutral,,,,rearranged,m,842,True,False,,1,,,,False,295,BF-014,materials/cfd/Images/CFD/BF-014/CFD-BF-014-002-N.jpg,BF-040,materials/cfd/Images/CFD/BF-040/CFD-BF-040-003-N.jpg,m,1
6,2,131,test,0,male,Latino,male,White,angry,,,,intact,m,1152,False,False,,1,,,,False,297,LM-238,materials/cfd/Images/CFD/LM-238/CFD-LM-238-129-N.jpg,WM-032,materials/cfd/Images/CFD/WM-032/CFD-WM-032-014-A.jpg,z,1
6,2,132,test,0,female,Asian,male,Black,neutral,,,,rearranged,z,714,False,False,,1,,,,False,299,AF-205,materials/cfd/Images/CFD/AF-205/CFD-AF-205-155-N.jpg,BM-235,materials/cfd/Images/CFD/BM-235/CFD-BM-235-226-N.jpg,m,1
6,2,133,test,0,female,Asian,male,White,neutral,,,,intact,m,955,False,False,,1,,,,False,301,AF-230,materials/cfd/Images/CFD/AF-230/CFD-AF-230-193-N.jpg,WM-233,materials/cfd/Images/CFD/WM-233/CFD-WM-233-106-N.jpg,z,1
6,2,134,test,0,female,Black,female,Black,angry,,,,rearranged,z,1230,False,False,,1,,,,False,303,BF-235,materials/cfd/Images/CFD/BF-235/CFD-BF-235-168-N.jpg,BF-051,materials/cfd/Images/CFD/BF-051/CFD-BF-051-043-A.jpg,m,1
6,2,135,test,0,female,Latino,male,White,happy,,,,intact,z,342,True,False,,1,,,,False,305,LF-226,materials/cfd/Images/CFD/LF-226/CFD-LF-226-174-N.jpg,WM-012,materials/cfd/Images/CFD/WM-012/CFD-WM-012-005-HO.jpg,z,1
6,2,136,test,0,female,White,female,Black,angry,,,,rearranged,z,513,False,False,,1,,,,False,307,WF-215,materials/cfd/Images/CFD/WF-215/CFD-WF-215-145-N.jpg,BF-001,materials/cfd/Images/CFD/BF-001/CFD-BF-001-026-A.jpg,m,1
6,2,137,test,0,male,White,female,White,happy,,,,intact,z,379,True,False,,1,,,,False,309,WM-241,materials/cfd/Images/CFD/WM-241/CFD-WM-241-072-N.jpg,WF-016,materials/cfd/Images/CFD/WF-016/CFD-WF-016-003-HO.jpg,z,1
6,2,138,test,0,male,White,female,Black,happy,,,,rearranged,m,348,True,False,,1,,,,False,311,WM-212,materials/cfd/Images/CFD/WM-212/CFD-WM-212-097-N.jpg,BF-032,materials/cfd/Images/CFD/BF-032/CFD-BF-032-043-HO.jpg,m,1
6,2,139,test,0,female,Asian,female,White,angry,,,,intact,m,619,False,False,,1,,,,False,313,AF-216,materials/cfd/Images/CFD/AF-216/CFD-AF-216-106-N.jpg,WF-003,materials/cfd/Images/CFD/WF-003/CFD-WF-003-014-A.jpg,z,1
6,2,140,test,0,female,White,female,Black,happy,,,,intact,z,351,True,False,,1,,,,False,315,WF-251,materials/cfd/Images/CFD/WF-251/CFD-WF-251-014-N.jpg,BF-042,materials/cfd/Images/CFD/BF-042/CFD-BF-042-028-HO.jpg,z,1
6,2,141,test,0,female,Asian,male,Black,angry,,,,rearranged,z,462,False,False,,1,,,,False,317,AF-215,materials/cfd/Images/CFD/AF-215/CFD-AF-215-70-N.jpg,BM-002,materials/cfd/Images/CFD/BM-002/CFD-BM-002-016-A.jpg,m,1
6,2,142,test,0,male,White,male,Black,happy,,,,intact,z,373,True,False,,1,,,,False,319,WM-004,materials/cfd/Images/CFD/WM-004/CFD-WM-004-010-N.jpg,BM-034,materials/cfd/Images/CFD/BM-034/CFD-BM-034-033-HO.jpg,z,1
6,2,143,test,0,male,Black,male,Black,happy,,,,intact,m,309,False,False,,1,,,,False,321,BM-003,materials/cfd/Images/CFD/BM-003/CFD-BM-003-003-N.jpg,BM-010,materials/cfd/Images/CFD/BM-010/CFD-BM-010-004-HO.jpg,z,1
6,2,144,test,0,female,White,female,Black,angry,,,,intact,z,287,True,False,,1,,,,False,323,WF-216,materials/cfd/Images/CFD/WF-216/CFD-WF-216-079-N.jpg,BF-007,materials/cfd/Images/CFD/BF-007/CFD-BF-007-013-A.jpg,z,1
6,2,145,test,0,female,Black,male,White,happy,,,,intact,z,632,True,False,,1,,,,False,325,BF-255,materials/cfd/Images/CFD/BF-255/CFD-BF-255-140-N.jpg,WM-024,materials/cfd/Images/CFD/WM-024/CFD-WM-024-003-HO.jpg,z,1
6,2,146,test,0,male,Black,female,Black,angry,,,,intact,z,374,True,False,,1,,,,False,327,BM-212,materials/cfd/Images/CFD/BM-212/CFD-BM-212-117-N.jpg,BF-004,materials/cfd/Images/CFD/BF-004/CFD-BF-004-021-A.jpg,z,1
6,2,147,test,0,female,Black,female,Black,angry,,,,intact,m,259,False,False,,1,,,,False,329,BF-247,materials/cfd/Images/CFD/BF-247/CFD-BF-247-179-N.jpg,BF-039,materials/cfd/Images/CFD/BF-039/CFD-BF-039-039-A.jpg,z,1
6,2,148,test,0,female,Black,male,Black,happy,,,,rearranged,z,586,False,False,,1,,,,False,331,BF-033,materials/cfd/Images/CFD/BF-033/CFD-BF-033-028-N.jpg,BM-018,materials/cfd/Images/CFD/BM-018/CFD-BM-018-007-HO.jpg,m,1
6,2,149,test,0,male,Black,male,Black,angry,,,,rearranged,z,379,False,False,,1,,,,False,333,BM-200,materials/cfd/Images/CFD/BM-200/CFD-BM-200-046-N.jpg,BM-024,materials/cfd/Images/CFD/BM-024/CFD-BM-024-018-A.jpg,m,1
6,2,150,test,0,male,Latino,male,Black,neutral,,,,rearranged,m,827,True,False,,1,,,,False,335,LM-209,materials/cfd/Images/CFD/LM-209/CFD-LM-209-111-N.jpg,BM-225,materials/cfd/Images/CFD/BM-225/CFD-BM-225-154-N.jpg,m,1
6,2,151,test,1,male,Black,female,White,angry,,,,intact,z,348,True,False,,1,,,,False,338,BM-213,materials/cfd/Images/CFD/BM-213/CFD-BM-213-134-N.jpg,WF-017,materials/cfd/Images/CFD/WF-017/CFD-WF-017-023-A.jpg,z,1
6,2,152,test,1,female,White,female,Black,neutral,,,,intact,m,968,False,False,,1,,,,False,340,WF-245,materials/cfd/Images/CFD/WF-245/CFD-WF-245-084-N.jpg,BF-201,materials/cfd/Images/CFD/BF-201/CFD-BF-201-080-N.jpg,z,1
6,2,153,test,1,male,Asian,female,White,neutral,,,,intact,z,473,True,False,,1,,,,False,342,AM-248,materials/cfd/Images/CFD/AM-248/CFD-AM-248-104-N.jpg,WF-028,materials/cfd/Images/CFD/WF-028/CFD-WF-028-023-N.jpg,z,1
6,2,154,test,1,male,Asian,male,Black,neutral,,,,intact,z,295,True,False,,1,,,,False,344,AM-201,materials/cfd/Images/CFD/AM-201/CFD-AM-201-076-N.jpg,BM-037,materials/cfd/Images/CFD/BM-037/CFD-BM-037-033-N.jpg,z,1
6,2,155,test,1,female,Latino,male,Black,happy,,,,rearranged,z,511,False,False,,1,,,,False,346,LF-218,materials/cfd/Images/CFD/LF-218/CFD-LF-218-072-N.jpg,BM-046,materials/cfd/Images/CFD/BM-046/CFD-BM-046-039-HO.jpg,m,1
6,2,156,test,1,male,Black,female,White,happy,,,,rearranged,m,577,True,False,,1,,,,False,348,BM-039,materials/cfd/Images/CFD/BM-039/CFD-BM-039-029-N.jpg,WF-027,materials/cfd/Images/CFD/WF-027/CFD-WF-027-021-HO.jpg,m,1
6,2,157,test,1,male,Asian,female,White,happy,,,,intact,m,487,False,False,,1,,,,False,350,AM-229,materials/cfd/Images/CFD/AM-229/CFD-AM-229-224-N.jpg,WF-001,materials/cfd/Images/CFD/WF-001/CFD-WF-001-009-HO.jpg,z,1
6,2,158,test,1,female,Asian,male,Black,neutral,,,,rearranged,z,286,False,False,,1,,,,False,352,AF-246,materials/cfd/Images/CFD/AF-246/CFD-AF-246-242-N.jpg,BM-236,materials/cfd/Images/CFD/BM-236/CFD-BM-236-248-N.jpg,m,1
6,2,159,test,1,male,Asian,female,Black,neutral,,,,rearranged,z,329,False,False,,1,,,,False,354,AM-230,materials/cfd/Images/CFD/AM-230/CFD-AM-230-150-N.jpg,BF-019,materials/cfd/Images/CFD/BF-019/CFD-BF-019-001-N.jpg,m,1
6,2,160,test,1,female,Black,male,Black,angry,,,,rearranged,z,574,False,False,,1,,,,False,356,BF-239,materials/cfd/Images/CFD/BF-239/CFD-BF-239-180-N.jpg,BM-041,materials/cfd/Images/CFD/BM-041/CFD-BM-041-048-A.jpg,m,1
6,2,161,test,1,male,Black,male,Black,neutral,,,,rearranged,m,1127,True,False,,1,,,,False,358,BM-001,materials/cfd/Images/CFD/BM-001/CFD-BM-001-014-N.jpg,BM-244,materials/cfd/Images/CFD/BM-244/CFD-BM-244-197-N.jpg,m,1
6,2,162,test,1,male,Latino,male,Black,happy,,,,intact,z,510,True,False,,1,,,,False,360,LM-242,materials/cfd/Images/CFD/LM-242/CFD-LM-242-002-N.jpg,BM-029,materials/cfd/Images/CFD/BM-029/CFD-BM-029-029-HO.jpg,z,1
6,2,163,test,1,female,Asian,male,White,angry,,,,rearranged,m,281,True,False,,1,,,,False,362,AF-231,materials/cfd/Images/CFD/AF-231/CFD-AF-231-357-N.jpg,WM-018,materials/cfd/Images/CFD/WM-018/CFD-WM-018-007-A.jpg,m,1
6,2,164,test,1,female,White,male,Black,neutral,,,,intact,z,286,True,False,,1,,,,False,364,WF-238,materials/cfd/Images/CFD/WF-238/CFD-WF-238-023-N.jpg,BM-043,materials/cfd/Images/CFD/BM-043/CFD-BM-043-071-N.jpg,z,1
6,2,165,test,1,male,Asian,male,Black,happy,,,,rearranged,m,1087,True,False,,1,,,,False,366,AM-250,materials/cfd/Images/CFD/AM-250/CFD-AM-250-149-N.jpg,BM-019,materials/cfd/Images/CFD/BM-019/CFD-BM-019-004-HO.jpg,m,1
6,2,166,test,1,female,Latino,female,Black,happy,,,,rearranged,z,604,False,False,,1,,,,False,368,LF-251,materials/cfd/Images/CFD/LF-251/CFD-LF-251-057-N.jpg,BF-030,materials/cfd/Images/CFD/BF-030/CFD-BF-030-007-HO.jpg,m,1
6,2,167,test,1,male,White,male,Black,happy,,,,rearranged,z,327,False,False,,1,,,,False,370,WM-229,materials/cfd/Images/CFD/WM-229/CFD-WM-229-129-N.jpg,BM-021,materials/cfd/Images/CFD/BM-021/CFD-BM-021-022-HO.jpg,m,1
6,2,168,test,1,female,White,female,Black,happy,,,,rearranged,z,400,False,False,,1,,,,False,372,WF-210,materials/cfd/Images/CFD/WF-210/CFD-WF-210-086-N.jpg,BF-048,materials/cfd/Images/CFD/BF-048/CFD-BF-048-005-HO.jpg,m,1
6,2,169,test,1,female,Black,male,White,angry,,,,intact,m,143,False,False,,1,,,,False,374,BF-221,materials/cfd/Images/CFD/BF-221/CFD-BF-221-223-N.jpg,WM-014,materials/cfd/Images/CFD/WM-014/CFD-WM-014-013-A.jpg,z,1
6,2,170,test,1,female,Black,female,Black,happy,,,,rearranged,z,425,False,False,,1,,,,False,376,BF-226,materials/cfd/Images/CFD/BF-226/CFD-BF-226-119-N.jpg,BF-003,materials/cfd/Images/CFD/BF-003/CFD-BF-003-004-HO.jpg,m,1
6,2,171,test,1,male,Latino,female,Black,angry,,,,rearranged,m,389,True,False,,1,,,,False,378,LM-240,materials/cfd/Images/CFD/LM-240/CFD-LM-240-013-N.jpg,BF-025,materials/cfd/Images/CFD/BF-025/CFD-BF-025-011-A.jpg,m,1
6,2,172,test,1,female,White,male,Black,neutral,,,,rearranged,m,381,True,False,,1,,,,False,380,WF-204,materials/cfd/Images/CFD/WF-204/CFD-WF-204-038-N.jpg,BM-016,materials/cfd/Images/CFD/BM-016/CFD-BM-016-036-N.jpg,m,1
6,2,173,test,1,female,Asian,female,Black,neutral,,,,intact,z,328,True,False,,1,,,,False,382,AF-244,materials/cfd/Images/CFD/AF-244/CFD-AF-244-168-N.jpg,BF-254,materials/cfd/Images/CFD/BF-254/CFD-BF-254-201-N.jpg,z,1
6,2,174,test,1,male,Latino,male,White,angry,,,,rearranged,z,441,False,False,,1,,,,False,384,LM-234,materials/cfd/Images/CFD/LM-234/CFD-LM-234-176-N.jpg,WM-040,materials/cfd/Images/CFD/WM-040/CFD-WM-040-007-A.jpg,m,1
6,2,175,test,1,female,White,female,Black,neutral,,,,intact,m,340,False,False,,1,,,,False,386,WF-012,materials/cfd/Images/CFD/WF-012/CFD-WF-012-002-N.jpg,BF-236,materials/cfd/Images/CFD/BF-236/CFD-BF-236-177-N.jpg,z,1
6,2,176,test,1,female,Black,male,White,happy,,,,intact,m,458,False,False,,1,,,,False,388,BF-213,materials/cfd/Images/CFD/BF-213/CFD-BF-213-188-N.jpg,WM-006,materials/cfd/Images/CFD/WM-006/CFD-WM-006-010-HO.jpg,z,1
6,2,177,test,1,male,White,male,White,angry,,,,intact,z,325,True,False,,1,,,,False,390,WM-202,materials/cfd/Images/CFD/WM-202/CFD-WM-202-107-N.jpg,WM-035,materials/cfd/Images/CFD/WM-035/CFD-WM-035-018-A.jpg,z,1
6,2,178,test,1,female,White,female,Black,happy,,,,intact,z,309,True,False,,1,,,,False,392,WF-031,materials/cfd/Images/CFD/WF-031/CFD-WF-031-027-N.jpg,BF-010,materials/cfd/Images/CFD/BF-010/CFD-BF-010-003-HO.jpg,z,1
6,2,179,test,1,male,Asian,female,Black,angry,,,,intact,z,406,True,False,,1,,,,False,394,AM-228,materials/cfd/Images/CFD/AM-228/CFD-AM-228-214-N.jpg,BF-029,materials/cfd/Images/CFD/BF-029/CFD-BF-029-046-A.jpg,z,1
6,2,180,test,1,female,Asian,female,Black,neutral,,,,rearranged,m,453,True,False,,1,,,,False,396,AF-236,materials/cfd/Images/CFD/AF-236/CFD-AF-236-145-N.jpg,BF-009,materials/cfd/Images/CFD/BF-009/CFD-BF-009-002-N.jpg,m,1
7,1,1,study,0,female,Asian,female,Black,angry,,,,,z,2165,True,False,,2,,,,False,17,AF-219,materials/cfd/Images/CFD/AF-219/CFD-AF-219-106-N.jpg,BF-011,materials/cfd/Images/CFD/BF-011/CFD-BF-011-011-A.jpg,z,1.125
7,1,2,study,0,male,White,male,White,happy,,,,,m,676,True,False,,2,,,,False,19,WM-201,materials/cfd/Images/CFD/WM-201/CFD-WM-201-063-N.jpg,WM-016,materials/cfd/Images/CFD/WM-016/CFD-WM-016-002-HO.jpg,m,1.125
7,1,3,study,0,female,White,male,Black,neutral,,,,,z,805,True,False,,2,,,,False,21,WF-009,materials/cfd/Images/CFD/WF-009/CFD-WF-009-001-N.jpg,BM-028,materials/cfd/Images/CFD/BM-028/CFD-BM-028-002-N.jpg,z,1.125
7,1,4,study,0,female,Latino,male,White,neutral,,,,,z,1176,True,False,,2,,,,False,23,LF-245,materials/cfd/Images/CFD/LF-245/CFD-LF-245-166-N.jpg,WM-224,materials/cfd/Images/CFD/WM-224/CFD-WM-224-197-N.jpg,z,1.125
7,1,5,study,0,female,White,female,Black,happy,,,,,z,1876,True,False,,2,,,,False,25,WF-030,materials/cfd/Images/CFD/WF-030/CFD-WF-030-002-N.jpg,BF-034,materials/cfd/Images/CFD/BF-034/CFD-BF-034-005-HO.jpg,z,1.125
7,1,6,study,0,male,Asian,female,Black,neutral,,,,,m,921,True,False,,2,,,,False,27,AM-212,materials/cfd/Images/CFD/AM-212/CFD-AM-212-050-N.jpg,BF-230,materials/cfd/Images/CFD/BF-230/CFD-BF-230-189-N.jpg,m,1.125
7,1,7,study,0,female,Latino,male,White,neutral,,,,,z,2549,True,False,,2,,,,False,29,LF-244,materials/cfd/Images/CFD/LF-244/CFD-LF-244-096-N.jpg,WM-239,materials/cfd/Images/CFD/WM-239/CFD-WM-239-128-N.jpg,z,1.125
7,1,8,study,0,female,Black,female,White,angry,,,,,z,1941,True,False,,2,,,,False,31,BF-254,materials/cfd/Images/CFD/BF-254/CFD-BF-254-201-N.jpg,WF-034,materials/cfd/Images/CFD/WF-034/CFD-WF-034-016-A.jpg,z,1.125
7,1,9,study,0,male,White,male,Black,angry,,,,,m,969,True,False,,2,,,,False,33,WM-237,materials/cfd/Images/CFD/WM-237/CFD-WM-237-052-N.jpg,BM-001,materials/cfd/Images/CFD/BM-001/CFD-BM-001-022-A.jpg,m,1.125
7,1,10,study,0,male,White,female,White,angry,,,,,m,2367,True,False,,2,,,,False,35,WM-202,materials/cfd/Images/CFD/WM-202/CFD-WM-202-107-N.jpg,WF-021,materials/cfd/Images/CFD/WF-021/CFD-WF-021-018-A.jpg,m,1.125
7,1,11,study,0,male,Asian,male,White,neutral,,,,,m,1666,True,False,,2,,,,False,37,AM-221,materials/cfd/Images/CFD/AM-221/CFD-AM-221-184-N.jpg,WM-253,materials/cfd/Images/CFD/WM-253/CFD-WM-253-119-N.jpg,m,1.125
7,1,12,study,0,male,White,female,White,angry,,,,,m,1397,True,False,,2,,,,False,39,WM-010,materials/cfd/Images/CFD/WM-010/CFD-WM-010-001-N.jpg,WF-016,materials/cfd/Images/CFD/WF-016/CFD-WF-016-021-A.jpg,m,1.125
7,1,13,study,0,male,Latino,female,Black,happy,,,,,m,902,True,False,,2,,,,False,41,LM-247,materials/cfd/Images/CFD/LM-247/CFD-LM-247-095-N.jpg,BF-030,materials/cfd/Images/CFD/BF-030/CFD-BF-030-007-HO.jpg,m,1.125
7,1,14,study,0,female,Black,female,Black,happy,,,,,z,2097,True,False,,2,,,,False,43,BF-032,materials/cfd/Images/CFD/BF-032/CFD-BF-032-038-N.jpg,BF-015,materials/cfd/Images/CFD/BF-015/CFD-BF-015-006-HO.jpg,z,1.125
7,1,15,study,0,female,Black,female,White,happy,,,,,z,1607,True,False,,2,,,,False,45,BF-218,materials/cfd/Images/CFD/BF-218/CFD-BF-218-207-N.jpg,WF-001,materials/cfd/Images/CFD/WF-001/CFD-WF-001-009-HO.jpg,z,1.125
7,1,16,study,0,female,Latino,female,White,happy,,,,,z,1583,True,False,,2,,,,False,47,LF-210,materials/cfd/Images/CFD/LF-210/CFD-LF-210-220-N.jpg,WF-010,materials/cfd/Images/CFD/WF-010/CFD-WF-010-006-HO.jpg,z,1.125
7,1,17,study,0,male,Asian,female,Black,angry,,,,,z,2244,False,False,,2,,,,False,49,AM-215,materials/cfd/Images/CFD/AM-215/CFD-AM-215-120-N.jpg,BF-040,materials/cfd/Images/CFD/BF-040/CFD-BF-040-051-A.jpg,m,1.125
7,1,18,study,0,male,White,female,Black,happy,,,,,m,1764,True,False,,2,,,,False,51,WM-002,materials/cfd/Images/CFD/WM-002/CFD-WM-002-009-N.jpg,BF-037,materials/cfd/Images/CFD/BF-037/CFD-BF-037-026-HO.jpg,m,1.125
7,1,19,study,0,female,Asian,female,Black,angry,,,,,z,1098,True,False,,2,,,,False,53,AF-252,materials/cfd/Images/CFD/AF-252/CFD-AF-252-135-N.jpg,BF-008,materials/cfd/Images/CFD/BF-008/CFD-BF-008-012-A.jpg,z,1.125
7,1,20,study,0,male,White,male,Black,angry,,,,,m,1279,True,False,,2,,,,False,55,WM-006,materials/cfd/Images/CFD/WM-006/CFD-WM-006-002-N.jpg,BM-019,materials/cfd/Images/CFD/BM-019/CFD-BM-019-045-A.jpg,m,1.125
7,1,21,study,0,male,Latino,male,Black,angry,,,,,m,1029,True,False,,2,,,,False,57,LM-206,materials/cfd/Images/CFD/LM-206/CFD-LM-206-204-N.jpg,BM-013,materials/cfd/Images/CFD/BM-013/CFD-BM-013-016-A.jpg,m,1.125
7,1,22,study,0,female,Latino,male,White,angry,,,,,z,2070,True,False,,2,,,,False,59,LF-213,materials/cfd/Images/CFD/LF-213/CFD-LF-213-079-N.jpg,WM-009,materials/cfd/Images/CFD/WM-009/CFD-WM-009-009-A.jpg,z,1.125
7,1,23,study,0,male,White,male,White,happy,,,,,m,1391,True,False,,2,,,,False,61,WM-256,materials/cfd/Images/CFD/WM-256/CFD-WM-256-138-N.jpg,WM-038,materials/cfd/Images/CFD/WM-038/CFD-WM-038-005-HO.jpg,m,1.125
7,1,24,study,0,male,Black,female,Black,happy,,,,,,,False,True,,2,,,,False,63,BM-201,materials/cfd/Images/CFD/BM-201/CFD-BM-201-077-N.jpg,BF-038,materials/cfd/Images/CFD/BF-038/CFD-BF-038-004-HO.jpg,m,1.125
7,1,25,study,0,male,Latino,male,White,neutral,,,,,m,1098,True,False,,2,,,,False,65,LM-250,materials/cfd/Images/CFD/LM-250/CFD-LM-250-077-N.jpg,WM-200,materials/cfd/Images/CFD/WM-200/CFD-WM-200-034-N.jpg,m,1.125
7,1,26,study,0,female,Black,male,Black,angry,,,,,z,1202,True,False,,2,,,,False,67,BF-236,materials/cfd/Images/CFD/BF-236/CFD-BF-236-177-N.jpg,BM-038,materials/cfd/Images/CFD/BM-038/CFD-BM-038-038-A.jpg,z,1.125
7,1,27,study,0,female,Black,female,Black,neutral,,,,,z,915,True,False,,2,,,,False,69,BF-217,materials/cfd/Images/CFD/BF-217/CFD-BF-217-189-N.jpg,BF-252,materials/cfd/Images/CFD/BF-252/CFD-BF-252-191-N.jpg,z,1.125
7,1,28,study,0,female,Black,female,Black,neutral,,,,,z,1204,True,False,,2,,,,False,71,BF-253,materials/cfd/Images/CFD/BF-253/CFD-BF-253-202-N.jpg,BF-240,materials/cfd/Images/CFD/BF-240/CFD-BF-240-179-N.jpg,z,1.125
7,1,29,study,0,male,White,male,White,angry,,,,,m,1094,True,False,,2,,,,False,73,WM-203,materials/cfd/Images/CFD/WM-203/CFD-WM-203-023-N.jpg,WM-032,materials/cfd/Images/CFD/WM-032/CFD-WM-032-014-A.jpg,m,1.125
7,1,30,study,0,female,White,male,Black,happy,,,,,z,1914,True,False,,2,,,,False,75,WF-210,materials/cfd/Images/CFD/WF-210/CFD-WF-210-086-N.jpg,BM-040,materials/cfd/Images/CFD/BM-040/CFD-BM-040-030-HO.jpg,z,1.125
7,1,31,study,1,female,White,female,White,angry,,,,,z,1069,True,False,,2,,,,False,78,WF-209,materials/cfd/Images/CFD/WF-209/CFD-WF-209-052-N.jpg,WF-015,materials/cfd/Images/CFD/WF-015/CFD-WF-015-014-A.jpg,z,1.125
7,1,32,study,1,female,Latino,male,Black,angry,,,,,z,1618,True,False,,2,,,,False,80,LF-252,materials/cfd/Images/CFD/LF-252/CFD-LF-252-172-N.jpg,BM-011,materials/cfd/Images/CFD/BM-011/CFD-BM-011-020-A.jpg,z,1.125
7,1,33,study,1,male,Asian,male,White,happy,,,,,m,2248,True,False,,2,,,,False,82,AM-236,materials/cfd/Images/CFD/AM-236/CFD-AM-236-090-N.jpg,WM-039,materials/cfd/Images/CFD/WM-039/CFD-WM-039-008-HO.jpg,m,1.125
7,1,34,study,1,female,Latino,male,White,angry,,,,,z,2060,True,False,,2,,,,False,84,LF-250,materials/cfd/Images/CFD/LF-250/CFD-LF-250-169-N.jpg,WM-023,materials/cfd/Images/CFD/WM-023/CFD-WM-023-012-A.jpg,z,1.125
7,1,35,study,1,male,White,male,Black,happy,,,,,m,1194,True,False,,2,,,,False,86,WM-013,materials/cfd/Images/CFD/WM-013/CFD-WM-013-001-N.jpg,BM-036,materials/cfd/Images/CFD/BM-036/CFD-BM-036-004-HO.jpg,m,1.125
7,1,36,study,1,female,Asian,male,White,happy,,,,,z,1485,True,False,,2,,,,False,88,AF-202,materials/cfd/Images/CFD/AF-202/CFD-AF-202-122-N.jpg,WM-031,materials/cfd/Images/CFD/WM-031/CFD-WM-031-004-HO.jpg,z,1.125
7,1,37,study,1,male,Black,female,Black,happy,,,,,m,1366,True,False,,2,,,,False,90,BM-031,materials/cfd/Images/CFD/BM-031/CFD-BM-031-003-N.jpg,BF-028,materials/cfd/Images/CFD/BF-028/CFD-BF-028-006-HO.jpg,m,1.125
7,1,38,study,1,male,White,female,Black,neutral,,,,,m,1187,True,False,,2,,,,False,92,WM-205,materials/cfd/Images/CFD/WM-205/CFD-WM-205-007-N.jpg,BF-005,materials/cfd/Images/CFD/BF-005/CFD-BF-005-001-N.jpg,m,1.125
7,1,39,study,1,male,White,female,Black,happy,,,,,m,999,True,False,,2,,,,False,94,WM-215,materials/cfd/Images/CFD/WM-215/CFD-WM-215-041-N.jpg,BF-049,materials/cfd/Images/CFD/BF-049/CFD-BF-049-034-HO.jpg,m,1.125
7,1,40,study,1,female,White,male,Black,happy,,,,,z,858,True,False,,2,,,,False,96,WF-230,materials/cfd/Images/CFD/WF-230/CFD-WF-230-158-N.jpg,BM-029,materials/cfd/Images/CFD/BM-029/CFD-BM-029-029-HO.jpg,z,1.125
7,1,41,study,1,female,Latino,male,Black,neutral,,,,,z,1030,True,False,,2,,,,False,98,LF-223,materials/cfd/Images/CFD/LF-223/CFD-LF-223-064-N.jpg,BM-209,materials/cfd/Images/CFD/BM-209/CFD-BM-209-088-N.jpg,z,1.125
7,1,42,study,1,female,White,female,Black,neutral,,,,,z,1683,True,False,,2,,,,False,100,WF-245,materials/cfd/Images/CFD/WF-245/CFD-WF-245-084-N.jpg,BF-228,materials/cfd/Images/CFD/BF-228/CFD-BF-228-212-N.jpg,z,1.125
7,1,43,study,1,male,Black,male,Black,angry,,,,,m,891,True,False,,2,,,,False,102,BM-237,materials/cfd/Images/CFD/BM-237/CFD-BM-237-188-N.jpg,BM-039,materials/cfd/Images/CFD/BM-039/CFD-BM-039-037-A.jpg,m,1.125
7,1,44,study,1,female,Black,male,Black,happy,,,,,z,1549,True,False,,2,,,,False,104,BF-247,materials/cfd/Images/CFD/BF-247/CFD-BF-247-179-N.jpg,BM-041,materials/cfd/Images/CFD/BM-041/CFD-BM-041-041-HO.jpg,z,1.125
7,1,45,study,1,male,Black,female,White,neutral,,,,,m,792,True,False,,2,,,,False,106,BM-228,materials/cfd/Images/CFD/BM-228/CFD-BM-228-145-N.jpg,WF-250,materials/cfd/Images/CFD/WF-250/CFD-WF-250-167-N.jpg,m,1.125
7,1,46,study,1,female,Black,female,White,angry,,,,,z,1387,True,False,,2,,,,False,108,BF-029,materials/cfd/Images/CFD/BF-029/CFD-BF-029-031-N.jpg,WF-031,materials/cfd/Images/CFD/WF-031/CFD-WF-031-015-A.jpg,z,1.125
7,1,47,study,1,male,Asian,female,Black,neutral,,,,,m,831,True,False,,2,,,,False,110,AM-209,materials/cfd/Images/CFD/AM-209/CFD-AM-209-048-N.jpg,BF-024,materials/cfd/Images/CFD/BF-024/CFD-BF-024-002-N.jpg,m,1.125
7,1,48,study,1,male,Latino,male,Black,neutral,,,,,m,1876,True,False,,2,,,,False,112,LM-244,materials/cfd/Images/CFD/LM-244/CFD-LM-244-068-N.jpg,BM-224,materials/cfd/Images/CFD/BM-224/CFD-BM-224-073-N.jpg,m,1.125
7,1,49,study,1,female,Asian,male,Black,angry,,,,,z,2809,True,False,,2,,,,False,114,AF-241,materials/cfd/Images/CFD/AF-241/CFD-AF-241-141-N.jpg,BM-034,materials/cfd/Images/CFD/BM-034/CFD-BM-034-040-A.jpg,z,1.125
7,1,50,study,1,female,Latino,female,White,happy,,,,,z,2613,True,False,,2,,,,False,116,LF-249,materials/cfd/Images/CFD/LF-249/CFD-LF-249-132-N.jpg,WF-018,materials/cfd/Images/CFD/WF-018/CFD-WF-018-018-HO.jpg,z,1.125
7,1,51,study,1,male,Black,female,Black,neutral,,,,,m,1224,True,False,,2,,,,False,118,BM-004,materials/cfd/Images/CFD/BM-004/CFD-BM-004-002-N.jpg,BF-012,materials/cfd/Images/CFD/BF-012/CFD-BF-012-001-N.jpg,m,1.125
7,1,52,study,1,male,Asian,female,Black,angry,,,,,m,2752,True,False,,2,,,,False,120,AM-213,materials/cfd/Images/CFD/AM-213/CFD-AM-213-056-N.jpg,BF-023,materials/cfd/Images/CFD/BF-023/CFD-BF-023-013-A.jpg,m,1.125
7,1,53,study,1,female,White,female,White,neutral,,,,,z,1332,True,False,,2,,,,False,122,WF-225,materials/cfd/Images/CFD/WF-225/CFD-WF-225-101-N.jpg,WF-024,materials/cfd/Images/CFD/WF-024/CFD-WF-024-003-N.jpg,z,1.125
7,1,54,study,1,male,Latino,male,White,neutral,,,,,m,1224,True,False,,2,,,,False,124,LM-218,materials/cfd/Images/CFD/LM-218/CFD-LM-218-183-N.jpg,WM-235,materials/cfd/Images/CFD/WM-235/CFD-WM-235-147-N.jpg,m,1.125
7,1,55,study,1,female,Asian,male,White,happy,,,,,z,1031,True,False,,2,,,,False,126,AF-218,materials/cfd/Images/CFD/AF-218/CFD-AF-218-157-N.jpg,WM-037,materials/cfd/Images/CFD/WM-037/CFD-WM-037-034-HO.jpg,z,1.125
7,1,56,study,1,female,Latino,female,White,neutral,,,,,z,2184,True,False,,2,,,,False,128,LF-220,materials/cfd/Images/CFD/LF-220/CFD-LF-220-120-N.jpg,WF-204,materials/cfd/Images/CFD/WF-204/CFD-WF-204-038-N.jpg,z,1.125
7,1,57,study,1,male,White,male,White,happy,,,,,m,1031,True,False,,2,,,,False,130,WM-035,materials/cfd/Images/CFD/WM-035/CFD-WM-035-032-N.jpg,WM-014,materials/cfd/Images/CFD/WM-014/CFD-WM-014-004-HO.jpg,m,1.125
7,1,58,study,1,female,Asian,male,White,neutral,,,,,z,1033,True,False,,2,,,,False,132,AF-201,materials/cfd/Images/CFD/AF-201/CFD-AF-201-060-N.jpg,WM-218,materials/cfd/Images/CFD/WM-218/CFD-WM-218-074-N.jpg,z,1.125
7,1,59,study,1,male,Black,male,Black,neutral,,,,,m,906,True,False,,2,,,,False,134,BM-247,materials/cfd/Images/CFD/BM-247/CFD-BM-247-240-N.jpg,BM-217,materials/cfd/Images/CFD/BM-217/CFD-BM-217-082-N.jpg,m,1.125
7,1,60,study,1,male,Asian,female,White,angry,,,,,m,1808,True,False,,2,,,,False,136,AM-214,materials/cfd/Images/CFD/AM-214/CFD-AM-214-168-N.jpg,WF-037,materials/cfd/Images/CFD/WF-037/CFD-WF-037-016-A.jpg,m,1.125
7,1,61,test,0,female,Asian,,,,old,happy,male,,m,1386,True,False,,2,,,,False,153,AF-218,materials/cfd/Images/CFD/AF-218/CFD-AF-218-157-N.jpg,,,m,1.125
7,1,62,test,0,male,Black,,,,new,,,,z,1395,True,False,,2,,,,False,155,BM-218,materials/cfd/Images/CFD/BM-218/CFD-BM-218-132-N.jpg,,,z,1.125
7,1,63,test,0,female,Black,,,,old,happy,male,,m,1364,True,False,,2,,,,False,157,BF-247,materials/cfd/Images/CFD/BF-247/CFD-BF-247-179-N.jpg,,,m,1.125
7,1,64,test,0,male,Black,,,,new,,,,m,1208,False,False,,2,,,,False,159,BM-232,materials/cfd/Images/CFD/BM-232/CFD-BM-232-213-N.jpg,,,z,1.125
7,1,65,test,0,male,Black,,,,old,neutral,female,,m,1712,True,False,,2,,,,False,161,BM-004,materials/cfd/Images/CFD/BM-004/CFD-BM-004-002-N.jpg,,,m,1.125
7,1,66,test,0,male,Black,,,,new,,,,z,851,True,False,,2,,,,False,163,BM-243,materials/cfd/Images/CFD/BM-243/CFD-BM-243-218-N.jpg,,,z,1.125
7,1,67,test,0,female,Latino,,,,new,,,,m,1229,False,False,,2,,,,False,165,LF-216,materials/cfd/Images/CFD/LF-216/CFD-LF-216-121-N.jpg,,,z,1.125
7,1,68,test,0,male,Asian,,,,old,neutral,female,,z,1735,False,False,,2,,,,False,167,AM-212,materials/cfd/Images/CFD/AM-212/CFD-AM-212-050-N.jpg,,,m,1.125
7,1,69,test,0,female,Asian,,,,old,angry,male,,m,1436,True,False,,2,,,,False,169,AF-241,materials/cfd/Images/CFD/AF-241/CFD-AF-241-141-N.jpg,,,m,1.125
7,1,70,test,0,male,White,,,,old,angry,male,,m,946,True,False,,2,,,,False,171,WM-237,materials/cfd/Images/CFD/WM-237/CFD-WM-237-052-N.jpg,,,m,1.125
7,1,71,test,0,male,White,,,,old,angry,male,,m,1409,True,False,,2,,,,False,173,WM-203,materials/cfd/Images/CFD/WM-203/CFD-WM-203-023-N.jpg,,,m,1.125
7,1,72,test,0,male,Latino,,,,old,angry,male,,z,1137,False,False,,2,,,,False,175,LM-206,materials/cfd/Images/CFD/LM-206/CFD-LM-206-204-N.jpg,,,m,1.125
7,1,73,test,0,female,Latino,,,,new,,,,z,1666,True,False,,2,,,,False,177,LF-246,materials/cfd/Images/CFD/LF-246/CFD-LF-246-129-N.jpg,,,z,1.125
7,1,74,test,0,female,Latino,,,,old,neutral,male,,z,1759,False,False,,2,,,,False,179,LF-244,materials/cfd/Images/CFD/LF-244/CFD-LF-244-096-N.jpg,,,m,1.125
7,1,75,test,0,female,Latino,,,,old,happy,female,,m,1363,True,False,,2,,,,False,181,LF-210,materials/cfd/Images/CFD/LF-210/CFD-LF-210-220-N.jpg,,,m,1.125
7,1,76,test,0,male,Asian,,,,old,angry,female,,m,1511,True,False,,2,,,,False,183,AM-215,materials/cfd/Images/CFD/AM-215/CFD-AM-215-120-N.jpg,,,m,1.125
7,1,77,test,0,female,Asian,,,,new,,,,z,905,True,False,,2,,,,False,185,AF-245,materials/cfd/Images/CFD/AF-245/CFD-AF-245-143-N.jpg,,,z,1.125
7,1,78,test,0,male,Asian,,,,new,,,,m,967,False,False,,2,,,,False,187,AM-205,materials/cfd/Images/CFD/AM-205/CFD-AM-205-153-N.jpg,,,z,1.125
7,1,79,test,0,male,Asian,,,,new,,,,z,1315,True,False,,2,,,,False,189,AM-208,materials/cfd/Images/CFD/AM-208/CFD-AM-208-143-N.jpg,,,z,1.125
7,1,80,test,0,male,White,,,,old,happy,female,,z,1602,False,False,,2,,,,False,191,WM-215,materials/cfd/Images/CFD/WM-215/CFD-WM-215-041-N.jpg,,,m,1.125
7,1,81,test,0,female,White,,,,old,happy,male,,m,1054,True,False,,2,,,,False,193,WF-210,materials/cfd/Images/CFD/WF-210/CFD-WF-210-086-N.jpg,,,m,1.125
7,1,82,test,0,female,Asian,,,,new,,,,m,810,False,False,,2,,,,False,195,AF-244,materials/cfd/Images/CFD/AF-244/CFD-AF-244-168-N.jpg,,,z,1.125
7,1,83,test,0,male,White,,,,new,,,,z,964,True,False,,2,,,,False,197,WM-236,materials/cfd/Images/CFD/WM-236/CFD-WM-236-072-N.jpg,,,z,1.125
7,1,84,test,0,female,Asian,,,,old,angry,female,,m,1535,True,False,,2,,,,False,199,AF-252,materials/cfd/Images/CFD/AF-252/CFD-AF-252-135-N.jpg,,,m,1.125
7,1,85,test,0,male,White,,,,new,,,,z,1061,True,False,,2,,,,False,201,WM-242,materials/cfd/Images/CFD/WM-242/CFD-WM-242-011-N.jpg,,,z,1.125
7,1,86,test,0,female,Latino,,,,new,,,,m,742,False,False,,2,,,,False,203,LF-233,materials/cfd/Images/CFD/LF-233/CFD-LF-233-277-N.jpg,,,z,1.125
7,1,87,test,0,female,Asian,,,,new,,,,m,1498,False,False,,2,,,,False,205,AF-226,materials/cfd/Images/CFD/AF-226/CFD-AF-226-251-N.jpg,,,z,1.125
7,1,88,test,0,male,Black,,,,old,neutral,female,,m,1158,True,False,,2,,,,False,207,BM-228,materials/cfd/Images/CFD/BM-228/CFD-BM-228-145-N.jpg,,,m,1.125
7,1,89,test,0,female,White,,,,old,neutral,female,,z,894,False,False,,2,,,,False,209,WF-245,materials/cfd/Images/CFD/WF-245/CFD-WF-245-084-N.jpg,,,m,1.125
7,1,90,test,0,male,Latino,,,,new,,,,z,1395,True,False,,2,,,,False,211,LM-233,materials/cfd/Images/CFD/LM-233/CFD-LM-233-171-N.jpg,,,z,1.125
7,1,91,test,0,male,White,,,,new,,,,m,863,False,False,,2,,,,False,213,WM-024,materials/cfd/Images/CFD/WM-024/CFD-WM-024-015-N.jpg,,,z,1.125
7,1,92,test,0,female,White,,,,new,,,,z,1399,True,False,,2,,,,False,215,WF-222,materials/cfd/Images/CFD/WF-222/CFD-WF-222-092-N.jpg,,,z,1.125
7,1,93,test,0,female,White,,,,new,,,,m,970,False,False,,2,,,,False,217,WF-241,materials/cfd/Images/CFD/WF-241/CFD-WF-241-210-N.jpg,,,z,1.125
7,1,94,test,0,male,White,,,,new,,,,z,1185,True,False,,2,,,,False,219,WM-248,materials/cfd/Images/CFD/WM-248/CFD-WM-248-036-N.jpg,,,z,1.125
7,1,95,test,0,male,Asian,,,,old,angry,female,,m,807,True,False,,2,,,,False,221,AM-213,materials/cfd/Images/CFD/AM-213/CFD-AM-213-056-N.jpg,,,m,1.125
7,1,96,test,0,female,Black,,,,new,,,,z,920,True,False,,2,,,,False,223,BF-039,materials/cfd/Images/CFD/BF-039/CFD-BF-039-031-N.jpg,,,z,1.125
7,1,97,test,0,male,Black,,,,new,,,,m,1579,False,False,,2,,,,False,225,BM-210,materials/cfd/Images/CFD/BM-210/CFD-BM-210-148-N.jpg,,,z,1.125
7,1,98,test,0,male,Black,,,,new,,,,z,958,True,False,,2,,,,False,227,BM-249,materials/cfd/Images/CFD/BM-249/CFD-BM-249-235-N.jpg,,,z,1.125
7,1,99,test,0,female,Latino,,,,old,angry,male,,m,884,True,False,,2,,,,False,229,LF-213,materials/cfd/Images/CFD/LF-213/CFD-LF-213-079-N.jpg,,,m,1.125
7,1,100,test,0,female,White,,,,new,,,,z,1104,True,False,,2,,,,False,231,WF-013,materials/cfd/Images/CFD/WF-013/CFD-WF-013-003-N.jpg,,,z,1.125
7,1,101,test,1,male,Black,,,,new,,,,z,1076,True,False,,2,,,,False,234,BM-032,materials/cfd/Images/CFD/BM-032/CFD-BM-032-024-N.jpg,,,z,1.125
7,1,102,test,1,female,White,,,,old,neutral,female,,m,1010,True,False,,2,,,,False,236,WF-225,materials/cfd/Images/CFD/WF-225/CFD-WF-225-101-N.jpg,,,m,1.125
7,1,103,test,1,female,Black,,,,old,happy,female,,z,1111,False,False,,2,,,,False,238,BF-218,materials/cfd/Images/CFD/BF-218/CFD-BF-218-207-N.jpg,,,m,1.125
7,1,104,test,1,female,Latino,,,,old,angry,male,,m,668,True,False,,2,,,,False,240,LF-250,materials/cfd/Images/CFD/LF-250/CFD-LF-250-169-N.jpg,,,m,1.125
7,1,105,test,1,female,White,,,,new,,,,z,837,True,False,,2,,,,False,242,WF-205,materials/cfd/Images/CFD/WF-205/CFD-WF-205-006-N.jpg,,,z,1.125
7,1,106,test,1,male,White,,,,new,,,,z,932,True,False,,2,,,,False,244,WM-022,materials/cfd/Images/CFD/WM-022/CFD-WM-022-001-N.jpg,,,z,1.125
7,1,107,test,1,female,Latino,,,,new,,,,m,942,False,False,,2,,,,False,246,LF-201,materials/cfd/Images/CFD/LF-201/CFD-LF-201-035-N.jpg,,,z,1.125
7,1,108,test,1,female,Latino,,,,old,angry,male,,z,886,False,False,,2,,,,False,248,LF-252,materials/cfd/Images/CFD/LF-252/CFD-LF-252-172-N.jpg,,,m,1.125
7,1,109,test,1,male,White,,,,new,,,,m,995,False,False,,2,,,,False,250,WM-219,materials/cfd/Images/CFD/WM-219/CFD-WM-219-008-N.jpg,,,z,1.125
7,1,110,test,1,male,Asian,,,,old,neutral,male,,z,2309,False,False,,2,,,,False,252,AM-221,materials/cfd/Images/CFD/AM-221/CFD-AM-221-184-N.jpg,,,m,1.125
7,1,111,test,1,male,Latino,,,,old,happy,female,,z,1655,False,False,,2,,,,False,254,LM-247,materials/cfd/Images/CFD/LM-247/CFD-LM-247-095-N.jpg,,,m,1.125
7,1,112,test,1,male,Latino,,,,old,neutral,male,,m,958,True,False,,2,,,,False,256,LM-250,materials/cfd/Images/CFD/LM-250/CFD-LM-250-077-N.jpg,,,m,1.125
7,1,113,test,1,female,Asian,,,,new,,,,z,1222,True,False,,2,,,,False,258,AF-250,materials/cfd/Images/CFD/AF-250/CFD-AF-250-200-N.jpg,,,z,1.125
7,1,114,test,1,male,Latino,,,,new,,,,m,991,False,False,,2,,,,False,260,LM-226,materials/cfd/Images/CFD/LM-226/CFD-LM-226-175-N.jpg,,,z,1.125
7,1,115,test,1,male,Black,,,,old,happy,female,,z,1414,False,False,,2,,,,False,262,BM-031,materials/cfd/Images/CFD/BM-031/CFD-BM-031-003-N.jpg,,,m,1.125
7,1,116,test,1,male,Asian,,,,new,,,,z,1041,True,False,,2,,,,False,264,AM-237,materials/cfd/Images/CFD/AM-237/CFD-AM-237-154-N.jpg,,,z,1.125
7,1,117,test,1,female,White,,,,new,,,,m,1441,False,False,,2,,,,False,266,WF-006,materials/cfd/Images/CFD/WF-006/CFD-WF-006-002-N.jpg,,,z,1.125
7,1,118,test,1,female,Black,,,,new,,,,m,984,False,False,,2,,,,False,268,BF-255,materials/cfd/Images/CFD/BF-255/CFD-BF-255-140-N.jpg,,,z,1.125
7,1,119,test,1,female,Latino,,,,old,neutral,male,,z,1458,False,False,,2,,,,False,270,LF-223,materials/cfd/Images/CFD/LF-223/CFD-LF-223-064-N.jpg,,,m,1.125
7,1,120,test,1,female,Asian,,,,old,happy,male,,z,1201,False,False,,2,,,,False,272,AF-202,materials/cfd/Images/CFD/AF-202/CFD-AF-202-122-N.jpg,,,m,1.125
7,1,121,test,1,male,White,,,,new,,,,z,1908,True,False,,2,,,,False,274,WM-216,materials/cfd/Images/CFD/WM-216/CFD-WM-216-061-N.jpg,,,z,1.125
7,1,122,test,1,female,Black,,,,old,angry,male,,m,725,True,False,,2,,,,False,276,BF-236,materials/cfd/Images/CFD/BF-236/CFD-BF-236-177-N.jpg,,,m,1.125
7,1,123,test,1,female,Black,,,,old,angry,female,,m,850,True,False,,2,,,,False,278,BF-029,materials/cfd/Images/CFD/BF-029/CFD-BF-029-031-N.jpg,,,m,1.125
7,1,124,test,1,male,White,,,,old,neutral,female,,m,756,True,False,,2,,,,False,280,WM-205,materials/cfd/Images/CFD/WM-205/CFD-WM-205-007-N.jpg,,,m,1.125
7,1,125,test,1,male,Latino,,,,old,neutral,male,,z,944,False,False,,2,,,,False,282,LM-218,materials/cfd/Images/CFD/LM-218/CFD-LM-218-183-N.jpg,,,m,1.125
7,1,126,test,1,male,Black,,,,new,,,,z,1156,True,False,,2,,,,False,284,BM-221,materials/cfd/Images/CFD/BM-221/CFD-BM-221-198-N.jpg,,,z,1.125
7,1,127,test,1,female,Black,,,,old,neutral,female,,m,1722,True,False,,2,,,,False,286,BF-253,materials/cfd/Images/CFD/BF-253/CFD-BF-253-202-N.jpg,,,m,1.125
7,1,128,test,1,female,Latino,,,,new,,,,z,1211,True,False,,2,,,,False,288,LF-211,materials/cfd/Images/CFD/LF-211/CFD-LF-211-003-N.jpg,,,z,1.125
7,1,129,test,1,female,White,,,,new,,,,m,2109,False,False,,2,,,,False,290,WF-244,materials/cfd/Images/CFD/WF-244/CFD-WF-244-163-N.jpg,,,z,1.125
7,1,130,test,1,male,Black,,,,new,,,,m,1382,False,False,,2,,,,False,292,BM-250,materials/cfd/Images/CFD/BM-250/CFD-BM-250-170-N.jpg,,,z,1.125
7,1,131,test,1,male,Black,,,,old,angry,male,,m,2119,True,False,,2,,,,False,294,BM-237,materials/cfd/Images/CFD/BM-237/CFD-BM-237-188-N.jpg,,,m,1.125
7,1,132,test,1,male,White,,,,new,,,,z,1574,True,False,,2,,,,False,296,WM-254,materials/cfd/Images/CFD/WM-254/CFD-WM-254-152-N.jpg,,,z,1.125
7,1,133,test,1,female,Latino,,,,old,neutral,male,,m,2301,True,False,,2,,,,False,298,LF-245,materials/cfd/Images/CFD/LF-245/CFD-LF-245-166-N.jpg,,,m,1.125
7,1,134,test,1,female,White,,,,new,,,,m,1650,False,False,,2,,,,False,300,WF-231,materials/cfd/Images/CFD/WF-231/CFD-WF-231-099-N.jpg,,,z,1.125
7,1,135,test,1,male,White,,,,old,happy,male,,z,1406,False,False,,2,,,,False,302,WM-201,materials/cfd/Images/CFD/WM-201/CFD-WM-201-063-N.jpg,,,m,1.125
7,1,136,test,1,male,Asian,,,,new,,,,m,1711,False,False,,2,,,,False,304,AM-248,materials/cfd/Images/CFD/AM-248/CFD-AM-248-104-N.jpg,,,z,1.125
7,1,137,test,1,male,Latino,,,,old,neutral,male,,m,861,True,False,,2,,,,False,306,LM-244,materials/cfd/Images/CFD/LM-244/CFD-LM-244-068-N.jpg,,,m,1.125
7,1,138,test,1,male,Asian,,,,new,,,,z,1829,True,False,,2,,,,False,308,AM-228,materials/cfd/Images/CFD/AM-228/CFD-AM-228-214-N.jpg,,,z,1.125
7,1,139,test,1,female,Latino,,,,new,,,,z,1213,True,False,,2,,,,False,310,LF-251,materials/cfd/Images/CFD/LF-251/CFD-LF-251-057-N.jpg,,,z,1.125
7,1,140,test,1,male,White,,,,old,happy,male,,z,2503,False,False,,2,,,,False,312,WM-256,materials/cfd/Images/CFD/WM-256/CFD-WM-256-138-N.jpg,,,m,1.125
7,1,141,test,2,male,White,,,,old,happy,female,,m,896,True,False,,2,,,,False,315,WM-002,materials/cfd/Images/CFD/WM-002/CFD-WM-002-009-N.jpg,,,m,1.125
7,1,142,test,2,male,Black,,,,old,happy,female,,z,1182,False,False,,2,,,,False,317,BM-201,materials/cfd/Images/CFD/BM-201/CFD-BM-201-077-N.jpg,,,m,1.125
7,1,143,test,2,male,Black,,,,new,,,,m,1242,False,False,,2,,,,False,319,BM-244,materials/cfd/Images/CFD/BM-244/CFD-BM-244-197-N.jpg,,,z,1.125
7,1,144,test,2,female,Asian,,,,old,angry,female,,m,844,True,False,,2,,,,False,321,AF-219,materials/cfd/Images/CFD/AF-219/CFD-AF-219-106-N.jpg,,,m,1.125
7,1,145,test,2,female,Black,,,,new,,,,z,1016,True,False,,2,,,,False,323,BF-211,materials/cfd/Images/CFD/BF-211/CFD-BF-211-168-N.jpg,,,z,1.125
7,1,146,test,2,female,Asian,,,,old,neutral,male,,m,946,True,False,,2,,,,False,325,AF-201,materials/cfd/Images/CFD/AF-201/CFD-AF-201-060-N.jpg,,,m,1.125
7,1,147,test,2,male,Black,,,,old,neutral,male,,m,1335,True,False,,2,,,,False,327,BM-247,materials/cfd/Images/CFD/BM-247/CFD-BM-247-240-N.jpg,,,m,1.125
7,1,148,test,2,female,Asian,,,,new,,,,z,1135,True,False,,2,,,,False,329,AF-200,materials/cfd/Images/CFD/AF-200/CFD-AF-200-228-N.jpg,,,z,1.125
7,1,149,test,2,female,White,,,,new,,,,z,2178,True,False,,2,,,,False,331,WF-232,materials/cfd/Images/CFD/WF-232/CFD-WF-232-161-N.jpg,,,z,1.125
7,1,150,test,2,female,White,,,,new,,,,m,1544,False,False,,2,,,,False,333,WF-207,materials/cfd/Images/CFD/WF-207/CFD-WF-207-014-N.jpg,,,z,1.125
7,1,151,test,2,female,White,,,,new,,,,z,1135,True,False,,2,,,,False,335,WF-249,materials/cfd/Images/CFD/WF-249/CFD-WF-249-126-N.jpg,,,z,1.125
7,1,152,test,2,female,White,,,,old,happy,male,,z,1642,False,False,,2,,,,False,337,WF-230,materials/cfd/Images/CFD/WF-230/CFD-WF-230-158-N.jpg,,,m,1.125
7,1,153,test,2,male,White,,,,old,happy,male,,m,781,True,False,,2,,,,False,339,WM-035,materials/cfd/Images/CFD/WM-035/CFD-WM-035-032-N.jpg,,,m,1.125
7,1,154,test,2,female,Latino,,,,old,neutral,female,,m,1199,True,False,,2,,,,False,341,LF-220,materials/cfd/Images/CFD/LF-220/CFD-LF-220-120-N.jpg,,,m,1.125
7,1,155,test,2,male,Asian,,,,old,neutral,female,,m,673,True,False,,2,,,,False,343,AM-209,materials/cfd/Images/CFD/AM-209/CFD-AM-209-048-N.jpg,,,m,1.125
7,1,156,test,2,male,Asian,,,,new,,,,m,995,False,False,,2,,,,False,345,AM-227,materials/cfd/Images/CFD/AM-227/CFD-AM-227-184-N.jpg,,,z,1.125
7,1,157,test,2,female,White,,,,old,happy,female,,m,789,True,False,,2,,,,False,347,WF-030,materials/cfd/Images/CFD/WF-030/CFD-WF-030-002-N.jpg,,,m,1.125
7,1,158,test,2,male,White,,,,old,angry,female,,z,1469,False,False,,2,,,,False,349,WM-010,materials/cfd/Images/CFD/WM-010/CFD-WM-010-001-N.jpg,,,m,1.125
7,1,159,test,2,male,Asian,,,,old,happy,male,,z,1032,False,False,,2,,,,False,351,AM-236,materials/cfd/Images/CFD/AM-236/CFD-AM-236-090-N.jpg,,,m,1.125
7,1,160,test,2,male,White,,,,old,angry,female,,z,1086,False,False,,2,,,,False,353,WM-202,materials/cfd/Images/CFD/WM-202/CFD-WM-202-107-N.jpg,,,m,1.125
7,1,161,test,2,male,Asian,,,,new,,,,m,968,False,False,,2,,,,False,355,AM-226,materials/cfd/Images/CFD/AM-226/CFD-AM-226-234-N.jpg,,,z,1.125
7,1,162,test,2,female,Black,,,,new,,,,z,796,True,False,,2,,,,False,357,BF-007,materials/cfd/Images/CFD/BF-007/CFD-BF-007-001-N.jpg,,,z,1.125
7,1,163,test,2,female,Black,,,,new,,,,z,875,True,False,,2,,,,False,359,BF-212,materials/cfd/Images/CFD/BF-212/CFD-BF-212-315-N.jpg,,,z,1.125
7,1,164,test,2,female,Black,,,,new,,,,z,1046,True,False,,2,,,,False,361,BF-216,materials/cfd/Images/CFD/BF-216/CFD-BF-216-132-N.jpg,,,z,1.125
7,1,165,test,2,female,Black,,,,old,happy,female,,m,888,True,False,,2,,,,False,363,BF-032,materials/cfd/Images/CFD/BF-032/CFD-BF-032-038-N.jpg,,,m,1.125
7,1,166,test,2,female,Asian,,,,new,,,,z,1785,True,False,,2,,,,False,365,AF-242,materials/cfd/Images/CFD/AF-242/CFD-AF-242-158-N.jpg,,,z,1.125
7,1,167,test,2,male,Asian,,,,old,angry,female,,z,873,False,False,,2,,,,False,367,AM-214,materials/cfd/Images/CFD/AM-214/CFD-AM-214-168-N.jpg,,,m,1.125
7,1,168,test,2,male,Black,,,,new,,,,m,800,False,False,,2,,,,False,369,BM-002,materials/cfd/Images/CFD/BM-002/CFD-BM-002-013-N.jpg,,,z,1.125
7,1,169,test,2,female,White,,,,old,neutral,male,,m,1001,True,False,,2,,,,False,371,WF-009,materials/cfd/Images/CFD/WF-009/CFD-WF-009-001-N.jpg,,,m,1.125
7,1,170,test,2,female,White,,,,old,angry,female,,z,1747,False,False,,2,,,,False,373,WF-209,materials/cfd/Images/CFD/WF-209/CFD-WF-209-052-N.jpg,,,m,1.125
7,1,171,test,2,male,White,,,,new,,,,m,1108,False,False,,2,,,,False,375,WM-245,materials/cfd/Images/CFD/WM-245/CFD-WM-245-123-N.jpg,,,z,1.125
7,1,172,test,2,male,White,,,,old,angry,male,,z,1957,False,False,,2,,,,False,377,WM-006,materials/cfd/Images/CFD/WM-006/CFD-WM-006-002-N.jpg,,,m,1.125
7,1,173,test,2,female,Latino,,,,old,happy,female,,z,1415,False,False,,2,,,,False,379,LF-249,materials/cfd/Images/CFD/LF-249/CFD-LF-249-132-N.jpg,,,m,1.125
7,1,174,test,2,male,White,,,,old,happy,male,,z,1646,False,False,,2,,,,False,381,WM-013,materials/cfd/Images/CFD/WM-013/CFD-WM-013-001-N.jpg,,,m,1.125
7,1,175,test,2,female,Black,,,,old,angry,female,,m,773,True,False,,2,,,,False,383,BF-254,materials/cfd/Images/CFD/BF-254/CFD-BF-254-201-N.jpg,,,m,1.125
7,1,176,test,2,male,Asian,,,,new,,,,z,851,True,False,,2,,,,False,385,AM-245,materials/cfd/Images/CFD/AM-245/CFD-AM-245-111-N.jpg,,,z,1.125
7,1,177,test,2,female,Asian,,,,new,,,,z,1200,True,False,,2,,,,False,387,AF-229,materials/cfd/Images/CFD/AF-229/CFD-AF-229-160-N.jpg,,,z,1.125
7,1,178,test,2,male,Latino,,,,new,,,,m,855,False,False,,2,,,,False,389,LM-212,materials/cfd/Images/CFD/LM-212/CFD-LM-212-143-N.jpg,,,z,1.125
7,1,179,test,2,female,Black,,,,old,neutral,female,,m,787,True,False,,2,,,,False,391,BF-217,materials/cfd/Images/CFD/BF-217/CFD-BF-217-189-N.jpg,,,m,1.125
7,1,180,test,2,female,Asian,,,,new,,,,z,2094,True,False,,2,,,,False,393,AF-224,materials/cfd/Images/CFD/AF-224/CFD-AF-224-026-N.jpg,,,z,1.125
