subject_number,condition,trial_number,phase,block,target_gender,target_race,flanker_gender,flanker_race,flanker_emotion,stimulus_type,study_flanker_emotion,study_flanker_gender,pair_type,response,rt,correct,timed_out,rating,pilot
1,2,1,study,0,female,Asian,female,White,neutral,,,,,z,700,True,False,,mar13
1,2,2,study,0,female,Black,male,Black,neutral,,,,,,,False,True,,mar13
1,2,3,study,0,male,Black,male,White,angry,,,,,,,False,True,,mar13
1,2,4,study,0,male,White,female,White,neutral,,,,,z,703,False,False,,mar13
1,2,5,study,0,female,White,male,Black,happy,,,,,,,False,True,,mar13
1,2,6,study,0,male,White,female,Black,neutral,,,,,z,1654,False,False,,mar13
1,2,7,study,0,female,Asian,female,White,happy,,,,,z,1343,True,False,,mar13
1,2,8,study,0,male,White,female,White,angry,,,,,z,2716,False,False,,mar13
1,2,9,study,0,male,White,female,White,neutral,,,,,z,2506,False,False,,mar13
1,2,10,study,0,female,Asian,male,Black,neutral,,,,,m,2257,False,False,,mar13
1,2,11,study,0,male,White,male,White,happy,,,,,m,1123,True,False,,mar13
1,2,12,study,0,male,Asian,female,Black,angry,,,,,z,1339,False,False,,mar13
1,2,13,study,0,male,Asian,female,White,angry,,,,,m,667,True,False,,mar13
1,2,14,study,0,female,Asian,female,White,neutral,,,,,z,895,True,False,,mar13
1,2,15,study,0,female,Asian,male,Black,happy,,,,,m,835,False,False,,mar13
1,2,16,study,0,male,White,male,White,neutral,,,,,z,1031,False,False,,mar13
1,2,17,study,0,female,Latino,male,Black,happy,,,,,m,2345,False,False,,mar13
1,2,18,study,0,female,Black,female,White,happy,,,,,z,1015,True,False,,mar13
1,2,19,study,0,male,White,male,Black,angry,,,,,m,1165,True,False,,mar13
1,2,20,study,0,male,Asian,female,Black,neutral,,,,,z,1682,False,False,,mar13
1,2,21,study,0,female,Latino,male,Black,angry,,,,,m,1095,False,False,,mar13
1,2,22,study,0,female,Black,male,Black,neutral,,,,,,,False,True,,mar13
1,2,23,study,0,female,Latino,female,White,angry,,,,,z,534,True,False,,mar13
1,2,24,study,0,male,Latino,male,Black,happy,,,,,m,673,True,False,,mar13
1,2,25,study,0,female,Black,female,Black,happy,,,,,z,769,True,False,,mar13
1,2,26,study,0,female,Latino,male,Black,angry,,,,,z,1618,True,False,,mar13
1,2,27,study,0,male,Asian,female,White,happy,,,,,z,2079,False,False,,mar13
1,2,28,study,0,female,Black,female,Black,neutral,,,,,z,1184,True,False,,mar13
1,2,29,study,0,female,White,male,Black,happy,,,,,m,840,False,False,,mar13
1,2,30,study,0,male,Black,female,White,happy,,,,,z,1462,False,False,,mar13
1,2,31,study,1,male,Black,female,White,happy,,,,,z,1383,False,False,,mar13
1,2,32,study,1,female,Asian,female,Black,happy,,,,,z,2077,True,False,,mar13
1,2,33,study,1,male,White,female,White,neutral,,,,,z,1530,False,False,,mar13
1,2,34,study,1,female,Black,female,Black,angry,,,,,z,1261,True,False,,mar13
1,2,35,study,1,female,Latino,male,Black,neutral,,,,,m,1044,False,False,,mar13
1,2,36,study,1,female,Black,female,Black,angry,,,,,z,638,True,False,,mar13
1,2,37,study,1,male,Latino,male,White,neutral,,,,,z,822,False,False,,mar13
1,2,38,study,1,female,Black,female,White,neutral,,,,,z,798,True,False,,mar13
1,2,39,study,1,male,Black,male,Black,happy,,,,,m,803,True,False,,mar13
1,2,40,study,1,male,White,male,Black,neutral,,,,,m,694,True,False,,mar13
1,2,41,study,1,male,White,male,White,happy,,,,,m,1093,True,False,,mar13
1,2,42,study,1,male,Latino,male,White,angry,,,,,m,1115,True,False,,mar13
1,2,43,study,1,male,White,female,Black,angry,,,,,z,1266,False,False,,mar13
1,2,44,study,1,male,Asian,male,Black,neutral,,,,,m,1018,True,False,,mar13
1,2,45,study,1,female,Latino,female,Black,angry,,,,,z,1198,True,False,,mar13
1,2,46,study,1,female,Latino,male,White,angry,,,,,m,1010,False,False,,mar13
1,2,47,study,1,female,Black,female,White,angry,,,,,z,1215,True,False,,mar13
1,2,48,study,1,male,Black,female,White,angry,,,,,z,1412,False,False,,mar13
1,2,49,study,1,male,Black,male,Black,happy,,,,,m,1260,True,False,,mar13
1,2,50,study,1,female,Black,female,Black,happy,,,,,z,1202,True,False,,mar13
1,2,51,study,1,male,Black,male,Black,angry,,,,,m,1103,True,False,,mar13
1,2,52,study,1,female,White,female,White,neutral,,,,,z,932,True,False,,mar13
1,2,53,study,1,male,White,male,Black,neutral,,,,,m,736,True,False,,mar13
1,2,54,study,1,male,White,female,Black,happy,,,,,z,889,False,False,,mar13
1,2,55,study,1,male,Asian,female,White,happy,,,,,z,1502,False,False,,mar13
1,2,56,study,1,female,Black,male,White,angry,,,,,m,1515,False,False,,mar13
1,2,57,study,1,female,Asian,male,White,happy,,,,,m,2911,False,False,,mar13
1,2,58,study,1,female,Black,male,Black,angry,,,,,m,1687,False,False,,mar13
1,2,59,study,1,male,White,male,White,angry,,,,,m,1122,True,False,,mar13
1,2,60,study,1,female,White,male,White,neutral,,,,,m,2919,False,False,,mar13
1,2,61,study,0,male,Asian,female,White,happy,,,,,z,1490,False,False,,mar13
1,2,62,study,0,female,Latino,male,Black,happy,,,,,m,1158,False,False,,mar13
1,2,63,study,0,female,Black,female,White,angry,,,,,z,749,True,False,,mar13
1,2,64,study,0,female,Asian,male,White,happy,,,,,m,846,False,False,,mar13
1,2,65,study,0,male,Black,male,White,angry,,,,,m,1114,True,False,,mar13
1,2,66,study,0,male,Asian,male,Black,neutral,,,,,m,975,True,False,,mar13
1,2,67,study,0,male,Black,female,White,happy,,,,,z,1144,False,False,,mar13
1,2,68,study,0,female,White,male,White,neutral,,,,,m,1019,False,False,,mar13
1,2,69,study,0,female,Black,female,Black,angry,,,,,z,778,True,False,,mar13
1,2,70,study,0,male,Black,female,White,happy,,,,,z,1157,False,False,,mar13
1,2,71,study,0,female,Asian,female,Black,happy,,,,,z,1224,True,False,,mar13
1,2,72,study,0,female,Asian,female,White,neutral,,,,,z,2069,True,False,,mar13
1,2,73,study,0,female,Asian,female,White,neutral,,,,,z,1814,True,False,,mar13
1,2,74,study,0,male,White,female,Black,angry,,,,,m,1243,True,False,,mar13
1,2,75,study,0,male,Black,male,Black,happy,,,,,m,1006,True,False,,mar13
1,2,76,study,0,female,Black,female,Black,angry,,,,,z,861,True,False,,mar13
1,2,77,study,0,male,Asian,female,Black,angry,,,,,z,1359,False,False,,mar13
1,2,78,study,0,female,Asian,male,Black,happy,,,,,m,726,False,False,,mar13
1,2,79,study,0,female,Latino,male,Black,angry,,,,,z,1649,True,False,,mar13
1,2,80,study,0,male,White,male,White,happy,,,,,z,1163,False,False,,mar13
1,2,81,study,0,male,White,female,White,neutral,,,,,z,1695,False,False,,mar13
1,2,82,study,0,female,Black,male,Black,angry,,,,,m,1561,False,False,,mar13
1,2,83,study,0,male,White,male,Black,angry,,,,,m,1295,True,False,,mar13
1,2,84,study,0,male,White,female,Black,happy,,,,,z,1281,False,False,,mar13
1,2,85,study,0,female,Black,female,White,happy,,,,,z,1272,True,False,,mar13
1,2,86,study,0,female,Latino,male,Black,angry,,,,,m,976,False,False,,mar13
1,2,87,study,0,female,Black,male,Black,neutral,,,,,m,1356,False,False,,mar13
1,2,88,study,0,female,Latino,male,Black,neutral,,,,,m,1599,False,False,,mar13
1,2,89,study,0,male,Black,male,Black,happy,,,,,m,1643,True,False,,mar13
1,2,90,study,0,male,White,female,White,neutral,,,,,z,1224,False,False,,mar13
1,2,91,study,1,male,Asian,female,White,angry,,,,,z,1809,False,False,,mar13
1,2,92,study,1,female,White,female,White,neutral,,,,,z,1132,True,False,,mar13
1,2,93,study,1,female,Latino,male,White,angry,,,,,m,1211,False,False,,mar13
1,2,94,study,1,female,Black,male,White,angry,,,,,m,2400,False,False,,mar13
1,2,95,study,1,female,Black,female,Black,happy,,,,,z,1101,True,False,,mar13
1,2,96,study,1,male,White,male,White,happy,,,,,m,1148,True,False,,mar13
1,2,97,study,1,male,Latino,male,Black,happy,,,,,z,1738,False,False,,mar13
1,2,98,study,1,female,Black,female,White,neutral,,,,,z,2186,True,False,,mar13
1,2,99,study,1,female,White,male,Black,happy,,,,,m,1082,False,False,,mar13
1,2,100,study,1,female,Latino,female,White,angry,,,,,z,1007,True,False,,mar13
1,2,101,study,1,male,Black,female,White,angry,,,,,z,1241,False,False,,mar13
1,2,102,study,1,male,Latino,male,White,angry,,,,,m,1365,True,False,,mar13
1,2,103,study,1,male,White,male,Black,neutral,,,,,m,1561,True,False,,mar13
1,2,104,study,1,male,White,male,White,neutral,,,,,m,1040,True,False,,mar13
1,2,105,study,1,male,Black,male,Black,angry,,,,,m,892,True,False,,mar13
1,2,106,study,1,female,Latino,female,Black,angry,,,,,z,1322,True,False,,mar13
1,2,107,study,1,male,Asian,female,Black,neutral,,,,,z,1707,False,False,,mar13
1,2,108,study,1,female,Black,male,Black,neutral,,,,,m,835,False,False,,mar13
1,2,109,study,1,female,White,male,Black,happy,,,,,m,1479,False,False,,mar13
1,2,110,study,1,female,Black,female,Black,happy,,,,,m,2534,False,False,,mar13
1,2,111,study,1,female,Black,female,Black,neutral,,,,,z,1370,True,False,,mar13
1,2,112,study,1,male,White,female,Black,neutral,,,,,z,1880,False,False,,mar13
1,2,113,study,1,female,Asian,female,White,happy,,,,,z,1247,True,False,,mar13
1,2,114,study,1,male,White,male,Black,neutral,,,,,m,1474,True,False,,mar13
1,2,115,study,1,male,White,male,White,angry,,,,,m,1053,True,False,,mar13
1,2,116,study,1,male,White,female,White,angry,,,,,z,1978,False,False,,mar13
1,2,117,study,1,female,Asian,male,Black,neutral,,,,,m,1498,False,False,,mar13
1,2,118,study,1,male,Latino,male,White,neutral,,,,,m,978,True,False,,mar13
1,2,119,study,1,male,White,female,White,neutral,,,,,z,1870,False,False,,mar13
1,2,120,study,1,male,Asian,female,White,happy,,,,,z,1808,False,False,,mar13
1,2,121,test,0,female,Asian,female,White,happy,,,,intact,z,2583,False,False,,mar13
1,2,122,test,0,female,Latino,male,Black,angry,,,,intact,m,1690,True,False,,mar13
1,2,123,test,0,male,White,male,White,angry,,,,rearranged,,,False,True,,mar13
1,2,124,test,0,male,Black,male,Black,angry,,,,intact,m,1568,True,False,,mar13
1,2,125,test,0,female,Latino,male,White,angry,,,,rearranged,m,2028,False,False,,mar13
1,2,126,test,0,female,Asian,male,Black,happy,,,,rearranged,z,1887,True,False,,mar13
1,2,127,test,0,female,White,female,White,neutral,,,,intact,m,1447,True,False,,mar13
1,2,128,test,0,male,White,female,White,neutral,,,,intact,,,False,True,,mar13
1,2,129,test,0,male,White,male,White,happy,,,,intact,m,1091,True,False,,mar13
1,2,130,test,0,male,White,female,Black,neutral,,,,rearranged,z,719,True,False,,mar13
1,2,131,test,0,male,White,female,White,angry,,,,rearranged,z,948,True,False,,mar13
1,2,132,test,0,female,Black,male,Black,neutral,,,,rearranged,m,945,False,False,,mar13
1,2,133,test,0,male,White,male,Black,angry,,,,intact,z,770,False,False,,mar13
1,2,134,test,0,male,White,male,White,neutral,,,,rearranged,z,2042,True,False,,mar13
1,2,135,test,0,female,Asian,female,Black,happy,,,,intact,z,938,False,False,,mar13
1,2,136,test,0,female,Latino,female,Black,angry,,,,intact,z,990,False,False,,mar13
1,2,137,test,0,female,Black,female,Black,angry,,,,intact,z,1249,False,False,,mar13
1,2,138,test,0,male,Black,male,Black,happy,,,,intact,m,791,True,False,,mar13
1,2,139,test,0,female,White,male,Black,happy,,,,intact,z,773,False,False,,mar13
1,2,140,test,0,male,White,female,Black,neutral,,,,intact,z,695,False,False,,mar13
1,2,141,test,0,female,Latino,male,Black,neutral,,,,intact,m,912,True,False,,mar13
1,2,142,test,0,female,Black,male,Black,angry,,,,rearranged,z,1008,True,False,,mar13
1,2,143,test,0,female,Black,female,White,happy,,,,rearranged,z,924,True,False,,mar13
1,2,144,test,0,female,Black,female,Black,happy,,,,rearranged,z,1810,True,False,,mar13
1,2,145,test,0,female,Black,male,Black,neutral,,,,rearranged,,,False,True,,mar13
1,2,146,test,0,male,Latino,male,White,happy,,,,rearranged,m,1183,False,False,,mar13
1,2,147,test,0,male,White,male,Black,happy,,,,rearranged,z,1135,True,False,,mar13
1,2,148,test,0,male,Asian,female,White,happy,,,,rearranged,m,1783,False,False,,mar13
1,2,149,test,0,female,Asian,female,White,neutral,,,,rearranged,z,1751,True,False,,mar13
1,2,150,test,0,male,Black,female,White,angry,,,,rearranged,z,1034,True,False,,mar13
1,2,151,test,1,male,White,female,Black,angry,,,,intact,z,1414,False,False,,mar13
1,2,152,test,1,male,Asian,female,White,neutral,,,,rearranged,z,1444,True,False,,mar13
1,2,153,test,1,female,White,male,Black,happy,,,,intact,z,1301,False,False,,mar13
1,2,154,test,1,male,Black,female,White,happy,,,,intact,z,1385,False,False,,mar13
1,2,155,test,1,male,White,female,White,neutral,,,,intact,z,1474,False,False,,mar13
1,2,156,test,1,male,Black,female,Black,happy,,,,rearranged,z,1527,True,False,,mar13
1,2,157,test,1,female,Black,female,Black,happy,,,,rearranged,m,1424,False,False,,mar13
1,2,158,test,1,male,White,male,White,neutral,,,,rearranged,z,1260,True,False,,mar13
1,2,159,test,1,female,Black,female,White,neutral,,,,rearranged,z,1425,True,False,,mar13
1,2,160,test,1,male,Asian,female,White,happy,,,,intact,m,2729,True,False,,mar13
1,2,161,test,1,female,Latino,female,Black,angry,,,,rearranged,,,False,True,,mar13
1,2,162,test,1,female,Black,female,Black,neutral,,,,intact,z,2856,False,False,,mar13
1,2,163,test,1,female,Latino,male,White,angry,,,,rearranged,m,1017,False,False,,mar13
1,2,164,test,1,male,Asian,female,White,angry,,,,intact,m,1602,True,False,,mar13
1,2,165,test,1,male,White,male,Black,neutral,,,,intact,z,1073,False,False,,mar13
1,2,166,test,1,female,Black,female,White,angry,,,,rearranged,z,1715,True,False,,mar13
1,2,167,test,1,female,Asian,male,White,happy,,,,rearranged,z,1209,True,False,,mar13
1,2,168,test,1,male,Asian,female,Black,angry,,,,intact,z,1157,False,False,,mar13
1,2,169,test,1,female,Asian,male,Black,neutral,,,,rearranged,z,818,True,False,,mar13
1,2,170,test,1,male,Asian,male,Black,neutral,,,,intact,z,1367,False,False,,mar13
1,2,171,test,1,female,Black,female,White,angry,,,,intact,z,1664,False,False,,mar13
1,2,172,test,1,female,Latino,male,Black,happy,,,,intact,z,1328,False,False,,mar13
1,2,173,test,1,female,Asian,female,White,neutral,,,,intact,m,1152,True,False,,mar13
1,2,174,test,1,male,Latino,male,White,angry,,,,rearranged,z,1439,True,False,,mar13
1,2,175,test,1,male,Latino,male,Black,neutral,,,,rearranged,z,1791,True,False,,mar13
1,2,176,test,1,female,White,male,White,neutral,,,,intact,z,1351,False,False,,mar13
1,2,177,test,1,female,Black,male,Black,angry,,,,intact,z,1493,False,False,,mar13
1,2,178,test,1,male,Black,male,White,angry,,,,rearranged,z,1318,True,False,,mar13
1,2,179,test,1,male,Black,male,Black,happy,,,,intact,z,1191,False,False,,mar13
1,2,180,test,1,male,White,female,White,happy,,,,rearranged,z,1248,True,False,,mar13
2,2,1,study,0,male,White,female,Black,neutral,,,,,m,648,True,False,,mar13
2,2,2,study,0,male,Latino,female,White,neutral,,,,,z,1912,False,False,,mar13
2,2,3,study,0,male,White,female,White,angry,,,,,z,1455,False,False,,mar13
2,2,4,study,0,male,White,female,Black,angry,,,,,z,1929,False,False,,mar13
2,2,5,study,0,male,Black,female,Black,angry,,,,,z,2306,False,False,,mar13
2,2,6,study,0,male,Black,male,White,happy,,,,,m,1188,True,False,,mar13
2,2,7,study,0,female,Black,female,Black,angry,,,,,z,1045,True,False,,mar13
2,2,8,study,0,male,White,male,Black,neutral,,,,,z,1922,False,False,,mar13
2,2,9,study,0,female,White,female,Black,angry,,,,,z,1792,True,False,,mar13
2,2,10,study,0,female,Black,male,Black,neutral,,,,,z,2076,True,False,,mar13
2,2,11,study,0,female,White,female,White,angry,,,,,m,860,False,False,,mar13
2,2,12,study,0,female,Black,female,Black,neutral,,,,,z,1285,True,False,,mar13
2,2,13,study,0,female,White,female,Black,happy,,,,,z,1124,True,False,,mar13
2,2,14,study,0,female,White,female,Black,angry,,,,,z,1213,True,False,,mar13
2,2,15,study,0,female,Black,female,White,neutral,,,,,z,1304,True,False,,mar13
2,2,16,study,0,female,Asian,female,Black,happy,,,,,z,997,True,False,,mar13
2,2,17,study,0,female,White,female,Black,neutral,,,,,z,1097,True,False,,mar13
2,2,18,study,0,male,Latino,male,Black,angry,,,,,m,892,True,False,,mar13
2,2,19,study,0,male,Black,male,Black,angry,,,,,m,1311,True,False,,mar13
2,2,20,study,0,male,Latino,male,Black,neutral,,,,,m,951,True,False,,mar13
2,2,21,study,0,male,Latino,female,Black,neutral,,,,,z,1046,False,False,,mar13
2,2,22,study,0,male,White,female,Black,happy,,,,,m,1844,True,False,,mar13
2,2,23,study,0,female,Latino,male,White,neutral,,,,,m,1771,False,False,,mar13
2,2,24,study,0,female,Black,male,White,happy,,,,,m,1652,False,False,,mar13
2,2,25,study,0,female,Black,female,Black,happy,,,,,z,1315,True,False,,mar13
2,2,26,study,0,female,Asian,male,Black,neutral,,,,,m,1465,False,False,,mar13
2,2,27,study,0,female,Asian,male,White,angry,,,,,m,995,False,False,,mar13
2,2,28,study,0,female,White,female,Black,neutral,,,,,z,1358,True,False,,mar13
2,2,29,study,0,male,Black,male,White,neutral,,,,,m,1286,True,False,,mar13
2,2,30,study,0,female,Asian,female,White,angry,,,,,z,1101,True,False,,mar13
2,2,31,study,1,female,Latino,male,Black,happy,,,,,z,1110,True,False,,mar13
2,2,32,study,1,female,Black,female,Black,neutral,,,,,z,1145,True,False,,mar13
2,2,33,study,1,male,White,male,White,happy,,,,,m,1348,True,False,,mar13
2,2,34,study,1,male,Asian,male,White,happy,,,,,m,1334,True,False,,mar13
2,2,35,study,1,female,Black,male,White,neutral,,,,,m,1307,False,False,,mar13
2,2,36,study,1,female,Black,male,Black,happy,,,,,z,1266,True,False,,mar13
2,2,37,study,1,male,White,male,White,neutral,,,,,m,927,True,False,,mar13
2,2,38,study,1,male,Black,female,Black,angry,,,,,z,1340,False,False,,mar13
2,2,39,study,1,male,Black,male,White,happy,,,,,m,1410,True,False,,mar13
2,2,40,study,1,female,Asian,male,Black,angry,,,,,z,1682,True,False,,mar13
2,2,41,study,1,female,Black,male,Black,happy,,,,,m,1190,False,False,,mar13
2,2,42,study,1,female,Black,male,Black,happy,,,,,z,1487,True,False,,mar13
2,2,43,study,1,male,Asian,male,Black,neutral,,,,,m,1112,True,False,,mar13
2,2,44,study,1,male,Asian,female,White,happy,,,,,z,1059,False,False,,mar13
2,2,45,study,1,female,Latino,male,Black,angry,,,,,m,1562,False,False,,mar13
2,2,46,study,1,female,White,female,White,happy,,,,,m,1275,False,False,,mar13
2,2,47,study,1,female,White,male,White,neutral,,,,,m,1143,False,False,,mar13
2,2,48,study,1,female,Asian,male,Black,angry,,,,,m,852,False,False,,mar13
2,2,49,study,1,male,Black,male,White,angry,,,,,z,1205,False,False,,mar13
2,2,50,study,1,male,Black,female,White,happy,,,,,z,1128,False,False,,mar13
2,2,51,study,1,female,White,male,Black,angry,,,,,m,941,False,False,,mar13
2,2,52,study,1,female,White,female,White,happy,,,,,z,1195,True,False,,mar13
2,2,53,study,1,male,Latino,male,Black,angry,,,,,m,791,True,False,,mar13
2,2,54,study,1,male,Black,male,Black,angry,,,,,m,1048,True,False,,mar13
2,2,55,study,1,male,White,female,White,neutral,,,,,z,1552,False,False,,mar13
2,2,56,study,1,male,White,male,Black,happy,,,,,m,978,True,False,,mar13
2,2,57,study,1,male,White,female,White,neutral,,,,,z,902,False,False,,mar13
2,2,58,study,1,male,Black,female,Black,angry,,,,,m,1004,True,False,,mar13
2,2,59,study,1,male,White,female,Black,happy,,,,,z,1032,False,False,,mar13
2,2,60,study,1,male,Black,female,Black,happy,,,,,z,1376,False,False,,mar13
2,2,61,study,0,female,White,female,Black,angry,,,,,z,1186,True,False,,mar13
2,2,62,study,0,male,Black,female,Black,happy,,,,,m,1567,True,False,,mar13
2,2,63,study,0,female,Asian,male,Black,angry,,,,,z,973,True,False,,mar13
2,2,64,study,0,male,Latino,female,Black,neutral,,,,,m,1118,True,False,,mar13
2,2,65,study,0,female,Black,female,Black,happy,,,,,z,941,True,False,,mar13
2,2,66,study,0,male,Asian,female,White,happy,,,,,m,1226,True,False,,mar13
2,2,67,study,0,male,Black,male,White,happy,,,,,m,1008,True,False,,mar13
2,2,68,study,0,male,White,female,White,neutral,,,,,m,1556,True,False,,mar13
2,2,69,study,0,male,White,male,Black,happy,,,,,m,854,True,False,,mar13
2,2,70,study,0,female,Latino,male,Black,happy,,,,,z,817,True,False,,mar13
2,2,71,study,0,female,Asian,male,Black,angry,,,,,z,737,True,False,,mar13
2,2,72,study,0,female,Asian,male,White,angry,,,,,z,1023,True,False,,mar13
2,2,73,study,0,female,Black,male,Black,happy,,,,,z,835,True,False,,mar13
2,2,74,study,0,male,White,male,Black,neutral,,,,,z,885,False,False,,mar13
2,2,75,study,0,female,Latino,male,White,neutral,,,,,z,1216,True,False,,mar13
2,2,76,study,0,female,White,female,Black,happy,,,,,z,933,True,False,,mar13
2,2,77,study,0,male,Latino,male,Black,angry,,,,,m,1202,True,False,,mar13
2,2,78,study,0,female,White,female,White,happy,,,,,z,1051,True,False,,mar13
2,2,79,study,0,female,White,female,White,happy,,,,,m,1139,False,False,,mar13
2,2,80,study,0,male,Latino,male,Black,angry,,,,,m,837,True,False,,mar13
2,2,81,study,0,male,Black,female,Black,angry,,,,,m,771,True,False,,mar13
2,2,82,study,0,male,Black,female,White,happy,,,,,m,779,True,False,,mar13
2,2,83,study,0,male,White,male,White,happy,,,,,m,906,True,False,,mar13
2,2,84,study,0,male,Black,female,Black,angry,,,,,m,830,True,False,,mar13
2,2,85,study,0,male,Latino,female,White,neutral,,,,,m,1603,True,False,,mar13
2,2,86,study,0,female,Asian,female,White,angry,,,,,z,965,True,False,,mar13
2,2,87,study,0,male,Black,male,White,neutral,,,,,m,1256,True,False,,mar13
2,2,88,study,0,female,Asian,male,Black,neutral,,,,,z,990,True,False,,mar13
2,2,89,study,0,male,Black,male,Black,angry,,,,,m,787,True,False,,mar13
2,2,90,study,0,male,White,female,Black,happy,,,,,m,935,True,False,,mar13
2,2,91,study,1,male,Black,male,White,happy,,,,,m,830,True,False,,mar13
2,2,92,study,1,female,White,male,White,neutral,,,,,z,985,True,False,,mar13
2,2,93,study,1,male,White,male,White,neutral,,,,,m,724,True,False,,mar13
2,2,94,study,1,male,Latino,male,Black,neutral,,,,,m,769,True,False,,mar13
2,2,95,study,1,female,White,female,Black,neutral,,,,,z,845,True,False,,mar13
2,2,96,study,1,male,Asian,male,White,happy,,,,,m,805,True,False,,mar13
2,2,97,study,1,female,Black,female,Black,neutral,,,,,z,1060,True,False,,mar13
2,2,98,study,1,female,Black,female,Black,neutral,,,,,z,1565,True,False,,mar13
2,2,99,study,1,female,Black,male,Black,happy,,,,,m,1361,False,False,,mar13
2,2,100,study,1,female,White,male,Black,angry,,,,,z,832,True,False,,mar13
2,2,101,study,1,female,Black,male,White,neutral,,,,,m,1123,False,False,,mar13
2,2,102,study,1,female,Black,male,Black,happy,,,,,z,872,True,False,,mar13
2,2,103,study,1,female,White,female,Black,angry,,,,,z,1026,True,False,,mar13
2,2,104,study,1,male,White,female,Black,neutral,,,,,z,842,False,False,,mar13
2,2,105,study,1,female,Black,female,White,neutral,,,,,z,1400,True,False,,mar13
2,2,106,study,1,female,Black,female,Black,angry,,,,,z,831,True,False,,mar13
2,2,107,study,1,male,White,female,White,neutral,,,,,m,1083,True,False,,mar13
2,2,108,study,1,male,Black,male,Black,angry,,,,,m,602,True,False,,mar13
2,2,109,study,1,female,Black,male,Black,neutral,,,,,z,1063,True,False,,mar13
2,2,110,study,1,male,White,female,Black,happy,,,,,m,1005,True,False,,mar13
2,2,111,study,1,male,Asian,male,Black,neutral,,,,,m,1046,True,False,,mar13
2,2,112,study,1,male,Black,male,White,angry,,,,,m,703,True,False,,mar13
2,2,113,study,1,male,White,female,Black,angry,,,,,m,689,True,False,,mar13
2,2,114,study,1,female,White,female,White,angry,,,,,z,1660,True,False,,mar13
2,2,115,study,1,male,Black,female,Black,angry,,,,,m,1054,True,False,,mar13
2,2,116,study,1,male,White,female,White,angry,,,,,m,866,True,False,,mar13
2,2,117,study,1,female,White,female,Black,neutral,,,,,z,1061,True,False,,mar13
2,2,118,study,1,female,Latino,male,Black,angry,,,,,z,794,True,False,,mar13
2,2,119,study,1,female,Black,male,White,happy,,,,,z,959,True,False,,mar13
2,2,120,study,1,female,Asian,female,Black,happy,,,,,z,890,True,False,,mar13
2,2,121,test,0,male,Black,female,Black,angry,,,,intact,z,935,True,False,,mar13
2,2,122,test,0,female,Latino,male,Black,angry,,,,intact,z,541,True,False,,mar13
2,2,123,test,0,female,White,female,White,neutral,,,,rearranged,m,882,True,False,,mar13
2,2,124,test,0,female,White,female,Black,happy,,,,rearranged,m,858,True,False,,mar13
2,2,125,test,0,male,White,female,White,neutral,,,,intact,z,543,True,False,,mar13
2,2,126,test,0,female,White,female,Black,happy,,,,intact,m,470,False,False,,mar13
2,2,127,test,0,male,White,male,White,happy,,,,intact,z,452,True,False,,mar13
2,2,128,test,0,male,White,female,Black,angry,,,,rearranged,z,364,False,False,,mar13
2,2,129,test,0,female,Asian,female,White,angry,,,,rearranged,z,583,False,False,,mar13
2,2,130,test,0,female,Black,male,Black,happy,,,,rearranged,m,619,True,False,,mar13
2,2,131,test,0,female,Black,male,Black,neutral,,,,rearranged,z,684,False,False,,mar13
2,2,132,test,0,female,Asian,male,Black,angry,,,,rearranged,z,803,False,False,,mar13
2,2,133,test,0,female,White,female,Black,angry,,,,intact,z,367,True,False,,mar13
2,2,134,test,0,male,Black,male,Black,angry,,,,rearranged,z,711,False,False,,mar13
2,2,135,test,0,female,Black,female,White,happy,,,,rearranged,m,819,True,False,,mar13
2,2,136,test,0,male,White,female,White,neutral,,,,intact,z,632,True,False,,mar13
2,2,137,test,0,female,Black,female,Black,angry,,,,intact,z,514,True,False,,mar13
2,2,138,test,0,female,White,female,White,angry,,,,rearranged,m,1383,True,False,,mar13
2,2,139,test,0,male,White,male,Black,neutral,,,,intact,m,895,False,False,,mar13
2,2,140,test,0,male,Latino,male,Black,angry,,,,intact,z,1140,True,False,,mar13
2,2,141,test,0,male,Black,female,Black,angry,,,,intact,m,1110,False,False,,mar13
2,2,142,test,0,male,Black,female,White,angry,,,,rearranged,z,1069,False,False,,mar13
2,2,143,test,0,male,Black,male,Black,neutral,,,,rearranged,z,864,False,False,,mar13
2,2,144,test,0,male,White,female,Black,neutral,,,,rearranged,m,467,True,False,,mar13
2,2,145,test,0,female,Black,male,Black,happy,,,,rearranged,z,523,False,False,,mar13
2,2,146,test,0,male,Black,male,Black,angry,,,,intact,z,910,True,False,,mar13
2,2,147,test,0,female,Black,female,Black,neutral,,,,intact,m,513,False,False,,mar13
2,2,148,test,0,female,Asian,male,Black,angry,,,,rearranged,z,412,False,False,,mar13
2,2,149,test,0,male,Asian,female,Black,happy,,,,rearranged,m,446,True,False,,mar13
2,2,150,test,0,male,Latino,male,Black,angry,,,,rearranged,z,1108,False,False,,mar13
2,2,151,test,1,female,Black,male,Black,happy,,,,intact,z,511,True,False,,mar13
2,2,152,test,1,male,Black,female,Black,happy,,,,intact,z,483,True,False,,mar13
2,2,153,test,1,female,Black,male,White,neutral,,,,rearranged,m,305,True,False,,mar13
2,2,154,test,1,female,Black,female,Black,neutral,,,,rearranged,z,345,False,False,,mar13
2,2,155,test,1,female,White,female,Black,neutral,,,,intact,z,637,True,False,,mar13
2,2,156,test,1,female,White,female,White,happy,,,,intact,m,349,False,False,,mar13
2,2,157,test,1,female,Black,male,White,happy,,,,intact,z,588,True,False,,mar13
2,2,158,test,1,female,White,male,Black,angry,,,,rearranged,z,813,False,False,,mar13
2,2,159,test,1,female,Latino,male,Black,happy,,,,intact,m,536,False,False,,mar13
2,2,160,test,1,female,Asian,male,Black,neutral,,,,intact,z,1061,True,False,,mar13
2,2,161,test,1,female,Asian,female,Black,happy,,,,rearranged,z,421,False,False,,mar13
2,2,162,test,1,male,Latino,female,Black,neutral,,,,rearranged,m,648,True,False,,mar13
2,2,163,test,1,female,Asian,male,White,angry,,,,intact,z,1180,True,False,,mar13
2,2,164,test,1,male,White,male,White,happy,,,,rearranged,z,667,False,False,,mar13
2,2,165,test,1,female,Black,female,Black,neutral,,,,intact,m,424,False,False,,mar13
2,2,166,test,1,male,Latino,female,White,neutral,,,,intact,z,468,True,False,,mar13
2,2,167,test,1,male,White,female,Black,happy,,,,intact,z,808,True,False,,mar13
2,2,168,test,1,male,White,male,White,neutral,,,,rearranged,z,789,False,False,,mar13
2,2,169,test,1,female,White,female,Black,angry,,,,intact,m,549,False,False,,mar13
2,2,170,test,1,male,White,female,Black,angry,,,,intact,z,404,True,False,,mar13
2,2,171,test,1,male,Latino,male,Black,neutral,,,,intact,z,1022,True,False,,mar13
2,2,172,test,1,female,White,male,White,neutral,,,,intact,m,507,False,False,,mar13
2,2,173,test,1,male,Asian,male,White,happy,,,,intact,z,458,True,False,,mar13
2,2,174,test,1,male,Black,male,White,angry,,,,rearranged,z,889,False,False,,mar13
2,2,175,test,1,female,Latino,male,White,neutral,,,,rearranged,m,888,True,False,,mar13
2,2,176,test,1,male,White,female,White,happy,,,,rearranged,z,811,False,False,,mar13
2,2,177,test,1,male,Black,female,White,happy,,,,rearranged,z,722,False,False,,mar13
2,2,178,test,1,male,Black,male,White,happy,,,,intact,z,1004,True,False,,mar13
2,2,179,test,1,male,Asian,male,White,neutral,,,,rearranged,m,813,True,False,,mar13
2,2,180,test,1,male,Black,male,Black,happy,,,,rearranged,z,553,False,False,,mar13
3,2,1,study,0,female,Black,male,Black,happy,,,,,z,927,True,False,,mar13
3,2,2,study,0,male,Black,female,Black,angry,,,,,m,1036,True,False,,mar13
3,2,3,study,0,male,Asian,female,White,happy,,,,,m,778,True,False,,mar13
3,2,4,study,0,male,Black,male,Black,neutral,,,,,m,575,True,False,,mar13
3,2,5,study,0,female,Latino,male,White,angry,,,,,z,1199,True,False,,mar13
3,2,6,study,0,female,Latino,female,White,angry,,,,,z,1151,True,False,,mar13
3,2,7,study,0,female,Asian,female,Black,angry,,,,,z,1052,True,False,,mar13
3,2,8,study,0,male,Latino,male,White,angry,,,,,m,1360,True,False,,mar13
3,2,9,study,0,female,Asian,male,White,happy,,,,,z,1540,True,False,,mar13
3,2,10,study,0,male,Black,female,White,happy,,,,,m,1381,True,False,,mar13
3,2,11,study,0,female,White,female,White,happy,,,,,z,1146,True,False,,mar13
3,2,12,study,0,male,White,male,Black,angry,,,,,m,1036,True,False,,mar13
3,2,13,study,0,female,White,male,Black,neutral,,,,,z,1179,True,False,,mar13
3,2,14,study,0,male,Latino,male,White,angry,,,,,m,1235,True,False,,mar13
3,2,15,study,0,female,Black,female,Black,neutral,,,,,,,False,True,,mar13
3,2,16,study,0,male,Latino,male,White,happy,,,,,m,485,True,False,,mar13
3,2,17,study,0,male,White,female,White,neutral,,,,,m,529,True,False,,mar13
3,2,18,study,0,female,Black,male,Black,happy,,,,,z,1460,True,False,,mar13
3,2,19,study,0,male,Latino,female,Black,neutral,,,,,m,1859,True,False,,mar13
3,2,20,study,0,male,Black,female,White,happy,,,,,m,544,True,False,,mar13
3,2,21,study,0,female,Latino,female,White,neutral,,,,,z,1406,True,False,,mar13
3,2,22,study,0,female,Asian,male,White,neutral,,,,,z,988,True,False,,mar13
3,2,23,study,0,male,Asian,female,White,angry,,,,,m,1007,True,False,,mar13
3,2,24,study,0,female,Asian,female,White,neutral,,,,,z,1251,True,False,,mar13
3,2,25,study,0,male,Asian,male,White,neutral,,,,,m,1135,True,False,,mar13
3,2,26,study,0,female,Asian,male,White,happy,,,,,z,1100,True,False,,mar13
3,2,27,study,0,male,Black,female,Black,happy,,,,,m,1323,True,False,,mar13
3,2,28,study,0,male,White,female,White,happy,,,,,m,1504,True,False,,mar13
3,2,29,study,0,female,Black,male,White,neutral,,,,,z,1454,True,False,,mar13
3,2,30,study,0,female,White,male,White,neutral,,,,,z,2021,True,False,,mar13
3,2,31,study,1,female,White,female,Black,happy,,,,,z,475,True,False,,mar13
3,2,32,study,1,male,Black,male,White,happy,,,,,m,680,True,False,,mar13
3,2,33,study,1,female,Black,female,Black,happy,,,,,z,1710,True,False,,mar13
3,2,34,study,1,male,Black,female,White,neutral,,,,,m,1293,True,False,,mar13
3,2,35,study,1,male,White,female,Black,angry,,,,,m,2891,True,False,,mar13
3,2,36,study,1,female,Asian,male,White,angry,,,,,z,2489,True,False,,mar13
3,2,37,study,1,female,Latino,female,White,happy,,,,,z,1108,True,False,,mar13
3,2,38,study,1,male,Asian,female,White,angry,,,,,m,1613,True,False,,mar13
3,2,39,study,1,male,White,male,White,happy,,,,,m,1154,True,False,,mar13
3,2,40,study,1,male,Black,male,Black,angry,,,,,m,2207,True,False,,mar13
3,2,41,study,1,male,White,male,Black,neutral,,,,,m,1351,True,False,,mar13
3,2,42,study,1,male,White,female,Black,angry,,,,,m,2365,True,False,,mar13
3,2,43,study,1,male,Black,male,Black,angry,,,,,m,2800,True,False,,mar13
3,2,44,study,1,male,Asian,male,Black,neutral,,,,,,,False,True,,mar13
3,2,45,study,1,female,White,female,Black,angry,,,,,z,995,True,False,,mar13
3,2,46,study,1,female,Latino,female,Black,happy,,,,,z,1652,True,False,,mar13
3,2,47,study,1,female,Latino,female,Black,neutral,,,,,z,1651,True,False,,mar13
3,2,48,study,1,female,White,male,Black,angry,,,,,z,1589,True,False,,mar13
3,2,49,study,1,male,White,female,White,neutral,,,,,m,850,True,False,,mar13
3,2,50,study,1,female,White,female,White,angry,,,,,z,1047,True,False,,mar13
3,2,51,study,1,female,Asian,male,Black,neutral,,,,,z,1002,True,False,,mar13
3,2,52,study,1,female,Black,male,Black,angry,,,,,z,1183,True,False,,mar13
3,2,53,study,1,male,Latino,male,White,happy,,,,,m,1335,True,False,,mar13
3,2,54,study,1,male,Black,male,White,happy,,,,,m,1682,True,False,,mar13
3,2,55,study,1,female,Asian,female,Black,angry,,,,,z,1134,True,False,,mar13
3,2,56,study,1,female,Black,female,White,neutral,,,,,z,1077,True,False,,mar13
3,2,57,study,1,female,Asian,male,White,angry,,,,,z,1192,True,False,,mar13
3,2,58,study,1,female,Latino,male,White,happy,,,,,z,2027,True,False,,mar13
3,2,59,study,1,male,White,male,White,neutral,,,,,m,1707,True,False,,mar13
3,2,60,study,1,male,Asian,female,Black,neutral,,,,,m,981,True,False,,mar13
3,2,61,study,0,female,Asian,female,White,neutral,,,,,z,682,True,False,,mar13
3,2,62,study,0,male,White,male,White,happy,,,,,m,2203,True,False,,mar13
3,2,63,study,0,female,Black,male,Black,happy,,,,,z,1292,True,False,,mar13
3,2,64,study,0,male,Black,female,White,happy,,,,,z,510,False,False,,mar13
3,2,65,study,0,female,Latino,male,White,happy,,,,,z,1212,True,False,,mar13
3,2,66,study,0,female,Asian,male,White,neutral,,,,,z,1137,True,False,,mar13
3,2,67,study,0,male,Black,male,Black,angry,,,,,m,742,True,False,,mar13
3,2,68,study,0,female,White,female,White,happy,,,,,z,1095,True,False,,mar13
3,2,69,study,0,male,Black,female,White,happy,,,,,m,767,True,False,,mar13
3,2,70,study,0,female,White,female,White,angry,,,,,z,1203,True,False,,mar13
3,2,71,study,0,female,White,female,Black,happy,,,,,z,1334,True,False,,mar13
3,2,72,study,0,male,White,male,Black,angry,,,,,m,1439,True,False,,mar13
3,2,73,study,0,female,Asian,male,White,happy,,,,,z,1683,True,False,,mar13
3,2,74,study,0,male,White,female,Black,angry,,,,,m,1053,True,False,,mar13
3,2,75,study,0,female,Black,male,White,neutral,,,,,z,879,True,False,,mar13
3,2,76,study,0,male,Asian,female,White,angry,,,,,m,1010,True,False,,mar13
3,2,77,study,0,female,Latino,male,White,angry,,,,,z,754,True,False,,mar13
3,2,78,study,0,female,Latino,female,Black,neutral,,,,,z,1064,True,False,,mar13
3,2,79,study,0,male,Asian,male,Black,neutral,,,,,m,1063,True,False,,mar13
3,2,80,study,0,female,Asian,female,Black,angry,,,,,z,1046,True,False,,mar13
3,2,81,study,0,male,White,female,White,neutral,,,,,m,1143,True,False,,mar13
3,2,82,study,0,male,Latino,female,Black,neutral,,,,,m,933,True,False,,mar13
3,2,83,study,0,male,Black,male,Black,neutral,,,,,m,1127,True,False,,mar13
3,2,84,study,0,female,Black,female,Black,happy,,,,,z,1264,True,False,,mar13
3,2,85,study,0,male,Black,male,White,happy,,,,,m,811,True,False,,mar13
3,2,86,study,0,female,Asian,male,White,angry,,,,,z,996,True,False,,mar13
3,2,87,study,0,male,Asian,female,White,angry,,,,,m,888,True,False,,mar13
3,2,88,study,0,female,White,male,Black,angry,,,,,z,1225,True,False,,mar13
3,2,89,study,0,female,Asian,male,Black,neutral,,,,,z,1208,True,False,,mar13
3,2,90,study,0,female,Latino,female,Black,happy,,,,,z,1316,True,False,,mar13
3,2,91,study,1,male,Asian,female,Black,neutral,,,,,m,607,True,False,,mar13
3,2,92,study,1,male,Latino,male,White,angry,,,,,m,807,True,False,,mar13
3,2,93,study,1,female,Latino,female,White,neutral,,,,,z,1101,True,False,,mar13
3,2,94,study,1,female,White,female,Black,angry,,,,,z,1202,True,False,,mar13
3,2,95,study,1,male,Black,male,Black,angry,,,,,m,1137,True,False,,mar13
3,2,96,study,1,male,Black,female,White,neutral,,,,,m,705,True,False,,mar13
3,2,97,study,1,male,Asian,female,White,happy,,,,,m,777,True,False,,mar13
3,2,98,study,1,male,White,male,White,neutral,,,,,m,535,True,False,,mar13
3,2,99,study,1,male,Black,male,White,happy,,,,,m,661,True,False,,mar13
3,2,100,study,1,female,Black,male,Black,angry,,,,,z,1250,True,False,,mar13
3,2,101,study,1,male,Black,female,Black,angry,,,,,m,830,True,False,,mar13
3,2,102,study,1,female,Asian,female,Black,angry,,,,,z,1272,True,False,,mar13
3,2,103,study,1,male,White,female,White,happy,,,,,m,2083,True,False,,mar13
3,2,104,study,1,female,White,male,White,neutral,,,,,z,1155,True,False,,mar13
3,2,105,study,1,male,Latino,male,White,happy,,,,,m,1218,True,False,,mar13
3,2,106,study,1,female,Latino,female,White,happy,,,,,z,940,True,False,,mar13
3,2,107,study,1,female,Black,female,Black,neutral,,,,,z,961,True,False,,mar13
3,2,108,study,1,male,Black,female,Black,happy,,,,,m,921,True,False,,mar13
3,2,109,study,1,female,Asian,male,White,happy,,,,,z,1039,True,False,,mar13
3,2,110,study,1,male,Latino,male,White,happy,,,,,m,624,True,False,,mar13
3,2,111,study,1,female,Asian,male,White,angry,,,,,z,1018,True,False,,mar13
3,2,112,study,1,female,Black,male,Black,happy,,,,,z,1124,True,False,,mar13
3,2,113,study,1,male,White,female,Black,angry,,,,,m,956,True,False,,mar13
3,2,114,study,1,female,Black,female,White,neutral,,,,,z,1348,True,False,,mar13
3,2,115,study,1,male,White,female,White,neutral,,,,,m,995,True,False,,mar13
3,2,116,study,1,male,Latino,male,White,angry,,,,,m,889,True,False,,mar13
3,2,117,study,1,female,Latino,female,White,angry,,,,,z,1215,True,False,,mar13
3,2,118,study,1,male,Asian,male,White,neutral,,,,,m,1064,True,False,,mar13
3,2,119,study,1,male,White,male,Black,neutral,,,,,m,1017,True,False,,mar13
3,2,120,study,1,female,White,male,Black,neutral,,,,,z,974,True,False,,mar13
3,2,121,test,0,female,Asian,male,White,angry,,,,intact,z,678,False,False,,mar13
3,2,122,test,0,female,Latino,female,Black,happy,,,,rearranged,z,698,True,False,,mar13
3,2,123,test,0,female,White,male,Black,neutral,,,,rearranged,m,714,False,False,,mar13
3,2,124,test,0,male,White,female,White,happy,,,,rearranged,m,979,False,False,,mar13
3,2,125,test,0,male,White,male,Black,angry,,,,intact,m,1027,True,False,,mar13
3,2,126,test,0,female,White,female,White,happy,,,,intact,z,707,False,False,,mar13
3,2,127,test,0,female,Latino,female,Black,neutral,,,,intact,z,1138,False,False,,mar13
3,2,128,test,0,male,Asian,female,White,happy,,,,rearranged,m,1093,False,False,,mar13
3,2,129,test,0,male,Black,male,White,angry,,,,rearranged,z,1110,True,False,,mar13
3,2,130,test,0,male,Latino,male,White,angry,,,,intact,z,924,False,False,,mar13
3,2,131,test,0,female,Asian,male,White,neutral,,,,rearranged,m,1335,False,False,,mar13
3,2,132,test,0,female,Black,female,White,happy,,,,rearranged,m,264,False,False,,mar13
3,2,133,test,0,female,Black,male,Black,happy,,,,intact,m,619,True,False,,mar13
3,2,134,test,0,male,White,female,Black,angry,,,,intact,z,329,False,False,,mar13
3,2,135,test,0,female,Latino,female,Black,angry,,,,rearranged,z,1397,True,False,,mar13
3,2,136,test,0,male,Asian,male,Black,neutral,,,,rearranged,z,1147,True,False,,mar13
3,2,137,test,0,male,Black,female,Black,happy,,,,intact,z,1199,False,False,,mar13
3,2,138,test,0,male,Asian,male,White,neutral,,,,intact,z,1289,False,False,,mar13
3,2,139,test,0,female,Black,male,Black,angry,,,,rearranged,m,1180,False,False,,mar13
3,2,140,test,0,male,Asian,female,White,angry,,,,intact,z,1732,False,False,,mar13
3,2,141,test,0,female,Asian,female,Black,neutral,,,,rearranged,z,864,True,False,,mar13
3,2,142,test,0,female,White,female,Black,happy,,,,intact,z,1006,False,False,,mar13
3,2,143,test,0,male,Black,male,Black,neutral,,,,rearranged,m,1006,False,False,,mar13
3,2,144,test,0,male,White,male,White,neutral,,,,intact,m,1152,True,False,,mar13
3,2,145,test,0,female,Latino,male,White,happy,,,,rearranged,m,1711,False,False,,mar13
3,2,146,test,0,male,White,male,White,happy,,,,rearranged,m,1172,False,False,,mar13
3,2,147,test,0,male,Black,male,White,happy,,,,intact,z,1603,False,False,,mar13
3,2,148,test,0,female,White,male,White,angry,,,,rearranged,z,917,True,False,,mar13
3,2,149,test,0,male,Black,female,White,happy,,,,rearranged,m,957,False,False,,mar13
3,2,150,test,0,female,Black,female,White,neutral,,,,intact,z,866,False,False,,mar13
3,2,151,test,1,female,Asian,male,White,angry,,,,intact,m,659,True,False,,mar13
3,2,152,test,1,female,Asian,male,White,neutral,,,,rearranged,m,654,False,False,,mar13
3,2,153,test,1,male,Latino,male,White,happy,,,,intact,z,628,False,False,,mar13
3,2,154,test,1,male,White,female,White,angry,,,,rearranged,m,1023,False,False,,mar13
3,2,155,test,1,female,Latino,male,Black,angry,,,,rearranged,z,319,True,False,,mar13
3,2,156,test,1,male,Black,male,White,happy,,,,rearranged,m,485,False,False,,mar13
3,2,157,test,1,male,Asian,female,Black,neutral,,,,intact,m,536,True,False,,mar13
3,2,158,test,1,male,Latino,female,Black,neutral,,,,intact,z,760,False,False,,mar13
3,2,159,test,1,male,Black,male,Black,angry,,,,rearranged,m,463,False,False,,mar13
3,2,160,test,1,female,Black,female,White,neutral,,,,rearranged,m,1002,False,False,,mar13
3,2,161,test,1,male,Black,female,White,neutral,,,,rearranged,z,378,True,False,,mar13
3,2,162,test,1,female,White,male,Black,neutral,,,,intact,m,999,True,False,,mar13
3,2,163,test,1,female,White,female,Black,angry,,,,intact,z,1264,False,False,,mar13
3,2,164,test,1,female,Asian,female,Black,angry,,,,intact,z,1714,False,False,,mar13
3,2,165,test,1,male,Black,female,Black,angry,,,,intact,z,1259,False,False,,mar13
3,2,166,test,1,male,Black,female,White,happy,,,,intact,m,1233,True,False,,mar13
3,2,167,test,1,female,Latino,female,White,neutral,,,,intact,z,1535,False,False,,mar13
3,2,168,test,1,female,Black,male,Black,happy,,,,intact,z,1611,False,False,,mar13
3,2,169,test,1,male,Latino,male,Black,angry,,,,rearranged,m,1945,False,False,,mar13
3,2,170,test,1,male,White,female,White,neutral,,,,rearranged,z,1306,True,False,,mar13
3,2,171,test,1,male,Latino,male,White,happy,,,,intact,m,1424,True,False,,mar13
3,2,172,test,1,male,White,male,Black,neutral,,,,rearranged,m,721,False,False,,mar13
3,2,173,test,1,female,Black,male,White,neutral,,,,intact,m,628,True,False,,mar13
3,2,174,test,1,female,Asian,male,White,happy,,,,rearranged,z,364,True,False,,mar13
3,2,175,test,1,male,White,female,White,neutral,,,,intact,m,409,True,False,,mar13
3,2,176,test,1,female,White,female,White,angry,,,,intact,m,795,True,False,,mar13
3,2,177,test,1,female,Latino,female,Black,happy,,,,rearranged,z,426,True,False,,mar13
3,2,178,test,1,female,Asian,female,White,angry,,,,rearranged,z,1075,True,False,,mar13
3,2,179,test,1,female,Asian,male,White,happy,,,,intact,z,1194,False,False,,mar13
3,2,180,test,1,male,Asian,female,Black,angry,,,,rearranged,z,2066,True,False,,mar13
4,2,1,study,0,female,Latino,male,Black,angry,,,,,m,1505,False,False,,mar13
4,2,2,study,0,male,Asian,female,White,angry,,,,,z,869,False,False,,mar13
4,2,3,study,0,male,Asian,female,Black,angry,,,,,m,802,True,False,,mar13
4,2,4,study,0,female,Asian,male,Black,happy,,,,,m,1626,False,False,,mar13
4,2,5,study,0,male,White,female,Black,neutral,,,,,z,1868,False,False,,mar13
4,2,6,study,0,female,Black,male,Black,neutral,,,,,z,947,True,False,,mar13
4,2,7,study,0,male,Asian,female,White,happy,,,,,m,718,True,False,,mar13
4,2,8,study,0,male,Asian,female,White,happy,,,,,m,758,True,False,,mar13
4,2,9,study,0,male,Latino,female,Black,neutral,,,,,m,656,True,False,,mar13
4,2,10,study,0,female,Asian,female,White,happy,,,,,z,1052,True,False,,mar13
4,2,11,study,0,male,Black,male,Black,angry,,,,,m,946,True,False,,mar13
4,2,12,study,0,male,Black,male,Black,happy,,,,,m,738,True,False,,mar13
4,2,13,study,0,male,White,male,Black,angry,,,,,m,785,True,False,,mar13
4,2,14,study,0,male,Black,male,Black,neutral,,,,,m,531,True,False,,mar13
4,2,15,study,0,male,White,female,Black,neutral,,,,,m,790,True,False,,mar13
4,2,16,study,0,female,Asian,male,Black,happy,,,,,z,1050,True,False,,mar13
4,2,17,study,0,male,Asian,female,White,neutral,,,,,m,569,True,False,,mar13
4,2,18,study,0,male,Black,female,Black,neutral,,,,,m,736,True,False,,mar13
4,2,19,study,0,female,White,male,Black,happy,,,,,z,587,True,False,,mar13
4,2,20,study,0,female,White,female,Black,angry,,,,,z,962,True,False,,mar13
4,2,21,study,0,female,White,male,Black,neutral,,,,,z,1594,True,False,,mar13
4,2,22,study,0,male,Asian,male,White,angry,,,,,m,673,True,False,,mar13
4,2,23,study,0,female,Latino,female,Black,angry,,,,,z,626,True,False,,mar13
4,2,24,study,0,male,Latino,male,White,neutral,,,,,m,585,True,False,,mar13
4,2,25,study,0,male,White,male,Black,neutral,,,,,m,726,True,False,,mar13
4,2,26,study,0,male,Latino,female,White,happy,,,,,m,524,True,False,,mar13
4,2,27,study,0,female,White,male,White,happy,,,,,z,669,True,False,,mar13
4,2,28,study,0,male,Black,male,White,happy,,,,,m,721,True,False,,mar13
4,2,29,study,0,female,Black,male,White,happy,,,,,z,883,True,False,,mar13
4,2,30,study,0,female,White,male,Black,angry,,,,,z,604,True,False,,mar13
4,2,31,study,1,male,White,male,White,neutral,,,,,m,745,True,False,,mar13
4,2,32,study,1,male,Asian,female,Black,happy,,,,,m,876,True,False,,mar13
4,2,33,study,1,female,White,male,Black,neutral,,,,,z,705,True,False,,mar13
4,2,34,study,1,male,Latino,male,White,happy,,,,,m,615,True,False,,mar13
4,2,35,study,1,female,White,female,White,angry,,,,,z,741,True,False,,mar13
4,2,36,study,1,female,White,female,Black,neutral,,,,,z,831,True,False,,mar13
4,2,37,study,1,male,Black,male,Black,angry,,,,,m,749,True,False,,mar13
4,2,38,study,1,female,Black,male,White,neutral,,,,,z,1001,True,False,,mar13
4,2,39,study,1,male,White,male,White,neutral,,,,,m,632,True,False,,mar13
4,2,40,study,1,male,Latino,female,White,angry,,,,,m,548,True,False,,mar13
4,2,41,study,1,female,Latino,male,Black,angry,,,,,z,566,True,False,,mar13
4,2,42,study,1,female,Asian,female,Black,neutral,,,,,z,915,True,False,,mar13
4,2,43,study,1,male,Black,male,White,happy,,,,,m,749,True,False,,mar13
4,2,44,study,1,female,Asian,male,White,angry,,,,,z,1308,True,False,,mar13
4,2,45,study,1,female,Latino,male,White,angry,,,,,z,966,True,False,,mar13
4,2,46,study,1,female,White,female,Black,happy,,,,,z,1033,True,False,,mar13
4,2,47,study,1,female,Asian,male,Black,neutral,,,,,z,1078,True,False,,mar13
4,2,48,study,1,male,Latino,female,White,happy,,,,,m,1025,True,False,,mar13
4,2,49,study,1,male,Black,male,Black,happy,,,,,m,1224,True,False,,mar13
4,2,50,study,1,female,Latino,female,White,angry,,,,,z,1411,True,False,,mar13
4,2,51,study,1,male,Latino,male,Black,angry,,,,,m,895,True,False,,mar13
4,2,52,study,1,female,White,female,White,angry,,,,,z,589,True,False,,mar13
4,2,53,study,1,male,Asian,female,Black,angry,,,,,m,560,True,False,,mar13
4,2,54,study,1,male,Black,female,Black,angry,,,,,m,704,True,False,,mar13
4,2,55,study,1,female,Black,female,White,happy,,,,,z,1094,True,False,,mar13
4,2,56,study,1,female,Black,female,Black,neutral,,,,,z,1049,True,False,,mar13
4,2,57,study,1,female,White,female,White,happy,,,,,z,1316,True,False,,mar13
4,2,58,study,1,female,Latino,female,Black,happy,,,,,z,803,True,False,,mar13
4,2,59,study,1,female,White,female,Black,neutral,,,,,z,881,True,False,,mar13
4,2,60,study,1,female,Latino,female,Black,neutral,,,,,z,750,True,False,,mar13
4,2,61,study,0,male,White,male,Black,neutral,,,,,m,759,True,False,,mar13
4,2,62,study,0,male,Asian,female,White,neutral,,,,,m,662,True,False,,mar13
4,2,63,study,0,male,Asian,male,White,angry,,,,,m,672,True,False,,mar13
4,2,64,study,0,male,Latino,male,Black,angry,,,,,m,584,True,False,,mar13
4,2,65,study,0,female,Latino,male,White,angry,,,,,z,401,True,False,,mar13
4,2,66,study,0,female,White,male,Black,happy,,,,,z,703,True,False,,mar13
4,2,67,study,0,female,Black,female,White,happy,,,,,z,765,True,False,,mar13
4,2,68,study,0,male,Asian,female,White,angry,,,,,m,899,True,False,,mar13
4,2,69,study,0,male,Black,male,White,happy,,,,,m,623,True,False,,mar13
4,2,70,study,0,male,White,male,White,neutral,,,,,m,532,True,False,,mar13
4,2,71,study,0,male,White,female,Black,neutral,,,,,m,585,True,False,,mar13
4,2,72,study,0,male,White,male,Black,angry,,,,,m,748,True,False,,mar13
4,2,73,study,0,male,Latino,female,White,happy,,,,,m,575,True,False,,mar13
4,2,74,study,0,female,White,male,Black,angry,,,,,z,735,True,False,,mar13
4,2,75,study,0,female,White,female,White,angry,,,,,z,642,True,False,,mar13
4,2,76,study,0,female,Black,female,Black,neutral,,,,,z,794,True,False,,mar13
4,2,77,study,0,female,Asian,male,Black,happy,,,,,z,566,True,False,,mar13
4,2,78,study,0,male,Latino,female,Black,neutral,,,,,m,960,True,False,,mar13
4,2,79,study,0,female,Black,male,White,neutral,,,,,z,1534,True,False,,mar13
4,2,80,study,0,female,White,female,Black,angry,,,,,z,586,True,False,,mar13
4,2,81,study,0,male,Black,male,Black,happy,,,,,m,601,True,False,,mar13
4,2,82,study,0,male,White,male,White,neutral,,,,,m,605,True,False,,mar13
4,2,83,study,0,male,Black,female,Black,angry,,,,,m,651,True,False,,mar13
4,2,84,study,0,female,White,male,Black,neutral,,,,,z,769,True,False,,mar13
4,2,85,study,0,female,White,male,Black,neutral,,,,,z,1500,True,False,,mar13
4,2,86,study,0,male,Black,female,Black,neutral,,,,,m,654,True,False,,mar13
4,2,87,study,0,male,Black,male,White,happy,,,,,m,1723,True,False,,mar13
4,2,88,study,0,male,Black,male,Black,angry,,,,,m,1913,True,False,,mar13
4,2,89,study,0,male,Latino,male,White,neutral,,,,,m,845,True,False,,mar13
4,2,90,study,0,male,Latino,female,White,angry,,,,,m,2581,True,False,,mar13
4,2,91,study,1,female,Latino,female,White,angry,,,,,z,1098,True,False,,mar13
4,2,92,study,1,female,Latino,female,Black,angry,,,,,z,578,True,False,,mar13
4,2,93,study,1,female,Asian,male,Black,neutral,,,,,z,718,True,False,,mar13
4,2,94,study,1,female,Asian,female,White,happy,,,,,z,1103,True,False,,mar13
4,2,95,study,1,male,Asian,female,Black,happy,,,,,m,635,True,False,,mar13
4,2,96,study,1,male,Black,male,Black,neutral,,,,,m,720,True,False,,mar13
4,2,97,study,1,female,Asian,male,White,angry,,,,,z,722,True,False,,mar13
4,2,98,study,1,female,White,female,White,angry,,,,,z,712,True,False,,mar13
4,2,99,study,1,male,Asian,female,White,happy,,,,,m,630,True,False,,mar13
4,2,100,study,1,male,White,female,Black,neutral,,,,,m,817,True,False,,mar13
4,2,101,study,1,male,Latino,female,White,happy,,,,,m,820,True,False,,mar13
4,2,102,study,1,male,Asian,female,White,happy,,,,,m,476,True,False,,mar13
4,2,103,study,1,female,White,female,White,happy,,,,,z,759,True,False,,mar13
4,2,104,study,1,female,White,female,Black,neutral,,,,,z,808,True,False,,mar13
4,2,105,study,1,female,Latino,male,Black,angry,,,,,z,871,True,False,,mar13
4,2,106,study,1,male,Asian,female,Black,angry,,,,,m,866,True,False,,mar13
4,2,107,study,1,female,Black,male,Black,neutral,,,,,z,1175,True,False,,mar13
4,2,108,study,1,male,Asian,female,Black,angry,,,,,m,473,True,False,,mar13
4,2,109,study,1,male,Black,male,Black,angry,,,,,,,False,True,,mar13
4,2,110,study,1,female,White,male,White,happy,,,,,z,528,True,False,,mar13
4,2,111,study,1,female,Latino,male,Black,angry,,,,,z,719,True,False,,mar13
4,2,112,study,1,female,White,female,Black,happy,,,,,z,470,True,False,,mar13
4,2,113,study,1,female,Latino,female,Black,neutral,,,,,z,524,True,False,,mar13
4,2,114,study,1,female,White,female,Black,neutral,,,,,z,700,True,False,,mar13
4,2,115,study,1,female,Asian,female,Black,neutral,,,,,z,982,True,False,,mar13
4,2,116,study,1,female,Black,male,White,happy,,,,,z,1019,True,False,,mar13
4,2,117,study,1,female,Latino,female,Black,happy,,,,,z,915,True,False,,mar13
4,2,118,study,1,male,Black,male,Black,happy,,,,,m,1357,True,False,,mar13
4,2,119,study,1,female,Asian,male,Black,happy,,,,,z,1142,True,False,,mar13
4,2,120,study,1,male,Latino,male,White,happy,,,,,m,769,True,False,,mar13
4,2,121,test,0,male,Black,male,Black,happy,,,,rearranged,z,1555,False,False,,mar13
4,2,122,test,0,female,Latino,female,Black,neutral,,,,rearranged,z,1673,False,False,,mar13
4,2,123,test,0,female,Latino,female,White,happy,,,,rearranged,z,1984,False,False,,mar13
4,2,124,test,0,male,White,male,White,neutral,,,,rearranged,m,2236,True,False,,mar13
4,2,125,test,0,female,Latino,male,Black,angry,,,,rearranged,z,1408,False,False,,mar13
4,2,126,test,0,female,Black,male,White,neutral,,,,intact,m,1870,False,False,,mar13
4,2,127,test,0,male,Black,male,Black,angry,,,,intact,m,1959,False,False,,mar13
4,2,128,test,0,female,Asian,male,Black,happy,,,,intact,m,1505,False,False,,mar13
4,2,129,test,0,male,Asian,female,Black,happy,,,,intact,z,1573,True,False,,mar13
4,2,130,test,0,female,Black,female,Black,neutral,,,,intact,z,1867,True,False,,mar13
4,2,131,test,0,female,White,female,Black,happy,,,,rearranged,m,1648,True,False,,mar13
4,2,132,test,0,female,White,female,Black,neutral,,,,intact,z,1782,True,False,,mar13
4,2,133,test,0,female,Asian,male,White,angry,,,,intact,z,1443,True,False,,mar13
4,2,134,test,0,female,White,male,Black,angry,,,,rearranged,m,986,True,False,,mar13
4,2,135,test,0,male,Asian,female,Black,angry,,,,rearranged,m,1035,True,False,,mar13
4,2,136,test,0,male,Asian,female,White,neutral,,,,intact,m,1558,False,False,,mar13
4,2,137,test,0,female,White,male,Black,happy,,,,intact,z,1423,True,False,,mar13
4,2,138,test,0,female,Latino,male,Black,angry,,,,rearranged,m,778,True,False,,mar13
4,2,139,test,0,male,Black,male,White,angry,,,,rearranged,m,884,True,False,,mar13
4,2,140,test,0,male,White,male,White,neutral,,,,intact,z,1493,True,False,,mar13
4,2,141,test,0,male,Asian,male,Black,angry,,,,rearranged,m,981,True,False,,mar13
4,2,142,test,0,female,Asian,female,Black,neutral,,,,intact,m,1181,False,False,,mar13
4,2,143,test,0,female,White,male,Black,happy,,,,rearranged,m,867,True,False,,mar13
4,2,144,test,0,female,White,male,Black,neutral,,,,rearranged,z,1017,False,False,,mar13
4,2,145,test,0,male,Asian,female,Black,angry,,,,rearranged,m,1005,True,False,,mar13
4,2,146,test,0,female,White,female,White,angry,,,,rearranged,z,1366,False,False,,mar13
4,2,147,test,0,female,White,female,Black,angry,,,,intact,z,1632,True,False,,mar13
4,2,148,test,0,female,Black,female,White,happy,,,,intact,m,1204,False,False,,mar13
4,2,149,test,0,male,Black,male,White,neutral,,,,rearranged,m,1751,True,False,,mar13
4,2,150,test,0,male,Latino,female,White,happy,,,,rearranged,m,1347,True,False,,mar13
4,2,151,test,1,male,White,male,Black,neutral,,,,intact,z,1417,True,False,,mar13
4,2,152,test,1,male,Black,male,White,happy,,,,intact,z,1277,True,False,,mar13
4,2,153,test,1,female,White,female,White,happy,,,,intact,m,1030,False,False,,mar13
4,2,154,test,1,female,Black,male,Black,neutral,,,,rearranged,m,1005,True,False,,mar13
4,2,155,test,1,male,Black,female,Black,angry,,,,intact,m,1037,False,False,,mar13
4,2,156,test,1,male,Black,female,Black,neutral,,,,intact,z,1074,True,False,,mar13
4,2,157,test,1,female,Black,male,White,happy,,,,intact,m,1000,False,False,,mar13
4,2,158,test,1,male,Black,male,Black,happy,,,,rearranged,m,822,True,False,,mar13
4,2,159,test,1,female,Asian,female,Black,happy,,,,rearranged,z,1142,False,False,,mar13
4,2,160,test,1,male,Asian,female,White,happy,,,,rearranged,m,855,True,False,,mar13
4,2,161,test,1,female,Asian,male,White,happy,,,,rearranged,m,705,True,False,,mar13
4,2,162,test,1,male,Latino,female,White,happy,,,,intact,m,892,False,False,,mar13
4,2,163,test,1,male,Asian,female,White,angry,,,,intact,z,1083,True,False,,mar13
4,2,164,test,1,female,Latino,female,White,angry,,,,rearranged,m,1287,True,False,,mar13
4,2,165,test,1,male,Latino,female,Black,neutral,,,,intact,m,1861,False,False,,mar13
4,2,166,test,1,male,Latino,male,Black,neutral,,,,rearranged,m,1483,True,False,,mar13
4,2,167,test,1,male,Latino,male,Black,angry,,,,intact,m,1353,False,False,,mar13
4,2,168,test,1,female,Latino,female,Black,angry,,,,intact,m,1599,False,False,,mar13
4,2,169,test,1,female,Latino,male,White,angry,,,,intact,m,1246,False,False,,mar13
4,2,170,test,1,female,White,female,White,angry,,,,intact,z,1670,True,False,,mar13
4,2,171,test,1,female,Asian,male,Black,neutral,,,,rearranged,m,955,True,False,,mar13
4,2,172,test,1,female,White,female,Black,neutral,,,,rearranged,m,1115,True,False,,mar13
4,2,173,test,1,male,Latino,female,White,angry,,,,intact,z,1173,True,False,,mar13
4,2,174,test,1,male,Asian,female,White,happy,,,,rearranged,z,1296,False,False,,mar13
4,2,175,test,1,male,White,male,Black,angry,,,,rearranged,z,1044,False,False,,mar13
4,2,176,test,1,male,Latino,male,White,happy,,,,intact,z,1756,True,False,,mar13
4,2,177,test,1,male,White,female,Black,neutral,,,,rearranged,z,2016,False,False,,mar13
4,2,178,test,1,male,White,female,Black,neutral,,,,rearranged,z,1731,False,False,,mar13
4,2,179,test,1,female,White,male,Black,neutral,,,,intact,z,2311,True,False,,mar13
4,2,180,test,1,male,Black,male,White,happy,,,,intact,m,888,False,False,,mar13
5,2,1,study,0,male,Asian,male,Black,happy,,,,,m,535,True,False,,mar13
5,2,2,study,0,male,White,male,Black,angry,,,,,m,693,True,False,,mar13
5,2,3,study,0,male,White,male,White,neutral,,,,,m,730,True,False,,mar13
5,2,4,study,0,female,Black,female,Black,happy,,,,,z,880,True,False,,mar13
5,2,5,study,0,female,Asian,female,White,angry,,,,,z,827,True,False,,mar13
5,2,6,study,0,female,Asian,female,Black,angry,,,,,z,864,True,False,,mar13
5,2,7,study,0,female,White,female,Black,angry,,,,,z,558,True,False,,mar13
5,2,8,study,0,male,White,female,White,neutral,,,,,z,1126,False,False,,mar13
5,2,9,study,0,male,Latino,female,Black,angry,,,,,m,2285,True,False,,mar13
5,2,10,study,0,female,White,male,White,neutral,,,,,z,1840,True,False,,mar13
5,2,11,study,0,male,Black,male,Black,happy,,,,,m,988,True,False,,mar13
5,2,12,study,0,female,White,male,Black,happy,,,,,m,1901,False,False,,mar13
5,2,13,study,0,male,White,male,Black,angry,,,,,m,1834,True,False,,mar13
5,2,14,study,0,female,Asian,female,Black,happy,,,,,z,1572,True,False,,mar13
5,2,15,study,0,female,White,female,Black,neutral,,,,,z,1014,True,False,,mar13
5,2,16,study,0,male,Black,male,Black,neutral,,,,,m,882,True,False,,mar13
5,2,17,study,0,female,Latino,female,White,neutral,,,,,z,966,True,False,,mar13
5,2,18,study,0,male,White,male,White,angry,,,,,m,969,True,False,,mar13
5,2,19,study,0,male,White,female,White,neutral,,,,,z,2620,False,False,,mar13
5,2,20,study,0,male,White,male,White,happy,,,,,m,962,True,False,,mar13
5,2,21,study,0,male,White,male,White,angry,,,,,m,733,True,False,,mar13
5,2,22,study,0,female,Black,female,Black,angry,,,,,z,1176,True,False,,mar13
5,2,23,study,0,male,Asian,female,Black,neutral,,,,,,,False,True,,mar13
5,2,24,study,0,male,Black,male,Black,happy,,,,,m,659,True,False,,mar13
5,2,25,study,0,female,Black,male,Black,neutral,,,,,,,False,True,,mar13
5,2,26,study,0,male,White,female,Black,happy,,,,,,,False,True,,mar13
5,2,27,study,0,female,Black,female,White,happy,,,,,z,916,True,False,,mar13
5,2,28,study,0,male,Asian,female,Black,happy,,,,,,,False,True,,mar13
5,2,29,study,0,female,White,male,Black,neutral,,,,,,,False,True,,mar13
5,2,30,study,0,male,Latino,male,White,neutral,,,,,m,757,True,False,,mar13
5,2,31,study,1,female,White,male,Black,neutral,,,,,,,False,True,,mar13
5,2,32,study,1,male,White,male,White,happy,,,,,m,834,True,False,,mar13
5,2,33,study,1,female,White,male,Black,angry,,,,,,,False,True,,mar13
5,2,34,study,1,male,Black,female,Black,angry,,,,,,,False,True,,mar13
5,2,35,study,1,female,Black,female,White,angry,,,,,z,691,True,False,,mar13
5,2,36,study,1,female,Latino,male,White,angry,,,,,,,False,True,,mar13
5,2,37,study,1,female,Latino,male,Black,happy,,,,,,,False,True,,mar13
5,2,38,study,1,female,Black,female,Black,happy,,,,,z,1245,True,False,,mar13
5,2,39,study,1,male,Black,female,Black,angry,,,,,,,False,True,,mar13
5,2,40,study,1,male,Black,male,White,neutral,,,,,m,870,True,False,,mar13
5,2,41,study,1,male,White,female,White,angry,,,,,,,False,True,,mar13
5,2,42,study,1,male,Latino,female,White,happy,,,,,,,False,True,,mar13
5,2,43,study,1,female,White,male,White,angry,,,,,,,False,True,,mar13
5,2,44,study,1,female,White,male,Black,angry,,,,,,,False,True,,mar13
5,2,45,study,1,male,Black,male,Black,neutral,,,,,m,816,True,False,,mar13
5,2,46,study,1,female,Black,male,White,neutral,,,,,,,False,True,,mar13
5,2,47,study,1,male,White,female,White,neutral,,,,,,,False,True,,mar13
5,2,48,study,1,female,Asian,male,White,happy,,,,,,,False,True,,mar13
5,2,49,study,1,male,Asian,female,Black,neutral,,,,,,,False,True,,mar13
5,2,50,study,1,female,Latino,female,Black,neutral,,,,,z,871,True,False,,mar13
5,2,51,study,1,male,Asian,female,White,happy,,,,,,,False,True,,mar13
5,2,52,study,1,female,Asian,male,White,angry,,,,,,,False,True,,mar13
5,2,53,study,1,female,White,female,Black,neutral,,,,,z,856,True,False,,mar13
5,2,54,study,1,male,Latino,female,White,happy,,,,,,,False,True,,mar13
5,2,55,study,1,female,Black,male,Black,happy,,,,,,,False,True,,mar13
5,2,56,study,1,male,Black,female,White,angry,,,,,,,False,True,,mar13
5,2,57,study,1,female,Black,female,Black,happy,,,,,z,804,True,False,,mar13
5,2,58,study,1,male,Latino,male,Black,angry,,,,,m,799,True,False,,mar13
5,2,59,study,1,female,Black,male,Black,happy,,,,,m,1838,False,False,,mar13
5,2,60,study,1,female,Latino,female,Black,neutral,,,,,z,899,True,False,,mar13
5,2,61,study,0,male,White,female,White,neutral,,,,,,,False,True,,mar13
5,2,62,study,0,female,Latino,male,White,angry,,,,,,,False,True,,mar13
5,2,63,study,0,male,Black,male,Black,happy,,,,,m,620,True,False,,mar13
5,2,64,study,0,male,Latino,female,Black,angry,,,,,,,False,True,,mar13
5,2,65,study,0,female,White,male,Black,neutral,,,,,,,False,True,,mar13
5,2,66,study,0,male,Asian,female,White,happy,,,,,,,False,True,,mar13
5,2,67,study,0,male,Black,male,Black,happy,,,,,z,791,False,False,,mar13
5,2,68,study,0,female,Black,female,Black,happy,,,,,z,890,True,False,,mar13
5,2,69,study,0,female,White,male,Black,angry,,,,,,,False,True,,mar13
5,2,70,study,0,male,White,male,White,angry,,,,,m,762,True,False,,mar13
5,2,71,study,0,male,White,male,White,angry,,,,,m,901,True,False,,mar13
5,2,72,study,0,female,White,female,Black,neutral,,,,,z,769,True,False,,mar13
5,2,73,study,0,male,Latino,female,White,happy,,,,,,,False,True,,mar13
5,2,74,study,0,male,Black,female,Black,angry,,,,,,,False,True,,mar13
5,2,75,study,0,male,Asian,female,Black,neutral,,,,,,,False,True,,mar13
5,2,76,study,0,female,Black,female,White,happy,,,,,z,906,True,False,,mar13
5,2,77,study,0,male,White,female,Black,happy,,,,,z,1242,False,False,,mar13
5,2,78,study,0,male,Black,female,Black,angry,,,,,,,False,True,,mar13
5,2,79,study,0,female,Asian,male,White,happy,,,,,,,False,True,,mar13
5,2,80,study,0,female,Latino,male,Black,happy,,,,,,,False,True,,mar13
5,2,81,study,0,female,White,male,Black,angry,,,,,,,False,True,,mar13
5,2,82,study,0,female,Black,female,Black,happy,,,,,z,1096,True,False,,mar13
5,2,83,study,0,female,Black,female,Black,happy,,,,,z,802,True,False,,mar13
5,2,84,study,0,male,Asian,female,Black,happy,,,,,,,False,True,,mar13
5,2,85,study,0,female,Black,male,Black,neutral,,,,,,,False,True,,mar13
5,2,86,study,0,female,White,male,White,neutral,,,,,,,False,True,,mar13
5,2,87,study,0,male,White,male,White,neutral,,,,,m,1503,True,False,,mar13
5,2,88,study,0,male,White,male,Black,angry,,,,,m,2161,True,False,,mar13
5,2,89,study,0,female,Black,male,Black,happy,,,,,,,False,True,,mar13
5,2,90,study,0,female,Black,male,White,neutral,,,,,,,False,True,,mar13
5,2,91,study,1,female,White,female,Black,neutral,,,,,z,968,True,False,,mar13
5,2,92,study,1,female,White,female,Black,angry,,,,,z,1131,True,False,,mar13
5,2,93,study,1,male,Black,male,Black,neutral,,,,,m,786,True,False,,mar13
5,2,94,study,1,female,Asian,female,Black,angry,,,,,z,1213,True,False,,mar13
5,2,95,study,1,male,White,male,White,happy,,,,,m,758,True,False,,mar13
5,2,96,study,1,male,Latino,male,White,neutral,,,,,m,667,True,False,,mar13
5,2,97,study,1,female,Latino,female,Black,neutral,,,,,z,723,True,False,,mar13
5,2,98,study,1,male,Asian,male,Black,happy,,,,,m,726,True,False,,mar13
5,2,99,study,1,female,Asian,female,Black,happy,,,,,z,1360,True,False,,mar13
5,2,100,study,1,female,White,male,Black,happy,,,,,,,False,True,,mar13
5,2,101,study,1,female,White,male,Black,neutral,,,,,,,False,True,,mar13
5,2,102,study,1,male,White,female,White,neutral,,,,,,,False,True,,mar13
5,2,103,study,1,female,Black,female,Black,angry,,,,,z,798,True,False,,mar13
5,2,104,study,1,male,Latino,male,Black,angry,,,,,m,785,True,False,,mar13
5,2,105,study,1,male,Black,female,White,angry,,,,,,,False,True,,mar13
5,2,106,study,1,female,Latino,female,Black,neutral,,,,,z,716,True,False,,mar13
5,2,107,study,1,female,Latino,female,White,neutral,,,,,z,692,True,False,,mar13
5,2,108,study,1,male,Asian,female,Black,neutral,,,,,,,False,True,,mar13
5,2,109,study,1,female,Asian,male,White,angry,,,,,,,False,True,,mar13
5,2,110,study,1,male,Black,male,Black,neutral,,,,,m,764,True,False,,mar13
5,2,111,study,1,female,White,male,White,angry,,,,,,,False,True,,mar13
5,2,112,study,1,male,White,female,White,neutral,,,,,,,False,True,,mar13
5,2,113,study,1,female,Asian,female,White,angry,,,,,z,1106,True,False,,mar13
5,2,114,study,1,female,Black,male,Black,happy,,,,,,,False,True,,mar13
5,2,115,study,1,male,White,male,Black,angry,,,,,m,1451,True,False,,mar13
5,2,116,study,1,male,White,female,White,angry,,,,,,,False,True,,mar13
5,2,117,study,1,male,White,male,White,happy,,,,,m,667,True,False,,mar13
5,2,118,study,1,female,Black,female,White,angry,,,,,z,724,True,False,,mar13
5,2,119,study,1,male,Latino,female,White,happy,,,,,,,False,True,,mar13
5,2,120,study,1,male,Black,male,White,neutral,,,,,m,708,True,False,,mar13
5,2,121,test,0,female,White,female,Black,neutral,,,,rearranged,m,841,False,False,,mar13
5,2,122,test,0,male,Black,male,White,neutral,,,,rearranged,m,739,False,False,,mar13
5,2,123,test,0,male,Asian,male,Black,happy,,,,rearranged,m,675,False,False,,mar13
5,2,124,test,0,male,White,female,White,neutral,,,,rearranged,m,909,False,False,,mar13
5,2,125,test,0,female,Black,female,Black,happy,,,,rearranged,m,1061,False,False,,mar13
5,2,126,test,0,female,Latino,female,Black,neutral,,,,intact,m,842,True,False,,mar13
5,2,127,test,0,female,Latino,female,Black,neutral,,,,rearranged,m,878,False,False,,mar13
5,2,128,test,0,female,White,male,Black,neutral,,,,rearranged,z,884,True,False,,mar13
5,2,129,test,0,male,Asian,female,Black,happy,,,,rearranged,z,852,True,False,,mar13
5,2,130,test,0,male,White,male,White,angry,,,,rearranged,m,738,False,False,,mar13
5,2,131,test,0,female,Black,female,Black,happy,,,,rearranged,m,967,False,False,,mar13
5,2,132,test,0,male,White,female,White,happy,,,,rearranged,z,791,True,False,,mar13
5,2,133,test,0,female,Black,female,Black,happy,,,,intact,m,1122,True,False,,mar13
5,2,134,test,0,female,Asian,male,White,angry,,,,intact,m,719,True,False,,mar13
5,2,135,test,0,male,White,male,White,neutral,,,,intact,m,721,True,False,,mar13
5,2,136,test,0,female,Black,female,Black,angry,,,,intact,m,962,True,False,,mar13
5,2,137,test,0,male,White,male,Black,angry,,,,intact,z,764,False,False,,mar13
5,2,138,test,0,male,Black,female,Black,angry,,,,rearranged,z,1241,True,False,,mar13
5,2,139,test,0,male,Black,male,Black,happy,,,,rearranged,m,890,False,False,,mar13
5,2,140,test,0,male,White,male,White,happy,,,,intact,m,977,True,False,,mar13
5,2,141,test,0,female,Black,male,Black,happy,,,,intact,z,928,False,False,,mar13
5,2,142,test,0,male,White,male,White,angry,,,,rearranged,m,1470,False,False,,mar13
5,2,143,test,0,male,Black,male,Black,neutral,,,,rearranged,m,726,False,False,,mar13
5,2,144,test,0,female,White,male,White,angry,,,,intact,m,576,True,False,,mar13
5,2,145,test,0,male,Black,female,Black,angry,,,,intact,z,875,False,False,,mar13
5,2,146,test,0,female,White,male,White,neutral,,,,intact,z,1143,False,False,,mar13
5,2,147,test,0,female,Black,male,White,neutral,,,,rearranged,z,816,True,False,,mar13
5,2,148,test,0,male,Latino,female,White,happy,,,,intact,z,748,False,False,,mar13
5,2,149,test,0,female,Black,male,Black,happy,,,,rearranged,z,757,True,False,,mar13
5,2,150,test,0,female,Black,female,White,angry,,,,intact,m,960,True,False,,mar13
5,2,151,test,1,female,Black,female,Black,happy,,,,intact,m,849,True,False,,mar13
5,2,152,test,1,male,Black,male,Black,happy,,,,intact,m,864,True,False,,mar13
5,2,153,test,1,male,Asian,female,Black,neutral,,,,intact,z,766,False,False,,mar13
5,2,154,test,1,male,White,male,White,happy,,,,intact,m,723,True,False,,mar13
5,2,155,test,1,female,Latino,female,White,neutral,,,,intact,m,903,True,False,,mar13
5,2,156,test,1,female,White,male,Black,neutral,,,,intact,z,813,False,False,,mar13
5,2,157,test,1,male,Latino,male,White,neutral,,,,intact,m,1039,True,False,,mar13
5,2,158,test,1,male,White,male,Black,angry,,,,rearranged,m,825,False,False,,mar13
5,2,159,test,1,female,Latino,male,Black,happy,,,,intact,z,732,False,False,,mar13
5,2,160,test,1,male,Latino,female,Black,happy,,,,rearranged,z,914,True,False,,mar13
5,2,161,test,1,female,Asian,female,Black,angry,,,,rearranged,m,805,False,False,,mar13
5,2,162,test,1,male,White,female,White,angry,,,,intact,z,667,False,False,,mar13
5,2,163,test,1,female,White,male,Black,angry,,,,rearranged,z,682,True,False,,mar13
5,2,164,test,1,male,Latino,female,White,angry,,,,rearranged,z,767,True,False,,mar13
5,2,165,test,1,female,Black,male,Black,neutral,,,,rearranged,m,952,False,False,,mar13
5,2,166,test,1,male,Asian,female,Black,neutral,,,,intact,z,804,False,False,,mar13
5,2,167,test,1,female,White,male,White,angry,,,,rearranged,z,679,True,False,,mar13
5,2,168,test,1,female,Latino,male,Black,angry,,,,rearranged,z,635,True,False,,mar13
5,2,169,test,1,female,Asian,female,White,angry,,,,rearranged,m,1031,False,False,,mar13
5,2,170,test,1,female,Asian,male,White,happy,,,,intact,z,879,False,False,,mar13
5,2,171,test,1,male,Latino,male,Black,angry,,,,intact,m,1176,True,False,,mar13
5,2,172,test,1,female,White,male,Black,happy,,,,rearranged,z,794,True,False,,mar13
5,2,173,test,1,male,White,female,White,neutral,,,,intact,z,644,False,False,,mar13
5,2,174,test,1,male,Black,male,Black,neutral,,,,rearranged,m,826,False,False,,mar13
5,2,175,test,1,male,Black,female,Black,angry,,,,intact,m,1038,True,False,,mar13
5,2,176,test,1,female,Asian,female,White,happy,,,,rearranged,m,1023,False,False,,mar13
5,2,177,test,1,male,White,female,White,neutral,,,,rearranged,z,1097,True,False,,mar13
5,2,178,test,1,female,White,female,Black,neutral,,,,intact,m,991,True,False,,mar13
5,2,179,test,1,female,White,female,Black,angry,,,,intact,m,970,True,False,,mar13
5,2,180,test,1,male,Asian,female,White,happy,,,,intact,z,725,False,False,,mar13
6,2,1,study,0,female,Asian,female,Black,neutral,,,,,z,876,True,False,,mar13
6,2,2,study,0,female,Asian,male,Black,angry,,,,,m,1423,False,False,,mar13
6,2,3,study,0,male,Latino,male,Black,happy,,,,,m,1137,True,False,,mar13
6,2,4,study,0,female,Asian,male,White,angry,,,,,z,969,True,False,,mar13
6,2,5,study,0,male,Latino,male,Black,neutral,,,,,m,770,True,False,,mar13
6,2,6,study,0,male,Black,male,Black,neutral,,,,,m,794,True,False,,mar13
6,2,7,study,0,female,White,female,Black,happy,,,,,z,684,True,False,,mar13
6,2,8,study,0,male,Latino,male,Black,angry,,,,,m,584,True,False,,mar13
6,2,9,study,0,female,Black,female,Black,angry,,,,,m,507,False,False,,mar13
6,2,10,study,0,male,Asian,female,White,neutral,,,,,z,865,False,False,,mar13
6,2,11,study,0,female,White,female,Black,neutral,,,,,z,632,True,False,,mar13
6,2,12,study,0,male,White,male,White,angry,,,,,m,717,True,False,,mar13
6,2,13,study,0,female,Black,male,White,happy,,,,,z,617,True,False,,mar13
6,2,14,study,0,female,White,female,Black,angry,,,,,z,767,True,False,,mar13
6,2,15,study,0,male,White,female,Black,neutral,,,,,m,572,True,False,,mar13
6,2,16,study,0,female,Black,male,Black,angry,,,,,z,564,True,False,,mar13
6,2,17,study,0,female,Black,male,Black,happy,,,,,z,656,True,False,,mar13
6,2,18,study,0,male,Asian,female,White,happy,,,,,m,775,True,False,,mar13
6,2,19,study,0,male,Asian,male,Black,neutral,,,,,m,628,True,False,,mar13
6,2,20,study,0,male,White,female,White,neutral,,,,,m,578,True,False,,mar13
6,2,21,study,0,male,White,female,White,happy,,,,,m,731,True,False,,mar13
6,2,22,study,0,male,White,male,White,angry,,,,,m,581,True,False,,mar13
6,2,23,study,0,female,Asian,male,White,neutral,,,,,m,1250,False,False,,mar13
6,2,24,study,0,male,White,male,Black,happy,,,,,m,716,True,False,,mar13
6,2,25,study,0,male,Black,male,Black,neutral,,,,,m,639,True,False,,mar13
6,2,26,study,0,male,Black,female,White,angry,,,,,m,567,True,False,,mar13
6,2,27,study,0,female,Latino,female,Black,happy,,,,,m,1195,False,False,,mar13
6,2,28,study,0,female,White,female,Black,happy,,,,,z,490,True,False,,mar13
6,2,29,study,0,male,Black,male,Black,neutral,,,,,m,687,True,False,,mar13
6,2,30,study,0,male,Black,male,Black,happy,,,,,m,693,True,False,,mar13
6,2,31,study,1,female,Asian,female,White,angry,,,,,z,717,True,False,,mar13
6,2,32,study,1,female,Black,male,White,happy,,,,,z,730,True,False,,mar13
6,2,33,study,1,male,Latino,female,Black,angry,,,,,m,687,True,False,,mar13
6,2,34,study,1,male,Black,male,Black,angry,,,,,m,562,True,False,,mar13
6,2,35,study,1,male,Black,female,Black,angry,,,,,z,582,False,False,,mar13
6,2,36,study,1,female,White,female,Black,angry,,,,,z,665,True,False,,mar13
6,2,37,study,1,male,Latino,male,White,angry,,,,,m,618,True,False,,mar13
6,2,38,study,1,male,Asian,male,Black,happy,,,,,m,768,True,False,,mar13
6,2,39,study,1,male,Black,female,Black,angry,,,,,m,584,True,False,,mar13
6,2,40,study,1,female,White,male,Black,neutral,,,,,z,794,True,False,,mar13
6,2,41,study,1,female,Black,male,White,angry,,,,,m,522,False,False,,mar13
6,2,42,study,1,male,Black,female,White,happy,,,,,z,814,False,False,,mar13
6,2,43,study,1,female,Asian,male,Black,neutral,,,,,z,789,True,False,,mar13
6,2,44,study,1,male,White,male,Black,happy,,,,,m,594,True,False,,mar13
6,2,45,study,1,female,Latino,male,Black,happy,,,,,m,936,False,False,,mar13
6,2,46,study,1,male,Asian,female,Black,neutral,,,,,m,629,True,False,,mar13
6,2,47,study,1,female,Asian,female,Black,neutral,,,,,z,585,True,False,,mar13
6,2,48,study,1,male,White,female,White,happy,,,,,m,848,True,False,,mar13
6,2,49,study,1,female,Black,female,Black,happy,,,,,z,716,True,False,,mar13
6,2,50,study,1,male,White,female,Black,happy,,,,,m,691,True,False,,mar13
6,2,51,study,1,female,Asian,male,Black,neutral,,,,,m,774,False,False,,mar13
6,2,52,study,1,female,Asian,male,Black,angry,,,,,z,668,True,False,,mar13
6,2,53,study,1,female,Latino,male,White,happy,,,,,z,620,True,False,,mar13
6,2,54,study,1,male,Asian,female,White,neutral,,,,,m,1009,True,False,,mar13
6,2,55,study,1,male,Asian,female,Black,angry,,,,,m,656,True,False,,mar13
6,2,56,study,1,female,White,female,Black,neutral,,,,,z,587,True,False,,mar13
6,2,57,study,1,female,Black,female,Black,angry,,,,,z,654,True,False,,mar13
6,2,58,study,1,female,Black,female,Black,neutral,,,,,z,668,True,False,,mar13
6,2,59,study,1,female,White,female,Black,happy,,,,,z,705,True,False,,mar13
6,2,60,study,1,female,White,male,Black,neutral,,,,,z,515,True,False,,mar13
6,2,61,study,0,female,Black,male,Black,angry,,,,,z,519,True,False,,mar13
6,2,62,study,0,female,Black,male,White,angry,,,,,z,537,True,False,,mar13
6,2,63,study,0,female,Asian,male,Black,neutral,,,,,z,643,True,False,,mar13
6,2,64,study,0,female,White,female,Black,happy,,,,,z,462,True,False,,mar13
6,2,65,study,0,female,Black,female,Black,neutral,,,,,z,455,True,False,,mar13
6,2,66,study,0,male,Black,male,Black,angry,,,,,m,573,True,False,,mar13
6,2,67,study,0,female,Asian,male,White,angry,,,,,m,673,False,False,,mar13
6,2,68,study,0,female,Black,female,Black,angry,,,,,z,562,True,False,,mar13
6,2,69,study,0,male,Black,male,Black,neutral,,,,,m,580,True,False,,mar13
6,2,70,study,0,male,White,male,Black,happy,,,,,m,601,True,False,,mar13
6,2,71,study,0,female,Black,male,White,happy,,,,,z,672,True,False,,mar13
6,2,72,study,0,male,White,male,White,angry,,,,,m,735,True,False,,mar13
6,2,73,study,0,male,Latino,male,White,angry,,,,,m,658,True,False,,mar13
6,2,74,study,0,male,Latino,male,Black,happy,,,,,z,723,False,False,,mar13
6,2,75,study,0,female,Asian,male,Black,angry,,,,,z,780,True,False,,mar13
6,2,76,study,0,female,White,female,Black,neutral,,,,,z,527,True,False,,mar13
6,2,77,study,0,male,White,female,Black,happy,,,,,m,926,True,False,,mar13
6,2,78,study,0,female,White,male,Black,neutral,,,,,z,541,True,False,,mar13
6,2,79,study,0,female,Black,female,Black,happy,,,,,z,575,True,False,,mar13
6,2,80,study,0,male,Latino,female,Black,angry,,,,,m,745,True,False,,mar13
6,2,81,study,0,female,Black,male,White,happy,,,,,z,586,True,False,,mar13
6,2,82,study,0,male,Black,female,White,angry,,,,,m,770,True,False,,mar13
6,2,83,study,0,female,Asian,male,Black,angry,,,,,z,978,True,False,,mar13
6,2,84,study,0,male,Latino,male,Black,angry,,,,,m,882,True,False,,mar13
6,2,85,study,0,male,White,female,White,happy,,,,,m,1469,True,False,,mar13
6,2,86,study,0,female,Black,female,Black,angry,,,,,z,1619,True,False,,mar13
6,2,87,study,0,male,Asian,male,Black,neutral,,,,,m,1922,True,False,,mar13
6,2,88,study,0,female,Black,male,Black,happy,,,,,z,1190,True,False,,mar13
6,2,89,study,0,female,Asian,female,Black,neutral,,,,,z,915,True,False,,mar13
6,2,90,study,0,male,Black,male,Black,happy,,,,,m,547,True,False,,mar13
6,2,91,study,1,female,Latino,male,Black,happy,,,,,z,618,True,False,,mar13
6,2,92,study,1,female,Asian,female,White,angry,,,,,z,536,True,False,,mar13
6,2,93,study,1,female,White,female,Black,angry,,,,,,,False,True,,mar13
6,2,94,study,1,male,White,male,White,angry,,,,,m,598,True,False,,mar13
6,2,95,study,1,male,Black,male,Black,neutral,,,,,m,639,True,False,,mar13
6,2,96,study,1,male,Asian,female,White,happy,,,,,m,579,True,False,,mar13
6,2,97,study,1,male,Asian,female,Black,angry,,,,,m,516,True,False,,mar13
6,2,98,study,1,male,Asian,female,Black,neutral,,,,,m,496,True,False,,mar13
6,2,99,study,1,male,Black,female,Black,angry,,,,,m,544,True,False,,mar13
6,2,100,study,1,female,Latino,male,White,happy,,,,,z,585,True,False,,mar13
6,2,101,study,1,male,Black,male,Black,neutral,,,,,m,665,True,False,,mar13
6,2,102,study,1,male,White,female,Black,neutral,,,,,z,754,False,False,,mar13
6,2,103,study,1,female,Asian,male,Black,neutral,,,,,z,980,True,False,,mar13
6,2,104,study,1,male,Black,female,Black,angry,,,,,m,623,True,False,,mar13
6,2,105,study,1,male,Asian,female,White,neutral,,,,,m,599,True,False,,mar13
6,2,106,study,1,male,White,male,Black,happy,,,,,m,507,True,False,,mar13
6,2,107,study,1,male,Asian,male,Black,happy,,,,,m,577,True,False,,mar13
6,2,108,study,1,female,Asian,male,White,neutral,,,,,z,1722,True,False,,mar13
6,2,109,study,1,female,White,female,Black,angry,,,,,z,701,True,False,,mar13
6,2,110,study,1,female,Latino,female,Black,happy,,,,,z,640,True,False,,mar13
6,2,111,study,1,female,White,female,Black,neutral,,,,,z,1400,True,False,,mar13
6,2,112,study,1,male,Black,female,White,happy,,,,,m,1248,True,False,,mar13
6,2,113,study,1,female,White,female,Black,happy,,,,,z,1032,True,False,,mar13
6,2,114,study,1,male,Asian,female,White,neutral,,,,,m,1083,True,False,,mar13
6,2,115,study,1,female,White,female,Black,happy,,,,,z,1006,True,False,,mar13
6,2,116,study,1,male,Latino,male,Black,neutral,,,,,m,1137,True,False,,mar13
6,2,117,study,1,female,Asian,female,Black,neutral,,,,,z,1123,True,False,,mar13
6,2,118,study,1,male,White,female,White,neutral,,,,,m,1061,True,False,,mar13
6,2,119,study,1,male,White,female,White,happy,,,,,m,1054,True,False,,mar13
6,2,120,study,1,female,White,male,Black,neutral,,,,,z,988,True,False,,mar13
6,2,121,test,0,male,Black,female,Black,angry,,,,rearranged,m,1024,True,False,,mar13
6,2,122,test,0,male,Asian,female,White,neutral,,,,intact,m,745,False,False,,mar13
6,2,123,test,0,male,White,male,Black,angry,,,,rearranged,z,531,False,False,,mar13
6,2,124,test,0,male,White,female,White,neutral,,,,intact,z,607,True,False,,mar13
6,2,125,test,0,male,Black,male,Black,neutral,,,,rearranged,z,658,False,False,,mar13
6,2,126,test,0,male,White,female,White,happy,,,,rearranged,m,1163,True,False,,mar13
6,2,127,test,0,female,Asian,male,Black,angry,,,,intact,m,1161,False,False,,mar13
6,2,128,test,0,male,White,female,Black,neutral,,,,rearranged,z,1052,False,False,,mar13
6,2,129,test,0,male,Black,male,Black,neutral,,,,intact,z,455,True,False,,mar13
6,2,130,test,0,female,Black,female,Black,neutral,,,,rearranged,m,842,True,False,,mar13
6,2,131,test,0,male,Latino,male,White,angry,,,,intact,m,1152,False,False,,mar13
6,2,132,test,0,female,Asian,male,Black,neutral,,,,rearranged,z,714,False,False,,mar13
6,2,133,test,0,female,Asian,male,White,neutral,,,,intact,m,955,False,False,,mar13
6,2,134,test,0,female,Black,female,Black,angry,,,,rearranged,z,1230,False,False,,mar13
6,2,135,test,0,female,Latino,male,White,happy,,,,intact,z,342,True,False,,mar13
6,2,136,test,0,female,White,female,Black,angry,,,,rearranged,z,513,False,False,,mar13
6,2,137,test,0,male,White,female,White,happy,,,,intact,z,379,True,False,,mar13
6,2,138,test,0,male,White,female,Black,happy,,,,rearranged,m,348,True,False,,mar13
6,2,139,test,0,female,Asian,female,White,angry,,,,intact,m,619,False,False,,mar13
6,2,140,test,0,female,White,female,Black,happy,,,,intact,z,351,True,False,,mar13
6,2,141,test,0,female,Asian,male,Black,angry,,,,rearranged,z,462,False,False,,mar13
6,2,142,test,0,male,White,male,Black,happy,,,,intact,z,373,True,False,,mar13
6,2,143,test,0,male,Black,male,Black,happy,,,,intact,m,309,False,False,,mar13
6,2,144,test,0,female,White,female,Black,angry,,,,intact,z,287,True,False,,mar13
6,2,145,test,0,female,Black,male,White,happy,,,,intact,z,632,True,False,,mar13
6,2,146,test,0,male,Black,female,Black,angry,,,,intact,z,374,True,False,,mar13
6,2,147,test,0,female,Black,female,Black,angry,,,,intact,m,259,False,False,,mar13
6,2,148,test,0,female,Black,male,Black,happy,,,,rearranged,z,586,False,False,,mar13
6,2,149,test,0,male,Black,male,Black,angry,,,,rearranged,z,379,False,False,,mar13
6,2,150,test,0,male,Latino,male,Black,neutral,,,,rearranged,m,827,True,False,,mar13
6,2,151,test,1,male,Black,female,White,angry,,,,intact,z,348,True,False,,mar13
6,2,152,test,1,female,White,female,Black,neutral,,,,intact,m,968,False,False,,mar13
6,2,153,test,1,male,Asian,female,White,neutral,,,,intact,z,473,True,False,,mar13
6,2,154,test,1,male,Asian,male,Black,neutral,,,,intact,z,295,True,False,,mar13
6,2,155,test,1,female,Latino,male,Black,happy,,,,rearranged,z,511,False,False,,mar13
6,2,156,test,1,male,Black,female,White,happy,,,,rearranged,m,577,True,False,,mar13
6,2,157,test,1,male,Asian,female,White,happy,,,,intact,m,487,False,False,,mar13
6,2,158,test,1,female,Asian,male,Black,neutral,,,,rearranged,z,286,False,False,,mar13
6,2,159,test,1,male,Asian,female,Black,neutral,,,,rearranged,z,329,False,False,,mar13
6,2,160,test,1,female,Black,male,Black,angry,,,,rearranged,z,574,False,False,,mar13
6,2,161,test,1,male,Black,male,Black,neutral,,,,rearranged,m,1127,True,False,,mar13
6,2,162,test,1,male,Latino,male,Black,happy,,,,intact,z,510,True,False,,mar13
6,2,163,test,1,female,Asian,male,White,angry,,,,rearranged,m,281,True,False,,mar13
6,2,164,test,1,female,White,male,Black,neutral,,,,intact,z,286,True,False,,mar13
6,2,165,test,1,male,Asian,male,Black,happy,,,,rearranged,m,1087,True,False,,mar13
6,2,166,test,1,female,Latino,female,Black,happy,,,,rearranged,z,604,False,False,,mar13
6,2,167,test,1,male,White,male,Black,happy,,,,rearranged,z,327,False,False,,mar13
6,2,168,test,1,female,White,female,Black,happy,,,,rearranged,z,400,False,False,,mar13
6,2,169,test,1,female,Black,male,White,angry,,,,intact,m,143,False,False,,mar13
6,2,170,test,1,female,Black,female,Black,happy,,,,rearranged,z,425,False,False,,mar13
6,2,171,test,1,male,Latino,female,Black,angry,,,,rearranged,m,389,True,False,,mar13
6,2,172,test,1,female,White,male,Black,neutral,,,,rearranged,m,381,True,False,,mar13
6,2,173,test,1,female,Asian,female,Black,neutral,,,,intact,z,328,True,False,,mar13
6,2,174,test,1,male,Latino,male,White,angry,,,,rearranged,z,441,False,False,,mar13
6,2,175,test,1,female,White,female,Black,neutral,,,,intact,m,340,False,False,,mar13
6,2,176,test,1,female,Black,male,White,happy,,,,intact,m,458,False,False,,mar13
6,2,177,test,1,male,White,male,White,angry,,,,intact,z,325,True,False,,mar13
6,2,178,test,1,female,White,female,Black,happy,,,,intact,z,309,True,False,,mar13
6,2,179,test,1,male,Asian,female,Black,angry,,,,intact,z,406,True,False,,mar13
6,2,180,test,1,female,Asian,female,Black,neutral,,,,rearranged,m,453,True,False,,mar13
7,2,1,study,0,female,Asian,female,White,neutral,,,,,z,758,True,False,,mar21
7,2,2,study,0,female,White,male,White,angry,,,,,z,972,True,False,,mar21
7,2,3,study,0,male,Latino,female,Black,happy,,,,,m,989,True,False,,mar21
7,2,4,study,0,female,Asian,female,Black,happy,,,,,z,1112,True,False,,mar21
7,2,5,study,0,female,Black,female,White,angry,,,,,z,686,True,False,,mar21
7,2,6,study,0,male,Black,female,Black,neutral,,,,,m,839,True,False,,mar21
7,2,7,study,0,male,Black,male,White,angry,,,,,m,1101,True,False,,mar21
7,2,8,study,0,female,Black,female,Black,happy,,,,,z,1126,True,False,,mar21
7,2,9,study,0,female,Black,female,White,happy,,,,,z,643,True,False,,mar21
7,2,10,study,0,female,Black,male,Black,happy,,,,,z,875,True,False,,mar21
7,2,11,study,0,male,Black,female,Black,angry,,,,,z,1690,False,False,,mar21
7,2,12,study,0,female,Asian,male,White,angry,,,,,z,1305,True,False,,mar21
7,2,13,study,0,male,Black,male,White,happy,,,,,m,1068,True,False,,mar21
7,2,14,study,0,male,Latino,female,White,angry,,,,,m,736,True,False,,mar21
7,2,15,study,0,male,Asian,male,Black,angry,,,,,m,680,True,False,,mar21
7,2,16,study,0,male,Latino,female,White,happy,,,,,m,508,True,False,,mar21
7,2,17,study,0,female,Latino,male,Black,angry,,,,,z,657,True,False,,mar21
7,2,18,study,0,male,Black,female,Black,angry,,,,,m,1011,True,False,,mar21
7,2,19,study,0,male,Black,male,White,neutral,,,,,m,649,True,False,,mar21
7,2,20,study,0,male,Asian,female,Black,happy,,,,,m,1066,True,False,,mar21
7,2,21,study,0,female,Asian,male,Black,neutral,,,,,,,False,True,,mar21
7,2,22,study,0,female,Black,female,White,neutral,,,,,m,1083,False,False,,mar21
7,2,23,study,0,male,White,male,Black,angry,,,,,m,1156,True,False,,mar21
7,2,24,study,0,female,Asian,male,Black,neutral,,,,,z,1703,True,False,,mar21
7,2,25,study,0,female,Latino,male,Black,happy,,,,,z,1339,True,False,,mar21
7,2,26,study,0,male,Black,male,White,happy,,,,,m,1294,True,False,,mar21
7,2,27,study,0,male,Latino,male,White,neutral,,,,,m,1020,True,False,,mar21
7,2,28,study,0,male,White,male,White,happy,,,,,m,1244,True,False,,mar21
7,2,29,study,0,female,White,male,Black,happy,,,,,z,1591,True,False,,mar21
7,2,30,study,0,female,White,male,Black,neutral,,,,,z,2116,True,False,,mar21
7,2,31,study,1,male,Latino,female,Black,happy,,,,,m,756,True,False,,mar21
7,2,32,study,1,female,Black,male,White,neutral,,,,,z,1399,True,False,,mar21
7,2,33,study,1,female,Black,male,Black,happy,,,,,z,1366,True,False,,mar21
7,2,34,study,1,female,Black,female,White,neutral,,,,,z,758,True,False,,mar21
7,2,35,study,1,female,White,female,White,neutral,,,,,z,1373,True,False,,mar21
7,2,36,study,1,male,Asian,female,Black,angry,,,,,m,1214,True,False,,mar21
7,2,37,study,1,male,Latino,male,Black,neutral,,,,,m,1987,True,False,,mar21
7,2,38,study,1,female,Black,female,White,neutral,,,,,z,2172,True,False,,mar21
7,2,39,study,1,female,White,male,Black,happy,,,,,z,2026,True,False,,mar21
7,2,40,study,1,female,Black,male,Black,angry,,,,,z,1051,True,False,,mar21
7,2,41,study,1,male,Asian,male,Black,neutral,,,,,m,1630,True,False,,mar21
7,2,42,study,1,male,White,female,White,angry,,,,,m,1868,True,False,,mar21
7,2,43,study,1,male,Asian,female,Black,happy,,,,,m,1891,True,False,,mar21
7,2,44,study,1,female,Latino,female,Black,angry,,,,,z,1534,True,False,,mar21
7,2,45,study,1,male,Asian,male,White,happy,,,,,m,1402,True,False,,mar21
7,2,46,study,1,female,White,male,White,angry,,,,,z,932,True,False,,mar21
7,2,47,study,1,female,White,male,Black,neutral,,,,,m,912,False,False,,mar21
7,2,48,study,1,male,Black,male,White,happy,,,,,m,1550,True,False,,mar21
7,2,49,study,1,male,Asian,male,White,angry,,,,,m,974,True,False,,mar21
7,2,50,study,1,female,Latino,female,Black,happy,,,,,z,1074,True,False,,mar21
7,2,51,study,1,female,Latino,female,Black,angry,,,,,z,1287,True,False,,mar21
7,2,52,study,1,male,Black,female,Black,neutral,,,,,m,1936,True,False,,mar21
7,2,53,study,1,female,Latino,female,Black,happy,,,,,z,1780,True,False,,mar21
7,2,54,study,1,male,White,female,White,neutral,,,,,m,1517,True,False,,mar21
7,2,55,study,1,male,White,male,Black,neutral,,,,,m,2859,True,False,,mar21
7,2,56,study,1,female,Latino,female,Black,angry,,,,,z,2827,True,False,,mar21
7,2,57,study,1,female,Latino,female,White,angry,,,,,,,False,True,,mar21
7,2,58,study,1,male,Latino,female,Black,neutral,,,,,m,613,True,False,,mar21
7,2,59,study,1,male,Latino,male,Black,angry,,,,,m,1300,True,False,,mar21
7,2,60,study,1,male,Latino,female,Black,neutral,,,,,m,1946,True,False,,mar21
7,2,61,study,0,male,Black,male,White,happy,,,,,m,516,True,False,,mar21
7,2,62,study,0,female,Latino,female,Black,angry,,,,,z,1217,True,False,,mar21
7,2,63,study,0,male,White,male,Black,angry,,,,,m,1484,True,False,,mar21
7,2,64,study,0,female,Latino,female,Black,happy,,,,,z,1502,True,False,,mar21
7,2,65,study,0,male,Asian,male,White,happy,,,,,m,977,True,False,,mar21
7,2,66,study,0,male,Black,female,Black,neutral,,,,,m,958,True,False,,mar21
7,2,67,study,0,female,Black,male,Black,happy,,,,,z,1345,True,False,,mar21
7,2,68,study,0,male,Latino,female,White,angry,,,,,m,1149,True,False,,mar21
7,2,69,study,0,female,Black,female,White,happy,,,,,z,1152,True,False,,mar21
7,2,70,study,0,male,Black,female,Black,neutral,,,,,m,1267,True,False,,mar21
7,2,71,study,0,female,White,male,White,angry,,,,,z,790,True,False,,mar21
7,2,72,study,0,female,Asian,female,Black,happy,,,,,z,684,True,False,,mar21
7,2,73,study,0,male,Latino,female,Black,happy,,,,,m,980,True,False,,mar21
7,2,74,study,0,male,Asian,male,Black,angry,,,,,m,906,True,False,,mar21
7,2,75,study,0,female,White,male,Black,happy,,,,,z,907,True,False,,mar21
7,2,76,study,0,female,Asian,male,Black,neutral,,,,,z,1257,True,False,,mar21
7,2,77,study,0,female,Latino,female,White,angry,,,,,z,1097,True,False,,mar21
7,2,78,study,0,male,Black,male,White,happy,,,,,m,716,True,False,,mar21
7,2,79,study,0,female,Black,female,White,neutral,,,,,z,2288,True,False,,mar21
7,2,80,study,0,female,Latino,male,Black,angry,,,,,z,973,True,False,,mar21
7,2,81,study,0,male,Black,male,White,angry,,,,,m,790,True,False,,mar21
7,2,82,study,0,male,Latino,female,Black,happy,,,,,m,2123,True,False,,mar21
7,2,83,study,0,male,Asian,male,Black,neutral,,,,,m,1244,True,False,,mar21
7,2,84,study,0,male,Latino,female,Black,neutral,,,,,m,1513,True,False,,mar21
7,2,85,study,0,male,Asian,female,Black,happy,,,,,m,2721,True,False,,mar21
7,2,86,study,0,female,Latino,female,Black,happy,,,,,z,1316,True,False,,mar21
7,2,87,study,0,female,Black,male,White,neutral,,,,,z,778,True,False,,mar21
7,2,88,study,0,female,White,male,Black,neutral,,,,,z,2451,True,False,,mar21
7,2,89,study,0,male,White,male,White,happy,,,,,m,1390,True,False,,mar21
7,2,90,study,0,female,Black,female,White,angry,,,,,m,2820,False,False,,mar21
7,2,91,study,1,female,Latino,male,Black,happy,,,,,z,1620,True,False,,mar21
7,2,92,study,1,female,Black,female,Black,happy,,,,,z,619,True,False,,mar21
7,2,93,study,1,male,Black,female,Black,angry,,,,,m,1796,True,False,,mar21
7,2,94,study,1,female,Latino,female,Black,angry,,,,,z,870,True,False,,mar21
7,2,95,study,1,female,Latino,female,Black,angry,,,,,z,925,True,False,,mar21
7,2,96,study,1,male,White,female,White,angry,,,,,m,957,True,False,,mar21
7,2,97,study,1,female,Asian,male,White,angry,,,,,z,696,True,False,,mar21
7,2,98,study,1,male,Black,male,White,happy,,,,,m,907,True,False,,mar21
7,2,99,study,1,female,Asian,female,White,neutral,,,,,z,991,True,False,,mar21
7,2,100,study,1,female,Black,male,Black,angry,,,,,z,828,True,False,,mar21
7,2,101,study,1,male,White,male,Black,neutral,,,,,m,1302,True,False,,mar21
7,2,102,study,1,male,Asian,female,Black,happy,,,,,m,2052,True,False,,mar21
7,2,103,study,1,female,White,male,White,angry,,,,,,,False,True,,mar21
7,2,104,study,1,male,Latino,female,White,happy,,,,,m,775,True,False,,mar21
7,2,105,study,1,male,White,female,White,neutral,,,,,m,1540,True,False,,mar21
7,2,106,study,1,male,Asian,female,Black,angry,,,,,m,1302,True,False,,mar21
7,2,107,study,1,male,Latino,male,Black,neutral,,,,,,,False,True,,mar21
7,2,108,study,1,female,Asian,male,Black,neutral,,,,,m,1357,False,False,,mar21
7,2,109,study,1,female,White,male,Black,happy,,,,,z,640,True,False,,mar21
7,2,110,study,1,male,Black,male,White,neutral,,,,,m,2068,True,False,,mar21
7,2,111,study,1,male,Latino,male,Black,angry,,,,,m,1177,True,False,,mar21
7,2,112,study,1,male,Latino,male,White,neutral,,,,,m,1026,True,False,,mar21
7,2,113,study,1,female,Black,female,White,neutral,,,,,,,False,True,,mar21
7,2,114,study,1,male,Black,female,Black,angry,,,,,m,1659,True,False,,mar21
7,2,115,study,1,female,White,male,Black,neutral,,,,,z,2172,True,False,,mar21
7,2,116,study,1,male,Latino,female,Black,neutral,,,,,m,1175,True,False,,mar21
7,2,117,study,1,female,Black,male,Black,happy,,,,,z,1442,True,False,,mar21
7,2,118,study,1,female,Black,female,White,neutral,,,,,z,1327,True,False,,mar21
7,2,119,study,1,male,Asian,male,White,angry,,,,,m,1288,True,False,,mar21
7,2,120,study,1,female,White,female,White,neutral,,,,,z,1173,True,False,,mar21
7,2,121,test,0,female,White,female,White,neutral,,,,rearranged,m,1422,False,False,,mar21
7,2,122,test,0,male,Asian,female,Black,happy,,,,intact,m,784,True,False,,mar21
7,2,123,test,0,female,Black,female,White,neutral,,,,intact,m,788,True,False,,mar21
7,2,124,test,0,female,Asian,female,Black,happy,,,,intact,z,1397,False,False,,mar21
7,2,125,test,0,male,White,male,White,angry,,,,rearranged,z,1655,True,False,,mar21
7,2,126,test,0,male,Asian,male,Black,angry,,,,intact,z,1235,False,False,,mar21
7,2,127,test,0,male,Latino,male,Black,neutral,,,,intact,z,2951,False,False,,mar21
7,2,128,test,0,female,Black,male,White,angry,,,,rearranged,m,1202,False,False,,mar21
7,2,129,test,0,female,Latino,female,White,angry,,,,intact,m,1952,True,False,,mar21
7,2,130,test,0,female,White,male,Black,happy,,,,intact,z,1042,False,False,,mar21
7,2,131,test,0,male,Black,female,White,neutral,,,,rearranged,z,391,True,False,,mar21
7,2,132,test,0,male,Black,male,White,happy,,,,intact,m,1213,True,False,,mar21
7,2,133,test,0,male,White,female,White,angry,,,,intact,z,324,False,False,,mar21
7,2,134,test,0,female,Latino,male,Black,angry,,,,rearranged,z,1751,True,False,,mar21
7,2,135,test,0,male,Latino,male,Black,angry,,,,intact,z,1195,False,False,,mar21
7,2,136,test,0,female,White,male,White,angry,,,,intact,z,1345,False,False,,mar21
7,2,137,test,0,female,Black,female,Black,happy,,,,rearranged,z,1099,True,False,,mar21
7,2,138,test,0,female,Black,female,White,happy,,,,intact,z,1230,False,False,,mar21
7,2,139,test,0,male,Black,male,White,happy,,,,intact,m,843,True,False,,mar21
7,2,140,test,0,male,Latino,female,Black,happy,,,,rearranged,z,1494,True,False,,mar21
7,2,141,test,0,female,Asian,male,Black,neutral,,,,rearranged,z,879,True,False,,mar21
7,2,142,test,0,female,Black,female,White,neutral,,,,rearranged,z,994,True,False,,mar21
7,2,143,test,0,female,White,male,Black,happy,,,,intact,z,1551,False,False,,mar21
7,2,144,test,0,male,White,male,Black,neutral,,,,rearranged,m,1587,False,False,,mar21
7,2,145,test,0,male,Black,female,White,angry,,,,rearranged,m,1183,False,False,,mar21
7,2,146,test,0,male,Black,male,Black,angry,,,,rearranged,z,1171,True,False,,mar21
7,2,147,test,0,female,Black,male,White,neutral,,,,intact,z,1543,False,False,,mar21
7,2,148,test,0,male,White,male,White,happy,,,,rearranged,z,1291,True,False,,mar21
7,2,149,test,0,female,Black,female,Black,angry,,,,rearranged,m,1397,False,False,,mar21
7,2,150,test,0,male,Asian,male,White,angry,,,,rearranged,z,1270,True,False,,mar21
7,2,151,test,1,female,Asian,male,Black,angry,,,,rearranged,m,1085,False,False,,mar21
7,2,152,test,1,male,Latino,female,Black,neutral,,,,intact,,,False,True,,mar21
7,2,153,test,1,female,Latino,female,White,angry,,,,rearranged,z,1495,True,False,,mar21
7,2,154,test,1,male,Black,male,Black,neutral,,,,rearranged,z,1570,True,False,,mar21
7,2,155,test,1,male,Latino,female,Black,angry,,,,rearranged,z,959,True,False,,mar21
7,2,156,test,1,female,White,male,White,angry,,,,intact,m,1627,True,False,,mar21
7,2,157,test,1,female,Black,male,Black,happy,,,,rearranged,z,1540,True,False,,mar21
7,2,158,test,1,male,Asian,male,White,happy,,,,rearranged,z,2263,True,False,,mar21
7,2,159,test,1,female,Latino,male,Black,happy,,,,intact,z,1491,False,False,,mar21
7,2,160,test,1,female,White,male,Black,neutral,,,,rearranged,,,False,True,,mar21
7,2,161,test,1,female,Asian,male,Black,neutral,,,,intact,z,2072,False,False,,mar21
7,2,162,test,1,male,Asian,female,White,happy,,,,rearranged,m,837,False,False,,mar21
7,2,163,test,1,male,Asian,female,Black,angry,,,,intact,z,1172,False,False,,mar21
7,2,164,test,1,male,Black,female,Black,neutral,,,,intact,m,1645,True,False,,mar21
7,2,165,test,1,male,Latino,female,Black,happy,,,,intact,z,1958,False,False,,mar21
7,2,166,test,1,male,Latino,female,Black,happy,,,,rearranged,m,1629,False,False,,mar21
7,2,167,test,1,male,Asian,male,White,neutral,,,,rearranged,z,2558,True,False,,mar21
7,2,168,test,1,female,Asian,female,White,neutral,,,,intact,m,1606,True,False,,mar21
7,2,169,test,1,female,Latino,female,Black,happy,,,,rearranged,z,1332,True,False,,mar21
7,2,170,test,1,female,Latino,female,Black,happy,,,,rearranged,z,1744,True,False,,mar21
7,2,171,test,1,male,Latino,male,White,neutral,,,,intact,z,2115,False,False,,mar21
7,2,172,test,1,female,Black,male,Black,happy,,,,rearranged,z,2112,True,False,,mar21
7,2,173,test,1,female,Latino,female,Black,angry,,,,intact,m,2842,True,False,,mar21
7,2,174,test,1,female,White,male,Black,neutral,,,,rearranged,z,782,True,False,,mar21
7,2,175,test,1,female,Black,female,White,neutral,,,,intact,z,1879,False,False,,mar21
7,2,176,test,1,male,White,female,Black,neutral,,,,rearranged,z,442,True,False,,mar21
7,2,177,test,1,female,Latino,female,Black,angry,,,,intact,z,1142,False,False,,mar21
7,2,178,test,1,male,Black,male,White,happy,,,,intact,z,376,False,False,,mar21
7,2,179,test,1,male,Latino,female,Black,neutral,,,,intact,m,1187,True,False,,mar21
7,2,180,test,1,male,Black,female,Black,angry,,,,intact,m,1215,True,False,,mar21
8,2,1,study,0,male,Latino,female,Black,happy,,,,,,,False,True,,mar21
8,2,2,study,0,female,Black,male,Black,happy,,,,,z,1505,True,False,,mar21
8,2,3,study,0,male,White,female,Black,neutral,,,,,z,1866,False,False,,mar21
8,2,4,study,0,female,White,female,Black,neutral,,,,,z,1178,True,False,,mar21
8,2,5,study,0,male,Asian,male,White,happy,,,,,m,1320,True,False,,mar21
8,2,6,study,0,female,Latino,male,Black,neutral,,,,,m,932,False,False,,mar21
8,2,7,study,0,female,White,male,Black,angry,,,,,m,1299,False,False,,mar21
8,2,8,study,0,female,Black,female,White,angry,,,,,z,2178,True,False,,mar21
8,2,9,study,0,female,Latino,female,Black,happy,,,,,z,1109,True,False,,mar21
8,2,10,study,0,male,Black,female,Black,happy,,,,,z,1024,False,False,,mar21
8,2,11,study,0,male,Black,male,White,happy,,,,,m,2248,True,False,,mar21
8,2,12,study,0,male,Black,male,Black,happy,,,,,m,1236,True,False,,mar21
8,2,13,study,0,female,White,female,Black,happy,,,,,z,1396,True,False,,mar21
8,2,14,study,0,female,Latino,male,Black,neutral,,,,,z,1681,True,False,,mar21
8,2,15,study,0,male,White,male,Black,happy,,,,,m,1264,True,False,,mar21
8,2,16,study,0,female,Black,female,Black,angry,,,,,z,1243,True,False,,mar21
8,2,17,study,0,male,Latino,male,Black,happy,,,,,m,1542,True,False,,mar21
8,2,18,study,0,male,White,female,White,angry,,,,,z,1415,False,False,,mar21
8,2,19,study,0,male,White,male,Black,angry,,,,,m,1374,True,False,,mar21
8,2,20,study,0,female,Asian,male,White,angry,,,,,z,1524,True,False,,mar21
8,2,21,study,0,female,White,male,White,happy,,,,,m,1664,False,False,,mar21
8,2,22,study,0,female,Asian,male,White,neutral,,,,,m,1824,False,False,,mar21
8,2,23,study,0,male,Latino,male,Black,angry,,,,,m,889,True,False,,mar21
8,2,24,study,0,male,Asian,female,White,angry,,,,,z,1291,False,False,,mar21
8,2,25,study,0,female,Black,male,Black,happy,,,,,m,974,False,False,,mar21
8,2,26,study,0,female,Latino,male,Black,angry,,,,,m,1438,False,False,,mar21
8,2,27,study,0,male,Asian,female,Black,neutral,,,,,z,1371,False,False,,mar21
8,2,28,study,0,male,Black,female,Black,angry,,,,,z,1431,False,False,,mar21
8,2,29,study,0,female,White,female,Black,angry,,,,,z,1536,True,False,,mar21
8,2,30,study,0,male,Black,female,White,angry,,,,,m,1820,True,False,,mar21
8,2,31,study,1,female,White,male,White,angry,,,,,m,1065,False,False,,mar21
8,2,32,study,1,male,Black,male,White,neutral,,,,,z,1743,False,False,,mar21
8,2,33,study,1,female,Black,male,White,happy,,,,,z,1527,True,False,,mar21
8,2,34,study,1,male,Asian,female,White,neutral,,,,,z,1353,False,False,,mar21
8,2,35,study,1,male,Asian,male,White,neutral,,,,,m,1426,True,False,,mar21
8,2,36,study,1,male,White,female,Black,happy,,,,,z,1426,False,False,,mar21
8,2,37,study,1,female,Black,female,White,neutral,,,,,z,975,True,False,,mar21
8,2,38,study,1,male,White,male,White,neutral,,,,,m,1370,True,False,,mar21
8,2,39,study,1,female,Black,male,Black,neutral,,,,,z,791,True,False,,mar21
8,2,40,study,1,male,Asian,female,Black,happy,,,,,m,1674,True,False,,mar21
8,2,41,study,1,female,Black,female,Black,happy,,,,,z,847,True,False,,mar21
8,2,42,study,1,male,Black,male,Black,neutral,,,,,m,788,True,False,,mar21
8,2,43,study,1,male,Latino,male,White,angry,,,,,m,831,True,False,,mar21
8,2,44,study,1,male,White,female,Black,angry,,,,,z,1416,False,False,,mar21
8,2,45,study,1,male,White,male,Black,neutral,,,,,m,610,True,False,,mar21
8,2,46,study,1,male,White,female,Black,neutral,,,,,m,759,True,False,,mar21
8,2,47,study,1,female,Black,female,White,neutral,,,,,z,957,True,False,,mar21
8,2,48,study,1,female,Black,male,Black,neutral,,,,,m,1724,False,False,,mar21
8,2,49,study,1,female,Black,female,White,angry,,,,,z,1501,True,False,,mar21
8,2,50,study,1,male,Asian,female,White,neutral,,,,,z,1040,False,False,,mar21
8,2,51,study,1,male,Asian,male,White,angry,,,,,m,1825,True,False,,mar21
8,2,52,study,1,female,Black,male,Black,happy,,,,,z,590,True,False,,mar21
8,2,53,study,1,female,Latino,female,Black,happy,,,,,z,730,True,False,,mar21
8,2,54,study,1,female,White,female,White,angry,,,,,z,722,True,False,,mar21
8,2,55,study,1,female,Asian,female,White,neutral,,,,,z,619,True,False,,mar21
8,2,56,study,1,female,Asian,male,White,angry,,,,,z,1142,True,False,,mar21
8,2,57,study,1,female,Asian,female,Black,neutral,,,,,z,1014,True,False,,mar21
8,2,58,study,1,male,White,female,White,happy,,,,,z,1166,False,False,,mar21
8,2,59,study,1,male,Latino,male,Black,angry,,,,,m,633,True,False,,mar21
8,2,60,study,1,female,Latino,female,Black,happy,,,,,z,842,True,False,,mar21
8,2,61,study,0,male,White,female,White,angry,,,,,z,1501,False,False,,mar21
8,2,62,study,0,female,Black,female,White,neutral,,,,,z,916,True,False,,mar21
8,2,63,study,0,female,Black,female,White,angry,,,,,z,712,True,False,,mar21
8,2,64,study,0,male,White,male,Black,angry,,,,,m,915,True,False,,mar21
8,2,65,study,0,female,Black,male,Black,happy,,,,,m,978,False,False,,mar21
8,2,66,study,0,female,White,male,White,happy,,,,,z,670,True,False,,mar21
8,2,67,study,0,male,Black,male,Black,happy,,,,,m,689,True,False,,mar21
8,2,68,study,0,male,Black,female,White,angry,,,,,m,853,True,False,,mar21
8,2,69,study,0,female,Asian,male,White,angry,,,,,z,1031,True,False,,mar21
8,2,70,study,0,female,Black,female,White,neutral,,,,,z,885,True,False,,mar21
8,2,71,study,0,male,White,female,Black,angry,,,,,m,721,True,False,,mar21
8,2,72,study,0,male,White,male,Black,happy,,,,,m,1007,True,False,,mar21
8,2,73,study,0,female,White,female,White,angry,,,,,z,658,True,False,,mar21
8,2,74,study,0,male,White,female,Black,neutral,,,,,m,724,True,False,,mar21
8,2,75,study,0,female,Black,male,Black,happy,,,,,m,930,False,False,,mar21
8,2,76,study,0,male,Asian,female,White,angry,,,,,m,836,True,False,,mar21
8,2,77,study,0,female,Asian,female,Black,neutral,,,,,z,879,True,False,,mar21
8,2,78,study,0,male,White,male,Black,neutral,,,,,m,707,True,False,,mar21
8,2,79,study,0,female,Asian,female,White,neutral,,,,,z,735,True,False,,mar21
8,2,80,study,0,female,Latino,male,Black,neutral,,,,,z,585,True,False,,mar21
8,2,81,study,0,male,Black,male,White,neutral,,,,,z,806,False,False,,mar21
8,2,82,study,0,male,Asian,male,White,happy,,,,,m,1110,True,False,,mar21
8,2,83,study,0,male,Black,female,Black,angry,,,,,m,1098,True,False,,mar21
8,2,84,study,0,male,Latino,female,Black,happy,,,,,,,False,True,,mar21
8,2,85,study,0,male,White,female,Black,neutral,,,,,m,609,True,False,,mar21
8,2,86,study,0,female,Latino,female,Black,happy,,,,,z,986,True,False,,mar21
8,2,87,study,0,male,Asian,female,White,neutral,,,,,m,830,True,False,,mar21
8,2,88,study,0,female,Black,female,Black,angry,,,,,z,903,True,False,,mar21
8,2,89,study,0,female,Black,male,Black,neutral,,,,,z,1526,True,False,,mar21
8,2,90,study,0,male,White,female,Black,happy,,,,,m,726,True,False,,mar21
8,2,91,study,1,male,Latino,male,Black,angry,,,,,,,False,True,,mar21
8,2,92,study,1,female,White,male,Black,angry,,,,,,,False,True,,mar21
8,2,93,study,1,male,Asian,female,White,neutral,,,,,m,1513,True,False,,mar21
8,2,94,study,1,female,Asian,male,White,neutral,,,,,z,559,True,False,,mar21
8,2,95,study,1,female,Latino,female,Black,happy,,,,,z,593,True,False,,mar21
8,2,96,study,1,female,Black,male,Black,happy,,,,,z,734,True,False,,mar21
8,2,97,study,1,male,Black,female,Black,happy,,,,,m,773,True,False,,mar21
8,2,98,study,1,male,White,female,White,happy,,,,,m,827,True,False,,mar21
8,2,99,study,1,female,Black,male,White,happy,,,,,z,1229,True,False,,mar21
8,2,100,study,1,female,White,female,Black,angry,,,,,z,1087,True,False,,mar21
8,2,101,study,1,female,Black,male,Black,neutral,,,,,z,650,True,False,,mar21
8,2,102,study,1,male,Latino,male,Black,angry,,,,,m,679,True,False,,mar21
8,2,103,study,1,male,Asian,female,Black,neutral,,,,,m,724,True,False,,mar21
8,2,104,study,1,male,Latino,male,Black,happy,,,,,m,1210,True,False,,mar21
8,2,105,study,1,male,White,male,White,neutral,,,,,m,764,True,False,,mar21
8,2,106,study,1,female,White,female,Black,neutral,,,,,z,637,True,False,,mar21
8,2,107,study,1,male,Asian,female,Black,happy,,,,,m,762,True,False,,mar21
8,2,108,study,1,female,White,male,White,angry,,,,,z,766,True,False,,mar21
8,2,109,study,1,female,White,female,Black,happy,,,,,z,919,True,False,,mar21
8,2,110,study,1,female,Latino,male,Black,angry,,,,,z,918,True,False,,mar21
8,2,111,study,1,male,Asian,male,White,neutral,,,,,m,917,True,False,,mar21
8,2,112,study,1,female,Latino,female,Black,happy,,,,,z,678,True,False,,mar21
8,2,113,study,1,male,Black,male,Black,neutral,,,,,m,694,True,False,,mar21
8,2,114,study,1,female,Black,female,White,angry,,,,,z,796,True,False,,mar21
8,2,115,study,1,female,Black,female,Black,happy,,,,,z,1036,True,False,,mar21
8,2,116,study,1,female,Latino,male,Black,neutral,,,,,z,920,True,False,,mar21
8,2,117,study,1,female,Asian,male,White,angry,,,,,z,1151,True,False,,mar21
8,2,118,study,1,male,Black,male,White,happy,,,,,m,1232,True,False,,mar21
8,2,119,study,1,male,Asian,male,White,angry,,,,,m,951,True,False,,mar21
8,2,120,study,1,male,Latino,male,White,angry,,,,,m,1234,True,False,,mar21
8,2,121,test,0,female,White,female,Black,happy,,,,intact,z,1253,True,False,,mar21
8,2,122,test,0,male,Black,male,Black,neutral,,,,intact,z,753,True,False,,mar21
8,2,123,test,0,male,Black,male,Black,happy,,,,intact,z,1197,True,False,,mar21
8,2,124,test,0,male,Asian,male,White,happy,,,,intact,m,1004,False,False,,mar21
8,2,125,test,0,male,Latino,male,White,angry,,,,rearranged,z,949,False,False,,mar21
8,2,126,test,0,female,Black,male,Black,happy,,,,rearranged,m,1919,True,False,,mar21
8,2,127,test,0,male,White,female,Black,neutral,,,,intact,m,2497,False,False,,mar21
8,2,128,test,0,female,White,female,Black,angry,,,,rearranged,z,1178,False,False,,mar21
8,2,129,test,0,male,Latino,male,Black,happy,,,,rearranged,m,765,True,False,,mar21
8,2,130,test,0,female,White,female,Black,angry,,,,intact,z,827,True,False,,mar21
8,2,131,test,0,male,White,female,Black,happy,,,,rearranged,m,1560,True,False,,mar21
8,2,132,test,0,female,Black,male,Black,neutral,,,,intact,m,1085,False,False,,mar21
8,2,133,test,0,female,Black,male,Black,happy,,,,rearranged,m,1826,True,False,,mar21
8,2,134,test,0,male,Asian,female,Black,neutral,,,,intact,m,1723,False,False,,mar21
8,2,135,test,0,female,Asian,female,White,neutral,,,,rearranged,z,1314,False,False,,mar21
8,2,136,test,0,female,Latino,male,Black,neutral,,,,rearranged,m,1414,True,False,,mar21
8,2,137,test,0,female,Black,female,White,angry,,,,rearranged,m,1678,True,False,,mar21
8,2,138,test,0,female,Black,female,White,angry,,,,intact,z,1329,True,False,,mar21
8,2,139,test,0,male,Latino,male,Black,angry,,,,intact,z,1336,True,False,,mar21
8,2,140,test,0,female,Black,female,Black,happy,,,,rearranged,z,1058,False,False,,mar21
8,2,141,test,0,male,Latino,female,Black,happy,,,,intact,m,1427,False,False,,mar21
8,2,142,test,0,male,White,female,Black,happy,,,,intact,z,1318,True,False,,mar21
8,2,143,test,0,male,Black,female,White,angry,,,,rearranged,m,1354,True,False,,mar21
8,2,144,test,0,female,Latino,male,Black,neutral,,,,rearranged,z,1465,False,False,,mar21
8,2,145,test,0,male,White,male,White,neutral,,,,rearranged,z,1308,False,False,,mar21
8,2,146,test,0,female,White,male,White,angry,,,,rearranged,m,1156,True,False,,mar21
8,2,147,test,0,female,Latino,male,Black,angry,,,,intact,z,1401,True,False,,mar21
8,2,148,test,0,male,Asian,male,Black,angry,,,,rearranged,m,1002,True,False,,mar21
8,2,149,test,0,female,White,female,Black,neutral,,,,intact,z,984,True,False,,mar21
8,2,150,test,0,male,Asian,male,Black,neutral,,,,rearranged,z,932,False,False,,mar21
8,2,151,test,1,female,Asian,male,White,neutral,,,,intact,m,1780,False,False,,mar21
8,2,152,test,1,female,Black,female,White,angry,,,,intact,z,2720,True,False,,mar21
8,2,153,test,1,male,Black,male,White,neutral,,,,intact,m,1760,False,False,,mar21
8,2,154,test,1,male,Black,female,White,happy,,,,rearranged,m,1277,True,False,,mar21
8,2,155,test,1,female,Asian,female,Black,neutral,,,,intact,z,878,True,False,,mar21
8,2,156,test,1,male,Asian,female,White,neutral,,,,rearranged,m,1357,True,False,,mar21
8,2,157,test,1,male,Asian,female,White,angry,,,,intact,m,2151,False,False,,mar21
8,2,158,test,1,male,Latino,male,White,angry,,,,rearranged,z,1777,False,False,,mar21
8,2,159,test,1,female,Latino,female,Black,happy,,,,intact,z,1957,True,False,,mar21
8,2,160,test,1,male,Black,male,White,happy,,,,intact,z,1352,True,False,,mar21
8,2,161,test,1,male,White,male,Black,happy,,,,rearranged,z,1450,False,False,,mar21
8,2,162,test,1,female,Black,male,White,happy,,,,intact,m,1541,False,False,,mar21
8,2,163,test,1,male,Black,female,White,angry,,,,intact,m,1396,False,False,,mar21
8,2,164,test,1,male,White,female,Black,angry,,,,intact,m,2046,False,False,,mar21
8,2,165,test,1,female,White,male,White,happy,,,,intact,m,1324,False,False,,mar21
8,2,166,test,1,female,Latino,female,Black,happy,,,,rearranged,z,1405,False,False,,mar21
8,2,167,test,1,male,White,female,Black,angry,,,,rearranged,m,2256,True,False,,mar21
8,2,168,test,1,male,Asian,female,White,neutral,,,,rearranged,m,1068,True,False,,mar21
8,2,169,test,1,female,White,male,White,angry,,,,intact,,,False,True,,mar21
8,2,170,test,1,female,Black,female,White,neutral,,,,intact,z,1337,True,False,,mar21
8,2,171,test,1,female,Black,male,Black,happy,,,,intact,m,979,False,False,,mar21
8,2,172,test,1,female,Latino,female,Black,happy,,,,rearranged,z,1416,False,False,,mar21
8,2,173,test,1,female,Black,female,White,neutral,,,,rearranged,z,1317,False,False,,mar21
8,2,174,test,1,male,White,male,Black,angry,,,,intact,m,1239,False,False,,mar21
8,2,175,test,1,female,Asian,male,Black,angry,,,,rearranged,z,2038,False,False,,mar21
8,2,176,test,1,male,White,male,White,neutral,,,,rearranged,z,758,False,False,,mar21
8,2,177,test,1,female,Asian,male,White,angry,,,,rearranged,m,1106,True,False,,mar21
8,2,178,test,1,male,White,female,Black,neutral,,,,intact,m,1124,False,False,,mar21
8,2,179,test,1,male,Asian,female,Black,happy,,,,rearranged,m,1553,True,False,,mar21
8,2,180,test,1,female,Black,male,Black,neutral,,,,rearranged,m,1542,True,False,,mar21
9,2,1,study,0,female,Latino,male,White,happy,,,,,z,2072,True,False,,mar21
9,2,2,study,0,male,Black,male,White,angry,,,,,m,709,True,False,,mar21
9,2,3,study,0,male,White,female,Black,neutral,,,,,m,1768,True,False,,mar21
9,2,4,study,0,male,Latino,male,Black,angry,,,,,m,749,True,False,,mar21
9,2,5,study,0,male,Asian,female,White,happy,,,,,m,775,True,False,,mar21
9,2,6,study,0,male,White,male,White,happy,,,,,m,749,True,False,,mar21
9,2,7,study,0,female,Latino,male,Black,angry,,,,,z,886,True,False,,mar21
9,2,8,study,0,male,Black,male,White,happy,,,,,m,1979,True,False,,mar21
9,2,9,study,0,female,White,female,White,happy,,,,,z,726,True,False,,mar21
9,2,10,study,0,male,White,female,White,neutral,,,,,m,785,True,False,,mar21
9,2,11,study,0,female,Black,male,Black,neutral,,,,,z,1000,True,False,,mar21
9,2,12,study,0,male,Black,female,Black,neutral,,,,,m,663,True,False,,mar21
9,2,13,study,0,female,Latino,female,White,angry,,,,,z,2183,True,False,,mar21
9,2,14,study,0,female,Asian,male,Black,neutral,,,,,z,967,True,False,,mar21
9,2,15,study,0,male,Black,male,Black,angry,,,,,m,625,True,False,,mar21
9,2,16,study,0,female,Latino,male,Black,happy,,,,,z,716,True,False,,mar21
9,2,17,study,0,female,Black,male,Black,happy,,,,,z,902,True,False,,mar21
9,2,18,study,0,male,Asian,male,White,neutral,,,,,m,769,True,False,,mar21
9,2,19,study,0,female,Asian,male,Black,angry,,,,,z,852,True,False,,mar21
9,2,20,study,0,male,Asian,male,Black,neutral,,,,,m,723,True,False,,mar21
9,2,21,study,0,male,Latino,female,Black,happy,,,,,m,560,True,False,,mar21
9,2,22,study,0,male,Latino,male,White,happy,,,,,m,683,True,False,,mar21
9,2,23,study,0,female,Black,male,White,neutral,,,,,z,898,True,False,,mar21
9,2,24,study,0,female,Asian,male,Black,happy,,,,,z,874,True,False,,mar21
9,2,25,study,0,male,White,male,Black,neutral,,,,,z,806,False,False,,mar21
9,2,26,study,0,female,Black,female,Black,neutral,,,,,z,820,True,False,,mar21
9,2,27,study,0,female,Black,female,Black,angry,,,,,z,1102,True,False,,mar21
9,2,28,study,0,male,Black,male,Black,angry,,,,,m,976,True,False,,mar21
9,2,29,study,0,female,White,female,Black,neutral,,,,,z,651,True,False,,mar21
9,2,30,study,0,female,Asian,female,White,neutral,,,,,z,666,True,False,,mar21
9,2,31,study,1,male,Black,female,Black,happy,,,,,m,1446,True,False,,mar21
9,2,32,study,1,female,Black,male,White,neutral,,,,,z,1261,True,False,,mar21
9,2,33,study,1,female,Asian,male,White,angry,,,,,z,649,True,False,,mar21
9,2,34,study,1,female,White,female,White,happy,,,,,z,663,True,False,,mar21
9,2,35,study,1,male,Black,male,White,angry,,,,,m,509,True,False,,mar21
9,2,36,study,1,female,White,female,Black,neutral,,,,,z,688,True,False,,mar21
9,2,37,study,1,female,Latino,male,White,happy,,,,,z,637,True,False,,mar21
9,2,38,study,1,female,Black,male,Black,angry,,,,,z,757,True,False,,mar21
9,2,39,study,1,male,Asian,male,White,neutral,,,,,m,1354,True,False,,mar21
9,2,40,study,1,female,White,female,Black,happy,,,,,z,721,True,False,,mar21
9,2,41,study,1,female,Asian,female,White,happy,,,,,z,657,True,False,,mar21
9,2,42,study,1,female,White,female,White,angry,,,,,z,790,True,False,,mar21
9,2,43,study,1,male,Black,female,White,neutral,,,,,m,777,True,False,,mar21
9,2,44,study,1,male,Black,male,Black,happy,,,,,m,1289,True,False,,mar21
9,2,45,study,1,female,Black,female,White,neutral,,,,,z,1323,True,False,,mar21
9,2,46,study,1,male,Asian,female,White,neutral,,,,,z,989,False,False,,mar21
9,2,47,study,1,female,Black,female,Black,angry,,,,,z,1204,True,False,,mar21
9,2,48,study,1,male,Latino,female,White,angry,,,,,m,821,True,False,,mar21
9,2,49,study,1,male,Asian,female,Black,angry,,,,,m,827,True,False,,mar21
9,2,50,study,1,male,Black,female,Black,happy,,,,,m,692,True,False,,mar21
9,2,51,study,1,male,Latino,female,White,angry,,,,,m,803,True,False,,mar21
9,2,52,study,1,male,Latino,male,White,neutral,,,,,m,1332,True,False,,mar21
9,2,53,study,1,male,Asian,female,Black,happy,,,,,m,611,True,False,,mar21
9,2,54,study,1,female,Black,female,White,happy,,,,,z,932,True,False,,mar21
9,2,55,study,1,female,Asian,female,Black,angry,,,,,z,964,True,False,,mar21
9,2,56,study,1,female,Black,male,Black,angry,,,,,z,1107,True,False,,mar21
9,2,57,study,1,male,White,female,White,angry,,,,,m,708,True,False,,mar21
9,2,58,study,1,male,Latino,male,Black,happy,,,,,m,657,True,False,,mar21
9,2,59,study,1,male,White,female,Black,angry,,,,,m,557,True,False,,mar21
9,2,60,study,1,female,Black,male,White,neutral,,,,,z,759,True,False,,mar21
9,2,61,study,0,female,Black,male,Black,angry,,,,,z,1266,True,False,,mar21
9,2,62,study,0,male,Asian,female,Black,happy,,,,,m,609,True,False,,mar21
9,2,63,study,0,male,Asian,female,White,happy,,,,,m,748,True,False,,mar21
9,2,64,study,0,female,Latino,male,Black,happy,,,,,z,722,True,False,,mar21
9,2,65,study,0,female,Latino,male,White,happy,,,,,z,731,True,False,,mar21
9,2,66,study,0,male,Black,male,White,angry,,,,,m,673,True,False,,mar21
9,2,67,study,0,female,Asian,male,Black,neutral,,,,,z,771,True,False,,mar21
9,2,68,study,0,female,White,female,Black,neutral,,,,,z,697,True,False,,mar21
9,2,69,study,0,female,Black,female,White,neutral,,,,,z,1706,True,False,,mar21
9,2,70,study,0,female,Latino,male,Black,angry,,,,,z,750,True,False,,mar21
9,2,71,study,0,male,White,female,White,angry,,,,,m,632,True,False,,mar21
9,2,72,study,0,male,Black,female,Black,neutral,,,,,m,553,True,False,,mar21
9,2,73,study,0,male,White,male,Black,neutral,,,,,m,1031,True,False,,mar21
9,2,74,study,0,female,Black,male,White,neutral,,,,,z,681,True,False,,mar21
9,2,75,study,0,female,Black,female,White,happy,,,,,m,499,False,False,,mar21
9,2,76,study,0,male,Asian,male,Black,neutral,,,,,m,632,True,False,,mar21
9,2,77,study,0,female,Black,male,Black,happy,,,,,z,547,True,False,,mar21
9,2,78,study,0,male,Asian,female,Black,angry,,,,,m,670,True,False,,mar21
9,2,79,study,0,female,Asian,male,Black,happy,,,,,z,821,True,False,,mar21
9,2,80,study,0,female,Asian,male,White,angry,,,,,z,697,True,False,,mar21
9,2,81,study,0,male,Black,male,Black,angry,,,,,m,632,True,False,,mar21
9,2,82,study,0,female,Black,male,White,neutral,,,,,z,605,True,False,,mar21
9,2,83,study,0,male,Latino,female,White,angry,,,,,m,608,True,False,,mar21
9,2,84,study,0,male,Latino,male,Black,happy,,,,,m,555,True,False,,mar21
9,2,85,study,0,female,White,female,Black,neutral,,,,,z,708,True,False,,mar21
9,2,86,study,0,male,Latino,female,White,angry,,,,,m,574,True,False,,mar21
9,2,87,study,0,male,Black,female,Black,happy,,,,,m,709,True,False,,mar21
9,2,88,study,0,female,White,female,White,happy,,,,,z,735,True,False,,mar21
9,2,89,study,0,male,Asian,male,White,neutral,,,,,m,604,True,False,,mar21
9,2,90,study,0,male,Black,male,Black,angry,,,,,m,574,True,False,,mar21
9,2,91,study,1,female,Black,female,Black,angry,,,,,z,858,True,False,,mar21
9,2,92,study,1,male,White,female,Black,angry,,,,,m,639,True,False,,mar21
9,2,93,study,1,female,Asian,female,White,neutral,,,,,z,758,True,False,,mar21
9,2,94,study,1,male,Asian,female,White,neutral,,,,,m,753,True,False,,mar21
9,2,95,study,1,male,White,female,Black,neutral,,,,,m,535,True,False,,mar21
9,2,96,study,1,male,Latino,male,Black,angry,,,,,m,616,True,False,,mar21
9,2,97,study,1,female,Black,male,White,neutral,,,,,z,648,True,False,,mar21
9,2,98,study,1,female,Asian,female,White,happy,,,,,z,751,True,False,,mar21
9,2,99,study,1,female,White,female,White,angry,,,,,z,812,True,False,,mar21
9,2,100,study,1,male,Asian,male,White,neutral,,,,,m,556,True,False,,mar21
9,2,101,study,1,male,Black,male,Black,happy,,,,,m,572,True,False,,mar21
9,2,102,study,1,male,Latino,male,White,neutral,,,,,m,717,True,False,,mar21
9,2,103,study,1,male,Black,female,Black,happy,,,,,m,633,True,False,,mar21
9,2,104,study,1,male,Black,female,White,neutral,,,,,m,1532,True,False,,mar21
9,2,105,study,1,male,White,female,White,neutral,,,,,m,620,True,False,,mar21
9,2,106,study,1,female,White,female,White,happy,,,,,z,631,True,False,,mar21
9,2,107,study,1,female,Black,male,Black,angry,,,,,z,818,True,False,,mar21
9,2,108,study,1,male,Latino,female,Black,happy,,,,,m,633,True,False,,mar21
9,2,109,study,1,female,Black,male,Black,neutral,,,,,z,1124,True,False,,mar21
9,2,110,study,1,male,White,male,White,happy,,,,,m,558,True,False,,mar21
9,2,111,study,1,female,Latino,male,White,happy,,,,,z,681,True,False,,mar21
9,2,112,study,1,male,Black,male,White,angry,,,,,m,542,True,False,,mar21
9,2,113,study,1,female,White,female,Black,happy,,,,,z,780,True,False,,mar21
9,2,114,study,1,female,Black,female,Black,angry,,,,,z,1565,True,False,,mar21
9,2,115,study,1,male,Black,male,White,happy,,,,,m,1493,True,False,,mar21
9,2,116,study,1,female,Black,female,Black,neutral,,,,,z,747,True,False,,mar21
9,2,117,study,1,female,Asian,male,Black,angry,,,,,z,778,True,False,,mar21
9,2,118,study,1,male,Latino,male,White,happy,,,,,m,591,True,False,,mar21
9,2,119,study,1,female,Latino,female,White,angry,,,,,z,761,True,False,,mar21
9,2,120,study,1,female,Asian,female,Black,angry,,,,,z,1050,True,False,,mar21
9,2,121,test,0,male,Black,male,Black,happy,,,,intact,m,2293,False,False,,mar21
9,2,122,test,0,female,Asian,male,White,angry,,,,intact,z,1128,True,False,,mar21
9,2,123,test,0,male,Latino,male,White,happy,,,,intact,z,957,True,False,,mar21
9,2,124,test,0,male,Latino,male,Black,angry,,,,intact,m,1831,False,False,,mar21
9,2,125,test,0,male,Asian,female,White,happy,,,,intact,m,725,False,False,,mar21
9,2,126,test,0,female,Latino,male,Black,angry,,,,intact,z,1648,True,False,,mar21
9,2,127,test,0,female,White,female,Black,happy,,,,intact,m,734,False,False,,mar21
9,2,128,test,0,male,Black,female,Black,happy,,,,rearranged,m,833,True,False,,mar21
9,2,129,test,0,female,Asian,female,Black,neutral,,,,rearranged,m,1100,True,False,,mar21
9,2,130,test,0,female,Latino,male,Black,happy,,,,rearranged,m,2090,True,False,,mar21
9,2,131,test,0,female,Latino,female,White,angry,,,,intact,z,1331,True,False,,mar21
9,2,132,test,0,male,White,female,White,neutral,,,,rearranged,m,1247,True,False,,mar21
9,2,133,test,0,male,Black,male,Black,happy,,,,rearranged,z,795,False,False,,mar21
9,2,134,test,0,female,Black,male,Black,angry,,,,rearranged,z,1272,False,False,,mar21
9,2,135,test,0,male,Latino,male,White,neutral,,,,intact,z,932,True,False,,mar21
9,2,136,test,0,female,Black,female,White,happy,,,,rearranged,m,868,True,False,,mar21
9,2,137,test,0,female,White,female,White,happy,,,,rearranged,z,849,False,False,,mar21
9,2,138,test,0,female,Black,male,Black,angry,,,,rearranged,m,1015,True,False,,mar21
9,2,139,test,0,female,Black,female,Black,angry,,,,rearranged,m,1675,True,False,,mar21
9,2,140,test,0,female,Black,female,Black,neutral,,,,intact,m,1169,False,False,,mar21
9,2,141,test,0,female,Asian,male,Black,happy,,,,rearranged,m,1511,True,False,,mar21
9,2,142,test,0,female,Asian,male,Black,neutral,,,,rearranged,z,1954,False,False,,mar21
9,2,143,test,0,male,White,female,White,angry,,,,rearranged,z,1556,False,False,,mar21
9,2,144,test,0,female,Black,male,White,neutral,,,,intact,z,1583,True,False,,mar21
9,2,145,test,0,male,Asian,female,Black,happy,,,,rearranged,z,1915,False,False,,mar21
9,2,146,test,0,female,Asian,female,White,happy,,,,rearranged,z,1079,False,False,,mar21
9,2,147,test,0,male,Black,female,Black,happy,,,,intact,m,1219,False,False,,mar21
9,2,148,test,0,female,White,female,White,happy,,,,intact,,,False,True,,mar21
9,2,149,test,0,female,Black,male,White,neutral,,,,rearranged,z,555,False,False,,mar21
9,2,150,test,0,male,White,female,White,angry,,,,intact,m,388,False,False,,mar21
9,2,151,test,1,male,Asian,male,Black,neutral,,,,rearranged,m,750,True,False,,mar21
9,2,152,test,1,female,Black,male,Black,happy,,,,intact,z,779,True,False,,mar21
9,2,153,test,1,male,Black,male,White,angry,,,,intact,z,376,True,False,,mar21
9,2,154,test,1,female,Black,male,White,neutral,,,,intact,z,726,True,False,,mar21
9,2,155,test,1,male,Black,female,White,neutral,,,,intact,m,765,False,False,,mar21
9,2,156,test,1,female,White,female,White,angry,,,,intact,z,742,True,False,,mar21
9,2,157,test,1,female,Asian,female,Black,angry,,,,intact,m,797,False,False,,mar21
9,2,158,test,1,male,Asian,female,Black,angry,,,,intact,m,553,False,False,,mar21
9,2,159,test,1,male,White,male,White,happy,,,,intact,m,908,False,False,,mar21
9,2,160,test,1,female,Latino,male,White,happy,,,,intact,m,902,False,False,,mar21
9,2,161,test,1,female,White,female,Black,neutral,,,,intact,z,619,True,False,,mar21
9,2,162,test,1,male,Latino,female,Black,angry,,,,rearranged,m,725,True,False,,mar21
9,2,163,test,1,male,Black,male,White,angry,,,,rearranged,z,830,False,False,,mar21
9,2,164,test,1,female,Black,female,Black,angry,,,,rearranged,z,856,False,False,,mar21
9,2,165,test,1,male,Asian,male,Black,neutral,,,,rearranged,m,753,True,False,,mar21
9,2,166,test,1,male,Asian,female,Black,neutral,,,,rearranged,m,931,True,False,,mar21
9,2,167,test,1,female,White,female,White,neutral,,,,rearranged,z,287,False,False,,mar21
9,2,168,test,1,female,Black,female,White,neutral,,,,intact,z,655,True,False,,mar21
9,2,169,test,1,male,Latino,female,White,angry,,,,intact,m,840,False,False,,mar21
9,2,170,test,1,female,Asian,male,Black,angry,,,,rearranged,z,992,False,False,,mar21
9,2,171,test,1,male,Black,male,Black,angry,,,,rearranged,m,791,True,False,,mar21
9,2,172,test,1,male,White,male,White,neutral,,,,rearranged,z,710,False,False,,mar21
9,2,173,test,1,male,Asian,male,White,neutral,,,,intact,m,986,False,False,,mar21
9,2,174,test,1,male,White,female,White,neutral,,,,intact,m,919,False,False,,mar21
9,2,175,test,1,male,Black,female,Black,neutral,,,,intact,z,507,True,False,,mar21
9,2,176,test,1,female,Latino,male,White,happy,,,,intact,m,721,False,False,,mar21
9,2,177,test,1,male,Latino,male,White,happy,,,,rearranged,z,338,False,False,,mar21
9,2,178,test,1,male,Latino,female,Black,happy,,,,rearranged,z,969,False,False,,mar21
9,2,179,test,1,male,Black,male,Black,angry,,,,rearranged,m,635,True,False,,mar21
9,2,180,test,1,female,Black,male,Black,neutral,,,,rearranged,z,918,False,False,,mar21
10,2,1,study,0,male,Asian,female,Black,neutral,,,,,m,938,True,False,,mar21
10,2,2,study,0,female,Black,male,White,happy,,,,,z,821,True,False,,mar21
10,2,3,study,0,female,White,female,Black,angry,,,,,z,745,True,False,,mar21
10,2,4,study,0,female,White,male,Black,happy,,,,,z,712,True,False,,mar21
10,2,5,study,0,male,White,female,White,happy,,,,,m,1053,True,False,,mar21
10,2,6,study,0,female,White,male,White,angry,,,,,z,639,True,False,,mar21
10,2,7,study,0,female,Black,female,Black,happy,,,,,z,858,True,False,,mar21
10,2,8,study,0,female,Latino,male,Black,neutral,,,,,z,927,True,False,,mar21
10,2,9,study,0,male,Black,male,White,happy,,,,,m,677,True,False,,mar21
10,2,10,study,0,male,Asian,male,White,happy,,,,,m,686,True,False,,mar21
10,2,11,study,0,male,Black,female,Black,angry,,,,,m,694,True,False,,mar21
10,2,12,study,0,male,Asian,female,Black,angry,,,,,m,577,True,False,,mar21
10,2,13,study,0,male,Latino,female,Black,angry,,,,,m,1704,True,False,,mar21
10,2,14,study,0,female,Latino,male,White,angry,,,,,z,1008,True,False,,mar21
10,2,15,study,0,male,Black,female,Black,angry,,,,,z,935,False,False,,mar21
10,2,16,study,0,male,Asian,male,White,angry,,,,,m,830,True,False,,mar21
10,2,17,study,0,male,Latino,male,Black,happy,,,,,m,825,True,False,,mar21
10,2,18,study,0,male,White,female,White,neutral,,,,,m,924,True,False,,mar21
10,2,19,study,0,male,Asian,female,Black,neutral,,,,,m,776,True,False,,mar21
10,2,20,study,0,female,Black,male,Black,angry,,,,,z,918,True,False,,mar21
10,2,21,study,0,male,Latino,female,Black,happy,,,,,m,734,True,False,,mar21
10,2,22,study,0,male,Black,male,Black,angry,,,,,m,777,True,False,,mar21
10,2,23,study,0,female,Black,male,White,happy,,,,,z,1138,True,False,,mar21
10,2,24,study,0,female,Black,female,Black,happy,,,,,z,720,True,False,,mar21
10,2,25,study,0,female,Latino,female,White,happy,,,,,z,696,True,False,,mar21
10,2,26,study,0,male,White,male,White,happy,,,,,m,1037,True,False,,mar21
10,2,27,study,0,female,Black,female,Black,angry,,,,,z,1658,True,False,,mar21
10,2,28,study,0,female,Black,female,Black,angry,,,,,z,1105,True,False,,mar21
10,2,29,study,0,female,Black,male,Black,neutral,,,,,z,921,True,False,,mar21
10,2,30,study,0,female,Latino,male,Black,angry,,,,,z,757,True,False,,mar21
10,2,31,study,1,male,White,male,Black,neutral,,,,,m,1023,True,False,,mar21
10,2,32,study,1,male,Black,female,Black,neutral,,,,,m,543,True,False,,mar21
10,2,33,study,1,female,Asian,female,White,neutral,,,,,z,873,True,False,,mar21
10,2,34,study,1,female,Black,male,White,neutral,,,,,z,953,True,False,,mar21
10,2,35,study,1,female,Black,male,White,angry,,,,,z,1619,True,False,,mar21
10,2,36,study,1,male,Black,female,Black,happy,,,,,m,711,True,False,,mar21
10,2,37,study,1,male,Latino,male,White,neutral,,,,,m,828,True,False,,mar21
10,2,38,study,1,male,Asian,male,Black,neutral,,,,,m,744,True,False,,mar21
10,2,39,study,1,male,Asian,male,White,neutral,,,,,m,694,True,False,,mar21
10,2,40,study,1,female,Latino,female,White,neutral,,,,,z,754,True,False,,mar21
10,2,41,study,1,female,Black,female,Black,happy,,,,,z,1085,True,False,,mar21
10,2,42,study,1,male,White,female,Black,happy,,,,,m,774,True,False,,mar21
10,2,43,study,1,male,Latino,female,Black,angry,,,,,m,852,True,False,,mar21
10,2,44,study,1,female,Black,male,White,neutral,,,,,z,719,True,False,,mar21
10,2,45,study,1,female,White,female,Black,neutral,,,,,z,883,True,False,,mar21
10,2,46,study,1,male,White,female,Black,neutral,,,,,m,644,True,False,,mar21
10,2,47,study,1,female,Latino,female,White,neutral,,,,,z,1453,True,False,,mar21
10,2,48,study,1,female,Asian,male,Black,happy,,,,,z,785,True,False,,mar21
10,2,49,study,1,male,Black,male,Black,angry,,,,,m,692,True,False,,mar21
10,2,50,study,1,male,Asian,female,White,happy,,,,,m,855,True,False,,mar21
10,2,51,study,1,male,Black,male,Black,angry,,,,,m,795,True,False,,mar21
10,2,52,study,1,female,Asian,male,Black,neutral,,,,,z,845,True,False,,mar21
10,2,53,study,1,female,Black,female,White,angry,,,,,z,1851,True,False,,mar21
10,2,54,study,1,male,Black,male,White,angry,,,,,m,911,True,False,,mar21
10,2,55,study,1,female,Latino,female,Black,neutral,,,,,z,717,True,False,,mar21
10,2,56,study,1,female,White,female,Black,happy,,,,,z,936,True,False,,mar21
10,2,57,study,1,female,Latino,male,White,happy,,,,,z,781,True,False,,mar21
10,2,58,study,1,male,Latino,male,Black,neutral,,,,,m,706,True,False,,mar21
10,2,59,study,1,female,Latino,female,White,angry,,,,,z,794,True,False,,mar21
10,2,60,study,1,male,Asian,male,White,happy,,,,,m,656,True,False,,mar21
10,2,61,study,0,female,Black,male,White,happy,,,,,z,1188,True,False,,mar21
10,2,62,study,0,male,Latino,male,Black,happy,,,,,m,737,True,False,,mar21
10,2,63,study,0,female,Latino,female,White,happy,,,,,z,680,True,False,,mar21
10,2,64,study,0,female,Black,female,White,angry,,,,,z,901,True,False,,mar21
10,2,65,study,0,female,Latino,female,Black,neutral,,,,,z,663,True,False,,mar21
10,2,66,study,0,female,Black,female,Black,happy,,,,,z,506,True,False,,mar21
10,2,67,study,0,female,Black,female,Black,angry,,,,,m,1403,False,False,,mar21
10,2,68,study,0,male,Black,female,Black,neutral,,,,,m,721,True,False,,mar21
10,2,69,study,0,female,Black,male,White,angry,,,,,z,649,True,False,,mar21
10,2,70,study,0,male,Asian,male,White,happy,,,,,m,1126,True,False,,mar21
10,2,71,study,0,male,Asian,female,Black,neutral,,,,,m,741,True,False,,mar21
10,2,72,study,0,male,Black,male,White,angry,,,,,m,678,True,False,,mar21
10,2,73,study,0,male,Black,male,Black,angry,,,,,m,739,True,False,,mar21
10,2,74,study,0,female,Latino,male,Black,neutral,,,,,z,712,True,False,,mar21
10,2,75,study,0,male,Black,male,Black,angry,,,,,m,690,True,False,,mar21
10,2,76,study,0,female,Black,female,Black,happy,,,,,z,709,True,False,,mar21
10,2,77,study,0,female,Black,female,Black,happy,,,,,z,1135,True,False,,mar21
10,2,78,study,0,male,Asian,male,White,neutral,,,,,m,636,True,False,,mar21
10,2,79,study,0,female,Black,male,White,neutral,,,,,z,1171,True,False,,mar21
10,2,80,study,0,male,White,female,White,neutral,,,,,m,793,True,False,,mar21
10,2,81,study,0,male,White,female,White,happy,,,,,m,658,True,False,,mar21
10,2,82,study,0,female,Latino,male,White,angry,,,,,z,1414,True,False,,mar21
10,2,83,study,0,female,White,female,Black,happy,,,,,z,1234,True,False,,mar21
10,2,84,study,0,male,Black,male,Black,angry,,,,,m,801,True,False,,mar21
10,2,85,study,0,male,Latino,female,Black,angry,,,,,m,807,True,False,,mar21
10,2,86,study,0,female,Latino,male,Black,angry,,,,,z,922,True,False,,mar21
10,2,87,study,0,male,Asian,male,White,angry,,,,,m,610,True,False,,mar21
10,2,88,study,0,female,Black,female,Black,angry,,,,,z,1011,True,False,,mar21
10,2,89,study,0,female,White,male,White,angry,,,,,z,721,True,False,,mar21
10,2,90,study,0,female,Asian,male,Black,happy,,,,,z,806,True,False,,mar21
10,2,91,study,1,male,Asian,male,Black,neutral,,,,,m,705,True,False,,mar21
10,2,92,study,1,female,Asian,female,White,neutral,,,,,z,889,True,False,,mar21
10,2,93,study,1,male,Latino,male,Black,neutral,,,,,m,697,True,False,,mar21
10,2,94,study,1,male,Asian,male,White,happy,,,,,m,669,True,False,,mar21
10,2,95,study,1,female,Black,male,Black,neutral,,,,,z,1087,True,False,,mar21
10,2,96,study,1,male,Black,female,Black,angry,,,,,m,765,True,False,,mar21
10,2,97,study,1,female,White,female,Black,neutral,,,,,z,1073,True,False,,mar21
10,2,98,study,1,male,Asian,female,White,happy,,,,,m,1004,True,False,,mar21
10,2,99,study,1,male,Black,female,Black,angry,,,,,z,1191,False,False,,mar21
10,2,100,study,1,male,Black,female,Black,happy,,,,,m,665,True,False,,mar21
10,2,101,study,1,male,Latino,male,White,neutral,,,,,m,605,True,False,,mar21
10,2,102,study,1,female,White,female,Black,angry,,,,,z,671,True,False,,mar21
10,2,103,study,1,male,Latino,female,Black,happy,,,,,m,866,True,False,,mar21
10,2,104,study,1,female,Latino,female,White,neutral,,,,,z,600,True,False,,mar21
10,2,105,study,1,female,Black,male,White,happy,,,,,z,670,True,False,,mar21
10,2,106,study,1,male,White,female,Black,happy,,,,,m,829,True,False,,mar21
10,2,107,study,1,male,Latino,female,Black,angry,,,,,m,1755,True,False,,mar21
10,2,108,study,1,male,Asian,female,Black,angry,,,,,m,694,True,False,,mar21
10,2,109,study,1,male,White,male,White,happy,,,,,m,1008,True,False,,mar21
10,2,110,study,1,female,Black,male,White,neutral,,,,,z,872,True,False,,mar21
10,2,111,study,1,female,Asian,male,Black,neutral,,,,,z,911,True,False,,mar21
10,2,112,study,1,male,White,male,Black,neutral,,,,,m,612,True,False,,mar21
10,2,113,study,1,female,Black,male,Black,angry,,,,,z,718,True,False,,mar21
10,2,114,study,1,male,Black,male,White,happy,,,,,m,688,True,False,,mar21
10,2,115,study,1,female,Latino,female,White,neutral,,,,,z,716,True,False,,mar21
10,2,116,study,1,female,White,male,Black,happy,,,,,z,1147,True,False,,mar21
10,2,117,study,1,female,Latino,female,White,angry,,,,,z,1108,True,False,,mar21
10,2,118,study,1,male,Asian,female,Black,neutral,,,,,m,675,True,False,,mar21
10,2,119,study,1,female,Latino,male,White,happy,,,,,z,866,True,False,,mar21
10,2,120,study,1,male,White,female,Black,neutral,,,,,m,691,True,False,,mar21
10,2,121,test,0,female,Black,male,Black,neutral,,,,intact,m,2737,False,False,,mar21
10,2,122,test,0,male,Black,male,Black,angry,,,,intact,m,1926,False,False,,mar21
10,2,123,test,0,male,Asian,male,White,happy,,,,intact,,,False,True,,mar21
10,2,124,test,0,female,Asian,male,White,happy,,,,rearranged,m,1375,True,False,,mar21
10,2,125,test,0,female,Black,female,White,happy,,,,rearranged,m,1872,True,False,,mar21
10,2,126,test,0,female,Black,male,White,happy,,,,intact,z,1225,True,False,,mar21
10,2,127,test,0,male,White,female,White,happy,,,,rearranged,m,1041,True,False,,mar21
10,2,128,test,0,female,Latino,female,White,angry,,,,intact,m,535,False,False,,mar21
10,2,129,test,0,male,Latino,female,Black,angry,,,,rearranged,m,976,True,False,,mar21
10,2,130,test,0,male,Asian,female,Black,happy,,,,rearranged,z,751,False,False,,mar21
10,2,131,test,0,male,Asian,male,White,happy,,,,intact,m,751,False,False,,mar21
10,2,132,test,0,female,Black,male,White,angry,,,,intact,m,901,False,False,,mar21
10,2,133,test,0,male,White,female,Black,neutral,,,,rearranged,z,938,False,False,,mar21
10,2,134,test,0,male,Latino,male,Black,neutral,,,,rearranged,z,976,False,False,,mar21
10,2,135,test,0,female,Black,female,Black,happy,,,,rearranged,z,1007,False,False,,mar21
10,2,136,test,0,female,White,female,White,angry,,,,rearranged,m,929,True,False,,mar21
10,2,137,test,0,male,Asian,female,Black,angry,,,,intact,m,815,False,False,,mar21
10,2,138,test,0,female,White,female,Black,happy,,,,intact,m,1165,False,False,,mar21
10,2,139,test,0,male,Latino,female,Black,happy,,,,intact,z,1095,True,False,,mar21
10,2,140,test,0,male,White,male,White,happy,,,,intact,m,821,False,False,,mar21
10,2,141,test,0,male,Black,male,Black,angry,,,,intact,m,844,False,False,,mar21
10,2,142,test,0,female,White,male,Black,angry,,,,rearranged,z,763,False,False,,mar21
10,2,143,test,0,male,Black,male,White,angry,,,,rearranged,m,860,True,False,,mar21
10,2,144,test,0,female,White,male,Black,happy,,,,intact,z,920,True,False,,mar21
10,2,145,test,0,female,Black,male,Black,neutral,,,,rearranged,m,758,True,False,,mar21
10,2,146,test,0,female,Latino,female,White,neutral,,,,intact,m,692,False,False,,mar21
10,2,147,test,0,female,Black,female,Black,happy,,,,intact,m,808,False,False,,mar21
10,2,148,test,0,male,Black,female,Black,angry,,,,intact,z,732,True,False,,mar21
10,2,149,test,0,female,Black,male,White,happy,,,,intact,m,663,False,False,,mar21
10,2,150,test,0,male,Black,female,Black,happy,,,,intact,m,1120,False,False,,mar21
10,2,151,test,1,female,Black,female,Black,angry,,,,intact,z,1750,True,False,,mar21
10,2,152,test,1,female,Latino,male,White,angry,,,,rearranged,m,905,True,False,,mar21
10,2,153,test,1,female,Latino,female,White,neutral,,,,intact,m,779,False,False,,mar21
10,2,154,test,1,male,Latino,male,White,happy,,,,rearranged,m,687,True,False,,mar21
10,2,155,test,1,female,Latino,male,White,angry,,,,rearranged,m,768,True,False,,mar21
10,2,156,test,1,female,Latino,male,White,neutral,,,,rearranged,m,877,True,False,,mar21
10,2,157,test,1,male,White,female,White,happy,,,,rearranged,m,1255,True,False,,mar21
10,2,158,test,1,female,Latino,female,Black,neutral,,,,intact,m,1073,False,False,,mar21
10,2,159,test,1,male,Latino,female,Black,angry,,,,intact,z,1201,True,False,,mar21
10,2,160,test,1,male,Asian,male,White,neutral,,,,rearranged,z,1299,False,False,,mar21
10,2,161,test,1,male,Asian,male,Black,angry,,,,rearranged,z,1478,False,False,,mar21
10,2,162,test,1,female,Black,male,White,neutral,,,,intact,m,1021,False,False,,mar21
10,2,163,test,1,female,Latino,female,Black,happy,,,,rearranged,z,1339,False,False,,mar21
10,2,164,test,1,female,Latino,male,Black,happy,,,,rearranged,m,1419,True,False,,mar21
10,2,165,test,1,male,Black,female,Black,angry,,,,rearranged,z,1138,False,False,,mar21
10,2,166,test,1,female,White,female,White,neutral,,,,rearranged,m,1053,True,False,,mar21
10,2,167,test,1,female,Asian,male,Black,neutral,,,,rearranged,m,1187,True,False,,mar21
10,2,168,test,1,female,Asian,female,Black,neutral,,,,rearranged,m,1279,True,False,,mar21
10,2,169,test,1,male,Asian,female,Black,neutral,,,,rearranged,m,1125,True,False,,mar21
10,2,170,test,1,male,White,female,White,neutral,,,,intact,m,1418,False,False,,mar21
10,2,171,test,1,female,Black,female,Black,angry,,,,intact,z,1117,True,False,,mar21
10,2,172,test,1,male,Latino,male,Black,neutral,,,,intact,m,1179,False,False,,mar21
10,2,173,test,1,female,Black,male,Black,angry,,,,intact,m,1401,False,False,,mar21
10,2,174,test,1,male,Asian,female,Black,neutral,,,,intact,m,755,False,False,,mar21
10,2,175,test,1,female,Black,female,Black,angry,,,,rearranged,m,897,True,False,,mar21
10,2,176,test,1,male,White,male,Black,neutral,,,,intact,m,883,False,False,,mar21
10,2,177,test,1,male,Black,male,Black,happy,,,,rearranged,z,1049,False,False,,mar21
10,2,178,test,1,male,Asian,male,White,neutral,,,,rearranged,m,853,True,False,,mar21
10,2,179,test,1,male,Black,male,White,angry,,,,rearranged,m,622,True,False,,mar21
10,2,180,test,1,male,Black,female,Black,neutral,,,,intact,m,998,False,False,,mar21
11,2,1,study,0,female,Asian,female,Black,happy,,,,,z,484,True,False,,mar21
11,2,2,study,0,male,Asian,male,White,angry,,,,,m,599,True,False,,mar21
11,2,3,study,0,female,Asian,male,Black,happy,,,,,m,2400,False,False,,mar21
11,2,4,study,0,male,Asian,female,Black,happy,,,,,z,1323,False,False,,mar21
11,2,5,study,0,male,Latino,female,Black,neutral,,,,,z,1720,False,False,,mar21
11,2,6,study,0,male,Asian,female,White,neutral,,,,,m,1252,True,False,,mar21
11,2,7,study,0,male,White,male,Black,happy,,,,,m,712,True,False,,mar21
11,2,8,study,0,female,Black,male,Black,angry,,,,,z,1171,True,False,,mar21
11,2,9,study,0,male,Black,female,White,happy,,,,,m,697,True,False,,mar21
11,2,10,study,0,female,White,female,Black,angry,,,,,z,714,True,False,,mar21
11,2,11,study,0,male,Asian,female,Black,happy,,,,,m,569,True,False,,mar21
11,2,12,study,0,male,Black,female,White,angry,,,,,m,526,True,False,,mar21
11,2,13,study,0,male,White,female,Black,happy,,,,,m,449,True,False,,mar21
11,2,14,study,0,female,Asian,female,Black,angry,,,,,z,749,True,False,,mar21
11,2,15,study,0,female,Asian,male,White,angry,,,,,z,1408,True,False,,mar21
11,2,16,study,0,female,Black,male,Black,neutral,,,,,z,1140,True,False,,mar21
11,2,17,study,0,male,Black,male,Black,angry,,,,,m,621,True,False,,mar21
11,2,18,study,0,male,Black,male,White,happy,,,,,m,623,True,False,,mar21
11,2,19,study,0,female,White,female,White,neutral,,,,,z,724,True,False,,mar21
11,2,20,study,0,male,Asian,female,White,angry,,,,,m,568,True,False,,mar21
11,2,21,study,0,male,Asian,female,White,angry,,,,,m,595,True,False,,mar21
11,2,22,study,0,male,White,male,Black,happy,,,,,m,805,True,False,,mar21
11,2,23,study,0,female,Black,male,White,neutral,,,,,z,684,True,False,,mar21
11,2,24,study,0,female,White,male,White,happy,,,,,z,766,True,False,,mar21
11,2,25,study,0,male,White,female,White,neutral,,,,,m,1252,True,False,,mar21
11,2,26,study,0,female,White,male,White,neutral,,,,,z,789,True,False,,mar21
11,2,27,study,0,female,Latino,female,Black,angry,,,,,z,581,True,False,,mar21
11,2,28,study,0,male,Asian,female,Black,happy,,,,,m,876,True,False,,mar21
11,2,29,study,0,female,Black,male,Black,angry,,,,,z,570,True,False,,mar21
11,2,30,study,0,female,Asian,female,Black,neutral,,,,,z,1005,True,False,,mar21
11,2,31,study,1,female,Asian,female,White,angry,,,,,z,659,True,False,,mar21
11,2,32,study,1,male,White,male,Black,neutral,,,,,m,448,True,False,,mar21
11,2,33,study,1,male,Black,female,White,angry,,,,,m,840,True,False,,mar21
11,2,34,study,1,female,Black,male,White,neutral,,,,,z,911,True,False,,mar21
11,2,35,study,1,female,White,female,Black,happy,,,,,z,627,True,False,,mar21
11,2,36,study,1,female,Latino,male,White,happy,,,,,z,610,True,False,,mar21
11,2,37,study,1,male,White,male,White,angry,,,,,m,549,True,False,,mar21
11,2,38,study,1,male,Latino,male,Black,neutral,,,,,m,724,True,False,,mar21
11,2,39,study,1,female,Asian,female,White,angry,,,,,z,580,True,False,,mar21
11,2,40,study,1,male,Latino,female,White,angry,,,,,m,564,True,False,,mar21
11,2,41,study,1,female,White,female,Black,happy,,,,,z,755,True,False,,mar21
11,2,42,study,1,female,Latino,female,Black,happy,,,,,z,1326,True,False,,mar21
11,2,43,study,1,male,White,female,White,neutral,,,,,m,475,True,False,,mar21
11,2,44,study,1,female,Black,male,Black,angry,,,,,z,1144,True,False,,mar21
11,2,45,study,1,female,White,male,White,neutral,,,,,z,647,True,False,,mar21
11,2,46,study,1,male,Latino,male,Black,happy,,,,,m,566,True,False,,mar21
11,2,47,study,1,female,Latino,male,White,happy,,,,,m,615,False,False,,mar21
11,2,48,study,1,male,Black,male,Black,angry,,,,,m,575,True,False,,mar21
11,2,49,study,1,male,White,male,Black,neutral,,,,,m,624,True,False,,mar21
11,2,50,study,1,female,Latino,female,Black,neutral,,,,,z,507,True,False,,mar21
11,2,51,study,1,female,Latino,female,White,happy,,,,,z,410,True,False,,mar21
11,2,52,study,1,female,Black,male,White,angry,,,,,z,839,True,False,,mar21
11,2,53,study,1,male,Black,male,White,neutral,,,,,m,604,True,False,,mar21
11,2,54,study,1,male,Asian,female,White,neutral,,,,,m,522,True,False,,mar21
11,2,55,study,1,male,Latino,male,Black,happy,,,,,m,848,True,False,,mar21
11,2,56,study,1,male,Black,male,White,angry,,,,,m,704,True,False,,mar21
11,2,57,study,1,female,Black,female,Black,neutral,,,,,z,622,True,False,,mar21
11,2,58,study,1,female,Black,female,White,neutral,,,,,z,784,True,False,,mar21
11,2,59,study,1,male,Black,male,Black,neutral,,,,,m,1033,True,False,,mar21
11,2,60,study,1,female,White,male,Black,happy,,,,,z,708,True,False,,mar21
11,2,61,study,0,female,Black,male,White,neutral,,,,,z,920,True,False,,mar21
11,2,62,study,0,female,Asian,male,White,angry,,,,,z,922,True,False,,mar21
11,2,63,study,0,male,Latino,female,Black,neutral,,,,,m,563,True,False,,mar21
11,2,64,study,0,female,Latino,female,Black,angry,,,,,z,677,True,False,,mar21
11,2,65,study,0,male,Asian,female,Black,happy,,,,,m,728,True,False,,mar21
11,2,66,study,0,male,Asian,female,White,neutral,,,,,m,711,True,False,,mar21
11,2,67,study,0,female,Black,male,Black,neutral,,,,,z,924,True,False,,mar21
11,2,68,study,0,female,Black,male,White,neutral,,,,,z,748,True,False,,mar21
11,2,69,study,0,male,Asian,female,Black,happy,,,,,m,457,True,False,,mar21
11,2,70,study,0,male,White,male,Black,happy,,,,,m,704,True,False,,mar21
11,2,71,study,0,female,White,male,White,neutral,,,,,z,883,True,False,,mar21
11,2,72,study,0,female,Asian,female,Black,neutral,,,,,z,676,True,False,,mar21
11,2,73,study,0,female,Latino,male,White,happy,,,,,z,586,True,False,,mar21
11,2,74,study,0,female,White,male,White,neutral,,,,,z,704,True,False,,mar21
11,2,75,study,0,female,White,male,Black,happy,,,,,z,591,True,False,,mar21
11,2,76,study,0,male,White,male,Black,happy,,,,,m,715,True,False,,mar21
11,2,77,study,0,male,Asian,male,White,angry,,,,,m,786,True,False,,mar21
11,2,78,study,0,male,Asian,female,White,angry,,,,,z,602,False,False,,mar21
11,2,79,study,0,male,Black,male,White,angry,,,,,m,615,True,False,,mar21
11,2,80,study,0,male,Black,male,Black,angry,,,,,m,724,True,False,,mar21
11,2,81,study,0,male,White,male,White,angry,,,,,m,618,True,False,,mar21
11,2,82,study,0,female,Black,male,Black,angry,,,,,z,622,True,False,,mar21
11,2,83,study,0,female,Latino,female,Black,neutral,,,,,z,668,True,False,,mar21
11,2,84,study,0,male,Latino,male,Black,happy,,,,,m,698,True,False,,mar21
11,2,85,study,0,male,Black,female,White,angry,,,,,m,688,True,False,,mar21
11,2,86,study,0,female,Asian,female,Black,happy,,,,,z,919,True,False,,mar21
11,2,87,study,0,female,Asian,female,Black,angry,,,,,z,821,True,False,,mar21
11,2,88,study,0,male,Black,male,Black,neutral,,,,,m,446,True,False,,mar21
11,2,89,study,0,male,Black,female,White,angry,,,,,m,718,True,False,,mar21
11,2,90,study,0,female,Latino,male,White,happy,,,,,z,842,True,False,,mar21
11,2,91,study,1,male,White,female,White,neutral,,,,,m,660,True,False,,mar21
11,2,92,study,1,female,Black,male,Black,angry,,,,,z,512,True,False,,mar21
11,2,93,study,1,male,White,female,Black,happy,,,,,m,847,True,False,,mar21
11,2,94,study,1,female,Black,female,White,neutral,,,,,z,606,True,False,,mar21
11,2,95,study,1,female,White,male,White,happy,,,,,z,774,True,False,,mar21
11,2,96,study,1,female,Latino,female,White,happy,,,,,z,1092,True,False,,mar21
11,2,97,study,1,male,Latino,male,Black,happy,,,,,m,627,True,False,,mar21
11,2,98,study,1,male,Asian,female,White,angry,,,,,m,1503,True,False,,mar21
11,2,99,study,1,female,Black,female,Black,neutral,,,,,z,516,True,False,,mar21
11,2,100,study,1,male,White,male,Black,neutral,,,,,m,548,True,False,,mar21
11,2,101,study,1,female,White,female,White,neutral,,,,,z,802,True,False,,mar21
11,2,102,study,1,female,White,female,Black,happy,,,,,z,567,True,False,,mar21
11,2,103,study,1,female,Black,male,White,angry,,,,,z,876,True,False,,mar21
11,2,104,study,1,male,Black,female,White,happy,,,,,m,831,True,False,,mar21
11,2,105,study,1,female,White,female,Black,angry,,,,,z,789,True,False,,mar21
11,2,106,study,1,female,Asian,female,White,angry,,,,,z,939,True,False,,mar21
11,2,107,study,1,male,Asian,female,Black,happy,,,,,m,773,True,False,,mar21
11,2,108,study,1,male,Latino,male,Black,neutral,,,,,m,483,True,False,,mar21
11,2,109,study,1,male,Black,male,White,neutral,,,,,m,592,True,False,,mar21
11,2,110,study,1,female,Latino,female,Black,happy,,,,,z,660,True,False,,mar21
11,2,111,study,1,male,Asian,female,White,neutral,,,,,m,710,True,False,,mar21
11,2,112,study,1,male,Black,male,White,happy,,,,,m,624,True,False,,mar21
11,2,113,study,1,male,White,male,Black,neutral,,,,,m,475,True,False,,mar21
11,2,114,study,1,male,White,female,White,neutral,,,,,m,591,True,False,,mar21
11,2,115,study,1,female,White,female,Black,happy,,,,,z,540,True,False,,mar21
11,2,116,study,1,male,Latino,female,White,angry,,,,,m,585,True,False,,mar21
11,2,117,study,1,female,Black,male,Black,angry,,,,,z,898,True,False,,mar21
11,2,118,study,1,female,Asian,female,White,angry,,,,,z,919,True,False,,mar21
11,2,119,study,1,male,Black,male,Black,angry,,,,,m,481,True,False,,mar21
11,2,120,study,1,female,Asian,male,Black,happy,,,,,z,559,True,False,,mar21
11,2,121,test,0,male,Black,male,Black,neutral,,,,rearranged,m,1269,False,False,,mar21
11,2,122,test,0,male,Asian,male,White,angry,,,,intact,m,1454,True,False,,mar21
11,2,123,test,0,male,Black,male,Black,happy,,,,rearranged,z,1181,True,False,,mar21
11,2,124,test,0,male,Black,male,Black,neutral,,,,rearranged,z,1505,True,False,,mar21
11,2,125,test,0,female,Black,female,White,neutral,,,,intact,m,1304,True,False,,mar21
11,2,126,test,0,female,Latino,female,Black,happy,,,,rearranged,m,1227,False,False,,mar21
11,2,127,test,0,male,White,male,White,angry,,,,rearranged,m,1237,False,False,,mar21
11,2,128,test,0,female,White,female,Black,angry,,,,intact,m,2727,True,False,,mar21
11,2,129,test,0,female,White,male,White,neutral,,,,intact,z,773,False,False,,mar21
11,2,130,test,0,female,Asian,female,Black,angry,,,,rearranged,z,1209,True,False,,mar21
11,2,131,test,0,male,White,female,White,neutral,,,,rearranged,m,1161,False,False,,mar21
11,2,132,test,0,male,Latino,female,Black,neutral,,,,intact,m,1099,True,False,,mar21
11,2,133,test,0,female,Black,male,Black,angry,,,,rearranged,m,1075,False,False,,mar21
11,2,134,test,0,female,White,male,White,happy,,,,rearranged,m,837,False,False,,mar21
11,2,135,test,0,male,Black,female,Black,happy,,,,rearranged,z,1416,True,False,,mar21
11,2,136,test,0,male,Latino,male,Black,happy,,,,intact,z,1237,False,False,,mar21
11,2,137,test,0,female,Asian,male,White,angry,,,,intact,z,789,False,False,,mar21
11,2,138,test,0,male,White,male,Black,neutral,,,,intact,m,1052,True,False,,mar21
11,2,139,test,0,male,Asian,female,White,neutral,,,,intact,m,1105,True,False,,mar21
11,2,140,test,0,male,White,male,White,neutral,,,,rearranged,z,1208,True,False,,mar21
11,2,141,test,0,female,Asian,female,White,neutral,,,,rearranged,m,942,False,False,,mar21
11,2,142,test,0,female,White,male,White,neutral,,,,rearranged,z,950,True,False,,mar21
11,2,143,test,0,male,White,female,Black,happy,,,,intact,m,1475,True,False,,mar21
11,2,144,test,0,female,Latino,female,Black,angry,,,,intact,z,1059,False,False,,mar21
11,2,145,test,0,male,Black,female,White,angry,,,,rearranged,z,892,True,False,,mar21
11,2,146,test,0,female,Black,male,Black,neutral,,,,intact,m,913,True,False,,mar21
11,2,147,test,0,male,White,female,White,neutral,,,,intact,z,1078,False,False,,mar21
11,2,148,test,0,female,Asian,female,Black,happy,,,,intact,z,1073,False,False,,mar21
11,2,149,test,0,female,Latino,male,White,happy,,,,intact,m,1154,True,False,,mar21
11,2,150,test,0,female,White,female,White,happy,,,,rearranged,m,1281,False,False,,mar21
11,2,151,test,1,male,Asian,female,Black,happy,,,,intact,z,1073,False,False,,mar21
11,2,152,test,1,male,Black,male,Black,angry,,,,intact,z,770,False,False,,mar21
11,2,153,test,1,female,White,female,Black,happy,,,,intact,m,934,True,False,,mar21
11,2,154,test,1,male,Latino,female,White,angry,,,,rearranged,z,1228,True,False,,mar21
11,2,155,test,1,female,Black,male,White,angry,,,,rearranged,m,1002,False,False,,mar21
11,2,156,test,1,female,Latino,female,Black,happy,,,,rearranged,m,1071,False,False,,mar21
11,2,157,test,1,female,Black,female,Black,neutral,,,,intact,z,1262,False,False,,mar21
11,2,158,test,1,male,Asian,female,White,happy,,,,rearranged,m,997,False,False,,mar21
11,2,159,test,1,female,Asian,male,Black,happy,,,,intact,z,1312,False,False,,mar21
11,2,160,test,1,male,White,male,White,happy,,,,rearranged,m,825,False,False,,mar21
11,2,161,test,1,male,Black,male,White,angry,,,,rearranged,z,838,True,False,,mar21
11,2,162,test,1,male,Asian,female,Black,happy,,,,rearranged,m,1222,False,False,,mar21
11,2,163,test,1,female,Asian,female,White,angry,,,,rearranged,m,1062,False,False,,mar21
11,2,164,test,1,female,Black,male,Black,angry,,,,intact,m,1045,True,False,,mar21
11,2,165,test,1,male,Black,female,White,angry,,,,intact,m,1018,True,False,,mar21
11,2,166,test,1,female,White,female,Black,neutral,,,,rearranged,z,977,True,False,,mar21
11,2,167,test,1,female,Latino,male,Black,happy,,,,rearranged,z,1208,True,False,,mar21
11,2,168,test,1,female,Black,male,White,neutral,,,,rearranged,m,1119,False,False,,mar21
11,2,169,test,1,female,Black,male,White,neutral,,,,rearranged,m,1063,False,False,,mar21
11,2,170,test,1,male,Asian,female,White,neutral,,,,rearranged,m,1109,False,False,,mar21
11,2,171,test,1,female,Latino,female,Black,neutral,,,,intact,z,951,False,False,,mar21
11,2,172,test,1,male,Asian,female,White,angry,,,,intact,m,927,True,False,,mar21
11,2,173,test,1,male,Latino,male,Black,neutral,,,,intact,m,1424,True,False,,mar21
11,2,174,test,1,male,Latino,male,Black,happy,,,,intact,m,1033,True,False,,mar21
11,2,175,test,1,female,Asian,female,White,angry,,,,intact,z,1388,False,False,,mar21
11,2,176,test,1,female,Black,male,Black,angry,,,,rearranged,m,953,False,False,,mar21
11,2,177,test,1,female,White,male,White,happy,,,,intact,m,1201,True,False,,mar21
11,2,178,test,1,male,White,male,Black,happy,,,,intact,m,1092,True,False,,mar21
11,2,179,test,1,male,Asian,female,White,angry,,,,intact,z,862,False,False,,mar21
11,2,180,test,1,male,Black,male,Black,angry,,,,rearranged,m,1009,False,False,,mar21
12,2,1,study,0,male,Asian,male,White,happy,,,,,m,739,True,False,,mar21
12,2,2,study,0,female,White,female,Black,neutral,,,,,z,547,True,False,,mar21
12,2,3,study,0,female,Black,male,White,happy,,,,,z,822,True,False,,mar21
12,2,4,study,0,male,Black,male,Black,neutral,,,,,m,731,True,False,,mar21
12,2,5,study,0,male,Black,male,White,happy,,,,,m,695,True,False,,mar21
12,2,6,study,0,female,Black,male,White,happy,,,,,z,740,True,False,,mar21
12,2,7,study,0,male,Asian,male,White,angry,,,,,m,618,True,False,,mar21
12,2,8,study,0,male,Asian,male,White,happy,,,,,m,772,True,False,,mar21
12,2,9,study,0,female,Latino,female,White,neutral,,,,,z,528,True,False,,mar21
12,2,10,study,0,female,Black,male,White,angry,,,,,z,503,True,False,,mar21
12,2,11,study,0,female,Asian,male,White,happy,,,,,m,525,False,False,,mar21
12,2,12,study,0,female,Black,female,Black,neutral,,,,,z,1096,True,False,,mar21
12,2,13,study,0,female,White,female,White,angry,,,,,z,763,True,False,,mar21
12,2,14,study,0,male,Black,female,White,happy,,,,,m,993,True,False,,mar21
12,2,15,study,0,male,Asian,male,Black,neutral,,,,,m,635,True,False,,mar21
12,2,16,study,0,male,White,male,White,neutral,,,,,z,862,False,False,,mar21
12,2,17,study,0,male,Latino,female,White,angry,,,,,m,688,True,False,,mar21
12,2,18,study,0,female,White,female,White,angry,,,,,z,638,True,False,,mar21
12,2,19,study,0,female,Latino,male,Black,neutral,,,,,z,801,True,False,,mar21
12,2,20,study,0,male,White,female,Black,neutral,,,,,m,541,True,False,,mar21
12,2,21,study,0,female,Latino,male,White,happy,,,,,z,513,True,False,,mar21
12,2,22,study,0,female,Asian,female,Black,angry,,,,,z,635,True,False,,mar21
12,2,23,study,0,female,Black,female,Black,neutral,,,,,z,505,True,False,,mar21
12,2,24,study,0,male,Black,male,Black,happy,,,,,m,540,True,False,,mar21
12,2,25,study,0,female,Asian,male,Black,angry,,,,,z,550,True,False,,mar21
12,2,26,study,0,female,Black,female,White,happy,,,,,z,647,True,False,,mar21
12,2,27,study,0,female,Black,female,Black,happy,,,,,z,1035,True,False,,mar21
12,2,28,study,0,female,White,male,Black,neutral,,,,,z,999,True,False,,mar21
12,2,29,study,0,male,White,female,Black,neutral,,,,,m,994,True,False,,mar21
12,2,30,study,0,male,Black,female,Black,neutral,,,,,z,971,False,False,,mar21
12,2,31,study,1,male,White,female,Black,angry,,,,,m,942,True,False,,mar21
12,2,32,study,1,male,White,male,White,neutral,,,,,m,895,True,False,,mar21
12,2,33,study,1,male,White,female,Black,neutral,,,,,m,889,True,False,,mar21
12,2,34,study,1,male,Asian,female,White,happy,,,,,m,810,True,False,,mar21
12,2,35,study,1,female,Black,male,White,neutral,,,,,z,835,True,False,,mar21
12,2,36,study,1,female,Asian,male,Black,happy,,,,,z,930,True,False,,mar21
12,2,37,study,1,female,White,male,Black,angry,,,,,z,968,True,False,,mar21
12,2,38,study,1,male,Latino,male,Black,happy,,,,,m,2855,True,False,,mar21
12,2,39,study,1,male,White,female,Black,angry,,,,,m,1243,True,False,,mar21
12,2,40,study,1,female,Latino,female,Black,happy,,,,,z,1799,True,False,,mar21
12,2,41,study,1,female,White,female,White,angry,,,,,z,1025,True,False,,mar21
12,2,42,study,1,male,Latino,male,Black,neutral,,,,,m,1092,True,False,,mar21
12,2,43,study,1,male,Black,female,Black,neutral,,,,,m,892,True,False,,mar21
12,2,44,study,1,female,Black,female,White,neutral,,,,,z,989,True,False,,mar21
12,2,45,study,1,male,Black,female,Black,happy,,,,,m,1021,True,False,,mar21
12,2,46,study,1,female,Black,male,Black,angry,,,,,z,843,True,False,,mar21
12,2,47,study,1,female,Black,male,White,neutral,,,,,z,1054,True,False,,mar21
12,2,48,study,1,male,White,male,Black,angry,,,,,m,1210,True,False,,mar21
12,2,49,study,1,male,Latino,female,White,angry,,,,,z,1127,False,False,,mar21
12,2,50,study,1,female,Latino,male,Black,neutral,,,,,z,1159,True,False,,mar21
12,2,51,study,1,female,Latino,male,White,angry,,,,,z,979,True,False,,mar21
12,2,52,study,1,male,White,male,White,angry,,,,,m,1058,True,False,,mar21
12,2,53,study,1,male,Black,male,Black,angry,,,,,m,965,True,False,,mar21
12,2,54,study,1,male,White,female,Black,happy,,,,,m,843,True,False,,mar21
12,2,55,study,1,male,Asian,female,Black,angry,,,,,m,960,True,False,,mar21
12,2,56,study,1,female,White,female,Black,happy,,,,,z,1255,True,False,,mar21
12,2,57,study,1,female,Black,female,White,happy,,,,,z,1174,True,False,,mar21
12,2,58,study,1,female,Black,female,White,angry,,,,,z,1247,True,False,,mar21
12,2,59,study,1,male,White,female,White,happy,,,,,m,900,True,False,,mar21
12,2,60,study,1,male,Black,male,Black,angry,,,,,m,1523,True,False,,mar21
12,2,61,study,0,male,Asian,female,Black,angry,,,,,m,893,True,False,,mar21
12,2,62,study,0,female,Black,male,White,happy,,,,,z,721,True,False,,mar21
12,2,63,study,0,female,Black,female,Black,neutral,,,,,z,1422,True,False,,mar21
12,2,64,study,0,female,Black,male,Black,angry,,,,,z,564,True,False,,mar21
12,2,65,study,0,female,Latino,male,Black,neutral,,,,,z,760,True,False,,mar21
12,2,66,study,0,male,Black,male,Black,angry,,,,,m,968,True,False,,mar21
12,2,67,study,0,male,White,male,White,neutral,,,,,,,False,True,,mar21
12,2,68,study,0,female,Latino,male,White,happy,,,,,z,813,True,False,,mar21
12,2,69,study,0,male,Latino,male,Black,happy,,,,,m,611,True,False,,mar21
12,2,70,study,0,female,White,male,Black,neutral,,,,,z,538,True,False,,mar21
12,2,71,study,0,female,White,female,White,angry,,,,,z,878,True,False,,mar21
12,2,72,study,0,female,Asian,male,White,happy,,,,,z,1069,True,False,,mar21
12,2,73,study,0,female,Black,female,White,happy,,,,,z,1062,True,False,,mar21
12,2,74,study,0,female,Latino,female,Black,happy,,,,,z,747,True,False,,mar21
12,2,75,study,0,male,White,male,White,neutral,,,,,m,866,True,False,,mar21
12,2,76,study,0,female,Latino,male,White,angry,,,,,z,657,True,False,,mar21
12,2,77,study,0,male,Black,male,Black,happy,,,,,m,1042,True,False,,mar21
12,2,78,study,0,female,Asian,female,Black,angry,,,,,z,917,True,False,,mar21
12,2,79,study,0,female,Black,male,White,neutral,,,,,z,962,True,False,,mar21
12,2,80,study,0,female,Black,male,White,neutral,,,,,z,1043,True,False,,mar21
12,2,81,study,0,male,Asian,male,White,angry,,,,,m,934,True,False,,mar21
12,2,82,study,0,male,White,female,Black,happy,,,,,m,539,True,False,,mar21
12,2,83,study,0,female,Black,female,Black,neutral,,,,,z,740,True,False,,mar21
12,2,84,study,0,male,White,male,White,angry,,,,,z,606,False,False,,mar21
12,2,85,study,0,female,Asian,male,Black,happy,,,,,z,676,True,False,,mar21
12,2,86,study,0,male,Latino,male,Black,neutral,,,,,m,771,True,False,,mar21
12,2,87,study,0,male,Black,male,Black,neutral,,,,,m,968,True,False,,mar21
12,2,88,study,0,female,Asian,male,Black,angry,,,,,z,812,True,False,,mar21
12,2,89,study,0,female,White,female,Black,neutral,,,,,z,1119,True,False,,mar21
12,2,90,study,0,male,Asian,male,White,happy,,,,,m,727,True,False,,mar21
12,2,91,study,1,male,Asian,male,White,happy,,,,,m,693,True,False,,mar21
12,2,92,study,1,male,Asian,female,White,happy,,,,,m,512,True,False,,mar21
12,2,93,study,1,male,Black,female,Black,neutral,,,,,m,516,True,False,,mar21
12,2,94,study,1,female,White,female,Black,happy,,,,,z,608,True,False,,mar21
12,2,95,study,1,male,Latino,female,White,angry,,,,,m,505,True,False,,mar21
12,2,96,study,1,female,Black,female,White,angry,,,,,z,595,True,False,,mar21
12,2,97,study,1,female,White,female,White,angry,,,,,z,953,True,False,,mar21
12,2,98,study,1,male,White,female,White,happy,,,,,m,643,True,False,,mar21
12,2,99,study,1,female,White,male,Black,angry,,,,,z,571,True,False,,mar21
12,2,100,study,1,female,Black,female,Black,happy,,,,,z,863,True,False,,mar21
12,2,101,study,1,female,Black,female,White,neutral,,,,,z,530,True,False,,mar21
12,2,102,study,1,female,Black,male,White,happy,,,,,z,1531,True,False,,mar21
12,2,103,study,1,female,Latino,female,White,neutral,,,,,z,1135,True,False,,mar21
12,2,104,study,1,male,White,female,Black,neutral,,,,,m,1228,True,False,,mar21
12,2,105,study,1,male,Latino,female,White,angry,,,,,m,1170,True,False,,mar21
12,2,106,study,1,male,Black,male,Black,angry,,,,,m,1033,True,False,,mar21
12,2,107,study,1,male,White,female,Black,neutral,,,,,m,574,True,False,,mar21
12,2,108,study,1,female,Black,male,White,angry,,,,,m,849,False,False,,mar21
12,2,109,study,1,male,White,female,Black,angry,,,,,m,553,True,False,,mar21
12,2,110,study,1,male,White,male,Black,angry,,,,,m,596,True,False,,mar21
12,2,111,study,1,male,Asian,male,Black,neutral,,,,,m,1059,True,False,,mar21
12,2,112,study,1,male,Black,female,Black,happy,,,,,m,492,True,False,,mar21
12,2,113,study,1,male,Black,male,White,happy,,,,,m,941,True,False,,mar21
12,2,114,study,1,female,Latino,male,Black,neutral,,,,,z,958,True,False,,mar21
12,2,115,study,1,female,Black,female,White,happy,,,,,z,1365,True,False,,mar21
12,2,116,study,1,male,White,female,Black,neutral,,,,,m,659,True,False,,mar21
12,2,117,study,1,male,Black,female,White,happy,,,,,m,1027,True,False,,mar21
12,2,118,study,1,male,White,female,Black,angry,,,,,m,1273,True,False,,mar21
12,2,119,study,1,male,Black,female,Black,neutral,,,,,m,1181,True,False,,mar21
12,2,120,study,1,female,White,female,White,angry,,,,,z,966,True,False,,mar21
12,2,121,test,0,male,Latino,female,White,angry,,,,rearranged,z,1735,True,False,,mar21
12,2,122,test,0,female,Latino,male,Black,neutral,,,,intact,m,1855,True,False,,mar21
12,2,123,test,0,female,Black,female,White,happy,,,,intact,m,1159,True,False,,mar21
12,2,124,test,0,female,Black,male,Black,neutral,,,,rearranged,z,1140,True,False,,mar21
12,2,125,test,0,male,Black,male,Black,neutral,,,,intact,m,1365,True,False,,mar21
12,2,126,test,0,male,Black,female,Black,neutral,,,,intact,z,963,False,False,,mar21
12,2,127,test,0,female,Black,male,Black,angry,,,,rearranged,z,1524,True,False,,mar21
12,2,128,test,0,male,Latino,male,Black,neutral,,,,rearranged,m,1223,False,False,,mar21
12,2,129,test,0,male,White,female,White,happy,,,,intact,m,1541,True,False,,mar21
12,2,130,test,0,male,White,male,Black,angry,,,,rearranged,m,1143,False,False,,mar21
12,2,131,test,0,male,Asian,male,White,happy,,,,intact,z,2024,False,False,,mar21
12,2,132,test,0,male,White,female,Black,neutral,,,,rearranged,z,1078,True,False,,mar21
12,2,133,test,0,female,Black,male,White,angry,,,,intact,m,1183,True,False,,mar21
12,2,134,test,0,male,Black,male,White,angry,,,,rearranged,m,1498,False,False,,mar21
12,2,135,test,0,female,Latino,female,Black,happy,,,,rearranged,z,1363,True,False,,mar21
12,2,136,test,0,male,White,male,Black,neutral,,,,rearranged,z,1384,True,False,,mar21
12,2,137,test,0,male,White,female,Black,neutral,,,,intact,z,1002,False,False,,mar21
12,2,138,test,0,female,White,female,White,angry,,,,rearranged,m,1195,False,False,,mar21
12,2,139,test,0,male,Black,female,Black,neutral,,,,intact,z,1435,False,False,,mar21
12,2,140,test,0,male,White,female,Black,angry,,,,intact,m,1773,True,False,,mar21
12,2,141,test,0,female,Black,female,Black,happy,,,,rearranged,z,1932,True,False,,mar21
12,2,142,test,0,male,Latino,male,Black,happy,,,,rearranged,z,1292,True,False,,mar21
12,2,143,test,0,female,Black,male,White,neutral,,,,intact,z,1340,False,False,,mar21
12,2,144,test,0,female,White,male,White,neutral,,,,rearranged,z,1241,True,False,,mar21
12,2,145,test,0,male,Asian,female,White,happy,,,,rearranged,z,1684,True,False,,mar21
12,2,146,test,0,female,Black,male,White,happy,,,,intact,z,1872,False,False,,mar21
12,2,147,test,0,female,Black,male,Black,happy,,,,rearranged,z,1726,True,False,,mar21
12,2,148,test,0,male,Asian,female,Black,angry,,,,intact,z,1675,False,False,,mar21
12,2,149,test,0,female,Black,female,White,happy,,,,intact,m,1854,True,False,,mar21
12,2,150,test,0,female,White,male,Black,angry,,,,rearranged,z,1434,True,False,,mar21
12,2,151,test,1,female,Asian,male,Black,angry,,,,rearranged,m,1519,False,False,,mar21
12,2,152,test,1,female,Latino,female,White,neutral,,,,intact,z,1284,False,False,,mar21
12,2,153,test,1,female,White,female,Black,happy,,,,rearranged,z,1117,True,False,,mar21
12,2,154,test,1,male,White,female,Black,happy,,,,intact,m,1525,True,False,,mar21
12,2,155,test,1,male,White,female,Black,angry,,,,intact,z,1777,False,False,,mar21
12,2,156,test,1,male,White,female,Black,neutral,,,,rearranged,z,1125,True,False,,mar21
12,2,157,test,1,male,Black,female,White,happy,,,,rearranged,z,1693,True,False,,mar21
12,2,158,test,1,female,Black,female,Black,neutral,,,,rearranged,z,1415,True,False,,mar21
12,2,159,test,1,female,White,female,White,angry,,,,intact,m,1206,True,False,,mar21
12,2,160,test,1,female,Latino,male,Black,neutral,,,,rearranged,m,1196,False,False,,mar21
12,2,161,test,1,female,White,female,Black,neutral,,,,intact,m,1523,True,False,,mar21
12,2,162,test,1,male,Black,female,Black,happy,,,,rearranged,m,1947,False,False,,mar21
12,2,163,test,1,female,Black,female,Black,neutral,,,,rearranged,m,1845,False,False,,mar21
12,2,164,test,1,male,Latino,female,White,angry,,,,rearranged,z,1366,True,False,,mar21
12,2,165,test,1,male,Asian,male,White,angry,,,,intact,m,1102,True,False,,mar21
12,2,166,test,1,female,Latino,male,White,angry,,,,intact,z,1423,False,False,,mar21
12,2,167,test,1,female,Black,female,White,angry,,,,rearranged,m,1003,False,False,,mar21
12,2,168,test,1,male,White,male,White,neutral,,,,intact,z,1136,False,False,,mar21
12,2,169,test,1,male,Asian,male,White,happy,,,,intact,z,1930,False,False,,mar21
12,2,170,test,1,male,Black,male,Black,happy,,,,rearranged,z,1294,True,False,,mar21
12,2,171,test,1,female,White,female,White,angry,,,,intact,m,1134,True,False,,mar21
12,2,172,test,1,male,White,male,Black,angry,,,,rearranged,m,1197,False,False,,mar21
12,2,173,test,1,male,Asian,male,White,neutral,,,,rearranged,m,1180,False,False,,mar21
12,2,174,test,1,female,Black,female,White,neutral,,,,intact,m,2126,True,False,,mar21
12,2,175,test,1,male,Black,male,White,happy,,,,intact,m,1577,True,False,,mar21
12,2,176,test,1,female,Asian,male,White,happy,,,,rearranged,z,1244,True,False,,mar21
12,2,177,test,1,female,Asian,male,White,happy,,,,intact,z,1274,False,False,,mar21
12,2,178,test,1,female,Asian,female,Black,angry,,,,intact,m,1201,True,False,,mar21
12,2,179,test,1,female,Latino,male,White,happy,,,,intact,m,1846,True,False,,mar21
12,2,180,test,1,male,Black,male,Black,angry,,,,intact,z,1254,False,False,,mar21
13,2,1,study,0,male,Asian,male,Black,happy,,,,,m,620,True,False,,mar21
13,2,2,study,0,female,Black,female,White,angry,,,,,z,881,True,False,,mar21
13,2,3,study,0,female,Latino,male,Black,neutral,,,,,m,1140,False,False,,mar21
13,2,4,study,0,male,Latino,female,Black,neutral,,,,,z,1934,False,False,,mar21
13,2,5,study,0,male,Latino,male,Black,neutral,,,,,m,1637,True,False,,mar21
13,2,6,study,0,female,Latino,male,Black,happy,,,,,m,1792,False,False,,mar21
13,2,7,study,0,male,White,female,White,angry,,,,,z,1591,False,False,,mar21
13,2,8,study,0,male,Black,male,White,angry,,,,,m,931,True,False,,mar21
13,2,9,study,0,male,Black,male,Black,neutral,,,,,m,790,True,False,,mar21
13,2,10,study,0,female,White,female,Black,happy,,,,,z,1054,True,False,,mar21
13,2,11,study,0,male,Asian,male,White,happy,,,,,m,934,True,False,,mar21
13,2,12,study,0,male,Black,female,Black,happy,,,,,z,872,False,False,,mar21
13,2,13,study,0,female,White,female,Black,happy,,,,,z,957,True,False,,mar21
13,2,14,study,0,male,Black,female,Black,happy,,,,,z,1218,False,False,,mar21
13,2,15,study,0,male,Black,female,Black,neutral,,,,,z,1518,False,False,,mar21
13,2,16,study,0,male,White,female,Black,neutral,,,,,z,1417,False,False,,mar21
13,2,17,study,0,male,Latino,female,Black,neutral,,,,,z,870,False,False,,mar21
13,2,18,study,0,male,White,male,Black,angry,,,,,m,1035,True,False,,mar21
13,2,19,study,0,male,Black,male,White,happy,,,,,m,1162,True,False,,mar21
13,2,20,study,0,female,Latino,male,White,happy,,,,,m,1447,False,False,,mar21
13,2,21,study,0,male,White,female,Black,angry,,,,,z,1224,False,False,,mar21
13,2,22,study,0,female,Black,male,White,angry,,,,,m,1251,False,False,,mar21
13,2,23,study,0,female,Black,female,White,angry,,,,,z,916,True,False,,mar21
13,2,24,study,0,male,Latino,female,Black,happy,,,,,z,1585,False,False,,mar21
13,2,25,study,0,female,Black,male,White,angry,,,,,m,1356,False,False,,mar21
13,2,26,study,0,female,Black,female,White,angry,,,,,z,921,True,False,,mar21
13,2,27,study,0,female,Asian,female,Black,happy,,,,,z,1396,True,False,,mar21
13,2,28,study,0,male,Black,female,White,angry,,,,,z,1343,False,False,,mar21
13,2,29,study,0,female,Asian,male,White,angry,,,,,m,936,False,False,,mar21
13,2,30,study,0,male,Black,male,White,happy,,,,,m,1221,True,False,,mar21
13,2,31,study,1,female,White,male,Black,neutral,,,,,m,1164,False,False,,mar21
13,2,32,study,1,female,Asian,male,White,neutral,,,,,z,1142,True,False,,mar21
13,2,33,study,1,male,Black,male,White,angry,,,,,m,1421,True,False,,mar21
13,2,34,study,1,female,Latino,male,Black,happy,,,,,m,1630,False,False,,mar21
13,2,35,study,1,male,White,female,Black,angry,,,,,z,2318,False,False,,mar21
13,2,36,study,1,female,Latino,female,White,neutral,,,,,z,833,True,False,,mar21
13,2,37,study,1,female,Black,female,White,angry,,,,,z,1100,True,False,,mar21
13,2,38,study,1,male,Black,male,White,angry,,,,,m,1229,True,False,,mar21
13,2,39,study,1,female,Latino,male,Black,neutral,,,,,m,1174,False,False,,mar21
13,2,40,study,1,female,White,female,Black,neutral,,,,,z,1096,True,False,,mar21
13,2,41,study,1,female,White,female,White,neutral,,,,,z,1514,True,False,,mar21
13,2,42,study,1,female,Black,female,White,happy,,,,,z,1181,True,False,,mar21
13,2,43,study,1,female,Black,female,White,happy,,,,,z,913,True,False,,mar21
13,2,44,study,1,female,Asian,female,Black,angry,,,,,z,839,True,False,,mar21
13,2,45,study,1,male,Black,female,White,happy,,,,,z,1013,False,False,,mar21
13,2,46,study,1,male,White,male,White,neutral,,,,,m,1090,True,False,,mar21
13,2,47,study,1,male,Latino,female,White,happy,,,,,z,984,False,False,,mar21
13,2,48,study,1,female,Asian,male,Black,angry,,,,,m,967,False,False,,mar21
13,2,49,study,1,male,Asian,male,White,angry,,,,,m,1112,True,False,,mar21
13,2,50,study,1,female,Black,male,White,angry,,,,,m,1426,False,False,,mar21
13,2,51,study,1,male,Asian,male,White,happy,,,,,m,1042,True,False,,mar21
13,2,52,study,1,male,White,male,Black,neutral,,,,,m,955,True,False,,mar21
13,2,53,study,1,female,Black,male,White,happy,,,,,m,1227,False,False,,mar21
13,2,54,study,1,male,Black,male,White,neutral,,,,,m,871,True,False,,mar21
13,2,55,study,1,male,Latino,female,Black,neutral,,,,,z,1011,False,False,,mar21
13,2,56,study,1,female,Asian,female,White,neutral,,,,,z,912,True,False,,mar21
13,2,57,study,1,male,Black,female,Black,angry,,,,,z,1645,False,False,,mar21
13,2,58,study,1,female,Latino,female,Black,neutral,,,,,z,1460,True,False,,mar21
13,2,59,study,1,female,White,male,Black,neutral,,,,,m,1084,False,False,,mar21
13,2,60,study,1,female,Asian,male,Black,happy,,,,,z,1252,True,False,,mar21
13,2,61,study,0,male,White,male,Black,angry,,,,,m,782,True,False,,mar21
13,2,62,study,0,female,Latino,male,White,happy,,,,,m,1009,False,False,,mar21
13,2,63,study,0,female,Black,female,White,angry,,,,,z,824,True,False,,mar21
13,2,64,study,0,male,White,female,Black,neutral,,,,,z,1074,False,False,,mar21
13,2,65,study,0,female,Black,male,White,happy,,,,,m,1130,False,False,,mar21
13,2,66,study,0,male,Black,male,White,happy,,,,,m,1139,True,False,,mar21
13,2,67,study,0,female,White,female,Black,neutral,,,,,z,1503,True,False,,mar21
13,2,68,study,0,male,Asian,male,White,happy,,,,,m,894,True,False,,mar21
13,2,69,study,0,female,Black,female,White,happy,,,,,z,1487,True,False,,mar21
13,2,70,study,0,female,Black,female,White,angry,,,,,z,1039,True,False,,mar21
13,2,71,study,0,female,Asian,male,White,angry,,,,,m,1109,False,False,,mar21
13,2,72,study,0,male,White,male,Black,neutral,,,,,m,1159,True,False,,mar21
13,2,73,study,0,male,Latino,male,Black,neutral,,,,,z,1256,False,False,,mar21
13,2,74,study,0,male,Black,female,Black,neutral,,,,,z,1033,False,False,,mar21
13,2,75,study,0,male,White,male,White,neutral,,,,,m,1529,True,False,,mar21
13,2,76,study,0,male,Black,female,Black,happy,,,,,z,1015,False,False,,mar21
13,2,77,study,0,female,Black,male,White,angry,,,,,m,1616,False,False,,mar21
13,2,78,study,0,female,White,male,Black,neutral,,,,,m,1429,False,False,,mar21
13,2,79,study,0,female,Asian,male,White,neutral,,,,,m,1220,False,False,,mar21
13,2,80,study,0,male,Black,male,White,angry,,,,,m,1300,True,False,,mar21
13,2,81,study,0,female,Asian,female,Black,happy,,,,,z,1228,True,False,,mar21
13,2,82,study,0,male,Latino,female,Black,neutral,,,,,z,1313,False,False,,mar21
13,2,83,study,0,male,Asian,male,White,angry,,,,,m,948,True,False,,mar21
13,2,84,study,0,male,Black,female,Black,happy,,,,,z,1529,False,False,,mar21
13,2,85,study,0,female,Latino,male,Black,happy,,,,,m,1469,False,False,,mar21
13,2,86,study,0,male,Latino,female,Black,neutral,,,,,z,1114,False,False,,mar21
13,2,87,study,0,female,Latino,female,Black,neutral,,,,,z,1658,True,False,,mar21
13,2,88,study,0,male,White,female,Black,angry,,,,,z,905,False,False,,mar21
13,2,89,study,0,male,Asian,male,Black,happy,,,,,m,1058,True,False,,mar21
13,2,90,study,0,female,Black,male,White,angry,,,,,m,1778,False,False,,mar21
13,2,91,study,1,female,Black,male,White,angry,,,,,m,1114,False,False,,mar21
13,2,92,study,1,female,Latino,male,Black,happy,,,,,z,818,True,False,,mar21
13,2,93,study,1,male,Black,female,Black,angry,,,,,z,1425,False,False,,mar21
13,2,94,study,1,male,White,female,Black,angry,,,,,z,1383,False,False,,mar21
13,2,95,study,1,female,White,female,White,neutral,,,,,z,985,True,False,,mar21
13,2,96,study,1,male,White,female,White,angry,,,,,z,832,False,False,,mar21
13,2,97,study,1,female,Black,female,White,angry,,,,,z,912,True,False,,mar21
13,2,98,study,1,female,Black,female,White,happy,,,,,z,1012,True,False,,mar21
13,2,99,study,1,female,Latino,male,Black,neutral,,,,,m,1890,False,False,,mar21
13,2,100,study,1,male,Black,male,White,angry,,,,,m,1061,True,False,,mar21
13,2,101,study,1,male,Latino,female,Black,neutral,,,,,z,1281,False,False,,mar21
13,2,102,study,1,female,Asian,male,Black,angry,,,,,m,1056,False,False,,mar21
13,2,103,study,1,male,Black,female,White,happy,,,,,z,1165,False,False,,mar21
13,2,104,study,1,female,Black,female,White,angry,,,,,z,1338,True,False,,mar21
13,2,105,study,1,female,White,female,Black,happy,,,,,z,945,True,False,,mar21
13,2,106,study,1,female,White,female,Black,happy,,,,,z,803,True,False,,mar21
13,2,107,study,1,male,Black,male,White,happy,,,,,m,722,True,False,,mar21
13,2,108,study,1,female,Asian,female,White,neutral,,,,,z,838,True,False,,mar21
13,2,109,study,1,male,Asian,male,White,happy,,,,,m,1059,True,False,,mar21
13,2,110,study,1,female,Asian,female,Black,angry,,,,,z,1069,True,False,,mar21
13,2,111,study,1,female,White,male,Black,neutral,,,,,m,977,False,False,,mar21
13,2,112,study,1,male,Latino,female,White,happy,,,,,z,1438,False,False,,mar21
13,2,113,study,1,male,Black,male,White,neutral,,,,,m,1123,True,False,,mar21
13,2,114,study,1,male,Latino,female,Black,happy,,,,,z,649,False,False,,mar21
13,2,115,study,1,female,Latino,female,White,neutral,,,,,z,672,True,False,,mar21
13,2,116,study,1,female,Latino,male,Black,neutral,,,,,m,845,False,False,,mar21
13,2,117,study,1,female,Asian,male,Black,happy,,,,,m,922,False,False,,mar21
13,2,118,study,1,male,Black,female,White,angry,,,,,z,789,False,False,,mar21
13,2,119,study,1,male,Black,male,White,angry,,,,,m,934,True,False,,mar21
13,2,120,study,1,male,Black,male,Black,neutral,,,,,m,914,True,False,,mar21
13,2,121,test,0,male,White,male,White,angry,,,,rearranged,m,851,True,False,,mar21
13,2,122,test,0,male,Black,female,White,angry,,,,rearranged,m,916,True,False,,mar21
13,2,123,test,0,female,Latino,male,White,happy,,,,intact,m,915,False,False,,mar21
13,2,124,test,0,male,Black,male,White,angry,,,,rearranged,m,1274,True,False,,mar21
13,2,125,test,0,female,Black,male,Black,happy,,,,rearranged,m,902,True,False,,mar21
13,2,126,test,0,male,Black,male,Black,angry,,,,rearranged,m,930,True,False,,mar21
13,2,127,test,0,female,Black,male,White,angry,,,,rearranged,m,1297,True,False,,mar21
13,2,128,test,0,female,Latino,female,White,neutral,,,,rearranged,m,782,True,False,,mar21
13,2,129,test,0,female,Latino,male,White,neutral,,,,rearranged,m,867,True,False,,mar21
13,2,130,test,0,female,Black,female,White,angry,,,,intact,m,827,False,False,,mar21
13,2,131,test,0,male,White,female,Black,neutral,,,,rearranged,m,1119,True,False,,mar21
13,2,132,test,0,female,Latino,male,Black,happy,,,,intact,m,709,False,False,,mar21
13,2,133,test,0,female,Asian,female,White,angry,,,,rearranged,m,1352,True,False,,mar21
13,2,134,test,0,male,Latino,female,White,happy,,,,intact,m,2181,False,False,,mar21
13,2,135,test,0,male,Asian,male,White,happy,,,,rearranged,m,1327,True,False,,mar21
13,2,136,test,0,male,Latino,male,Black,neutral,,,,intact,m,910,False,False,,mar21
13,2,137,test,0,male,White,female,White,angry,,,,rearranged,m,813,True,False,,mar21
13,2,138,test,0,female,Black,female,White,happy,,,,intact,z,1029,True,False,,mar21
13,2,139,test,0,male,White,female,Black,angry,,,,intact,m,984,False,False,,mar21
13,2,140,test,0,male,Asian,male,Black,happy,,,,intact,m,1307,False,False,,mar21
13,2,141,test,0,male,Black,female,Black,neutral,,,,intact,m,1112,False,False,,mar21
13,2,142,test,0,female,Asian,male,White,happy,,,,rearranged,m,1196,True,False,,mar21
13,2,143,test,0,male,Latino,female,Black,neutral,,,,intact,m,1031,False,False,,mar21
13,2,144,test,0,male,Latino,female,Black,neutral,,,,rearranged,m,1009,True,False,,mar21
13,2,145,test,0,female,White,female,Black,happy,,,,rearranged,m,840,True,False,,mar21
13,2,146,test,0,male,Asian,male,White,happy,,,,rearranged,m,898,True,False,,mar21
13,2,147,test,0,male,Latino,female,White,happy,,,,rearranged,m,795,True,False,,mar21
13,2,148,test,0,male,White,female,Black,angry,,,,intact,m,1122,False,False,,mar21
13,2,149,test,0,female,Black,male,White,angry,,,,intact,m,940,False,False,,mar21
13,2,150,test,0,female,White,female,Black,happy,,,,intact,z,1177,True,False,,mar21
13,2,151,test,1,female,Asian,male,White,angry,,,,rearranged,m,1204,True,False,,mar21
13,2,152,test,1,male,Black,male,White,happy,,,,intact,m,868,False,False,,mar21
13,2,153,test,1,female,Asian,male,Black,neutral,,,,rearranged,m,855,True,False,,mar21
13,2,154,test,1,male,Latino,female,Black,neutral,,,,intact,m,874,False,False,,mar21
13,2,155,test,1,female,Black,female,White,angry,,,,intact,z,1300,True,False,,mar21
13,2,156,test,1,female,Latino,female,Black,neutral,,,,intact,z,1208,True,False,,mar21
13,2,157,test,1,female,White,female,White,neutral,,,,intact,z,1069,True,False,,mar21
13,2,158,test,1,female,Black,female,Black,happy,,,,rearranged,z,897,False,False,,mar21
13,2,159,test,1,male,Black,male,White,angry,,,,intact,z,1433,True,False,,mar21
13,2,160,test,1,female,Latino,male,Black,happy,,,,intact,m,977,False,False,,mar21
13,2,161,test,1,male,Black,male,Black,neutral,,,,rearranged,z,2282,False,False,,mar21
13,2,162,test,1,female,Asian,female,White,neutral,,,,rearranged,z,1627,False,False,,mar21
13,2,163,test,1,male,Black,female,Black,happy,,,,intact,m,1741,False,False,,mar21
13,2,164,test,1,female,Latino,male,Black,neutral,,,,rearranged,m,1472,True,False,,mar21
13,2,165,test,1,male,Asian,male,White,angry,,,,intact,z,1494,True,False,,mar21
13,2,166,test,1,female,Black,female,White,angry,,,,intact,z,1466,True,False,,mar21
13,2,167,test,1,female,White,male,Black,neutral,,,,intact,m,1646,False,False,,mar21
13,2,168,test,1,male,Black,female,Black,angry,,,,intact,m,1328,False,False,,mar21
13,2,169,test,1,male,Black,female,Black,happy,,,,rearranged,m,887,True,False,,mar21
13,2,170,test,1,female,Asian,female,White,happy,,,,rearranged,z,563,False,False,,mar21
13,2,171,test,1,female,Black,male,White,angry,,,,rearranged,m,2299,True,False,,mar21
13,2,172,test,1,female,Black,female,Black,angry,,,,rearranged,z,1090,False,False,,mar21
13,2,173,test,1,female,White,male,Black,neutral,,,,intact,m,1189,False,False,,mar21
13,2,174,test,1,male,Black,male,White,happy,,,,intact,z,882,True,False,,mar21
13,2,175,test,1,female,White,female,Black,neutral,,,,intact,z,835,True,False,,mar21
13,2,176,test,1,female,Asian,male,Black,angry,,,,intact,m,1130,False,False,,mar21
13,2,177,test,1,male,Black,female,Black,happy,,,,rearranged,m,1049,True,False,,mar21
13,2,178,test,1,male,White,male,White,neutral,,,,rearranged,z,1920,False,False,,mar21
13,2,179,test,1,male,White,male,White,neutral,,,,rearranged,z,1074,False,False,,mar21
13,2,180,test,1,male,Black,male,Black,neutral,,,,intact,z,1279,True,False,,mar21
14,2,1,study,0,female,Black,male,White,neutral,,,,,z,1051,True,False,,mar21
14,2,2,study,0,female,White,male,White,neutral,,,,,z,766,True,False,,mar21
14,2,3,study,0,female,Asian,male,Black,neutral,,,,,z,615,True,False,,mar21
14,2,4,study,0,male,White,female,White,angry,,,,,m,724,True,False,,mar21
14,2,5,study,0,male,White,male,White,neutral,,,,,m,865,True,False,,mar21
14,2,6,study,0,male,Latino,female,Black,happy,,,,,m,584,True,False,,mar21
14,2,7,study,0,male,White,female,White,angry,,,,,m,653,True,False,,mar21
14,2,8,study,0,male,White,male,White,neutral,,,,,m,731,True,False,,mar21
14,2,9,study,0,male,Latino,male,Black,angry,,,,,m,607,True,False,,mar21
14,2,10,study,0,male,Latino,female,White,happy,,,,,m,594,True,False,,mar21
14,2,11,study,0,male,Asian,female,White,neutral,,,,,m,604,True,False,,mar21
14,2,12,study,0,male,Black,male,White,happy,,,,,m,555,True,False,,mar21
14,2,13,study,0,male,Asian,male,White,happy,,,,,m,700,True,False,,mar21
14,2,14,study,0,female,White,male,White,angry,,,,,z,718,True,False,,mar21
14,2,15,study,0,female,Asian,female,Black,angry,,,,,z,546,True,False,,mar21
14,2,16,study,0,female,Black,male,Black,angry,,,,,z,587,True,False,,mar21
14,2,17,study,0,male,White,female,Black,happy,,,,,m,743,True,False,,mar21
14,2,18,study,0,male,White,male,Black,angry,,,,,m,611,True,False,,mar21
14,2,19,study,0,female,Asian,male,White,angry,,,,,z,619,True,False,,mar21
14,2,20,study,0,male,White,female,White,happy,,,,,m,699,True,False,,mar21
14,2,21,study,0,female,Black,female,White,neutral,,,,,z,743,True,False,,mar21
14,2,22,study,0,female,White,male,Black,happy,,,,,z,557,True,False,,mar21
14,2,23,study,0,female,White,female,Black,angry,,,,,z,849,True,False,,mar21
14,2,24,study,0,male,Asian,male,White,neutral,,,,,m,865,True,False,,mar21
14,2,25,study,0,female,Black,male,Black,happy,,,,,z,573,True,False,,mar21
14,2,26,study,0,female,White,female,Black,neutral,,,,,z,562,True,False,,mar21
14,2,27,study,0,male,White,female,White,angry,,,,,m,594,True,False,,mar21
14,2,28,study,0,female,White,female,White,neutral,,,,,z,736,True,False,,mar21
14,2,29,study,0,female,Latino,female,White,angry,,,,,z,846,True,False,,mar21
14,2,30,study,0,female,Asian,male,White,happy,,,,,z,636,True,False,,mar21
14,2,31,study,1,female,Asian,female,White,happy,,,,,z,636,True,False,,mar21
14,2,32,study,1,female,Black,female,Black,happy,,,,,z,582,True,False,,mar21
14,2,33,study,1,male,Asian,female,Black,happy,,,,,m,852,True,False,,mar21
14,2,34,study,1,female,Asian,male,White,neutral,,,,,z,702,True,False,,mar21
14,2,35,study,1,male,Asian,male,White,neutral,,,,,m,640,True,False,,mar21
14,2,36,study,1,female,Latino,male,Black,happy,,,,,z,558,True,False,,mar21
14,2,37,study,1,male,Black,male,White,angry,,,,,m,809,True,False,,mar21
14,2,38,study,1,male,Black,male,Black,angry,,,,,m,1007,True,False,,mar21
14,2,39,study,1,female,Latino,female,White,happy,,,,,z,565,True,False,,mar21
14,2,40,study,1,female,Latino,male,Black,happy,,,,,z,757,True,False,,mar21
14,2,41,study,1,female,White,male,White,angry,,,,,z,519,True,False,,mar21
14,2,42,study,1,female,Latino,female,White,neutral,,,,,z,525,True,False,,mar21
14,2,43,study,1,male,Latino,female,Black,neutral,,,,,m,637,True,False,,mar21
14,2,44,study,1,male,Asian,female,White,angry,,,,,m,681,True,False,,mar21
14,2,45,study,1,female,White,male,White,angry,,,,,z,562,True,False,,mar21
14,2,46,study,1,female,Latino,female,White,happy,,,,,z,620,True,False,,mar21
14,2,47,study,1,female,Latino,male,Black,neutral,,,,,z,601,True,False,,mar21
14,2,48,study,1,male,White,female,White,neutral,,,,,m,639,True,False,,mar21
14,2,49,study,1,female,White,female,Black,happy,,,,,z,542,True,False,,mar21
14,2,50,study,1,female,Black,female,Black,angry,,,,,z,629,True,False,,mar21
14,2,51,study,1,male,Black,male,White,happy,,,,,m,766,True,False,,mar21
14,2,52,study,1,male,Asian,female,White,neutral,,,,,m,682,True,False,,mar21
14,2,53,study,1,male,White,female,White,angry,,,,,m,702,True,False,,mar21
14,2,54,study,1,male,Latino,male,Black,neutral,,,,,m,761,True,False,,mar21
14,2,55,study,1,female,White,female,Black,angry,,,,,z,688,True,False,,mar21
14,2,56,study,1,male,White,male,White,angry,,,,,m,618,True,False,,mar21
14,2,57,study,1,male,Latino,male,White,happy,,,,,m,553,True,False,,mar21
14,2,58,study,1,female,Black,female,White,neutral,,,,,z,960,True,False,,mar21
14,2,59,study,1,male,Black,male,Black,happy,,,,,m,818,True,False,,mar21
14,2,60,study,1,male,Latino,female,Black,neutral,,,,,m,787,True,False,,mar21
14,2,61,study,0,female,Black,female,White,neutral,,,,,z,641,True,False,,mar21
14,2,62,study,0,female,Latino,female,White,angry,,,,,z,526,True,False,,mar21
14,2,63,study,0,male,Latino,male,White,happy,,,,,m,523,True,False,,mar21
14,2,64,study,0,female,Black,male,Black,happy,,,,,z,535,True,False,,mar21
14,2,65,study,0,male,White,female,White,neutral,,,,,m,641,True,False,,mar21
14,2,66,study,0,male,White,female,White,angry,,,,,m,648,True,False,,mar21
14,2,67,study,0,female,White,female,Black,happy,,,,,z,614,True,False,,mar21
14,2,68,study,0,male,Latino,female,White,happy,,,,,m,542,True,False,,mar21
14,2,69,study,0,female,Asian,male,White,happy,,,,,z,615,True,False,,mar21
14,2,70,study,0,female,White,male,White,angry,,,,,z,742,True,False,,mar21
14,2,71,study,0,male,Asian,female,White,neutral,,,,,z,1397,False,False,,mar21
14,2,72,study,0,female,Black,male,Black,angry,,,,,z,719,True,False,,mar21
14,2,73,study,0,female,Latino,female,White,happy,,,,,z,668,True,False,,mar21
14,2,74,study,0,male,White,female,White,angry,,,,,m,758,True,False,,mar21
14,2,75,study,0,female,White,female,White,neutral,,,,,z,641,True,False,,mar21
14,2,76,study,0,female,White,female,Black,angry,,,,,z,556,True,False,,mar21
14,2,77,study,0,female,Asian,male,White,angry,,,,,z,565,True,False,,mar21
14,2,78,study,0,male,White,female,White,angry,,,,,m,646,True,False,,mar21
14,2,79,study,0,male,White,female,White,angry,,,,,m,852,True,False,,mar21
14,2,80,study,0,male,Asian,female,White,angry,,,,,m,627,True,False,,mar21
14,2,81,study,0,female,Black,male,White,neutral,,,,,z,671,True,False,,mar21
14,2,82,study,0,female,White,male,White,angry,,,,,z,563,True,False,,mar21
14,2,83,study,0,male,Latino,male,Black,angry,,,,,m,662,True,False,,mar21
14,2,84,study,0,male,White,female,Black,happy,,,,,m,600,True,False,,mar21
14,2,85,study,0,male,Black,male,Black,happy,,,,,m,717,True,False,,mar21
14,2,86,study,0,female,Latino,male,Black,happy,,,,,z,617,True,False,,mar21
14,2,87,study,0,male,Latino,female,Black,neutral,,,,,m,626,True,False,,mar21
14,2,88,study,0,male,Black,male,White,happy,,,,,m,842,True,False,,mar21
14,2,89,study,0,male,White,male,White,neutral,,,,,m,631,True,False,,mar21
14,2,90,study,0,female,Latino,female,White,happy,,,,,z,576,True,False,,mar21
14,2,91,study,1,female,White,male,White,angry,,,,,z,576,True,False,,mar21
14,2,92,study,1,female,Black,female,Black,happy,,,,,z,545,True,False,,mar21
14,2,93,study,1,female,White,male,Black,happy,,,,,z,556,True,False,,mar21
14,2,94,study,1,male,Black,male,White,angry,,,,,m,733,True,False,,mar21
14,2,95,study,1,female,White,male,White,neutral,,,,,z,636,True,False,,mar21
14,2,96,study,1,male,White,female,White,happy,,,,,m,836,True,False,,mar21
14,2,97,study,1,female,Asian,female,White,happy,,,,,z,636,True,False,,mar21
14,2,98,study,1,female,Latino,male,Black,neutral,,,,,z,582,True,False,,mar21
14,2,99,study,1,male,Asian,male,White,neutral,,,,,m,670,True,False,,mar21
14,2,100,study,1,female,White,female,Black,neutral,,,,,z,566,True,False,,mar21
14,2,101,study,1,female,Asian,male,White,neutral,,,,,z,654,True,False,,mar21
14,2,102,study,1,female,Asian,female,Black,angry,,,,,z,570,True,False,,mar21
14,2,103,study,1,female,Latino,male,Black,happy,,,,,z,516,True,False,,mar21
14,2,104,study,1,male,Asian,male,White,neutral,,,,,m,594,True,False,,mar21
14,2,105,study,1,male,Asian,female,White,neutral,,,,,m,614,True,False,,mar21
14,2,106,study,1,female,Black,female,White,neutral,,,,,z,788,True,False,,mar21
14,2,107,study,1,male,White,male,White,angry,,,,,m,522,True,False,,mar21
14,2,108,study,1,male,White,male,White,neutral,,,,,m,567,True,False,,mar21
14,2,109,study,1,female,Asian,male,Black,neutral,,,,,z,764,True,False,,mar21
14,2,110,study,1,male,Asian,female,Black,happy,,,,,m,649,True,False,,mar21
14,2,111,study,1,male,Latino,female,Black,happy,,,,,m,664,True,False,,mar21
14,2,112,study,1,male,Latino,female,Black,neutral,,,,,m,570,True,False,,mar21
14,2,113,study,1,male,White,male,Black,angry,,,,,m,615,True,False,,mar21
14,2,114,study,1,male,Black,male,Black,angry,,,,,m,1251,True,False,,mar21
14,2,115,study,1,female,Latino,female,White,neutral,,,,,z,568,True,False,,mar21
14,2,116,study,1,female,Black,female,Black,angry,,,,,z,663,True,False,,mar21
14,2,117,study,1,male,Latino,male,Black,neutral,,,,,m,772,True,False,,mar21
14,2,118,study,1,female,White,female,Black,angry,,,,,z,851,True,False,,mar21
14,2,119,study,1,male,Black,male,White,happy,,,,,m,789,True,False,,mar21
14,2,120,study,1,male,Asian,male,White,happy,,,,,m,704,True,False,,mar21
14,2,121,test,0,male,Latino,male,White,neutral,,,,rearranged,m,1332,False,False,,mar21
14,2,122,test,0,female,White,female,Black,angry,,,,rearranged,m,1231,False,False,,mar21
14,2,123,test,0,female,Asian,male,White,angry,,,,intact,z,1375,False,False,,mar21
14,2,124,test,0,female,Asian,male,White,neutral,,,,rearranged,m,1211,False,False,,mar21
14,2,125,test,0,male,Black,male,Black,happy,,,,intact,z,1623,False,False,,mar21
14,2,126,test,0,female,Black,female,Black,angry,,,,intact,m,1759,True,False,,mar21
14,2,127,test,0,male,Latino,female,Black,happy,,,,rearranged,m,1415,False,False,,mar21
14,2,128,test,0,male,Asian,male,White,neutral,,,,rearranged,z,1384,True,False,,mar21
14,2,129,test,0,male,White,male,White,neutral,,,,intact,z,1453,False,False,,mar21
14,2,130,test,0,male,White,female,White,neutral,,,,intact,z,1573,False,False,,mar21
14,2,131,test,0,female,White,male,Black,angry,,,,rearranged,z,1491,True,False,,mar21
14,2,132,test,0,male,White,female,White,happy,,,,intact,z,2267,False,False,,mar21
14,2,133,test,0,male,Asian,female,White,angry,,,,intact,m,991,True,False,,mar21
14,2,134,test,0,male,Asian,male,Black,neutral,,,,rearranged,z,1250,True,False,,mar21
14,2,135,test,0,male,Latino,male,Black,angry,,,,intact,z,2252,False,False,,mar21
14,2,136,test,0,female,Latino,male,Black,neutral,,,,rearranged,m,1422,False,False,,mar21
14,2,137,test,0,female,Asian,male,Black,happy,,,,rearranged,z,1537,True,False,,mar21
14,2,138,test,0,female,Latino,female,Black,happy,,,,rearranged,m,2399,False,False,,mar21
14,2,139,test,0,female,Black,female,White,neutral,,,,intact,z,1251,False,False,,mar21
14,2,140,test,0,male,Latino,female,Black,neutral,,,,intact,z,1598,False,False,,mar21
14,2,141,test,0,female,White,female,White,happy,,,,rearranged,m,1656,False,False,,mar21
14,2,142,test,0,male,White,female,Black,happy,,,,intact,z,2717,False,False,,mar21
14,2,143,test,0,female,Black,female,Black,happy,,,,intact,m,1291,True,False,,mar21
14,2,144,test,0,male,White,male,White,angry,,,,intact,m,1715,True,False,,mar21
14,2,145,test,0,female,Latino,male,Black,happy,,,,intact,z,1917,False,False,,mar21
14,2,146,test,0,female,Latino,female,White,happy,,,,intact,z,1974,False,False,,mar21
14,2,147,test,0,female,Latino,female,White,neutral,,,,intact,m,1354,True,False,,mar21
14,2,148,test,0,male,Asian,male,White,happy,,,,rearranged,m,2613,False,False,,mar21
14,2,149,test,0,male,White,male,White,neutral,,,,intact,m,1509,True,False,,mar21
14,2,150,test,0,female,White,male,Black,happy,,,,intact,z,1304,False,False,,mar21
14,2,151,test,1,female,Asian,female,White,happy,,,,rearranged,z,2425,True,False,,mar21
14,2,152,test,1,male,White,female,White,angry,,,,intact,m,1666,True,False,,mar21
14,2,153,test,1,female,Asian,female,Black,angry,,,,rearranged,z,1706,True,False,,mar21
14,2,154,test,1,male,White,female,White,angry,,,,intact,m,2746,True,False,,mar21
14,2,155,test,1,female,White,female,Black,neutral,,,,rearranged,z,2490,True,False,,mar21
14,2,156,test,1,male,Latino,female,White,neutral,,,,rearranged,m,2492,False,False,,mar21
14,2,157,test,1,male,Black,male,Black,angry,,,,rearranged,m,1452,False,False,,mar21
14,2,158,test,1,female,Asian,male,White,neutral,,,,intact,m,1523,True,False,,mar21
14,2,159,test,1,male,Asian,female,White,neutral,,,,intact,m,1989,True,False,,mar21
14,2,160,test,1,male,Black,male,White,happy,,,,rearranged,z,1089,True,False,,mar21
14,2,161,test,1,female,White,female,White,neutral,,,,rearranged,z,1510,True,False,,mar21
14,2,162,test,1,male,White,female,White,angry,,,,rearranged,z,1597,True,False,,mar21
14,2,163,test,1,female,Black,male,White,angry,,,,rearranged,z,1634,True,False,,mar21
14,2,164,test,1,female,White,male,White,angry,,,,rearranged,m,1985,False,False,,mar21
14,2,165,test,1,female,White,male,White,angry,,,,intact,m,1988,True,False,,mar21
14,2,166,test,1,female,Black,female,White,neutral,,,,intact,m,1534,True,False,,mar21
14,2,167,test,1,male,White,male,Black,angry,,,,rearranged,z,1541,True,False,,mar21
14,2,168,test,1,female,Latino,female,White,angry,,,,intact,m,1247,True,False,,mar21
14,2,169,test,1,female,White,male,Black,neutral,,,,rearranged,m,1233,False,False,,mar21
14,2,170,test,1,male,Asian,female,White,happy,,,,rearranged,z,1150,True,False,,mar21
14,2,171,test,1,female,White,female,Black,angry,,,,intact,z,1510,False,False,,mar21
14,2,172,test,1,female,Black,male,Black,happy,,,,intact,m,1256,True,False,,mar21
14,2,173,test,1,male,Latino,female,Black,happy,,,,rearranged,m,1752,False,False,,mar21
14,2,174,test,1,male,Latino,male,White,happy,,,,intact,m,1530,True,False,,mar21
14,2,175,test,1,female,Black,male,White,neutral,,,,intact,z,1345,False,False,,mar21
14,2,176,test,1,male,Black,male,White,angry,,,,rearranged,m,2417,False,False,,mar21
14,2,177,test,1,female,Latino,male,White,happy,,,,rearranged,m,1975,False,False,,mar21
14,2,178,test,1,male,White,female,White,angry,,,,rearranged,z,1565,True,False,,mar21
14,2,179,test,1,male,Asian,female,Black,neutral,,,,rearranged,z,1298,True,False,,mar21
14,2,180,test,1,male,Black,male,White,happy,,,,intact,z,1862,False,False,,mar21
15,2,1,study,0,male,White,male,White,neutral,,,,,m,814,True,False,,mar21
15,2,2,study,0,male,Black,female,Black,angry,,,,,m,705,True,False,,mar21
15,2,3,study,0,female,Black,female,Black,happy,,,,,z,614,True,False,,mar21
15,2,4,study,0,male,White,male,White,neutral,,,,,m,1106,True,False,,mar21
15,2,5,study,0,female,Latino,male,White,happy,,,,,z,852,True,False,,mar21
15,2,6,study,0,female,White,female,White,angry,,,,,z,721,True,False,,mar21
15,2,7,study,0,male,Black,female,White,angry,,,,,m,798,True,False,,mar21
15,2,8,study,0,male,Asian,female,Black,neutral,,,,,m,903,True,False,,mar21
15,2,9,study,0,female,White,male,White,angry,,,,,z,680,True,False,,mar21
15,2,10,study,0,male,Black,female,Black,happy,,,,,m,621,True,False,,mar21
15,2,11,study,0,female,Asian,male,Black,angry,,,,,z,586,True,False,,mar21
15,2,12,study,0,male,Asian,female,White,angry,,,,,m,1122,True,False,,mar21
15,2,13,study,0,female,Latino,male,Black,neutral,,,,,z,946,True,False,,mar21
15,2,14,study,0,male,Black,male,White,happy,,,,,m,772,True,False,,mar21
15,2,15,study,0,male,Asian,female,White,angry,,,,,m,674,True,False,,mar21
15,2,16,study,0,female,White,male,Black,happy,,,,,z,661,True,False,,mar21
15,2,17,study,0,male,Latino,female,Black,happy,,,,,m,747,True,False,,mar21
15,2,18,study,0,female,Asian,female,Black,neutral,,,,,z,764,True,False,,mar21
15,2,19,study,0,male,Asian,male,White,happy,,,,,m,1110,True,False,,mar21
15,2,20,study,0,male,Black,male,White,angry,,,,,m,794,True,False,,mar21
15,2,21,study,0,female,White,female,White,neutral,,,,,z,707,True,False,,mar21
15,2,22,study,0,male,Black,male,Black,angry,,,,,m,749,True,False,,mar21
15,2,23,study,0,female,White,female,Black,neutral,,,,,z,676,True,False,,mar21
15,2,24,study,0,male,White,male,White,neutral,,,,,m,596,True,False,,mar21
15,2,25,study,0,female,Asian,male,White,happy,,,,,z,679,True,False,,mar21
15,2,26,study,0,male,Asian,female,White,neutral,,,,,m,640,True,False,,mar21
15,2,27,study,0,male,Black,male,White,angry,,,,,m,650,True,False,,mar21
15,2,28,study,0,female,Black,male,Black,neutral,,,,,z,687,True,False,,mar21
15,2,29,study,0,male,White,male,White,happy,,,,,m,674,True,False,,mar21
15,2,30,study,0,male,Black,male,White,neutral,,,,,m,1145,True,False,,mar21
15,2,31,study,1,male,Asian,female,Black,angry,,,,,m,940,True,False,,mar21
15,2,32,study,1,female,Latino,female,Black,happy,,,,,z,561,True,False,,mar21
15,2,33,study,1,male,Black,female,White,neutral,,,,,m,1333,True,False,,mar21
15,2,34,study,1,female,Black,male,Black,happy,,,,,z,999,True,False,,mar21
15,2,35,study,1,male,White,female,Black,neutral,,,,,m,1117,True,False,,mar21
15,2,36,study,1,male,Black,female,White,happy,,,,,m,1218,True,False,,mar21
15,2,37,study,1,male,White,female,White,happy,,,,,m,1106,True,False,,mar21
15,2,38,study,1,female,White,male,Black,neutral,,,,,z,1080,True,False,,mar21
15,2,39,study,1,male,Latino,female,White,neutral,,,,,m,1035,True,False,,mar21
15,2,40,study,1,female,Black,male,White,angry,,,,,z,1083,True,False,,mar21
15,2,41,study,1,female,Black,female,White,angry,,,,,z,930,True,False,,mar21
15,2,42,study,1,female,Asian,female,White,neutral,,,,,z,697,True,False,,mar21
15,2,43,study,1,female,Black,female,Black,happy,,,,,z,698,True,False,,mar21
15,2,44,study,1,female,White,female,White,angry,,,,,z,1466,True,False,,mar21
15,2,45,study,1,female,White,male,White,angry,,,,,z,1089,True,False,,mar21
15,2,46,study,1,female,Black,female,Black,happy,,,,,z,991,True,False,,mar21
15,2,47,study,1,male,White,male,Black,happy,,,,,m,670,True,False,,mar21
15,2,48,study,1,female,Black,female,Black,angry,,,,,z,657,True,False,,mar21
15,2,49,study,1,male,Black,male,Black,neutral,,,,,m,864,True,False,,mar21
15,2,50,study,1,female,White,female,White,neutral,,,,,z,640,True,False,,mar21
15,2,51,study,1,female,Black,male,Black,neutral,,,,,z,677,True,False,,mar21
15,2,52,study,1,female,White,male,White,happy,,,,,z,635,True,False,,mar21
15,2,53,study,1,male,Latino,female,Black,happy,,,,,m,696,True,False,,mar21
15,2,54,study,1,female,Latino,female,White,happy,,,,,z,1008,True,False,,mar21
15,2,55,study,1,female,Black,male,Black,neutral,,,,,z,857,True,False,,mar21
15,2,56,study,1,female,Black,male,Black,angry,,,,,z,1065,True,False,,mar21
15,2,57,study,1,male,Asian,male,Black,happy,,,,,m,665,True,False,,mar21
15,2,58,study,1,male,White,male,White,angry,,,,,m,530,True,False,,mar21
15,2,59,study,1,female,Latino,female,White,angry,,,,,z,923,True,False,,mar21
15,2,60,study,1,male,Asian,male,White,angry,,,,,m,951,True,False,,mar21
15,2,61,study,0,female,Latino,female,Black,happy,,,,,z,666,True,False,,mar21
15,2,62,study,0,male,White,female,Black,neutral,,,,,m,735,True,False,,mar21
15,2,63,study,0,male,Black,male,White,happy,,,,,m,582,True,False,,mar21
15,2,64,study,0,male,White,male,Black,happy,,,,,m,494,True,False,,mar21
15,2,65,study,0,male,Black,male,White,angry,,,,,m,664,True,False,,mar21
15,2,66,study,0,female,Latino,male,White,happy,,,,,z,698,True,False,,mar21
15,2,67,study,0,female,Black,female,White,angry,,,,,z,722,True,False,,mar21
15,2,68,study,0,male,Asian,male,Black,happy,,,,,m,1827,True,False,,mar21
15,2,69,study,0,female,Black,male,Black,happy,,,,,z,698,True,False,,mar21
15,2,70,study,0,female,White,female,White,neutral,,,,,z,855,True,False,,mar21
15,2,71,study,0,female,Latino,female,White,happy,,,,,z,652,True,False,,mar21
15,2,72,study,0,male,Black,female,Black,happy,,,,,m,632,True,False,,mar21
15,2,73,study,0,male,White,male,White,angry,,,,,m,2372,True,False,,mar21
15,2,74,study,0,female,White,female,White,angry,,,,,z,1701,True,False,,mar21
15,2,75,study,0,female,Black,male,Black,neutral,,,,,z,695,True,False,,mar21
15,2,76,study,0,male,White,male,White,neutral,,,,,m,917,True,False,,mar21
15,2,77,study,0,female,White,female,White,angry,,,,,z,819,True,False,,mar21
15,2,78,study,0,female,Asian,male,White,happy,,,,,z,1128,True,False,,mar21
15,2,79,study,0,female,Black,female,Black,happy,,,,,z,711,True,False,,mar21
15,2,80,study,0,female,White,male,White,angry,,,,,z,1100,True,False,,mar21
15,2,81,study,0,female,Black,male,Black,neutral,,,,,z,852,True,False,,mar21
15,2,82,study,0,male,Asian,female,White,neutral,,,,,m,1276,True,False,,mar21
15,2,83,study,0,female,Latino,female,White,angry,,,,,z,632,True,False,,mar21
15,2,84,study,0,female,White,male,White,angry,,,,,z,557,True,False,,mar21
15,2,85,study,0,female,White,male,Black,happy,,,,,z,966,True,False,,mar21
15,2,86,study,0,female,Asian,female,White,neutral,,,,,z,1008,True,False,,mar21
15,2,87,study,0,female,Asian,male,Black,angry,,,,,z,624,True,False,,mar21
15,2,88,study,0,female,Black,male,Black,angry,,,,,z,922,True,False,,mar21
15,2,89,study,0,male,Black,male,White,angry,,,,,m,1096,True,False,,mar21
15,2,90,study,0,male,Black,male,White,neutral,,,,,m,896,True,False,,mar21
15,2,91,study,1,male,Asian,male,White,happy,,,,,m,1192,True,False,,mar21
15,2,92,study,1,male,Asian,male,White,angry,,,,,m,1264,True,False,,mar21
15,2,93,study,1,male,White,female,White,happy,,,,,m,1898,True,False,,mar21
15,2,94,study,1,female,White,male,White,happy,,,,,,,False,True,,mar21
15,2,95,study,1,male,White,male,White,neutral,,,,,m,1019,True,False,,mar21
15,2,96,study,1,male,Black,male,Black,neutral,,,,,m,965,True,False,,mar21
15,2,97,study,1,male,Black,female,White,happy,,,,,,,False,True,,mar21
15,2,98,study,1,male,White,male,White,neutral,,,,,m,1590,True,False,,mar21
15,2,99,study,1,female,Black,male,Black,neutral,,,,,z,1034,True,False,,mar21
15,2,100,study,1,male,Asian,female,Black,angry,,,,,m,829,True,False,,mar21
15,2,101,study,1,female,Black,male,White,angry,,,,,z,940,True,False,,mar21
15,2,102,study,1,female,Black,female,Black,happy,,,,,z,833,True,False,,mar21
15,2,103,study,1,male,Latino,female,Black,happy,,,,,m,1320,True,False,,mar21
15,2,104,study,1,male,Asian,female,White,angry,,,,,m,795,True,False,,mar21
15,2,105,study,1,female,Black,female,Black,happy,,,,,z,718,True,False,,mar21
15,2,106,study,1,female,Asian,female,Black,neutral,,,,,z,875,True,False,,mar21
15,2,107,study,1,female,Latino,male,Black,neutral,,,,,z,957,True,False,,mar21
15,2,108,study,1,male,Black,female,White,neutral,,,,,m,871,True,False,,mar21
15,2,109,study,1,male,Latino,female,Black,happy,,,,,m,1074,True,False,,mar21
15,2,110,study,1,female,White,female,Black,neutral,,,,,z,1259,True,False,,mar21
15,2,111,study,1,female,White,female,White,neutral,,,,,z,1123,True,False,,mar21
15,2,112,study,1,male,Latino,female,White,neutral,,,,,m,2066,True,False,,mar21
15,2,113,study,1,female,Black,female,Black,angry,,,,,z,1127,True,False,,mar21
15,2,114,study,1,male,Black,female,Black,angry,,,,,m,874,True,False,,mar21
15,2,115,study,1,male,Asian,female,Black,neutral,,,,,m,775,True,False,,mar21
15,2,116,study,1,male,Black,male,Black,angry,,,,,m,907,True,False,,mar21
15,2,117,study,1,male,Asian,female,White,angry,,,,,m,1123,True,False,,mar21
15,2,118,study,1,male,Black,female,White,angry,,,,,m,1064,True,False,,mar21
15,2,119,study,1,female,White,male,Black,neutral,,,,,z,1208,True,False,,mar21
15,2,120,study,1,male,White,male,White,happy,,,,,m,955,True,False,,mar21
15,2,121,test,0,female,Black,male,Black,angry,,,,rearranged,m,1937,False,False,,mar21
15,2,122,test,0,male,Asian,female,Black,angry,,,,rearranged,z,2328,True,False,,mar21
15,2,123,test,0,female,Black,male,Black,neutral,,,,rearranged,m,2297,False,False,,mar21
15,2,124,test,0,female,Black,female,White,angry,,,,intact,z,1357,False,False,,mar21
15,2,125,test,0,male,Black,female,Black,neutral,,,,rearranged,z,2108,True,False,,mar21
15,2,126,test,0,female,White,female,White,angry,,,,intact,m,2155,True,False,,mar21
15,2,127,test,0,male,Black,female,White,angry,,,,rearranged,z,1776,True,False,,mar21
15,2,128,test,0,male,Asian,female,White,neutral,,,,intact,m,2306,True,False,,mar21
15,2,129,test,0,female,White,female,Black,neutral,,,,rearranged,z,2106,True,False,,mar21
15,2,130,test,0,female,Asian,male,White,happy,,,,intact,z,1464,False,False,,mar21
15,2,131,test,0,female,Asian,female,Black,neutral,,,,intact,z,1997,False,False,,mar21
15,2,132,test,0,female,White,female,White,neutral,,,,intact,m,2575,True,False,,mar21
15,2,133,test,0,male,Black,male,White,neutral,,,,intact,z,2048,False,False,,mar21
15,2,134,test,0,female,Latino,female,White,angry,,,,intact,m,1499,True,False,,mar21
15,2,135,test,0,male,Latino,female,White,happy,,,,rearranged,m,2099,False,False,,mar21
15,2,136,test,0,female,White,female,White,neutral,,,,rearranged,m,1465,False,False,,mar21
15,2,137,test,0,female,Latino,female,White,happy,,,,intact,m,2614,True,False,,mar21
15,2,138,test,0,male,Black,male,White,angry,,,,rearranged,z,2153,True,False,,mar21
15,2,139,test,0,male,White,female,White,neutral,,,,rearranged,,,False,True,,mar21
15,2,140,test,0,female,Black,female,Black,happy,,,,rearranged,m,1465,False,False,,mar21
15,2,141,test,0,female,Latino,male,Black,neutral,,,,intact,m,1536,True,False,,mar21
15,2,142,test,0,female,Latino,female,Black,happy,,,,rearranged,m,1790,False,False,,mar21
15,2,143,test,0,male,Black,male,White,happy,,,,rearranged,z,1549,True,False,,mar21
15,2,144,test,0,female,Black,male,Black,happy,,,,intact,m,1860,True,False,,mar21
15,2,145,test,0,male,Black,male,White,angry,,,,intact,m,1854,True,False,,mar21
15,2,146,test,0,male,Black,male,White,neutral,,,,rearranged,z,1761,True,False,,mar21
15,2,147,test,0,male,White,male,White,happy,,,,intact,m,2089,True,False,,mar21
15,2,148,test,0,male,White,male,Black,happy,,,,intact,m,1473,True,False,,mar21
15,2,149,test,0,female,Latino,male,White,happy,,,,intact,m,1545,True,False,,mar21
15,2,150,test,0,female,White,female,Black,angry,,,,rearranged,z,1617,True,False,,mar21
15,2,151,test,1,male,Asian,male,White,happy,,,,rearranged,z,1392,True,False,,mar21
15,2,152,test,1,male,Asian,female,White,angry,,,,intact,m,1281,True,False,,mar21
15,2,153,test,1,male,Black,male,White,angry,,,,intact,m,1059,True,False,,mar21
15,2,154,test,1,male,Black,female,White,angry,,,,intact,m,1037,True,False,,mar21
15,2,155,test,1,male,Asian,male,White,angry,,,,rearranged,m,1152,False,False,,mar21
15,2,156,test,1,male,White,female,White,happy,,,,intact,m,1070,True,False,,mar21
15,2,157,test,1,female,Asian,female,White,neutral,,,,intact,m,1925,True,False,,mar21
15,2,158,test,1,male,Latino,female,White,neutral,,,,intact,z,1871,False,False,,mar21
15,2,159,test,1,female,Black,female,White,angry,,,,rearranged,m,1577,False,False,,mar21
15,2,160,test,1,male,Black,female,Black,happy,,,,intact,m,2342,True,False,,mar21
15,2,161,test,1,male,Black,female,Black,happy,,,,rearranged,z,1306,True,False,,mar21
15,2,162,test,1,female,Black,female,Black,happy,,,,intact,m,1520,True,False,,mar21
15,2,163,test,1,female,White,male,Black,neutral,,,,rearranged,z,1552,True,False,,mar21
15,2,164,test,1,male,Asian,female,Black,neutral,,,,intact,z,1578,False,False,,mar21
15,2,165,test,1,female,White,male,White,angry,,,,intact,m,1385,True,False,,mar21
15,2,166,test,1,female,White,male,Black,happy,,,,rearranged,z,1758,True,False,,mar21
15,2,167,test,1,female,Black,male,Black,neutral,,,,rearranged,m,1812,False,False,,mar21
15,2,168,test,1,male,Asian,male,Black,happy,,,,intact,m,1786,True,False,,mar21
15,2,169,test,1,female,Black,male,Black,neutral,,,,intact,m,1708,True,False,,mar21
15,2,170,test,1,female,Asian,male,Black,angry,,,,rearranged,z,1821,True,False,,mar21
15,2,171,test,1,female,Black,female,Black,happy,,,,rearranged,m,1371,False,False,,mar21
15,2,172,test,1,female,White,male,White,angry,,,,intact,z,1580,False,False,,mar21
15,2,173,test,1,male,White,male,Black,angry,,,,rearranged,z,1248,True,False,,mar21
15,2,174,test,1,male,White,male,White,neutral,,,,rearranged,m,1180,False,False,,mar21
15,2,175,test,1,male,Latino,female,Black,happy,,,,rearranged,z,1252,True,False,,mar21
15,2,176,test,1,female,Black,male,White,angry,,,,rearranged,m,1385,False,False,,mar21
15,2,177,test,1,male,White,male,White,neutral,,,,intact,m,1271,True,False,,mar21
15,2,178,test,1,male,Asian,female,Black,angry,,,,intact,z,1445,False,False,,mar21
15,2,179,test,1,male,White,male,Black,neutral,,,,rearranged,m,1319,False,False,,mar21
15,2,180,test,1,female,White,male,White,happy,,,,rearranged,z,1353,True,False,,mar21
16,2,1,study,0,female,Black,male,Black,angry,,,,,z,1080,True,False,,mar21
16,2,2,study,0,female,Latino,female,Black,neutral,,,,,z,1289,True,False,,mar21
16,2,3,study,0,female,Latino,female,Black,happy,,,,,z,904,True,False,,mar21
16,2,4,study,0,female,Latino,female,Black,happy,,,,,z,1096,True,False,,mar21
16,2,5,study,0,female,Black,male,Black,happy,,,,,z,1230,True,False,,mar21
16,2,6,study,0,male,Latino,male,White,neutral,,,,,m,891,True,False,,mar21
16,2,7,study,0,female,White,male,White,neutral,,,,,m,2153,False,False,,mar21
16,2,8,study,0,female,Black,male,White,neutral,,,,,z,1524,True,False,,mar21
16,2,9,study,0,male,White,female,White,neutral,,,,,m,1672,True,False,,mar21
16,2,10,study,0,female,Latino,male,Black,neutral,,,,,z,850,True,False,,mar21
16,2,11,study,0,male,Black,female,White,happy,,,,,m,940,True,False,,mar21
16,2,12,study,0,male,White,female,Black,happy,,,,,m,881,True,False,,mar21
16,2,13,study,0,female,Black,male,White,angry,,,,,z,1284,True,False,,mar21
16,2,14,study,0,male,Black,female,Black,neutral,,,,,m,1418,True,False,,mar21
16,2,15,study,0,female,Black,male,Black,neutral,,,,,z,1355,True,False,,mar21
16,2,16,study,0,male,Latino,male,White,neutral,,,,,m,869,True,False,,mar21
16,2,17,study,0,male,White,female,White,angry,,,,,m,902,True,False,,mar21
16,2,18,study,0,male,Latino,male,Black,neutral,,,,,m,775,True,False,,mar21
16,2,19,study,0,male,White,female,White,angry,,,,,m,1189,True,False,,mar21
16,2,20,study,0,male,Asian,female,Black,angry,,,,,m,883,True,False,,mar21
16,2,21,study,0,female,White,female,Black,happy,,,,,z,785,True,False,,mar21
16,2,22,study,0,female,Latino,male,Black,angry,,,,,z,1480,True,False,,mar21
16,2,23,study,0,female,Black,female,Black,happy,,,,,z,1438,True,False,,mar21
16,2,24,study,0,female,White,female,Black,angry,,,,,z,2068,True,False,,mar21
16,2,25,study,0,male,Black,female,White,happy,,,,,m,767,True,False,,mar21
16,2,26,study,0,male,Latino,female,Black,angry,,,,,m,812,True,False,,mar21
16,2,27,study,0,male,White,female,White,happy,,,,,m,1070,True,False,,mar21
16,2,28,study,0,male,White,female,White,happy,,,,,z,1477,False,False,,mar21
16,2,29,study,0,male,Asian,female,Black,neutral,,,,,m,1152,True,False,,mar21
16,2,30,study,0,male,Black,female,Black,neutral,,,,,m,749,True,False,,mar21
16,2,31,study,1,female,Asian,female,Black,neutral,,,,,z,937,True,False,,mar21
16,2,32,study,1,female,Asian,male,White,happy,,,,,z,1224,True,False,,mar21
16,2,33,study,1,male,Black,female,White,angry,,,,,m,730,True,False,,mar21
16,2,34,study,1,female,Asian,male,Black,neutral,,,,,z,683,True,False,,mar21
16,2,35,study,1,female,White,female,White,angry,,,,,z,608,True,False,,mar21
16,2,36,study,1,female,Black,male,Black,happy,,,,,z,1367,True,False,,mar21
16,2,37,study,1,female,Black,male,Black,angry,,,,,z,1178,True,False,,mar21
16,2,38,study,1,male,Latino,male,Black,neutral,,,,,m,715,True,False,,mar21
16,2,39,study,1,female,Asian,male,Black,happy,,,,,z,1025,True,False,,mar21
16,2,40,study,1,male,Asian,male,Black,angry,,,,,m,936,True,False,,mar21
16,2,41,study,1,female,Latino,female,Black,neutral,,,,,z,746,True,False,,mar21
16,2,42,study,1,male,Asian,male,Black,neutral,,,,,m,926,True,False,,mar21
16,2,43,study,1,male,White,male,Black,happy,,,,,m,798,True,False,,mar21
16,2,44,study,1,female,Black,female,White,happy,,,,,z,1009,True,False,,mar21
16,2,45,study,1,female,White,female,Black,angry,,,,,z,1179,True,False,,mar21
16,2,46,study,1,female,Asian,female,Black,angry,,,,,z,1194,True,False,,mar21
16,2,47,study,1,male,Asian,male,Black,happy,,,,,m,1099,True,False,,mar21
16,2,48,study,1,male,Black,male,White,happy,,,,,m,1403,True,False,,mar21
16,2,49,study,1,male,White,male,White,angry,,,,,m,1095,True,False,,mar21
16,2,50,study,1,male,White,female,Black,neutral,,,,,m,1397,True,False,,mar21
16,2,51,study,1,female,Asian,female,White,neutral,,,,,z,1427,True,False,,mar21
16,2,52,study,1,male,Asian,male,Black,happy,,,,,m,768,True,False,,mar21
16,2,53,study,1,female,Latino,male,Black,angry,,,,,z,658,True,False,,mar21
16,2,54,study,1,male,Black,male,Black,angry,,,,,m,695,True,False,,mar21
16,2,55,study,1,male,Black,male,Black,angry,,,,,m,941,True,False,,mar21
16,2,56,study,1,female,White,male,Black,happy,,,,,z,957,True,False,,mar21
16,2,57,study,1,female,Latino,female,White,neutral,,,,,z,985,True,False,,mar21
16,2,58,study,1,female,White,female,White,angry,,,,,z,876,True,False,,mar21
16,2,59,study,1,male,Latino,male,White,happy,,,,,m,1473,True,False,,mar21
16,2,60,study,1,male,White,male,Black,angry,,,,,m,1702,True,False,,mar21
16,2,61,study,0,female,Asian,female,Black,angry,,,,,z,832,True,False,,mar21
16,2,62,study,0,male,Latino,male,Black,neutral,,,,,m,1123,True,False,,mar21
16,2,63,study,0,female,Asian,male,Black,neutral,,,,,z,1106,True,False,,mar21
16,2,64,study,0,male,Black,female,Black,neutral,,,,,m,1138,True,False,,mar21
16,2,65,study,0,male,White,female,White,happy,,,,,m,1394,True,False,,mar21
16,2,66,study,0,female,White,male,White,neutral,,,,,z,1056,True,False,,mar21
16,2,67,study,0,male,Black,male,Black,angry,,,,,m,876,True,False,,mar21
16,2,68,study,0,female,Latino,male,Black,angry,,,,,z,955,True,False,,mar21
16,2,69,study,0,female,Black,male,White,neutral,,,,,z,1133,True,False,,mar21
16,2,70,study,0,male,White,female,White,happy,,,,,m,1559,True,False,,mar21
16,2,71,study,0,male,Asian,male,Black,neutral,,,,,m,968,True,False,,mar21
16,2,72,study,0,female,Asian,male,White,happy,,,,,z,1057,True,False,,mar21
16,2,73,study,0,male,Latino,female,Black,angry,,,,,m,844,True,False,,mar21
16,2,74,study,0,male,White,male,Black,happy,,,,,m,851,True,False,,mar21
16,2,75,study,0,male,Latino,male,White,neutral,,,,,m,839,True,False,,mar21
16,2,76,study,0,female,Latino,female,Black,neutral,,,,,z,1119,True,False,,mar21
16,2,77,study,0,female,Black,male,Black,happy,,,,,z,1210,True,False,,mar21
16,2,78,study,0,female,Asian,male,Black,happy,,,,,z,1175,True,False,,mar21
16,2,79,study,0,female,Latino,female,Black,happy,,,,,z,940,True,False,,mar21
16,2,80,study,0,male,Black,female,Black,neutral,,,,,m,845,True,False,,mar21
16,2,81,study,0,female,White,female,Black,angry,,,,,z,1452,True,False,,mar21
16,2,82,study,0,male,Black,female,White,happy,,,,,m,986,True,False,,mar21
16,2,83,study,0,male,White,male,White,angry,,,,,m,804,True,False,,mar21
16,2,84,study,0,male,Asian,male,Black,happy,,,,,m,949,True,False,,mar21
16,2,85,study,0,male,Black,male,White,happy,,,,,m,957,True,False,,mar21
16,2,86,study,0,male,White,male,Black,angry,,,,,m,849,True,False,,mar21
16,2,87,study,0,male,Black,female,White,angry,,,,,m,722,True,False,,mar21
16,2,88,study,0,female,Black,male,White,angry,,,,,z,1172,True,False,,mar21
16,2,89,study,0,female,Black,female,White,happy,,,,,z,1081,True,False,,mar21
16,2,90,study,0,female,White,female,White,angry,,,,,z,929,True,False,,mar21
16,2,91,study,1,female,Asian,female,Black,neutral,,,,,z,1020,True,False,,mar21
16,2,92,study,1,male,Asian,male,Black,happy,,,,,m,926,True,False,,mar21
16,2,93,study,1,female,Latino,female,White,neutral,,,,,z,1015,True,False,,mar21
16,2,94,study,1,male,Asian,female,Black,neutral,,,,,m,799,True,False,,mar21
16,2,95,study,1,male,White,female,Black,neutral,,,,,m,696,True,False,,mar21
16,2,96,study,1,female,Latino,female,Black,neutral,,,,,z,997,True,False,,mar21
16,2,97,study,1,female,Asian,female,White,neutral,,,,,z,1237,True,False,,mar21
16,2,98,study,1,female,White,female,Black,angry,,,,,z,1030,True,False,,mar21
16,2,99,study,1,male,Black,male,Black,angry,,,,,m,686,True,False,,mar21
16,2,100,study,1,female,Black,male,Black,happy,,,,,z,1544,True,False,,mar21
16,2,101,study,1,male,White,female,White,angry,,,,,m,2218,True,False,,mar21
16,2,102,study,1,male,White,female,White,angry,,,,,m,996,True,False,,mar21
16,2,103,study,1,female,Latino,male,Black,angry,,,,,z,973,True,False,,mar21
16,2,104,study,1,female,Black,male,Black,neutral,,,,,z,1375,True,False,,mar21
16,2,105,study,1,male,White,female,White,neutral,,,,,m,783,True,False,,mar21
16,2,106,study,1,male,Latino,male,White,happy,,,,,m,827,True,False,,mar21
16,2,107,study,1,female,Latino,male,Black,neutral,,,,,z,980,True,False,,mar21
16,2,108,study,1,female,White,female,White,angry,,,,,z,1324,True,False,,mar21
16,2,109,study,1,female,Latino,female,Black,happy,,,,,z,1058,True,False,,mar21
16,2,110,study,1,male,Asian,male,Black,angry,,,,,m,839,True,False,,mar21
16,2,111,study,1,female,White,female,Black,happy,,,,,z,1111,True,False,,mar21
16,2,112,study,1,female,Black,male,Black,angry,,,,,z,843,True,False,,mar21
16,2,113,study,1,female,Black,male,Black,angry,,,,,z,1351,True,False,,mar21
16,2,114,study,1,male,Latino,male,Black,neutral,,,,,m,798,True,False,,mar21
16,2,115,study,1,male,Latino,male,White,neutral,,,,,m,1035,True,False,,mar21
16,2,116,study,1,male,White,female,Black,happy,,,,,m,973,True,False,,mar21
16,2,117,study,1,male,Black,female,White,happy,,,,,m,768,True,False,,mar21
16,2,118,study,1,female,White,male,Black,happy,,,,,z,1233,True,False,,mar21
16,2,119,study,1,male,Asian,female,Black,angry,,,,,m,778,True,False,,mar21
16,2,120,study,1,female,Black,female,Black,happy,,,,,z,1053,True,False,,mar21
16,2,121,test,0,male,Asian,male,White,neutral,,,,rearranged,z,1358,False,False,,mar21
16,2,122,test,0,female,Asian,male,Black,happy,,,,rearranged,z,1114,False,False,,mar21
16,2,123,test,0,female,Black,male,White,neutral,,,,rearranged,m,1579,True,False,,mar21
16,2,124,test,0,male,White,female,White,neutral,,,,intact,z,1676,True,False,,mar21
16,2,125,test,0,female,Black,male,White,neutral,,,,rearranged,z,1626,False,False,,mar21
16,2,126,test,0,male,White,female,White,happy,,,,rearranged,z,1417,False,False,,mar21
16,2,127,test,0,female,Asian,female,White,neutral,,,,rearranged,z,1130,False,False,,mar21
16,2,128,test,0,male,Asian,female,Black,neutral,,,,rearranged,m,1538,True,False,,mar21
16,2,129,test,0,female,Latino,female,Black,neutral,,,,intact,m,1150,False,False,,mar21
16,2,130,test,0,male,Asian,male,Black,angry,,,,intact,z,1287,True,False,,mar21
16,2,131,test,0,female,Latino,female,Black,happy,,,,intact,m,2082,False,False,,mar21
16,2,132,test,0,male,Latino,male,Black,neutral,,,,rearranged,m,1437,True,False,,mar21
16,2,133,test,0,female,Asian,male,Black,neutral,,,,intact,z,1583,True,False,,mar21
16,2,134,test,0,male,White,male,Black,angry,,,,rearranged,z,1137,False,False,,mar21
16,2,135,test,0,male,Asian,female,White,angry,,,,rearranged,m,1358,True,False,,mar21
16,2,136,test,0,male,White,female,White,angry,,,,intact,z,1010,True,False,,mar21
16,2,137,test,0,female,White,female,White,angry,,,,intact,m,1474,False,False,,mar21
16,2,138,test,0,female,Asian,male,White,happy,,,,intact,m,1036,False,False,,mar21
16,2,139,test,0,male,Black,female,Black,neutral,,,,intact,m,1237,False,False,,mar21
16,2,140,test,0,female,Black,female,Black,happy,,,,rearranged,m,1495,True,False,,mar21
16,2,141,test,0,female,White,male,Black,neutral,,,,rearranged,z,1581,False,False,,mar21
16,2,142,test,0,male,Latino,female,Black,angry,,,,intact,z,1549,True,False,,mar21
16,2,143,test,0,female,Black,male,Black,happy,,,,intact,z,1326,True,False,,mar21
16,2,144,test,0,female,Black,female,Black,happy,,,,intact,m,1134,False,False,,mar21
16,2,145,test,0,female,Latino,female,Black,neutral,,,,rearranged,m,920,True,False,,mar21
16,2,146,test,0,female,White,female,Black,angry,,,,rearranged,m,1378,True,False,,mar21
16,2,147,test,0,female,White,female,White,angry,,,,intact,m,1440,False,False,,mar21
16,2,148,test,0,female,Latino,female,Black,neutral,,,,intact,m,1404,False,False,,mar21
16,2,149,test,0,female,White,female,Black,angry,,,,rearranged,z,1464,False,False,,mar21
16,2,150,test,0,male,Black,male,Black,angry,,,,intact,z,1706,True,False,,mar21
16,2,151,test,1,male,Latino,male,Black,neutral,,,,intact,m,1311,False,False,,mar21
16,2,152,test,1,male,Black,female,White,happy,,,,intact,z,1132,True,False,,mar21
16,2,153,test,1,female,Asian,female,Black,angry,,,,intact,m,1477,False,False,,mar21
16,2,154,test,1,female,Black,male,Black,happy,,,,rearranged,m,1238,True,False,,mar21
16,2,155,test,1,female,White,male,Black,happy,,,,intact,z,1162,True,False,,mar21
16,2,156,test,1,male,White,female,White,happy,,,,rearranged,z,1571,False,False,,mar21
16,2,157,test,1,female,Latino,male,Black,neutral,,,,intact,z,1802,True,False,,mar21
16,2,158,test,1,male,White,female,White,angry,,,,intact,z,1401,True,False,,mar21
16,2,159,test,1,female,Black,male,Black,angry,,,,intact,z,1861,True,False,,mar21
16,2,160,test,1,female,Latino,female,Black,happy,,,,rearranged,z,1766,False,False,,mar21
16,2,161,test,1,male,White,female,Black,happy,,,,intact,z,1075,True,False,,mar21
16,2,162,test,1,female,Latino,male,Black,angry,,,,intact,z,1367,True,False,,mar21
16,2,163,test,1,female,Latino,male,White,angry,,,,rearranged,m,1175,True,False,,mar21
16,2,164,test,1,male,Black,male,White,happy,,,,intact,z,1526,True,False,,mar21
16,2,165,test,1,male,Black,female,Black,angry,,,,rearranged,z,1246,False,False,,mar21
16,2,166,test,1,male,White,female,Black,neutral,,,,rearranged,m,1447,True,False,,mar21
16,2,167,test,1,female,Black,male,Black,angry,,,,rearranged,z,1339,False,False,,mar21
16,2,168,test,1,male,White,male,White,happy,,,,rearranged,m,1890,True,False,,mar21
16,2,169,test,1,male,Black,female,White,happy,,,,rearranged,m,2215,True,False,,mar21
16,2,170,test,1,male,Black,female,Black,neutral,,,,intact,z,1241,True,False,,mar21
16,2,171,test,1,female,White,female,White,happy,,,,rearranged,m,1487,True,False,,mar21
16,2,172,test,1,male,Black,male,White,angry,,,,rearranged,m,2098,True,False,,mar21
16,2,173,test,1,male,Latino,male,Black,happy,,,,rearranged,z,1341,False,False,,mar21
16,2,174,test,1,male,Asian,male,Black,happy,,,,intact,z,1617,True,False,,mar21
16,2,175,test,1,male,Asian,male,Black,happy,,,,intact,m,1392,False,False,,mar21
16,2,176,test,1,female,Asian,female,White,neutral,,,,intact,m,1535,False,False,,mar21
16,2,177,test,1,female,Black,male,Black,angry,,,,rearranged,z,1909,False,False,,mar21
16,2,178,test,1,male,White,male,Black,angry,,,,rearranged,z,1402,False,False,,mar21
16,2,179,test,1,male,Latino,male,White,neutral,,,,intact,z,1601,True,False,,mar21
16,2,180,test,1,male,Latino,male,Black,neutral,,,,rearranged,z,1397,False,False,,mar21
17,2,1,study,0,female,Black,female,Black,angry,,,,,z,643,True,False,,mar21
17,2,2,study,0,male,Asian,male,Black,angry,,,,,m,460,True,False,,mar21
17,2,3,study,0,male,White,female,White,neutral,,,,,z,713,False,False,,mar21
17,2,4,study,0,male,Asian,female,Black,happy,,,,,m,622,True,False,,mar21
17,2,5,study,0,male,Latino,male,Black,neutral,,,,,m,728,True,False,,mar21
17,2,6,study,0,female,White,female,White,neutral,,,,,z,499,True,False,,mar21
17,2,7,study,0,female,Latino,female,Black,neutral,,,,,z,461,True,False,,mar21
17,2,8,study,0,female,Black,male,White,angry,,,,,m,1433,False,False,,mar21
17,2,9,study,0,male,Latino,male,White,angry,,,,,m,792,True,False,,mar21
17,2,10,study,0,female,Asian,male,Black,happy,,,,,z,976,True,False,,mar21
17,2,11,study,0,female,White,male,White,neutral,,,,,z,1021,True,False,,mar21
17,2,12,study,0,female,White,female,Black,happy,,,,,z,877,True,False,,mar21
17,2,13,study,0,male,Black,male,Black,happy,,,,,m,927,True,False,,mar21
17,2,14,study,0,male,Asian,female,Black,neutral,,,,,m,616,True,False,,mar21
17,2,15,study,0,female,Asian,female,White,neutral,,,,,z,689,True,False,,mar21
17,2,16,study,0,female,White,male,Black,angry,,,,,z,583,True,False,,mar21
17,2,17,study,0,female,Asian,male,White,angry,,,,,z,804,True,False,,mar21
17,2,18,study,0,male,Asian,female,Black,angry,,,,,m,533,True,False,,mar21
17,2,19,study,0,female,White,male,White,neutral,,,,,z,557,True,False,,mar21
17,2,20,study,0,male,Latino,male,Black,happy,,,,,m,601,True,False,,mar21
17,2,21,study,0,male,White,male,Black,happy,,,,,m,846,True,False,,mar21
17,2,22,study,0,female,Black,male,White,angry,,,,,z,471,True,False,,mar21
17,2,23,study,0,female,Latino,male,Black,happy,,,,,z,453,True,False,,mar21
17,2,24,study,0,male,White,male,Black,neutral,,,,,m,1014,True,False,,mar21
17,2,25,study,0,male,Black,female,White,angry,,,,,m,819,True,False,,mar21
17,2,26,study,0,female,Latino,female,White,neutral,,,,,z,765,True,False,,mar21
17,2,27,study,0,male,Asian,male,White,angry,,,,,m,521,True,False,,mar21
17,2,28,study,0,female,Asian,female,Black,neutral,,,,,z,465,True,False,,mar21
17,2,29,study,0,male,White,female,Black,neutral,,,,,m,839,True,False,,mar21
17,2,30,study,0,female,Black,female,Black,happy,,,,,z,805,True,False,,mar21
17,2,31,study,1,female,Black,male,Black,happy,,,,,z,1127,True,False,,mar21
17,2,32,study,1,female,White,female,Black,angry,,,,,z,550,True,False,,mar21
17,2,33,study,1,female,Black,male,Black,neutral,,,,,z,686,True,False,,mar21
17,2,34,study,1,female,Asian,female,White,angry,,,,,z,1106,True,False,,mar21
17,2,35,study,1,female,Black,female,White,angry,,,,,z,886,True,False,,mar21
17,2,36,study,1,male,White,female,White,angry,,,,,m,663,True,False,,mar21
17,2,37,study,1,male,Black,male,Black,neutral,,,,,m,575,True,False,,mar21
17,2,38,study,1,male,White,female,Black,happy,,,,,m,457,True,False,,mar21
17,2,39,study,1,male,Black,female,Black,happy,,,,,m,487,True,False,,mar21
17,2,40,study,1,female,White,male,White,angry,,,,,z,625,True,False,,mar21
17,2,41,study,1,female,Black,female,Black,happy,,,,,z,459,True,False,,mar21
17,2,42,study,1,male,Asian,female,Black,angry,,,,,m,410,True,False,,mar21
17,2,43,study,1,male,Black,female,White,happy,,,,,m,685,True,False,,mar21
17,2,44,study,1,female,Latino,female,Black,happy,,,,,z,504,True,False,,mar21
17,2,45,study,1,female,Asian,female,Black,happy,,,,,z,476,True,False,,mar21
17,2,46,study,1,male,Asian,male,Black,neutral,,,,,m,563,True,False,,mar21
17,2,47,study,1,male,White,male,Black,neutral,,,,,m,740,True,False,,mar21
17,2,48,study,1,male,White,female,Black,angry,,,,,m,622,True,False,,mar21
17,2,49,study,1,male,Black,female,White,neutral,,,,,m,465,True,False,,mar21
17,2,50,study,1,male,Black,male,Black,happy,,,,,m,461,True,False,,mar21
17,2,51,study,1,female,Latino,male,White,neutral,,,,,z,456,True,False,,mar21
17,2,52,study,1,male,Latino,male,Black,angry,,,,,m,400,True,False,,mar21
17,2,53,study,1,female,Black,male,Black,happy,,,,,z,493,True,False,,mar21
17,2,54,study,1,male,Black,female,White,happy,,,,,m,508,True,False,,mar21
17,2,55,study,1,male,White,male,White,angry,,,,,m,456,True,False,,mar21
17,2,56,study,1,female,White,male,White,neutral,,,,,z,379,True,False,,mar21
17,2,57,study,1,male,Latino,male,Black,happy,,,,,z,431,False,False,,mar21
17,2,58,study,1,male,White,female,White,neutral,,,,,m,453,True,False,,mar21
17,2,59,study,1,female,White,male,White,happy,,,,,z,567,True,False,,mar21
17,2,60,study,1,female,White,female,White,angry,,,,,m,487,False,False,,mar21
17,2,61,study,0,female,White,female,Black,angry,,,,,z,820,True,False,,mar21
17,2,62,study,0,male,White,male,Black,neutral,,,,,m,383,True,False,,mar21
17,2,63,study,0,male,Black,female,White,neutral,,,,,m,581,True,False,,mar21
17,2,64,study,0,female,Black,male,Black,happy,,,,,z,552,True,False,,mar21
17,2,65,study,0,female,Latino,male,Black,happy,,,,,z,629,True,False,,mar21
17,2,66,study,0,male,Black,male,Black,neutral,,,,,m,608,True,False,,mar21
17,2,67,study,0,female,Black,female,White,angry,,,,,z,506,True,False,,mar21
17,2,68,study,0,male,White,female,White,angry,,,,,m,557,True,False,,mar21
17,2,69,study,0,female,Latino,female,Black,neutral,,,,,z,555,True,False,,mar21
17,2,70,study,0,female,Latino,female,White,neutral,,,,,z,502,True,False,,mar21
17,2,71,study,0,male,Latino,male,White,angry,,,,,m,520,True,False,,mar21
17,2,72,study,0,male,Asian,female,Black,neutral,,,,,m,637,True,False,,mar21
17,2,73,study,0,male,Latino,male,Black,happy,,,,,m,471,True,False,,mar21
17,2,74,study,0,male,Asian,male,Black,angry,,,,,m,536,True,False,,mar21
17,2,75,study,0,male,White,male,Black,happy,,,,,m,763,True,False,,mar21
17,2,76,study,0,male,Black,female,White,happy,,,,,m,544,True,False,,mar21
17,2,77,study,0,female,Black,female,Black,angry,,,,,z,481,True,False,,mar21
17,2,78,study,0,female,Black,female,Black,happy,,,,,z,615,True,False,,mar21
17,2,79,study,0,male,Asian,male,White,angry,,,,,m,601,True,False,,mar21
17,2,80,study,0,female,White,female,White,angry,,,,,z,632,True,False,,mar21
17,2,81,study,0,female,Black,male,Black,neutral,,,,,z,744,True,False,,mar21
17,2,82,study,0,male,White,female,White,neutral,,,,,m,685,True,False,,mar21
17,2,83,study,0,male,Asian,female,Black,angry,,,,,m,572,True,False,,mar21
17,2,84,study,0,female,White,male,Black,angry,,,,,z,657,True,False,,mar21
17,2,85,study,0,male,Latino,male,Black,neutral,,,,,m,609,True,False,,mar21
17,2,86,study,0,male,Latino,male,Black,angry,,,,,m,637,True,False,,mar21
17,2,87,study,0,female,Asian,female,White,neutral,,,,,z,699,True,False,,mar21
17,2,88,study,0,female,White,male,White,happy,,,,,z,590,True,False,,mar21
17,2,89,study,0,male,Black,male,Black,happy,,,,,m,651,True,False,,mar21
17,2,90,study,0,male,Black,female,Black,happy,,,,,m,576,True,False,,mar21
17,2,91,study,1,female,Black,female,Black,happy,,,,,z,530,True,False,,mar21
17,2,92,study,1,female,White,male,White,neutral,,,,,z,548,True,False,,mar21
17,2,93,study,1,female,Asian,female,White,angry,,,,,z,641,True,False,,mar21
17,2,94,study,1,male,Black,female,White,happy,,,,,m,642,True,False,,mar21
17,2,95,study,1,female,Latino,female,Black,happy,,,,,z,612,True,False,,mar21
17,2,96,study,1,male,White,female,Black,neutral,,,,,m,623,True,False,,mar21
17,2,97,study,1,female,White,male,White,angry,,,,,z,708,True,False,,mar21
17,2,98,study,1,female,Latino,male,White,neutral,,,,,z,626,True,False,,mar21
17,2,99,study,1,male,Black,male,Black,happy,,,,,m,608,True,False,,mar21
17,2,100,study,1,male,Latino,male,Black,happy,,,,,m,584,True,False,,mar21
17,2,101,study,1,male,Asian,female,Black,angry,,,,,m,516,True,False,,mar21
17,2,102,study,1,male,Black,female,White,angry,,,,,m,657,True,False,,mar21
17,2,103,study,1,male,White,female,White,neutral,,,,,m,560,True,False,,mar21
17,2,104,study,1,male,Asian,female,Black,happy,,,,,m,508,True,False,,mar21
17,2,105,study,1,female,Asian,male,White,angry,,,,,z,656,True,False,,mar21
17,2,106,study,1,female,White,female,Black,happy,,,,,z,738,True,False,,mar21
17,2,107,study,1,female,White,female,White,neutral,,,,,z,450,True,False,,mar21
17,2,108,study,1,male,White,male,Black,neutral,,,,,m,434,True,False,,mar21
17,2,109,study,1,female,White,male,White,neutral,,,,,z,753,True,False,,mar21
17,2,110,study,1,female,Asian,female,Black,happy,,,,,z,558,True,False,,mar21
17,2,111,study,1,male,White,male,White,angry,,,,,m,465,True,False,,mar21
17,2,112,study,1,male,White,female,Black,angry,,,,,m,585,True,False,,mar21
17,2,113,study,1,male,White,female,Black,happy,,,,,m,545,True,False,,mar21
17,2,114,study,1,male,Asian,male,Black,neutral,,,,,m,557,True,False,,mar21
17,2,115,study,1,female,Asian,female,Black,neutral,,,,,z,625,True,False,,mar21
17,2,116,study,1,female,White,male,White,neutral,,,,,z,1168,True,False,,mar21
17,2,117,study,1,female,Black,male,Black,happy,,,,,z,601,True,False,,mar21
17,2,118,study,1,female,Asian,male,Black,happy,,,,,z,724,True,False,,mar21
17,2,119,study,1,female,Black,male,White,angry,,,,,z,692,True,False,,mar21
17,2,120,study,1,female,Black,male,White,angry,,,,,z,600,True,False,,mar21
17,2,121,test,0,male,White,female,White,angry,,,,intact,z,735,True,False,,mar21
17,2,122,test,0,male,White,male,Black,neutral,,,,intact,z,634,True,False,,mar21
17,2,123,test,0,male,Black,male,Black,happy,,,,intact,z,583,True,False,,mar21
17,2,124,test,0,female,Asian,female,Black,happy,,,,intact,z,497,True,False,,mar21
17,2,125,test,0,female,White,female,Black,happy,,,,intact,z,884,True,False,,mar21
17,2,126,test,0,male,Asian,female,White,happy,,,,rearranged,z,648,False,False,,mar21
17,2,127,test,0,female,White,male,White,angry,,,,intact,z,569,True,False,,mar21
17,2,128,test,0,male,Black,female,White,happy,,,,intact,z,701,True,False,,mar21
17,2,129,test,0,male,White,female,Black,neutral,,,,intact,z,683,True,False,,mar21
17,2,130,test,0,female,Asian,male,White,happy,,,,rearranged,z,549,False,False,,mar21
17,2,131,test,0,female,Asian,female,White,angry,,,,intact,z,588,True,False,,mar21
17,2,132,test,0,female,Latino,female,Black,neutral,,,,rearranged,z,664,False,False,,mar21
17,2,133,test,0,female,White,male,White,neutral,,,,intact,z,719,True,False,,mar21
17,2,134,test,0,female,Black,male,Black,neutral,,,,intact,z,1039,True,False,,mar21
17,2,135,test,0,female,Asian,male,Black,angry,,,,rearranged,z,1324,False,False,,mar21
17,2,136,test,0,male,Asian,male,White,angry,,,,intact,z,868,True,False,,mar21
17,2,137,test,0,male,Latino,male,Black,neutral,,,,rearranged,z,734,False,False,,mar21
17,2,138,test,0,female,Black,female,Black,happy,,,,rearranged,z,773,False,False,,mar21
17,2,139,test,0,male,White,female,Black,angry,,,,intact,z,851,True,False,,mar21
17,2,140,test,0,female,White,female,White,neutral,,,,intact,z,722,True,False,,mar21
17,2,141,test,0,male,Asian,male,Black,neutral,,,,rearranged,z,911,False,False,,mar21
17,2,142,test,0,male,Latino,male,White,angry,,,,rearranged,z,618,False,False,,mar21
17,2,143,test,0,female,Latino,male,White,neutral,,,,rearranged,m,1057,True,False,,mar21
17,2,144,test,0,male,White,male,Black,angry,,,,rearranged,m,1086,True,False,,mar21
17,2,145,test,0,male,White,male,Black,neutral,,,,rearranged,z,838,False,False,,mar21
17,2,146,test,0,male,White,female,White,neutral,,,,rearranged,z,898,False,False,,mar21
17,2,147,test,0,female,White,male,White,angry,,,,rearranged,z,703,False,False,,mar21
17,2,148,test,0,female,Black,male,White,angry,,,,intact,z,623,True,False,,mar21
17,2,149,test,0,male,Asian,male,Black,angry,,,,intact,z,676,True,False,,mar21
17,2,150,test,0,male,Asian,female,Black,neutral,,,,intact,z,756,True,False,,mar21
17,2,151,test,1,female,Latino,female,White,neutral,,,,rearranged,z,1585,False,False,,mar21
17,2,152,test,1,male,Black,male,Black,happy,,,,rearranged,m,1077,True,False,,mar21
17,2,153,test,1,female,Black,male,Black,happy,,,,intact,z,668,True,False,,mar21
17,2,154,test,1,female,Black,female,Black,angry,,,,rearranged,z,643,False,False,,mar21
17,2,155,test,1,male,Black,female,Black,happy,,,,rearranged,z,603,False,False,,mar21
17,2,156,test,1,male,Black,female,Black,happy,,,,rearranged,z,587,False,False,,mar21
17,2,157,test,1,female,White,female,Black,angry,,,,intact,z,674,True,False,,mar21
17,2,158,test,1,female,Latino,female,Black,happy,,,,rearranged,z,757,False,False,,mar21
17,2,159,test,1,female,Black,female,Black,happy,,,,rearranged,z,698,False,False,,mar21
17,2,160,test,1,male,Latino,male,White,angry,,,,rearranged,z,922,False,False,,mar21
17,2,161,test,1,male,Black,female,White,neutral,,,,rearranged,m,1049,True,False,,mar21
17,2,162,test,1,male,Latino,male,Black,happy,,,,rearranged,z,777,False,False,,mar21
17,2,163,test,1,male,Asian,female,White,angry,,,,rearranged,z,803,False,False,,mar21
17,2,164,test,1,female,White,male,White,neutral,,,,rearranged,z,856,False,False,,mar21
17,2,165,test,1,female,White,female,White,angry,,,,intact,z,750,True,False,,mar21
17,2,166,test,1,male,White,female,Black,happy,,,,intact,z,553,True,False,,mar21
17,2,167,test,1,female,Black,male,White,angry,,,,rearranged,z,632,False,False,,mar21
17,2,168,test,1,male,Black,male,Black,neutral,,,,intact,z,616,True,False,,mar21
17,2,169,test,1,female,Asian,female,Black,neutral,,,,intact,z,678,True,False,,mar21
17,2,170,test,1,male,White,female,White,neutral,,,,intact,z,673,True,False,,mar21
17,2,171,test,1,female,Black,male,Black,happy,,,,intact,z,905,True,False,,mar21
17,2,172,test,1,male,Latino,male,Black,happy,,,,intact,z,639,True,False,,mar21
17,2,173,test,1,female,White,male,White,neutral,,,,rearranged,z,636,False,False,,mar21
17,2,174,test,1,female,Black,female,White,angry,,,,rearranged,z,683,False,False,,mar21
17,2,175,test,1,male,White,male,Black,happy,,,,intact,z,666,True,False,,mar21
17,2,176,test,1,male,Asian,female,Black,angry,,,,intact,z,584,True,False,,mar21
17,2,177,test,1,female,Asian,female,White,neutral,,,,intact,z,648,True,False,,mar21
17,2,178,test,1,female,White,male,Black,happy,,,,rearranged,z,691,False,False,,mar21
17,2,179,test,1,female,Latino,male,Black,happy,,,,intact,z,570,True,False,,mar21
17,2,180,test,1,male,Black,female,Black,angry,,,,rearranged,z,553,False,False,,mar21
18,2,1,study,0,male,White,female,White,happy,,,,,,,False,True,,mar21
18,2,2,study,0,female,Latino,female,Black,angry,,,,,z,866,True,False,,mar21
18,2,3,study,0,female,Black,female,Black,neutral,,,,,z,843,True,False,,mar21
18,2,4,study,0,male,White,male,Black,neutral,,,,,m,681,True,False,,mar21
18,2,5,study,0,male,White,male,White,neutral,,,,,m,603,True,False,,mar21
18,2,6,study,0,male,Black,female,White,happy,,,,,z,1331,False,False,,mar21
18,2,7,study,0,male,White,female,Black,happy,,,,,m,2443,True,False,,mar21
18,2,8,study,0,female,Black,male,Black,angry,,,,,z,1568,True,False,,mar21
18,2,9,study,0,male,Black,male,White,neutral,,,,,m,1563,True,False,,mar21
18,2,10,study,0,female,Black,female,Black,happy,,,,,z,1791,True,False,,mar21
18,2,11,study,0,female,White,female,White,happy,,,,,z,862,True,False,,mar21
18,2,12,study,0,male,White,female,White,neutral,,,,,z,1898,False,False,,mar21
18,2,13,study,0,female,Black,male,White,happy,,,,,m,1501,False,False,,mar21
18,2,14,study,0,female,White,male,Black,angry,,,,,m,1221,False,False,,mar21
18,2,15,study,0,male,White,male,White,neutral,,,,,m,578,True,False,,mar21
18,2,16,study,0,male,White,female,White,happy,,,,,z,1251,False,False,,mar21
18,2,17,study,0,male,Latino,male,White,happy,,,,,m,919,True,False,,mar21
18,2,18,study,0,female,White,female,Black,angry,,,,,z,1047,True,False,,mar21
18,2,19,study,0,male,White,male,White,angry,,,,,m,1133,True,False,,mar21
18,2,20,study,0,male,Latino,female,White,neutral,,,,,z,894,False,False,,mar21
18,2,21,study,0,male,Latino,female,White,angry,,,,,z,1474,False,False,,mar21
18,2,22,study,0,female,White,male,White,happy,,,,,m,1401,False,False,,mar21
18,2,23,study,0,female,Latino,female,White,happy,,,,,z,784,True,False,,mar21
18,2,24,study,0,male,Asian,male,White,neutral,,,,,m,2243,True,False,,mar21
18,2,25,study,0,male,Black,female,White,neutral,,,,,z,2488,False,False,,mar21
18,2,26,study,0,male,White,female,Black,angry,,,,,z,2672,False,False,,mar21
18,2,27,study,0,female,Black,female,Black,angry,,,,,z,2573,True,False,,mar21
18,2,28,study,0,male,Black,male,White,happy,,,,,m,1718,True,False,,mar21
18,2,29,study,0,female,Asian,male,White,happy,,,,,m,1514,False,False,,mar21
18,2,30,study,0,female,Black,male,Black,neutral,,,,,m,1872,False,False,,mar21
18,2,31,study,1,male,Latino,male,White,angry,,,,,m,988,True,False,,mar21
18,2,32,study,1,female,White,female,Black,angry,,,,,z,903,True,False,,mar21
18,2,33,study,1,male,Latino,female,White,angry,,,,,z,1507,False,False,,mar21
18,2,34,study,1,female,Asian,female,Black,happy,,,,,z,1067,True,False,,mar21
18,2,35,study,1,female,White,female,White,neutral,,,,,z,2107,True,False,,mar21
18,2,36,study,1,female,Latino,female,White,neutral,,,,,z,1410,True,False,,mar21
18,2,37,study,1,male,Asian,male,Black,happy,,,,,m,1326,True,False,,mar21
18,2,38,study,1,female,White,male,White,neutral,,,,,m,2375,False,False,,mar21
18,2,39,study,1,female,White,female,White,angry,,,,,z,1733,True,False,,mar21
18,2,40,study,1,male,Asian,female,White,neutral,,,,,z,2076,False,False,,mar21
18,2,41,study,1,male,Black,female,White,happy,,,,,z,884,False,False,,mar21
18,2,42,study,1,female,Latino,male,White,angry,,,,,m,1858,False,False,,mar21
18,2,43,study,1,male,Asian,female,White,angry,,,,,z,1517,False,False,,mar21
18,2,44,study,1,female,White,female,Black,neutral,,,,,z,1735,True,False,,mar21
18,2,45,study,1,male,White,male,White,angry,,,,,m,1451,True,False,,mar21
18,2,46,study,1,female,Latino,male,White,neutral,,,,,m,1645,False,False,,mar21
18,2,47,study,1,male,Black,male,Black,angry,,,,,m,958,True,False,,mar21
18,2,48,study,1,male,Latino,female,White,angry,,,,,z,1195,False,False,,mar21
18,2,49,study,1,female,Black,female,Black,neutral,,,,,z,1505,True,False,,mar21
18,2,50,study,1,male,Black,female,Black,neutral,,,,,z,1126,False,False,,mar21
18,2,51,study,1,male,Asian,male,White,angry,,,,,m,987,True,False,,mar21
18,2,52,study,1,female,Latino,male,White,neutral,,,,,m,1024,False,False,,mar21
18,2,53,study,1,male,Asian,male,White,happy,,,,,m,965,True,False,,mar21
18,2,54,study,1,female,Black,male,Black,angry,,,,,,,False,True,,mar21
18,2,55,study,1,female,Black,male,Black,happy,,,,,m,1135,False,False,,mar21
18,2,56,study,1,female,Black,male,Black,angry,,,,,m,1155,False,False,,mar21
18,2,57,study,1,female,Black,female,Black,happy,,,,,z,1456,True,False,,mar21
18,2,58,study,1,male,White,male,Black,happy,,,,,m,1152,True,False,,mar21
18,2,59,study,1,female,Asian,male,Black,happy,,,,,m,1260,False,False,,mar21
18,2,60,study,1,female,Black,male,White,neutral,,,,,m,683,False,False,,mar21
18,2,61,study,0,female,Latino,female,White,happy,,,,,z,978,True,False,,mar21
18,2,62,study,0,male,White,female,Black,happy,,,,,z,784,False,False,,mar21
18,2,63,study,0,male,White,female,White,neutral,,,,,z,1049,False,False,,mar21
18,2,64,study,0,male,Latino,female,White,angry,,,,,z,900,False,False,,mar21
18,2,65,study,0,female,Asian,female,Black,happy,,,,,z,1119,True,False,,mar21
18,2,66,study,0,male,Latino,female,White,neutral,,,,,z,1472,False,False,,mar21
18,2,67,study,0,male,White,male,White,neutral,,,,,m,1508,True,False,,mar21
18,2,68,study,0,female,Latino,female,Black,angry,,,,,z,946,True,False,,mar21
18,2,69,study,0,male,Black,female,White,neutral,,,,,z,886,False,False,,mar21
18,2,70,study,0,female,White,female,Black,angry,,,,,z,802,True,False,,mar21
18,2,71,study,0,female,Black,male,Black,angry,,,,,m,1292,False,False,,mar21
18,2,72,study,0,female,White,female,White,happy,,,,,z,1485,True,False,,mar21
18,2,73,study,0,female,Black,male,Black,angry,,,,,m,1911,False,False,,mar21
18,2,74,study,0,female,White,female,White,neutral,,,,,z,794,True,False,,mar21
18,2,75,study,0,male,Black,female,Black,neutral,,,,,z,777,False,False,,mar21
18,2,76,study,0,female,Latino,male,White,angry,,,,,m,1519,False,False,,mar21
18,2,77,study,0,male,Black,female,White,happy,,,,,z,1113,False,False,,mar21
18,2,78,study,0,female,Black,female,Black,angry,,,,,z,2495,True,False,,mar21
18,2,79,study,0,male,White,female,Black,angry,,,,,z,1304,False,False,,mar21
18,2,80,study,0,male,Black,male,Black,angry,,,,,m,1581,True,False,,mar21
18,2,81,study,0,male,White,male,Black,happy,,,,,m,1205,True,False,,mar21
18,2,82,study,0,male,White,male,White,angry,,,,,m,1230,True,False,,mar21
18,2,83,study,0,female,Asian,male,White,happy,,,,,m,2553,False,False,,mar21
18,2,84,study,0,female,Asian,male,Black,happy,,,,,m,1510,False,False,,mar21
18,2,85,study,0,male,Asian,male,White,happy,,,,,m,1219,True,False,,mar21
18,2,86,study,0,male,Black,male,White,happy,,,,,m,1513,True,False,,mar21
18,2,87,study,0,female,Black,male,White,neutral,,,,,m,1520,False,False,,mar21
18,2,88,study,0,male,Black,male,White,neutral,,,,,m,985,True,False,,mar21
18,2,89,study,0,female,Black,female,Black,happy,,,,,z,1577,True,False,,mar21
18,2,90,study,0,female,Black,male,White,happy,,,,,m,1313,False,False,,mar21
18,2,91,study,1,male,Latino,female,White,angry,,,,,z,1179,False,False,,mar21
18,2,92,study,1,male,Black,female,White,happy,,,,,z,843,False,False,,mar21
18,2,93,study,1,male,White,female,White,happy,,,,,z,864,False,False,,mar21
18,2,94,study,1,male,White,male,White,neutral,,,,,m,1039,True,False,,mar21
18,2,95,study,1,male,White,male,White,angry,,,,,m,1235,True,False,,mar21
18,2,96,study,1,male,Latino,female,White,angry,,,,,z,1407,False,False,,mar21
18,2,97,study,1,female,Black,female,Black,neutral,,,,,z,1301,True,False,,mar21
18,2,98,study,1,female,Black,male,Black,neutral,,,,,m,1140,False,False,,mar21
18,2,99,study,1,female,White,female,Black,neutral,,,,,z,1074,True,False,,mar21
18,2,100,study,1,female,White,male,Black,angry,,,,,m,1333,False,False,,mar21
18,2,101,study,1,female,Black,male,Black,happy,,,,,m,1516,False,False,,mar21
18,2,102,study,1,female,Latino,male,White,neutral,,,,,m,1212,False,False,,mar21
18,2,103,study,1,female,White,male,White,neutral,,,,,m,1887,False,False,,mar21
18,2,104,study,1,male,Asian,female,White,angry,,,,,z,1635,False,False,,mar21
18,2,105,study,1,female,Latino,female,White,neutral,,,,,z,1232,True,False,,mar21
18,2,106,study,1,female,Black,female,Black,happy,,,,,z,694,True,False,,mar21
18,2,107,study,1,female,White,male,White,happy,,,,,m,1205,False,False,,mar21
18,2,108,study,1,male,White,male,Black,neutral,,,,,m,1110,True,False,,mar21
18,2,109,study,1,male,Asian,female,White,neutral,,,,,z,2207,False,False,,mar21
18,2,110,study,1,male,Latino,male,White,angry,,,,,m,2182,True,False,,mar21
18,2,111,study,1,male,Latino,male,White,happy,,,,,m,1664,True,False,,mar21
18,2,112,study,1,female,Latino,male,White,neutral,,,,,m,1740,False,False,,mar21
18,2,113,study,1,female,Black,male,Black,angry,,,,,z,2818,True,False,,mar21
18,2,114,study,1,male,Asian,male,Black,happy,,,,,m,1606,True,False,,mar21
18,2,115,study,1,female,White,female,Black,angry,,,,,z,1278,True,False,,mar21
18,2,116,study,1,male,White,female,White,happy,,,,,z,1256,False,False,,mar21
18,2,117,study,1,male,Asian,male,White,angry,,,,,m,1149,True,False,,mar21
18,2,118,study,1,male,Asian,male,White,neutral,,,,,m,933,True,False,,mar21
18,2,119,study,1,female,White,female,White,angry,,,,,z,1052,True,False,,mar21
18,2,120,study,1,female,Black,female,Black,neutral,,,,,z,992,True,False,,mar21
18,2,121,test,0,female,White,female,White,angry,,,,rearranged,z,1414,True,False,,mar21
18,2,122,test,0,female,Black,male,Black,angry,,,,rearranged,m,2530,False,False,,mar21
18,2,123,test,0,male,Black,female,White,happy,,,,rearranged,,,False,True,,mar21
18,2,124,test,0,male,Asian,female,White,angry,,,,intact,z,1877,False,False,,mar21
18,2,125,test,0,female,Black,female,White,neutral,,,,rearranged,m,1934,False,False,,mar21
18,2,126,test,0,male,Black,female,White,neutral,,,,rearranged,z,1341,True,False,,mar21
18,2,127,test,0,male,White,female,White,happy,,,,intact,m,1807,True,False,,mar21
18,2,128,test,0,female,White,female,White,happy,,,,intact,m,1684,True,False,,mar21
18,2,129,test,0,male,White,male,White,neutral,,,,rearranged,m,2622,False,False,,mar21
18,2,130,test,0,male,Latino,female,White,angry,,,,rearranged,z,2060,True,False,,mar21
18,2,131,test,0,female,Latino,female,White,happy,,,,intact,z,2264,False,False,,mar21
18,2,132,test,0,male,Asian,female,White,neutral,,,,intact,z,1717,False,False,,mar21
18,2,133,test,0,female,White,female,Black,angry,,,,rearranged,z,1206,True,False,,mar21
18,2,134,test,0,male,White,female,White,happy,,,,rearranged,z,1471,True,False,,mar21
18,2,135,test,0,female,White,female,Black,neutral,,,,rearranged,z,1179,True,False,,mar21
18,2,136,test,0,female,Black,female,Black,angry,,,,intact,z,1499,False,False,,mar21
18,2,137,test,0,female,White,male,White,neutral,,,,intact,m,1599,True,False,,mar21
18,2,138,test,0,female,Latino,male,White,neutral,,,,rearranged,m,1450,False,False,,mar21
18,2,139,test,0,male,Black,male,White,neutral,,,,intact,m,1849,True,False,,mar21
18,2,140,test,0,male,White,female,Black,happy,,,,intact,z,1897,False,False,,mar21
18,2,141,test,0,male,Asian,male,White,happy,,,,rearranged,z,1808,True,False,,mar21
18,2,142,test,0,female,Asian,male,White,happy,,,,rearranged,z,1865,True,False,,mar21
18,2,143,test,0,female,Black,male,Black,angry,,,,rearranged,m,1929,False,False,,mar21
18,2,144,test,0,female,White,male,Black,angry,,,,intact,z,2200,False,False,,mar21
18,2,145,test,0,male,Black,female,White,happy,,,,rearranged,m,2887,False,False,,mar21
18,2,146,test,0,female,Black,male,Black,neutral,,,,intact,z,1630,False,False,,mar21
18,2,147,test,0,male,White,male,White,neutral,,,,intact,z,2549,False,False,,mar21
18,2,148,test,0,male,Latino,female,White,angry,,,,intact,m,1516,True,False,,mar21
18,2,149,test,0,male,White,female,Black,angry,,,,intact,z,1400,False,False,,mar21
18,2,150,test,0,female,Black,male,Black,angry,,,,rearranged,z,2551,True,False,,mar21
18,2,151,test,1,female,Latino,female,White,neutral,,,,intact,m,1576,True,False,,mar21
18,2,152,test,1,female,Black,male,White,happy,,,,intact,m,1625,True,False,,mar21
18,2,153,test,1,male,White,male,Black,happy,,,,intact,z,916,False,False,,mar21
18,2,154,test,1,female,Latino,female,Black,angry,,,,intact,m,833,True,False,,mar21
18,2,155,test,1,female,Black,male,White,neutral,,,,rearranged,m,1200,False,False,,mar21
18,2,156,test,1,female,Asian,female,Black,happy,,,,rearranged,z,1020,True,False,,mar21
18,2,157,test,1,female,Black,female,Black,happy,,,,rearranged,m,1079,False,False,,mar21
18,2,158,test,1,male,Black,male,Black,angry,,,,intact,m,898,True,False,,mar21
18,2,159,test,1,male,White,male,White,angry,,,,rearranged,m,862,False,False,,mar21
18,2,160,test,1,female,White,female,Black,neutral,,,,intact,m,1802,True,False,,mar21
18,2,161,test,1,male,Latino,female,White,angry,,,,rearranged,m,1934,False,False,,mar21
18,2,162,test,1,male,Latino,male,White,angry,,,,intact,m,2120,True,False,,mar21
18,2,163,test,1,male,Asian,male,White,angry,,,,rearranged,z,984,True,False,,mar21
18,2,164,test,1,male,Latino,male,White,happy,,,,intact,z,1052,False,False,,mar21
18,2,165,test,1,female,White,female,Black,angry,,,,intact,z,1180,False,False,,mar21
18,2,166,test,1,female,Latino,male,White,neutral,,,,rearranged,z,1033,True,False,,mar21
18,2,167,test,1,female,Latino,male,White,angry,,,,intact,z,1109,False,False,,mar21
18,2,168,test,1,female,White,male,Black,happy,,,,rearranged,z,2262,True,False,,mar21
18,2,169,test,1,female,Black,female,Black,happy,,,,rearranged,z,1403,True,False,,mar21
18,2,170,test,1,male,Black,female,Black,neutral,,,,rearranged,m,2073,False,False,,mar21
18,2,171,test,1,male,White,female,White,neutral,,,,intact,m,748,True,False,,mar21
18,2,172,test,1,female,Black,female,Black,neutral,,,,intact,z,1830,False,False,,mar21
18,2,173,test,1,male,Latino,female,White,neutral,,,,intact,m,1500,True,False,,mar21
18,2,174,test,1,male,White,male,White,neutral,,,,rearranged,z,2038,True,False,,mar21
18,2,175,test,1,male,Asian,male,Black,neutral,,,,rearranged,,,False,True,,mar21
18,2,176,test,1,male,Black,male,White,happy,,,,intact,z,2001,False,False,,mar21
18,2,177,test,1,male,Asian,male,Black,happy,,,,rearranged,z,2130,True,False,,mar21
18,2,178,test,1,female,Asian,male,White,happy,,,,intact,z,1613,False,False,,mar21
18,2,179,test,1,male,White,male,White,angry,,,,rearranged,m,2003,False,False,,mar21
18,2,180,test,1,female,Black,male,Black,happy,,,,intact,m,2241,True,False,,mar21
19,2,1,study,0,female,White,female,Black,angry,,,,,z,984,True,False,,mar21
19,2,2,study,0,female,Black,male,White,angry,,,,,m,1817,False,False,,mar21
19,2,3,study,0,female,White,male,Black,neutral,,,,,z,1990,True,False,,mar21
19,2,4,study,0,male,Latino,female,Black,angry,,,,,z,1153,False,False,,mar21
19,2,5,study,0,male,Asian,male,Black,neutral,,,,,m,1156,True,False,,mar21
19,2,6,study,0,male,White,female,Black,happy,,,,,z,1229,False,False,,mar21
19,2,7,study,0,female,Latino,female,Black,happy,,,,,z,1730,True,False,,mar21
19,2,8,study,0,male,Latino,male,Black,angry,,,,,m,2161,True,False,,mar21
19,2,9,study,0,male,Black,female,White,angry,,,,,z,1241,False,False,,mar21
19,2,10,study,0,female,Latino,male,Black,happy,,,,,m,1838,False,False,,mar21
19,2,11,study,0,male,White,male,Black,happy,,,,,m,1130,True,False,,mar21
19,2,12,study,0,female,Black,female,White,angry,,,,,z,1144,True,False,,mar21
19,2,13,study,0,female,White,male,White,angry,,,,,m,1387,False,False,,mar21
19,2,14,study,0,male,Black,female,Black,neutral,,,,,z,1223,False,False,,mar21
19,2,15,study,0,male,Black,male,White,angry,,,,,m,855,True,False,,mar21
19,2,16,study,0,female,Asian,female,White,happy,,,,,z,1045,True,False,,mar21
19,2,17,study,0,female,Black,female,Black,neutral,,,,,z,934,True,False,,mar21
19,2,18,study,0,male,White,female,Black,angry,,,,,z,1052,False,False,,mar21
19,2,19,study,0,male,White,female,Black,neutral,,,,,z,817,False,False,,mar21
19,2,20,study,0,female,Latino,male,Black,angry,,,,,z,1137,True,False,,mar21
19,2,21,study,0,male,White,male,White,happy,,,,,m,1283,True,False,,mar21
19,2,22,study,0,male,White,female,Black,neutral,,,,,z,628,False,False,,mar21
19,2,23,study,0,female,White,male,Black,happy,,,,,m,1105,False,False,,mar21
19,2,24,study,0,male,Asian,male,Black,happy,,,,,m,1263,True,False,,mar21
19,2,25,study,0,male,Latino,female,Black,angry,,,,,z,763,False,False,,mar21
19,2,26,study,0,male,Black,male,Black,neutral,,,,,m,1325,True,False,,mar21
19,2,27,study,0,male,Asian,male,White,angry,,,,,m,1299,True,False,,mar21
19,2,28,study,0,female,Asian,male,Black,happy,,,,,z,1386,True,False,,mar21
19,2,29,study,0,male,Asian,female,White,happy,,,,,z,1720,False,False,,mar21
19,2,30,study,0,female,Black,female,Black,angry,,,,,z,1111,True,False,,mar21
19,2,31,study,1,female,Asian,male,Black,neutral,,,,,z,2460,True,False,,mar21
19,2,32,study,1,male,Black,female,Black,happy,,,,,m,1550,True,False,,mar21
19,2,33,study,1,female,White,female,Black,happy,,,,,z,1090,True,False,,mar21
19,2,34,study,1,female,Latino,male,White,neutral,,,,,z,1804,True,False,,mar21
19,2,35,study,1,female,Latino,male,Black,neutral,,,,,z,2262,True,False,,mar21
19,2,36,study,1,female,Latino,female,White,happy,,,,,z,1011,True,False,,mar21
19,2,37,study,1,male,Black,male,Black,neutral,,,,,m,1172,True,False,,mar21
19,2,38,study,1,male,Latino,female,Black,happy,,,,,z,2492,False,False,,mar21
19,2,39,study,1,female,White,female,White,angry,,,,,z,791,True,False,,mar21
19,2,40,study,1,male,White,female,Black,angry,,,,,z,1606,False,False,,mar21
19,2,41,study,1,female,Black,female,Black,neutral,,,,,z,776,True,False,,mar21
19,2,42,study,1,female,Asian,female,White,happy,,,,,z,2234,True,False,,mar21
19,2,43,study,1,male,Black,male,White,neutral,,,,,m,1657,True,False,,mar21
19,2,44,study,1,male,Asian,male,Black,happy,,,,,m,1097,True,False,,mar21
19,2,45,study,1,female,Black,female,White,neutral,,,,,z,656,True,False,,mar21
19,2,46,study,1,female,Asian,male,White,happy,,,,,z,2739,True,False,,mar21
19,2,47,study,1,male,Latino,male,Black,happy,,,,,m,898,True,False,,mar21
19,2,48,study,1,male,White,female,Black,happy,,,,,z,1281,False,False,,mar21
19,2,49,study,1,male,Asian,female,Black,neutral,,,,,z,984,False,False,,mar21
19,2,50,study,1,female,Black,male,Black,angry,,,,,z,1161,True,False,,mar21
19,2,51,study,1,female,Asian,female,Black,angry,,,,,z,1484,True,False,,mar21
19,2,52,study,1,male,Black,male,White,angry,,,,,m,1678,True,False,,mar21
19,2,53,study,1,male,Latino,male,White,angry,,,,,m,1534,True,False,,mar21
19,2,54,study,1,female,Black,male,White,neutral,,,,,z,1531,True,False,,mar21
19,2,55,study,1,male,White,male,Black,neutral,,,,,m,894,True,False,,mar21
19,2,56,study,1,male,Black,female,Black,neutral,,,,,m,1005,True,False,,mar21
19,2,57,study,1,female,Black,male,Black,angry,,,,,z,636,True,False,,mar21
19,2,58,study,1,female,White,female,White,neutral,,,,,z,1014,True,False,,mar21
19,2,59,study,1,female,Asian,female,White,neutral,,,,,z,1023,True,False,,mar21
19,2,60,study,1,female,White,male,Black,happy,,,,,z,2785,True,False,,mar21
19,2,61,study,0,male,White,male,Black,neutral,,,,,m,795,True,False,,mar21
19,2,62,study,0,female,Asian,female,White,happy,,,,,z,1283,True,False,,mar21
19,2,63,study,0,female,Black,male,Black,angry,,,,,z,816,True,False,,mar21
19,2,64,study,0,female,White,female,White,neutral,,,,,z,681,True,False,,mar21
19,2,65,study,0,female,Black,female,Black,neutral,,,,,z,1261,True,False,,mar21
19,2,66,study,0,female,Black,male,White,neutral,,,,,z,874,True,False,,mar21
19,2,67,study,0,female,White,male,White,angry,,,,,z,689,True,False,,mar21
19,2,68,study,0,male,Latino,female,Black,happy,,,,,m,1204,True,False,,mar21
19,2,69,study,0,male,Black,female,White,angry,,,,,m,826,True,False,,mar21
19,2,70,study,0,male,Black,female,Black,neutral,,,,,m,1328,True,False,,mar21
19,2,71,study,0,female,Black,female,Black,angry,,,,,z,1228,True,False,,mar21
19,2,72,study,0,male,Asian,male,Black,neutral,,,,,m,680,True,False,,mar21
19,2,73,study,0,male,Latino,male,Black,angry,,,,,m,701,True,False,,mar21
19,2,74,study,0,male,White,male,White,happy,,,,,m,888,True,False,,mar21
19,2,75,study,0,female,White,male,Black,happy,,,,,z,1093,True,False,,mar21
19,2,76,study,0,male,Asian,male,White,angry,,,,,m,1728,True,False,,mar21
19,2,77,study,0,male,White,female,Black,angry,,,,,m,1090,True,False,,mar21
19,2,78,study,0,male,Latino,female,Black,angry,,,,,m,1085,True,False,,mar21
19,2,79,study,0,female,Black,female,White,neutral,,,,,z,1721,True,False,,mar21
19,2,80,study,0,male,Black,male,White,angry,,,,,m,951,True,False,,mar21
19,2,81,study,0,male,Black,male,Black,neutral,,,,,m,693,True,False,,mar21
19,2,82,study,0,female,White,male,Black,neutral,,,,,z,1796,True,False,,mar21
19,2,83,study,0,female,Asian,male,White,happy,,,,,z,2424,True,False,,mar21
19,2,84,study,0,male,Black,male,White,angry,,,,,m,1605,True,False,,mar21
19,2,85,study,0,female,Asian,male,Black,happy,,,,,z,847,True,False,,mar21
19,2,86,study,0,male,Asian,male,Black,happy,,,,,m,769,True,False,,mar21
19,2,87,study,0,male,White,male,Black,happy,,,,,m,1346,True,False,,mar21
19,2,88,study,0,male,Black,female,Black,neutral,,,,,m,1174,True,False,,mar21
19,2,89,study,0,female,Asian,male,Black,neutral,,,,,z,1724,True,False,,mar21
19,2,90,study,0,male,White,female,Black,neutral,,,,,m,2322,True,False,,mar21
19,2,91,study,1,female,Latino,male,Black,happy,,,,,z,1155,True,False,,mar21
19,2,92,study,1,male,White,female,Black,angry,,,,,m,597,True,False,,mar21
19,2,93,study,1,female,Asian,female,White,happy,,,,,z,1148,True,False,,mar21
19,2,94,study,1,female,Latino,male,White,neutral,,,,,z,1562,True,False,,mar21
19,2,95,study,1,female,Black,female,White,angry,,,,,z,1310,True,False,,mar21
19,2,96,study,1,male,Latino,male,Black,happy,,,,,m,1606,True,False,,mar21
19,2,97,study,1,female,Black,male,White,angry,,,,,z,1029,True,False,,mar21
19,2,98,study,1,female,Latino,female,White,happy,,,,,z,802,True,False,,mar21
19,2,99,study,1,female,Latino,female,Black,happy,,,,,,,False,True,,mar21
19,2,100,study,1,female,Latino,male,Black,neutral,,,,,z,510,True,False,,mar21
19,2,101,study,1,female,Asian,female,Black,angry,,,,,z,626,True,False,,mar21
19,2,102,study,1,male,White,female,Black,neutral,,,,,m,812,True,False,,mar21
19,2,103,study,1,male,White,female,Black,happy,,,,,m,616,True,False,,mar21
19,2,104,study,1,male,White,female,Black,happy,,,,,m,1650,True,False,,mar21
19,2,105,study,1,male,Black,male,Black,neutral,,,,,m,627,True,False,,mar21
19,2,106,study,1,male,Asian,male,Black,happy,,,,,m,1160,True,False,,mar21
19,2,107,study,1,male,Black,female,Black,happy,,,,,m,824,True,False,,mar21
19,2,108,study,1,female,White,male,Black,happy,,,,,z,699,True,False,,mar21
19,2,109,study,1,female,White,female,Black,happy,,,,,z,608,True,False,,mar21
19,2,110,study,1,male,Asian,female,White,happy,,,,,m,723,True,False,,mar21
19,2,111,study,1,female,White,female,White,angry,,,,,z,1226,True,False,,mar21
19,2,112,study,1,male,Asian,female,Black,neutral,,,,,m,661,True,False,,mar21
19,2,113,study,1,female,Black,female,Black,neutral,,,,,z,775,True,False,,mar21
19,2,114,study,1,male,Latino,male,White,angry,,,,,m,1136,True,False,,mar21
19,2,115,study,1,female,Asian,female,White,neutral,,,,,z,715,True,False,,mar21
19,2,116,study,1,female,Black,male,Black,angry,,,,,z,1540,True,False,,mar21
19,2,117,study,1,female,Latino,male,Black,angry,,,,,z,1387,True,False,,mar21
19,2,118,study,1,male,Black,male,White,neutral,,,,,m,1243,True,False,,mar21
19,2,119,study,1,male,Latino,female,Black,angry,,,,,m,969,True,False,,mar21
19,2,120,study,1,female,White,female,Black,angry,,,,,z,1714,True,False,,mar21
19,2,121,test,0,female,Black,female,Black,neutral,,,,intact,m,1739,True,False,,mar21
19,2,122,test,0,female,White,male,White,angry,,,,rearranged,z,1367,True,False,,mar21
19,2,123,test,0,male,Black,male,White,angry,,,,rearranged,m,1927,False,False,,mar21
19,2,124,test,0,female,Asian,male,Black,happy,,,,intact,m,2172,True,False,,mar21
19,2,125,test,0,male,White,female,Black,neutral,,,,intact,m,1228,True,False,,mar21
19,2,126,test,0,female,White,male,Black,happy,,,,intact,m,1736,True,False,,mar21
19,2,127,test,0,male,Black,female,Black,neutral,,,,rearranged,z,1798,True,False,,mar21
19,2,128,test,0,female,Black,female,Black,angry,,,,intact,m,1786,True,False,,mar21
19,2,129,test,0,female,Asian,male,Black,happy,,,,rearranged,m,2027,False,False,,mar21
19,2,130,test,0,female,Black,male,White,angry,,,,rearranged,,,False,True,,mar21
19,2,131,test,0,male,Black,female,White,angry,,,,intact,z,1182,False,False,,mar21
19,2,132,test,0,male,Latino,female,Black,angry,,,,rearranged,z,1210,True,False,,mar21
19,2,133,test,0,male,Black,male,White,angry,,,,rearranged,z,931,True,False,,mar21
19,2,134,test,0,female,Black,female,White,neutral,,,,intact,z,1342,False,False,,mar21
19,2,135,test,0,male,White,male,Black,happy,,,,intact,m,1100,True,False,,mar21
19,2,136,test,0,male,Latino,female,Black,happy,,,,rearranged,z,1512,True,False,,mar21
19,2,137,test,0,female,Black,female,Black,neutral,,,,intact,m,1723,True,False,,mar21
19,2,138,test,0,male,Latino,male,Black,angry,,,,intact,z,1447,False,False,,mar21
19,2,139,test,0,female,White,male,Black,happy,,,,intact,z,1965,False,False,,mar21
19,2,140,test,0,male,Latino,male,White,happy,,,,rearranged,m,1520,False,False,,mar21
19,2,141,test,0,male,Asian,male,White,angry,,,,intact,m,1591,True,False,,mar21
19,2,142,test,0,female,Latino,male,Black,neutral,,,,rearranged,m,1213,False,False,,mar21
19,2,143,test,0,male,White,male,Black,happy,,,,rearranged,z,1799,True,False,,mar21
19,2,144,test,0,male,Black,male,Black,neutral,,,,rearranged,m,2067,False,False,,mar21
19,2,145,test,0,female,White,male,White,neutral,,,,rearranged,m,1971,False,False,,mar21
19,2,146,test,0,female,Asian,female,White,angry,,,,rearranged,m,1666,False,False,,mar21
19,2,147,test,0,female,Latino,female,White,happy,,,,rearranged,m,1261,False,False,,mar21
19,2,148,test,0,female,Black,male,Black,angry,,,,rearranged,m,2102,False,False,,mar21
19,2,149,test,0,female,Asian,female,White,happy,,,,rearranged,z,2186,True,False,,mar21
19,2,150,test,0,female,White,female,White,angry,,,,intact,z,1637,False,False,,mar21
19,2,151,test,1,female,Latino,male,White,happy,,,,rearranged,z,1404,True,False,,mar21
19,2,152,test,1,female,Latino,female,Black,happy,,,,intact,z,1568,False,False,,mar21
19,2,153,test,1,male,White,male,White,neutral,,,,rearranged,z,1961,True,False,,mar21
19,2,154,test,1,male,Asian,female,Black,neutral,,,,rearranged,z,1862,True,False,,mar21
19,2,155,test,1,male,Latino,female,Black,angry,,,,intact,m,2308,True,False,,mar21
19,2,156,test,1,male,Asian,male,Black,happy,,,,intact,m,1732,True,False,,mar21
19,2,157,test,1,male,Asian,male,Black,happy,,,,intact,m,1732,True,False,,mar21
19,2,158,test,1,female,White,female,Black,happy,,,,intact,m,1361,True,False,,mar21
19,2,159,test,1,female,Asian,male,Black,neutral,,,,intact,m,1664,True,False,,mar21
19,2,160,test,1,male,Latino,male,White,angry,,,,rearranged,m,1534,False,False,,mar21
19,2,161,test,1,female,White,female,Black,angry,,,,intact,z,1533,False,False,,mar21
19,2,162,test,1,male,Asian,female,White,happy,,,,intact,z,2702,False,False,,mar21
19,2,163,test,1,male,Black,male,Black,neutral,,,,rearranged,z,1142,True,False,,mar21
19,2,164,test,1,male,White,female,Black,angry,,,,intact,m,1433,True,False,,mar21
19,2,165,test,1,female,Black,male,White,neutral,,,,rearranged,m,1699,False,False,,mar21
19,2,166,test,1,female,Latino,male,Black,angry,,,,intact,z,1173,False,False,,mar21
19,2,167,test,1,male,White,female,Black,happy,,,,intact,z,1216,False,False,,mar21
19,2,168,test,1,female,Black,male,Black,angry,,,,intact,z,1558,False,False,,mar21
19,2,169,test,1,female,Asian,female,White,neutral,,,,rearranged,z,1576,True,False,,mar21
19,2,170,test,1,male,Asian,male,Black,neutral,,,,intact,m,1648,True,False,,mar21
19,2,171,test,1,male,Black,female,Black,neutral,,,,intact,m,2272,True,False,,mar21
19,2,172,test,1,male,White,female,Black,happy,,,,rearranged,z,1276,True,False,,mar21
19,2,173,test,1,female,White,female,White,neutral,,,,rearranged,m,1575,False,False,,mar21
19,2,174,test,1,female,Asian,female,White,happy,,,,rearranged,m,2077,False,False,,mar21
19,2,175,test,1,male,White,female,Black,neutral,,,,intact,z,1869,False,False,,mar21
19,2,176,test,1,male,White,female,Black,angry,,,,rearranged,z,2021,True,False,,mar21
19,2,177,test,1,female,Latino,male,Black,neutral,,,,intact,m,1631,True,False,,mar21
19,2,178,test,1,female,Black,female,Black,angry,,,,rearranged,m,1372,False,False,,mar21
19,2,179,test,1,male,Black,male,Black,neutral,,,,intact,m,2023,True,False,,mar21
19,2,180,test,1,male,Black,female,Black,happy,,,,rearranged,m,2545,False,False,,mar21
20,2,1,study,0,male,White,male,Black,happy,,,,,m,627,True,False,,mar21
20,2,2,study,0,female,Black,male,Black,angry,,,,,z,1022,True,False,,mar21
20,2,3,study,0,female,Asian,female,Black,angry,,,,,z,808,True,False,,mar21
20,2,4,study,0,female,Asian,female,Black,neutral,,,,,z,1130,True,False,,mar21
20,2,5,study,0,female,Black,male,White,happy,,,,,z,1034,True,False,,mar21
20,2,6,study,0,female,Asian,male,White,angry,,,,,z,721,True,False,,mar21
20,2,7,study,0,male,Black,female,Black,neutral,,,,,m,1156,True,False,,mar21
20,2,8,study,0,female,Asian,female,White,happy,,,,,z,799,True,False,,mar21
20,2,9,study,0,male,Latino,male,White,angry,,,,,m,772,True,False,,mar21
20,2,10,study,0,male,Latino,male,Black,neutral,,,,,m,729,True,False,,mar21
20,2,11,study,0,female,Latino,female,White,angry,,,,,z,771,True,False,,mar21
20,2,12,study,0,female,White,male,White,happy,,,,,z,902,True,False,,mar21
20,2,13,study,0,male,Black,female,Black,happy,,,,,m,706,True,False,,mar21
20,2,14,study,0,male,Asian,female,White,angry,,,,,m,638,True,False,,mar21
20,2,15,study,0,male,White,male,Black,happy,,,,,m,799,True,False,,mar21
20,2,16,study,0,female,Black,male,White,happy,,,,,z,678,True,False,,mar21
20,2,17,study,0,female,Asian,female,Black,happy,,,,,z,797,True,False,,mar21
20,2,18,study,0,female,White,female,Black,neutral,,,,,z,878,True,False,,mar21
20,2,19,study,0,female,White,female,White,neutral,,,,,z,888,True,False,,mar21
20,2,20,study,0,male,Asian,male,Black,angry,,,,,m,1031,True,False,,mar21
20,2,21,study,0,male,White,female,White,neutral,,,,,m,1079,True,False,,mar21
20,2,22,study,0,male,Black,male,Black,angry,,,,,m,538,True,False,,mar21
20,2,23,study,0,male,Black,female,Black,happy,,,,,m,715,True,False,,mar21
20,2,24,study,0,female,Asian,female,Black,happy,,,,,z,841,True,False,,mar21
20,2,25,study,0,female,Asian,male,Black,neutral,,,,,z,522,True,False,,mar21
20,2,26,study,0,male,Latino,male,Black,angry,,,,,m,590,True,False,,mar21
20,2,27,study,0,male,Asian,male,Black,neutral,,,,,m,669,True,False,,mar21
20,2,28,study,0,male,Asian,female,Black,happy,,,,,m,614,True,False,,mar21
20,2,29,study,0,male,Latino,female,Black,angry,,,,,m,955,True,False,,mar21
20,2,30,study,0,female,White,female,Black,happy,,,,,z,752,True,False,,mar21
20,2,31,study,1,male,Black,male,Black,happy,,,,,m,591,True,False,,mar21
20,2,32,study,1,female,Black,female,Black,neutral,,,,,z,720,True,False,,mar21
20,2,33,study,1,male,White,female,White,neutral,,,,,m,1057,True,False,,mar21
20,2,34,study,1,male,Black,female,Black,happy,,,,,m,651,True,False,,mar21
20,2,35,study,1,male,White,male,Black,angry,,,,,m,841,True,False,,mar21
20,2,36,study,1,female,White,male,White,neutral,,,,,z,659,True,False,,mar21
20,2,37,study,1,male,Latino,female,White,happy,,,,,m,1168,True,False,,mar21
20,2,38,study,1,female,Black,male,White,neutral,,,,,z,559,True,False,,mar21
20,2,39,study,1,male,Asian,female,Black,neutral,,,,,m,824,True,False,,mar21
20,2,40,study,1,male,Black,female,Black,neutral,,,,,m,956,True,False,,mar21
20,2,41,study,1,female,Black,male,Black,angry,,,,,z,1376,True,False,,mar21
20,2,42,study,1,male,White,female,White,angry,,,,,m,650,True,False,,mar21
20,2,43,study,1,female,Latino,male,White,angry,,,,,z,796,True,False,,mar21
20,2,44,study,1,male,Asian,female,White,angry,,,,,m,767,True,False,,mar21
20,2,45,study,1,female,Asian,female,White,neutral,,,,,z,904,True,False,,mar21
20,2,46,study,1,female,Black,male,White,neutral,,,,,z,542,True,False,,mar21
20,2,47,study,1,female,Black,female,White,angry,,,,,z,583,True,False,,mar21
20,2,48,study,1,male,Asian,male,White,neutral,,,,,m,911,True,False,,mar21
20,2,49,study,1,male,White,male,White,neutral,,,,,m,625,True,False,,mar21
20,2,50,study,1,female,White,male,White,neutral,,,,,z,1018,True,False,,mar21
20,2,51,study,1,female,Black,male,Black,happy,,,,,z,690,True,False,,mar21
20,2,52,study,1,male,Latino,male,Black,happy,,,,,m,890,True,False,,mar21
20,2,53,study,1,female,Black,female,Black,angry,,,,,z,654,True,False,,mar21
20,2,54,study,1,female,Latino,female,White,happy,,,,,z,792,True,False,,mar21
20,2,55,study,1,male,Latino,female,Black,angry,,,,,m,774,True,False,,mar21
20,2,56,study,1,female,White,female,Black,angry,,,,,z,901,True,False,,mar21
20,2,57,study,1,male,White,male,Black,happy,,,,,m,1006,True,False,,mar21
20,2,58,study,1,female,Latino,male,White,angry,,,,,z,898,True,False,,mar21
20,2,59,study,1,male,Black,male,Black,neutral,,,,,m,826,True,False,,mar21
20,2,60,study,1,female,White,male,White,happy,,,,,z,1092,True,False,,mar21
20,2,61,study,0,female,Black,female,White,angry,,,,,z,890,True,False,,mar21
20,2,62,study,0,female,Latino,male,White,angry,,,,,z,662,True,False,,mar21
20,2,63,study,0,male,Latino,female,White,happy,,,,,m,549,True,False,,mar21
20,2,64,study,0,male,Black,male,Black,neutral,,,,,m,576,True,False,,mar21
20,2,65,study,0,female,Black,male,White,neutral,,,,,z,689,True,False,,mar21
20,2,66,study,0,female,Black,male,Black,happy,,,,,z,746,True,False,,mar21
20,2,67,study,0,male,Asian,female,Black,happy,,,,,m,495,True,False,,mar21
20,2,68,study,0,male,White,male,Black,happy,,,,,m,699,True,False,,mar21
20,2,69,study,0,male,White,male,Black,angry,,,,,m,597,True,False,,mar21
20,2,70,study,0,female,White,female,White,neutral,,,,,z,688,True,False,,mar21
20,2,71,study,0,female,Asian,male,White,angry,,,,,z,797,True,False,,mar21
20,2,72,study,0,male,White,female,White,angry,,,,,m,1087,True,False,,mar21
20,2,73,study,0,female,Asian,female,White,neutral,,,,,z,833,True,False,,mar21
20,2,74,study,0,male,Latino,female,Black,angry,,,,,m,1106,True,False,,mar21
20,2,75,study,0,female,White,female,Black,angry,,,,,z,1097,True,False,,mar21
20,2,76,study,0,female,Black,male,White,happy,,,,,z,1232,True,False,,mar21
20,2,77,study,0,male,Asian,female,Black,neutral,,,,,m,850,True,False,,mar21
20,2,78,study,0,female,Black,female,Black,neutral,,,,,z,946,True,False,,mar21
20,2,79,study,0,male,White,male,Black,happy,,,,,m,678,True,False,,mar21
20,2,80,study,0,female,Black,female,Black,angry,,,,,z,865,True,False,,mar21
20,2,81,study,0,female,White,male,White,happy,,,,,z,1016,True,False,,mar21
20,2,82,study,0,male,Black,male,Black,happy,,,,,m,1042,True,False,,mar21
20,2,83,study,0,male,Latino,male,Black,angry,,,,,m,771,True,False,,mar21
20,2,84,study,0,male,Black,female,Black,happy,,,,,m,880,True,False,,mar21
20,2,85,study,0,female,Asian,female,White,happy,,,,,z,833,True,False,,mar21
20,2,86,study,0,male,Asian,male,Black,angry,,,,,m,921,True,False,,mar21
20,2,87,study,0,male,Latino,male,Black,happy,,,,,m,994,True,False,,mar21
20,2,88,study,0,male,White,male,White,neutral,,,,,m,506,True,False,,mar21
20,2,89,study,0,female,White,male,White,happy,,,,,z,588,True,False,,mar21
20,2,90,study,0,female,Asian,female,Black,happy,,,,,z,540,True,False,,mar21
20,2,91,study,1,female,Latino,female,White,angry,,,,,z,691,True,False,,mar21
20,2,92,study,1,male,Black,female,Black,neutral,,,,,m,790,True,False,,mar21
20,2,93,study,1,male,Black,female,Black,happy,,,,,m,763,True,False,,mar21
20,2,94,study,1,male,White,female,White,neutral,,,,,z,604,False,False,,mar21
20,2,95,study,1,male,Asian,female,White,angry,,,,,m,741,True,False,,mar21
20,2,96,study,1,male,Latino,female,Black,angry,,,,,m,493,True,False,,mar21
20,2,97,study,1,female,White,male,White,neutral,,,,,z,702,True,False,,mar21
20,2,98,study,1,female,Black,male,Black,angry,,,,,z,1099,True,False,,mar21
20,2,99,study,1,female,Latino,male,White,angry,,,,,z,846,True,False,,mar21
20,2,100,study,1,female,White,female,Black,neutral,,,,,z,601,True,False,,mar21
20,2,101,study,1,female,White,male,White,neutral,,,,,z,588,True,False,,mar21
20,2,102,study,1,male,Asian,female,White,angry,,,,,m,600,True,False,,mar21
20,2,103,study,1,male,White,male,Black,happy,,,,,m,1108,True,False,,mar21
20,2,104,study,1,male,Latino,male,White,angry,,,,,m,601,True,False,,mar21
20,2,105,study,1,male,Asian,male,White,neutral,,,,,m,892,True,False,,mar21
20,2,106,study,1,female,Asian,female,Black,happy,,,,,z,1115,True,False,,mar21
20,2,107,study,1,male,Latino,male,Black,neutral,,,,,m,551,True,False,,mar21
20,2,108,study,1,female,Black,male,Black,angry,,,,,z,1025,True,False,,mar21
20,2,109,study,1,male,Black,female,Black,happy,,,,,m,1017,True,False,,mar21
20,2,110,study,1,male,White,female,White,neutral,,,,,m,709,True,False,,mar21
20,2,111,study,1,female,Asian,male,Black,neutral,,,,,z,654,True,False,,mar21
20,2,112,study,1,female,Asian,female,Black,angry,,,,,z,678,True,False,,mar21
20,2,113,study,1,male,Black,male,Black,angry,,,,,m,1080,True,False,,mar21
20,2,114,study,1,male,Black,female,Black,neutral,,,,,m,992,True,False,,mar21
20,2,115,study,1,male,Asian,male,Black,neutral,,,,,m,958,True,False,,mar21
20,2,116,study,1,female,Asian,female,Black,neutral,,,,,z,880,True,False,,mar21
20,2,117,study,1,female,Latino,female,White,happy,,,,,z,1161,True,False,,mar21
20,2,118,study,1,female,Black,male,White,happy,,,,,z,1338,True,False,,mar21
20,2,119,study,1,female,White,female,Black,happy,,,,,z,695,True,False,,mar21
20,2,120,study,1,female,Black,male,White,neutral,,,,,z,902,True,False,,mar21
20,2,121,test,0,male,White,male,Black,happy,,,,intact,z,1669,False,False,,mar21
20,2,122,test,0,male,White,female,White,angry,,,,rearranged,m,1819,False,False,,mar21
20,2,123,test,0,male,Black,male,White,angry,,,,rearranged,z,1735,True,False,,mar21
20,2,124,test,0,female,Asian,male,Black,angry,,,,rearranged,m,1151,False,False,,mar21
20,2,125,test,0,female,White,female,Black,neutral,,,,intact,z,2250,False,False,,mar21
20,2,126,test,0,female,White,female,Black,neutral,,,,rearranged,m,1280,False,False,,mar21
20,2,127,test,0,female,Asian,female,Black,happy,,,,intact,m,1271,True,False,,mar21
20,2,128,test,0,female,White,female,Black,happy,,,,intact,z,2867,False,False,,mar21
20,2,129,test,0,female,Latino,male,White,angry,,,,intact,z,1535,False,False,,mar21
20,2,130,test,0,female,Black,female,White,angry,,,,intact,m,1990,True,False,,mar21
20,2,131,test,0,female,Asian,female,White,neutral,,,,intact,m,1225,True,False,,mar21
20,2,132,test,0,female,White,male,White,neutral,,,,intact,z,1432,False,False,,mar21
20,2,133,test,0,female,Asian,female,Black,neutral,,,,intact,m,846,True,False,,mar21
20,2,134,test,0,female,White,male,White,happy,,,,intact,z,1791,False,False,,mar21
20,2,135,test,0,female,Asian,female,White,happy,,,,rearranged,m,1714,False,False,,mar21
20,2,136,test,0,male,Asian,female,White,angry,,,,intact,m,2019,True,False,,mar21
20,2,137,test,0,female,Asian,male,White,neutral,,,,rearranged,m,1139,False,False,,mar21
20,2,138,test,0,female,Black,male,Black,happy,,,,intact,m,1389,True,False,,mar21
20,2,139,test,0,male,Black,male,Black,happy,,,,rearranged,z,1850,True,False,,mar21
20,2,140,test,0,male,Asian,female,White,angry,,,,rearranged,z,1678,True,False,,mar21
20,2,141,test,0,female,Latino,female,Black,happy,,,,rearranged,m,1295,False,False,,mar21
20,2,142,test,0,male,Latino,male,Black,happy,,,,intact,z,1359,False,False,,mar21
20,2,143,test,0,male,Asian,male,Black,neutral,,,,intact,m,1162,True,False,,mar21
20,2,144,test,0,male,Latino,male,Black,angry,,,,rearranged,z,1522,True,False,,mar21
20,2,145,test,0,male,White,male,Black,happy,,,,rearranged,m,1307,False,False,,mar21
20,2,146,test,0,male,Latino,male,Black,neutral,,,,intact,m,2190,True,False,,mar21
20,2,147,test,0,male,White,male,Black,happy,,,,intact,m,2175,True,False,,mar21
20,2,148,test,0,female,Black,male,Black,angry,,,,rearranged,m,1090,False,False,,mar21
20,2,149,test,0,male,Black,female,Black,happy,,,,intact,z,1352,False,False,,mar21
20,2,150,test,0,female,Black,male,White,neutral,,,,intact,m,1291,True,False,,mar21
20,2,151,test,1,male,Latino,female,Black,angry,,,,intact,z,1831,False,False,,mar21
20,2,152,test,1,female,Black,male,White,happy,,,,rearranged,,,False,True,,mar21
20,2,153,test,1,male,White,male,Black,neutral,,,,rearranged,m,864,False,False,,mar21
20,2,154,test,1,female,Black,male,White,angry,,,,rearranged,m,1172,False,False,,mar21
20,2,155,test,1,female,Black,female,Black,angry,,,,rearranged,z,935,True,False,,mar21
20,2,156,test,1,female,White,female,Black,angry,,,,rearranged,z,1295,True,False,,mar21
20,2,157,test,1,female,Black,male,Black,neutral,,,,rearranged,m,922,False,False,,mar21
20,2,158,test,1,male,Asian,female,Black,neutral,,,,intact,z,1020,False,False,,mar21
20,2,159,test,1,male,Asian,male,White,neutral,,,,rearranged,m,1067,False,False,,mar21
20,2,160,test,1,female,Latino,female,White,angry,,,,intact,m,1160,True,False,,mar21
20,2,161,test,1,male,Latino,male,Black,angry,,,,rearranged,m,1019,False,False,,mar21
20,2,162,test,1,female,Asian,female,White,happy,,,,rearranged,z,997,True,False,,mar21
20,2,163,test,1,female,Asian,female,Black,angry,,,,intact,z,1159,False,False,,mar21
20,2,164,test,1,female,Black,male,White,happy,,,,rearranged,m,980,False,False,,mar21
20,2,165,test,1,male,Asian,female,Black,happy,,,,rearranged,z,1097,True,False,,mar21
20,2,166,test,1,male,White,female,White,neutral,,,,intact,z,1372,False,False,,mar21
20,2,167,test,1,male,Black,female,White,neutral,,,,rearranged,z,1208,True,False,,mar21
20,2,168,test,1,male,White,male,Black,angry,,,,intact,m,1640,True,False,,mar21
20,2,169,test,1,female,White,male,White,happy,,,,intact,z,1298,False,False,,mar21
20,2,170,test,1,male,Latino,female,White,happy,,,,intact,m,1321,True,False,,mar21
20,2,171,test,1,female,Latino,male,White,angry,,,,intact,z,1385,False,False,,mar21
20,2,172,test,1,male,Latino,female,Black,angry,,,,intact,m,1093,True,False,,mar21
20,2,173,test,1,male,White,female,Black,neutral,,,,rearranged,z,1606,True,False,,mar21
20,2,174,test,1,male,Black,female,Black,happy,,,,rearranged,m,1416,False,False,,mar21
20,2,175,test,1,male,Black,female,Black,happy,,,,rearranged,z,1577,True,False,,mar21
20,2,176,test,1,female,White,male,White,neutral,,,,rearranged,z,2370,True,False,,mar21
20,2,177,test,1,male,Asian,male,Black,angry,,,,intact,m,1478,True,False,,mar21
20,2,178,test,1,male,Black,male,White,neutral,,,,rearranged,z,1713,True,False,,mar21
20,2,179,test,1,male,Black,female,Black,neutral,,,,intact,m,1119,True,False,,mar21
20,2,180,test,1,female,Black,female,White,neutral,,,,rearranged,m,1589,False,False,,mar21
21,2,1,study,0,female,Latino,male,White,neutral,,,,,z,563,True,False,,mar21
21,2,2,study,0,male,Asian,female,White,happy,,,,,m,703,True,False,,mar21
21,2,3,study,0,male,Black,male,Black,neutral,,,,,m,647,True,False,,mar21
21,2,4,study,0,female,Asian,male,White,happy,,,,,z,635,True,False,,mar21
21,2,5,study,0,female,Black,male,Black,angry,,,,,z,484,True,False,,mar21
21,2,6,study,0,female,Asian,female,White,angry,,,,,z,803,True,False,,mar21
21,2,7,study,0,female,Latino,female,White,neutral,,,,,z,447,True,False,,mar21
21,2,8,study,0,female,Black,male,Black,neutral,,,,,z,532,True,False,,mar21
21,2,9,study,0,male,Black,male,Black,happy,,,,,m,612,True,False,,mar21
21,2,10,study,0,female,White,female,Black,angry,,,,,z,631,True,False,,mar21
21,2,11,study,0,male,Black,female,White,neutral,,,,,m,560,True,False,,mar21
21,2,12,study,0,female,Black,female,White,angry,,,,,z,562,True,False,,mar21
21,2,13,study,0,female,Asian,male,Black,happy,,,,,z,563,True,False,,mar21
21,2,14,study,0,male,Asian,female,Black,angry,,,,,m,671,True,False,,mar21
21,2,15,study,0,female,Latino,male,White,angry,,,,,z,510,True,False,,mar21
21,2,16,study,0,male,White,male,White,neutral,,,,,m,456,True,False,,mar21
21,2,17,study,0,female,White,male,White,angry,,,,,z,465,True,False,,mar21
21,2,18,study,0,male,Black,female,Black,angry,,,,,m,478,True,False,,mar21
21,2,19,study,0,male,Latino,female,White,angry,,,,,m,589,True,False,,mar21
21,2,20,study,0,female,Black,male,White,happy,,,,,z,793,True,False,,mar21
21,2,21,study,0,male,Asian,male,White,angry,,,,,m,406,True,False,,mar21
21,2,22,study,0,male,White,male,White,angry,,,,,m,588,True,False,,mar21
21,2,23,study,0,female,Latino,female,Black,happy,,,,,z,560,True,False,,mar21
21,2,24,study,0,male,White,female,White,angry,,,,,m,480,True,False,,mar21
21,2,25,study,0,male,Latino,female,White,happy,,,,,m,526,True,False,,mar21
21,2,26,study,0,male,White,male,Black,happy,,,,,m,363,True,False,,mar21
21,2,27,study,0,male,Black,male,White,neutral,,,,,m,474,True,False,,mar21
21,2,28,study,0,female,White,male,Black,angry,,,,,z,401,True,False,,mar21
21,2,29,study,0,female,Asian,female,White,happy,,,,,z,568,True,False,,mar21
21,2,30,study,0,male,Asian,female,Black,angry,,,,,m,428,True,False,,mar21
21,2,31,study,1,female,Black,male,Black,neutral,,,,,z,520,True,False,,mar21
21,2,32,study,1,female,Latino,female,Black,angry,,,,,z,404,True,False,,mar21
21,2,33,study,1,male,Latino,female,White,happy,,,,,m,490,True,False,,mar21
21,2,34,study,1,female,Black,female,Black,neutral,,,,,z,491,True,False,,mar21
21,2,35,study,1,female,White,female,White,happy,,,,,z,438,True,False,,mar21
21,2,36,study,1,male,White,female,Black,neutral,,,,,m,681,True,False,,mar21
21,2,37,study,1,female,Black,female,Black,neutral,,,,,z,698,True,False,,mar21
21,2,38,study,1,male,Asian,female,White,neutral,,,,,m,585,True,False,,mar21
21,2,39,study,1,male,Latino,male,White,happy,,,,,m,453,True,False,,mar21
21,2,40,study,1,female,White,male,Black,happy,,,,,z,715,True,False,,mar21
21,2,41,study,1,male,White,male,White,neutral,,,,,m,456,True,False,,mar21
21,2,42,study,1,female,White,male,Black,neutral,,,,,z,477,True,False,,mar21
21,2,43,study,1,female,Asian,male,Black,neutral,,,,,z,545,True,False,,mar21
21,2,44,study,1,male,White,male,Black,happy,,,,,m,647,True,False,,mar21
21,2,45,study,1,male,White,female,Black,happy,,,,,m,556,True,False,,mar21
21,2,46,study,1,male,White,male,Black,angry,,,,,m,538,True,False,,mar21
21,2,47,study,1,male,White,female,White,happy,,,,,m,647,True,False,,mar21
21,2,48,study,1,male,White,male,Black,angry,,,,,m,523,True,False,,mar21
21,2,49,study,1,male,Latino,female,Black,neutral,,,,,m,486,True,False,,mar21
21,2,50,study,1,female,White,female,Black,angry,,,,,z,538,True,False,,mar21
21,2,51,study,1,female,Black,male,White,happy,,,,,z,518,True,False,,mar21
21,2,52,study,1,male,White,male,Black,happy,,,,,m,452,True,False,,mar21
21,2,53,study,1,male,Latino,male,White,angry,,,,,m,423,True,False,,mar21
21,2,54,study,1,female,White,female,Black,neutral,,,,,z,590,True,False,,mar21
21,2,55,study,1,male,Black,male,White,neutral,,,,,m,373,True,False,,mar21
21,2,56,study,1,female,Asian,female,Black,happy,,,,,z,431,True,False,,mar21
21,2,57,study,1,male,White,female,White,neutral,,,,,m,470,True,False,,mar21
21,2,58,study,1,female,Black,male,White,angry,,,,,z,505,True,False,,mar21
21,2,59,study,1,female,Black,female,Black,happy,,,,,z,470,True,False,,mar21
21,2,60,study,1,female,White,female,White,neutral,,,,,z,534,True,False,,mar21
21,2,61,study,0,female,Latino,female,White,neutral,,,,,z,1180,True,False,,mar21
21,2,62,study,0,female,White,male,White,angry,,,,,z,1014,True,False,,mar21
21,2,63,study,0,female,White,male,Black,angry,,,,,z,779,True,False,,mar21
21,2,64,study,0,male,White,male,Black,angry,,,,,m,835,True,False,,mar21
21,2,65,study,0,female,Asian,female,White,happy,,,,,z,1036,True,False,,mar21
21,2,66,study,0,male,Latino,male,White,happy,,,,,m,1328,True,False,,mar21
21,2,67,study,0,female,Asian,female,White,angry,,,,,z,937,True,False,,mar21
21,2,68,study,0,male,White,male,White,angry,,,,,z,791,False,False,,mar21
21,2,69,study,0,female,Black,female,Black,neutral,,,,,z,721,True,False,,mar21
21,2,70,study,0,female,Asian,female,Black,happy,,,,,z,903,True,False,,mar21
21,2,71,study,0,male,White,female,White,neutral,,,,,m,1189,True,False,,mar21
21,2,72,study,0,male,Black,female,White,neutral,,,,,m,709,True,False,,mar21
21,2,73,study,0,female,Black,male,Black,angry,,,,,z,994,True,False,,mar21
21,2,74,study,0,male,White,female,Black,neutral,,,,,m,828,True,False,,mar21
21,2,75,study,0,male,Black,male,Black,neutral,,,,,m,828,True,False,,mar21
21,2,76,study,0,male,Asian,female,Black,angry,,,,,m,771,True,False,,mar21
21,2,77,study,0,female,Black,female,Black,neutral,,,,,z,848,True,False,,mar21
21,2,78,study,0,male,White,female,White,happy,,,,,m,702,True,False,,mar21
21,2,79,study,0,female,White,female,Black,angry,,,,,z,788,True,False,,mar21
21,2,80,study,0,male,Asian,female,White,neutral,,,,,m,804,True,False,,mar21
21,2,81,study,0,female,White,female,White,neutral,,,,,z,826,True,False,,mar21
21,2,82,study,0,male,Latino,male,White,angry,,,,,m,656,True,False,,mar21
21,2,83,study,0,female,Black,female,Black,happy,,,,,z,915,True,False,,mar21
21,2,84,study,0,male,Latino,female,White,happy,,,,,m,871,True,False,,mar21
21,2,85,study,0,male,White,male,White,neutral,,,,,m,654,True,False,,mar21
21,2,86,study,0,female,Black,male,White,happy,,,,,z,856,True,False,,mar21
21,2,87,study,0,female,Black,male,White,angry,,,,,z,1059,True,False,,mar21
21,2,88,study,0,male,Latino,female,Black,neutral,,,,,m,861,True,False,,mar21
21,2,89,study,0,female,Asian,male,Black,happy,,,,,z,863,True,False,,mar21
21,2,90,study,0,female,Asian,male,White,happy,,,,,z,943,True,False,,mar21
21,2,91,study,1,male,White,male,Black,angry,,,,,m,920,True,False,,mar21
21,2,92,study,1,male,Latino,female,White,angry,,,,,m,901,True,False,,mar21
21,2,93,study,1,female,White,male,Black,happy,,,,,z,954,True,False,,mar21
21,2,94,study,1,female,Black,female,White,angry,,,,,z,759,True,False,,mar21
21,2,95,study,1,male,Asian,male,White,angry,,,,,m,958,True,False,,mar21
21,2,96,study,1,male,Black,female,Black,angry,,,,,m,631,True,False,,mar21
21,2,97,study,1,female,Asian,male,Black,neutral,,,,,z,915,True,False,,mar21
21,2,98,study,1,male,White,male,White,neutral,,,,,m,815,True,False,,mar21
21,2,99,study,1,male,Latino,female,White,happy,,,,,m,908,True,False,,mar21
21,2,100,study,1,male,White,male,Black,happy,,,,,m,951,True,False,,mar21
21,2,101,study,1,female,White,female,Black,neutral,,,,,z,866,True,False,,mar21
21,2,102,study,1,female,Black,male,White,happy,,,,,z,1082,True,False,,mar21
21,2,103,study,1,male,Black,male,White,neutral,,,,,m,925,True,False,,mar21
21,2,104,study,1,female,Black,male,Black,neutral,,,,,z,1023,True,False,,mar21
21,2,105,study,1,female,White,male,Black,neutral,,,,,z,945,True,False,,mar21
21,2,106,study,1,female,White,female,Black,angry,,,,,z,828,True,False,,mar21
21,2,107,study,1,female,Latino,female,Black,happy,,,,,z,940,True,False,,mar21
21,2,108,study,1,female,Latino,female,Black,angry,,,,,z,852,True,False,,mar21
21,2,109,study,1,female,Latino,male,White,angry,,,,,z,900,True,False,,mar21
21,2,110,study,1,male,Asian,female,Black,angry,,,,,m,879,True,False,,mar21
21,2,111,study,1,female,Latino,male,White,neutral,,,,,z,855,True,False,,mar21
21,2,112,study,1,male,White,female,White,angry,,,,,m,1125,True,False,,mar21
21,2,113,study,1,male,Black,male,White,neutral,,,,,m,945,True,False,,mar21
21,2,114,study,1,male,White,male,Black,happy,,,,,m,879,True,False,,mar21
21,2,115,study,1,male,White,female,Black,happy,,,,,m,911,True,False,,mar21
21,2,116,study,1,female,White,female,White,happy,,,,,z,998,True,False,,mar21
21,2,117,study,1,male,Black,male,Black,happy,,,,,m,733,True,False,,mar21
21,2,118,study,1,female,Black,male,Black,neutral,,,,,z,800,True,False,,mar21
21,2,119,study,1,male,Asian,female,White,happy,,,,,m,808,True,False,,mar21
21,2,120,study,1,male,White,male,Black,happy,,,,,m,871,True,False,,mar21
21,2,121,test,0,male,Asian,female,Black,angry,,,,intact,z,941,True,False,,mar21
21,2,122,test,0,male,White,female,White,happy,,,,rearranged,z,1352,False,False,,mar21
21,2,123,test,0,male,White,female,White,neutral,,,,intact,m,771,False,False,,mar21
21,2,124,test,0,female,Black,male,Black,angry,,,,rearranged,m,1110,True,False,,mar21
21,2,125,test,0,female,Black,male,Black,neutral,,,,rearranged,z,1033,False,False,,mar21
21,2,126,test,0,female,White,male,White,angry,,,,rearranged,z,1056,False,False,,mar21
21,2,127,test,0,female,White,female,White,happy,,,,intact,m,1106,False,False,,mar21
21,2,128,test,0,female,Latino,female,Black,happy,,,,rearranged,z,1035,False,False,,mar21
21,2,129,test,0,female,White,female,White,neutral,,,,intact,m,1248,False,False,,mar21
21,2,130,test,0,male,White,male,White,angry,,,,intact,m,943,False,False,,mar21
21,2,131,test,0,male,White,male,White,neutral,,,,rearranged,m,1032,True,False,,mar21
21,2,132,test,0,female,Black,female,White,angry,,,,intact,m,905,False,False,,mar21
21,2,133,test,0,female,Black,male,Black,neutral,,,,intact,z,597,True,False,,mar21
21,2,134,test,0,male,White,female,Black,happy,,,,intact,z,1019,True,False,,mar21
21,2,135,test,0,female,Latino,female,Black,angry,,,,intact,m,958,False,False,,mar21
21,2,136,test,0,female,White,male,White,neutral,,,,rearranged,m,672,True,False,,mar21
21,2,137,test,0,female,Asian,male,Black,happy,,,,rearranged,z,598,False,False,,mar21
21,2,138,test,0,male,Asian,female,White,neutral,,,,rearranged,m,1061,True,False,,mar21
21,2,139,test,0,female,Latino,female,White,neutral,,,,intact,z,847,True,False,,mar21
21,2,140,test,0,male,Latino,female,White,happy,,,,rearranged,m,1327,True,False,,mar21
21,2,141,test,0,male,White,male,Black,angry,,,,rearranged,z,935,False,False,,mar21
21,2,142,test,0,male,Latino,female,White,happy,,,,rearranged,z,1051,False,False,,mar21
21,2,143,test,0,male,Black,male,Black,neutral,,,,intact,m,1063,False,False,,mar21
21,2,144,test,0,female,Black,female,White,happy,,,,rearranged,z,846,False,False,,mar21
21,2,145,test,0,male,White,female,White,angry,,,,intact,m,1099,False,False,,mar21
21,2,146,test,0,female,White,male,White,angry,,,,rearranged,z,1086,False,False,,mar21
21,2,147,test,0,male,Asian,male,White,angry,,,,intact,m,902,False,False,,mar21
21,2,148,test,0,male,White,male,Black,happy,,,,intact,z,730,True,False,,mar21
21,2,149,test,0,female,Latino,male,Black,neutral,,,,rearranged,m,1161,True,False,,mar21
21,2,150,test,0,male,Black,female,White,angry,,,,rearranged,m,1561,True,False,,mar21
21,2,151,test,1,male,Black,female,White,neutral,,,,rearranged,m,1529,True,False,,mar21
21,2,152,test,1,female,Black,female,Black,neutral,,,,rearranged,z,926,False,False,,mar21
21,2,153,test,1,male,White,female,Black,neutral,,,,intact,m,1925,False,False,,mar21
21,2,154,test,1,female,Asian,female,Black,happy,,,,rearranged,m,1691,True,False,,mar21
21,2,155,test,1,male,White,male,Black,happy,,,,rearranged,z,1350,False,False,,mar21
21,2,156,test,1,female,White,male,White,happy,,,,rearranged,z,1385,False,False,,mar21
21,2,157,test,1,female,Asian,male,Black,neutral,,,,intact,z,1263,True,False,,mar21
21,2,158,test,1,female,Black,male,Black,angry,,,,intact,m,1698,False,False,,mar21
21,2,159,test,1,female,Asian,female,Black,happy,,,,intact,m,2266,False,False,,mar21
21,2,160,test,1,male,White,male,White,angry,,,,rearranged,m,1314,True,False,,mar21
21,2,161,test,1,female,White,female,Black,neutral,,,,rearranged,z,1034,False,False,,mar21
21,2,162,test,1,male,Latino,female,Black,neutral,,,,intact,m,1470,False,False,,mar21
21,2,163,test,1,male,Latino,male,Black,angry,,,,rearranged,z,1107,False,False,,mar21
21,2,164,test,1,male,White,male,White,neutral,,,,rearranged,m,1069,True,False,,mar21
21,2,165,test,1,female,Asian,female,Black,angry,,,,rearranged,z,1422,False,False,,mar21
21,2,166,test,1,male,Black,male,Black,happy,,,,rearranged,m,1208,True,False,,mar21
21,2,167,test,1,female,Asian,male,Black,happy,,,,intact,m,1282,False,False,,mar21
21,2,168,test,1,male,Asian,female,White,happy,,,,intact,z,1456,True,False,,mar21
21,2,169,test,1,male,Black,male,White,neutral,,,,intact,m,1193,False,False,,mar21
21,2,170,test,1,female,White,female,Black,angry,,,,intact,m,1101,False,False,,mar21
21,2,171,test,1,male,Latino,female,Black,angry,,,,rearranged,m,1599,True,False,,mar21
21,2,172,test,1,female,Black,male,White,happy,,,,intact,m,1585,False,False,,mar21
21,2,173,test,1,male,White,male,Black,happy,,,,intact,z,1356,True,False,,mar21
21,2,174,test,1,female,Latino,male,White,angry,,,,intact,m,1375,False,False,,mar21
21,2,175,test,1,female,Black,female,Black,neutral,,,,intact,m,1091,False,False,,mar21
21,2,176,test,1,male,Black,male,White,neutral,,,,rearranged,z,1379,False,False,,mar21
21,2,177,test,1,female,White,female,White,angry,,,,rearranged,m,980,True,False,,mar21
21,2,178,test,1,male,Asian,female,Black,angry,,,,intact,z,1150,True,False,,mar21
21,2,179,test,1,male,Latino,male,White,happy,,,,intact,m,1575,False,False,,mar21
21,2,180,test,1,female,Black,male,White,happy,,,,intact,z,1736,True,False,,mar21
22,2,1,study,0,female,Latino,male,White,happy,,,,,z,968,True,False,,mar21
22,2,2,study,0,male,Black,female,White,happy,,,,,m,675,True,False,,mar21
22,2,3,study,0,male,Black,female,White,happy,,,,,m,785,True,False,,mar21
22,2,4,study,0,male,White,male,White,neutral,,,,,m,1091,True,False,,mar21
22,2,5,study,0,male,Asian,male,White,angry,,,,,m,1094,True,False,,mar21
22,2,6,study,0,female,Black,female,White,angry,,,,,z,724,True,False,,mar21
22,2,7,study,0,female,White,male,White,neutral,,,,,z,911,True,False,,mar21
22,2,8,study,0,female,White,male,White,happy,,,,,z,758,True,False,,mar21
22,2,9,study,0,male,White,male,Black,neutral,,,,,m,1022,True,False,,mar21
22,2,10,study,0,female,Black,female,Black,neutral,,,,,z,975,True,False,,mar21
22,2,11,study,0,female,Black,male,White,angry,,,,,z,1360,True,False,,mar21
22,2,12,study,0,female,Latino,female,White,happy,,,,,z,833,True,False,,mar21
22,2,13,study,0,male,Black,male,White,angry,,,,,m,750,True,False,,mar21
22,2,14,study,0,male,Asian,female,White,neutral,,,,,m,703,True,False,,mar21
22,2,15,study,0,male,Latino,male,Black,happy,,,,,m,802,True,False,,mar21
22,2,16,study,0,male,Asian,female,Black,angry,,,,,m,1352,True,False,,mar21
22,2,17,study,0,male,White,male,Black,happy,,,,,m,823,True,False,,mar21
22,2,18,study,0,female,Asian,female,Black,happy,,,,,z,825,True,False,,mar21
22,2,19,study,0,male,Black,female,White,angry,,,,,m,859,True,False,,mar21
22,2,20,study,0,male,Latino,male,Black,neutral,,,,,m,886,True,False,,mar21
22,2,21,study,0,female,Asian,male,White,angry,,,,,z,851,True,False,,mar21
22,2,22,study,0,male,White,male,White,angry,,,,,m,850,True,False,,mar21
22,2,23,study,0,female,White,female,Black,happy,,,,,z,707,True,False,,mar21
22,2,24,study,0,female,Latino,male,White,happy,,,,,z,809,True,False,,mar21
22,2,25,study,0,male,White,female,White,happy,,,,,m,889,True,False,,mar21
22,2,26,study,0,female,White,female,White,neutral,,,,,z,618,True,False,,mar21
22,2,27,study,0,female,White,male,Black,angry,,,,,z,701,True,False,,mar21
22,2,28,study,0,male,White,male,White,happy,,,,,m,1036,True,False,,mar21
22,2,29,study,0,female,Black,female,White,neutral,,,,,z,943,True,False,,mar21
22,2,30,study,0,male,Latino,female,Black,neutral,,,,,m,836,True,False,,mar21
22,2,31,study,1,male,Black,female,Black,angry,,,,,m,932,True,False,,mar21
22,2,32,study,1,male,White,female,Black,neutral,,,,,m,918,True,False,,mar21
22,2,33,study,1,male,Latino,male,White,neutral,,,,,m,746,True,False,,mar21
22,2,34,study,1,female,Asian,female,White,angry,,,,,z,588,True,False,,mar21
22,2,35,study,1,female,Asian,female,White,neutral,,,,,z,1481,True,False,,mar21
22,2,36,study,1,male,Black,male,Black,angry,,,,,m,875,True,False,,mar21
22,2,37,study,1,male,Black,male,White,neutral,,,,,m,1523,True,False,,mar21
22,2,38,study,1,female,Latino,female,Black,happy,,,,,z,984,True,False,,mar21
22,2,39,study,1,male,Black,male,Black,angry,,,,,m,663,True,False,,mar21
22,2,40,study,1,female,White,male,Black,angry,,,,,z,1198,True,False,,mar21
22,2,41,study,1,male,Latino,female,White,angry,,,,,m,912,True,False,,mar21
22,2,42,study,1,female,Latino,male,Black,neutral,,,,,z,843,True,False,,mar21
22,2,43,study,1,female,Latino,male,Black,neutral,,,,,z,813,True,False,,mar21
22,2,44,study,1,female,Black,female,White,angry,,,,,z,691,True,False,,mar21
22,2,45,study,1,female,Asian,male,White,neutral,,,,,z,786,True,False,,mar21
22,2,46,study,1,female,White,female,Black,angry,,,,,z,857,True,False,,mar21
22,2,47,study,1,male,Asian,female,Black,neutral,,,,,m,684,True,False,,mar21
22,2,48,study,1,male,White,male,Black,happy,,,,,m,623,True,False,,mar21
22,2,49,study,1,female,Black,female,Black,happy,,,,,z,1089,True,False,,mar21
22,2,50,study,1,female,White,male,White,happy,,,,,z,1115,True,False,,mar21
22,2,51,study,1,female,Asian,male,White,happy,,,,,z,994,True,False,,mar21
22,2,52,study,1,female,White,male,White,angry,,,,,z,1518,True,False,,mar21
22,2,53,study,1,male,White,male,Black,happy,,,,,m,1274,True,False,,mar21
22,2,54,study,1,female,Latino,female,Black,angry,,,,,z,948,True,False,,mar21
22,2,55,study,1,female,Black,male,Black,neutral,,,,,z,793,True,False,,mar21
22,2,56,study,1,male,White,female,Black,angry,,,,,m,916,True,False,,mar21
22,2,57,study,1,female,Black,female,Black,neutral,,,,,z,1857,True,False,,mar21
22,2,58,study,1,male,White,female,Black,happy,,,,,m,1536,True,False,,mar21
22,2,59,study,1,male,Black,female,Black,neutral,,,,,m,1754,True,False,,mar21
22,2,60,study,1,male,Asian,female,Black,happy,,,,,m,1185,True,False,,mar21
22,2,61,study,0,female,Asian,male,White,neutral,,,,,z,1188,True,False,,mar21
22,2,62,study,0,female,Asian,male,White,happy,,,,,z,903,True,False,,mar21
22,2,63,study,0,male,Latino,male,Black,happy,,,,,m,746,True,False,,mar21
22,2,64,study,0,female,Latino,female,Black,angry,,,,,z,576,True,False,,mar21
22,2,65,study,0,male,Black,female,White,angry,,,,,m,717,True,False,,mar21
22,2,66,study,0,male,Asian,male,White,angry,,,,,m,819,True,False,,mar21
22,2,67,study,0,female,White,male,Black,angry,,,,,z,771,True,False,,mar21
22,2,68,study,0,female,White,female,White,neutral,,,,,z,875,True,False,,mar21
22,2,69,study,0,male,Black,female,Black,neutral,,,,,m,486,True,False,,mar21
22,2,70,study,0,male,Latino,female,Black,neutral,,,,,m,635,True,False,,mar21
22,2,71,study,0,female,Black,male,Black,neutral,,,,,z,1649,True,False,,mar21
22,2,72,study,0,female,Black,female,White,angry,,,,,z,792,True,False,,mar21
22,2,73,study,0,female,Asian,male,White,angry,,,,,z,2080,True,False,,mar21
22,2,74,study,0,female,Latino,male,White,happy,,,,,z,785,True,False,,mar21
22,2,75,study,0,male,Black,male,White,angry,,,,,m,805,True,False,,mar21
22,2,76,study,0,male,Latino,male,Black,neutral,,,,,m,895,True,False,,mar21
22,2,77,study,0,male,White,male,White,happy,,,,,m,581,True,False,,mar21
22,2,78,study,0,female,White,female,Black,angry,,,,,z,676,True,False,,mar21
22,2,79,study,0,male,White,male,Black,happy,,,,,m,630,True,False,,mar21
22,2,80,study,0,female,Latino,female,Black,happy,,,,,z,557,True,False,,mar21
22,2,81,study,0,female,White,male,White,neutral,,,,,z,580,True,False,,mar21
22,2,82,study,0,female,Black,female,Black,neutral,,,,,z,914,True,False,,mar21
22,2,83,study,0,male,Black,female,White,happy,,,,,m,740,True,False,,mar21
22,2,84,study,0,male,White,male,Black,neutral,,,,,m,1487,True,False,,mar21
22,2,85,study,0,male,Asian,female,Black,happy,,,,,m,1374,True,False,,mar21
22,2,86,study,0,female,Latino,male,Black,neutral,,,,,z,886,True,False,,mar21
22,2,87,study,0,female,Latino,male,White,happy,,,,,z,698,True,False,,mar21
22,2,88,study,0,female,Asian,female,White,angry,,,,,z,805,True,False,,mar21
22,2,89,study,0,male,White,female,Black,happy,,,,,m,839,True,False,,mar21
22,2,90,study,0,male,Latino,male,White,neutral,,,,,m,827,True,False,,mar21
22,2,91,study,1,male,Asian,female,Black,neutral,,,,,m,821,True,False,,mar21
22,2,92,study,1,female,Black,female,Black,happy,,,,,z,901,True,False,,mar21
22,2,93,study,1,male,White,female,White,happy,,,,,m,789,True,False,,mar21
22,2,94,study,1,male,White,male,Black,happy,,,,,m,876,True,False,,mar21
22,2,95,study,1,male,White,male,Black,happy,,,,,m,1087,True,False,,mar21
22,2,96,study,1,female,Latino,female,White,happy,,,,,z,677,True,False,,mar21
22,2,97,study,1,female,Black,male,White,angry,,,,,z,883,True,False,,mar21
22,2,98,study,1,female,White,male,White,happy,,,,,z,992,True,False,,mar21
22,2,99,study,1,male,Asian,female,White,neutral,,,,,m,891,True,False,,mar21
22,2,100,study,1,male,Latino,female,White,angry,,,,,m,815,True,False,,mar21
22,2,101,study,1,male,Black,female,Black,angry,,,,,m,694,True,False,,mar21
22,2,102,study,1,male,White,female,Black,angry,,,,,m,1022,True,False,,mar21
22,2,103,study,1,female,White,female,Black,happy,,,,,z,874,True,False,,mar21
22,2,104,study,1,female,White,male,White,angry,,,,,z,1109,True,False,,mar21
22,2,105,study,1,male,White,female,Black,neutral,,,,,m,877,True,False,,mar21
22,2,106,study,1,female,Black,female,White,neutral,,,,,z,933,True,False,,mar21
22,2,107,study,1,female,Black,female,White,angry,,,,,z,1388,True,False,,mar21
22,2,108,study,1,male,White,male,White,angry,,,,,m,945,True,False,,mar21
22,2,109,study,1,female,Latino,male,Black,neutral,,,,,z,820,True,False,,mar21
22,2,110,study,1,female,Black,female,Black,neutral,,,,,z,983,True,False,,mar21
22,2,111,study,1,female,White,male,White,happy,,,,,z,965,True,False,,mar21
22,2,112,study,1,female,White,male,Black,angry,,,,,z,1183,True,False,,mar21
22,2,113,study,1,male,Black,male,Black,angry,,,,,m,1074,True,False,,mar21
22,2,114,study,1,male,Black,male,Black,angry,,,,,m,857,True,False,,mar21
22,2,115,study,1,female,Asian,female,Black,happy,,,,,z,980,True,False,,mar21
22,2,116,study,1,male,White,male,White,neutral,,,,,z,1369,False,False,,mar21
22,2,117,study,1,female,Asian,female,White,neutral,,,,,z,912,True,False,,mar21
22,2,118,study,1,male,Black,male,White,neutral,,,,,m,1044,True,False,,mar21
22,2,119,study,1,male,Asian,female,Black,angry,,,,,m,846,True,False,,mar21
22,2,120,study,1,male,Black,female,White,happy,,,,,m,857,True,False,,mar21
22,2,121,test,0,male,White,male,White,angry,,,,intact,m,1534,False,False,,mar21
22,2,122,test,0,male,White,female,Black,happy,,,,rearranged,z,1118,False,False,,mar21
22,2,123,test,0,female,Asian,female,Black,neutral,,,,rearranged,z,1166,False,False,,mar21
22,2,124,test,0,female,Asian,male,White,neutral,,,,intact,m,1539,False,False,,mar21
22,2,125,test,0,female,Black,female,White,neutral,,,,intact,z,1452,True,False,,mar21
22,2,126,test,0,female,White,male,White,angry,,,,rearranged,z,1239,False,False,,mar21
22,2,127,test,0,male,Asian,female,White,neutral,,,,intact,z,1208,True,False,,mar21
22,2,128,test,0,female,White,male,Black,angry,,,,intact,m,1623,False,False,,mar21
22,2,129,test,0,male,Black,male,Black,angry,,,,rearranged,z,1274,False,False,,mar21
22,2,130,test,0,male,White,male,Black,neutral,,,,rearranged,m,1729,True,False,,mar21
22,2,131,test,0,female,Black,female,Black,neutral,,,,intact,z,1361,True,False,,mar21
22,2,132,test,0,female,White,female,White,neutral,,,,intact,z,1626,True,False,,mar21
22,2,133,test,0,male,Black,male,White,angry,,,,rearranged,m,1140,True,False,,mar21
22,2,134,test,0,female,Black,male,White,neutral,,,,rearranged,m,1968,True,False,,mar21
22,2,135,test,0,male,White,male,Black,happy,,,,intact,m,1532,False,False,,mar21
22,2,136,test,0,male,White,male,Black,happy,,,,rearranged,z,1501,False,False,,mar21
22,2,137,test,0,male,Black,female,Black,angry,,,,intact,z,1279,True,False,,mar21
22,2,138,test,0,female,Asian,female,Black,happy,,,,rearranged,z,982,False,False,,mar21
22,2,139,test,0,female,Asian,female,White,angry,,,,rearranged,z,1220,False,False,,mar21
22,2,140,test,0,female,Black,female,Black,happy,,,,intact,z,1511,True,False,,mar21
22,2,141,test,0,male,Latino,male,Black,happy,,,,intact,z,1422,True,False,,mar21
22,2,142,test,0,female,Latino,female,Black,happy,,,,rearranged,z,1593,False,False,,mar21
22,2,143,test,0,female,Latino,male,White,happy,,,,rearranged,m,1260,True,False,,mar21
22,2,144,test,0,male,White,male,Black,happy,,,,rearranged,m,1643,True,False,,mar21
22,2,145,test,0,male,Black,female,White,happy,,,,intact,m,1875,False,False,,mar21
22,2,146,test,0,female,White,female,White,happy,,,,rearranged,z,1499,False,False,,mar21
22,2,147,test,0,male,Asian,female,White,angry,,,,rearranged,z,1477,False,False,,mar21
22,2,148,test,0,male,Latino,female,Black,neutral,,,,rearranged,m,1895,True,False,,mar21
22,2,149,test,0,male,Asian,male,White,angry,,,,intact,z,1525,True,False,,mar21
22,2,150,test,0,female,Asian,male,White,angry,,,,intact,z,1229,True,False,,mar21
22,2,151,test,1,male,Latino,male,White,neutral,,,,intact,z,1129,True,False,,mar21
22,2,152,test,1,female,Asian,male,White,happy,,,,intact,m,1581,False,False,,mar21
22,2,153,test,1,male,Black,male,Black,angry,,,,rearranged,z,1283,False,False,,mar21
22,2,154,test,1,female,Latino,female,Black,happy,,,,intact,z,1115,True,False,,mar21
22,2,155,test,1,female,Black,female,White,angry,,,,intact,m,1020,False,False,,mar21
22,2,156,test,1,male,White,male,White,happy,,,,intact,z,1467,True,False,,mar21
22,2,157,test,1,male,Asian,female,Black,happy,,,,rearranged,z,1093,False,False,,mar21
22,2,158,test,1,male,Black,female,Black,angry,,,,rearranged,m,1171,True,False,,mar21
22,2,159,test,1,female,Latino,female,Black,angry,,,,intact,z,1091,True,False,,mar21
22,2,160,test,1,male,Latino,female,White,angry,,,,intact,z,1456,True,False,,mar21
22,2,161,test,1,male,Black,female,Black,neutral,,,,rearranged,m,1584,True,False,,mar21
22,2,162,test,1,male,Latino,male,White,neutral,,,,rearranged,z,1213,False,False,,mar21
22,2,163,test,1,male,White,female,Black,neutral,,,,intact,m,1513,False,False,,mar21
22,2,164,test,1,female,Black,female,White,angry,,,,rearranged,z,1319,False,False,,mar21
22,2,165,test,1,female,Latino,male,White,happy,,,,rearranged,m,1171,True,False,,mar21
22,2,166,test,1,female,White,female,Black,angry,,,,intact,z,1726,True,False,,mar21
22,2,167,test,1,male,White,female,White,happy,,,,rearranged,z,1323,False,False,,mar21
22,2,168,test,1,male,White,female,Black,angry,,,,intact,m,1034,False,False,,mar21
22,2,169,test,1,female,White,male,White,angry,,,,rearranged,m,1101,True,False,,mar21
22,2,170,test,1,male,Black,female,White,happy,,,,intact,m,1298,False,False,,mar21
22,2,171,test,1,female,White,male,White,happy,,,,intact,z,1593,True,False,,mar21
22,2,172,test,1,female,White,male,Black,neutral,,,,rearranged,z,1653,False,False,,mar21
22,2,173,test,1,male,Black,male,White,neutral,,,,intact,z,1709,True,False,,mar21
22,2,174,test,1,female,Black,male,Black,angry,,,,rearranged,m,1300,True,False,,mar21
22,2,175,test,1,female,Latino,male,Black,neutral,,,,rearranged,m,1264,True,False,,mar21
22,2,176,test,1,female,Latino,male,Black,neutral,,,,intact,m,940,False,False,,mar21
22,2,177,test,1,male,Asian,female,Black,neutral,,,,intact,m,1789,False,False,,mar21
22,2,178,test,1,female,White,male,White,happy,,,,intact,z,1486,True,False,,mar21
22,2,179,test,1,female,Black,female,White,neutral,,,,rearranged,m,1543,True,False,,mar21
22,2,180,test,1,male,White,male,Black,neutral,,,,rearranged,z,1478,False,False,,mar21
23,2,1,study,0,male,White,female,Black,neutral,,,,,m,839,True,False,,mar21
23,2,2,study,0,female,Asian,female,White,happy,,,,,z,565,True,False,,mar21
23,2,3,study,0,male,Black,female,Black,angry,,,,,m,820,True,False,,mar21
23,2,4,study,0,male,White,male,Black,happy,,,,,z,957,False,False,,mar21
23,2,5,study,0,male,Latino,female,Black,angry,,,,,m,691,True,False,,mar21
23,2,6,study,0,female,Asian,male,Black,angry,,,,,z,897,True,False,,mar21
23,2,7,study,0,female,Asian,female,Black,happy,,,,,z,1069,True,False,,mar21
23,2,8,study,0,male,White,female,Black,neutral,,,,,m,1245,True,False,,mar21
23,2,9,study,0,male,Black,female,White,neutral,,,,,m,807,True,False,,mar21
23,2,10,study,0,male,Asian,female,White,happy,,,,,m,1003,True,False,,mar21
23,2,11,study,0,male,Asian,male,White,angry,,,,,m,1268,True,False,,mar21
23,2,12,study,0,male,White,male,White,neutral,,,,,m,1003,True,False,,mar21
23,2,13,study,0,female,White,female,Black,angry,,,,,z,945,True,False,,mar21
23,2,14,study,0,female,White,male,Black,happy,,,,,z,1461,True,False,,mar21
23,2,15,study,0,male,Black,female,White,happy,,,,,m,1225,True,False,,mar21
23,2,16,study,0,female,Latino,female,Black,neutral,,,,,z,1557,True,False,,mar21
23,2,17,study,0,female,Black,female,White,neutral,,,,,z,1109,True,False,,mar21
23,2,18,study,0,female,White,female,Black,happy,,,,,z,1085,True,False,,mar21
23,2,19,study,0,female,Black,female,Black,neutral,,,,,m,1356,False,False,,mar21
23,2,20,study,0,male,Latino,male,White,angry,,,,,z,1550,False,False,,mar21
23,2,21,study,0,female,Black,female,Black,happy,,,,,z,1898,True,False,,mar21
23,2,22,study,0,male,Black,male,White,angry,,,,,m,1896,True,False,,mar21
23,2,23,study,0,female,White,male,White,happy,,,,,z,1204,True,False,,mar21
23,2,24,study,0,female,Black,male,Black,angry,,,,,z,2882,True,False,,mar21
23,2,25,study,0,female,Latino,female,White,happy,,,,,,,False,True,,mar21
23,2,26,study,0,female,White,female,Black,angry,,,,,m,1104,False,False,,mar21
23,2,27,study,0,female,Asian,female,White,angry,,,,,z,1603,True,False,,mar21
23,2,28,study,0,female,Latino,male,Black,angry,,,,,,,False,True,,mar21
23,2,29,study,0,female,White,male,White,angry,,,,,,,False,True,,mar21
23,2,30,study,0,male,Latino,male,White,happy,,,,,m,847,True,False,,mar21
23,2,31,study,1,male,White,female,Black,happy,,,,,z,474,False,False,,mar21
23,2,32,study,1,male,Black,male,White,neutral,,,,,m,654,True,False,,mar21
23,2,33,study,1,female,Latino,male,Black,angry,,,,,z,674,True,False,,mar21
23,2,34,study,1,female,Black,male,Black,neutral,,,,,z,1643,True,False,,mar21
23,2,35,study,1,male,White,male,Black,happy,,,,,m,762,True,False,,mar21
23,2,36,study,1,male,Black,male,White,neutral,,,,,m,728,True,False,,mar21
23,2,37,study,1,female,White,male,Black,neutral,,,,,z,825,True,False,,mar21
23,2,38,study,1,male,Black,female,Black,neutral,,,,,z,694,False,False,,mar21
23,2,39,study,1,female,White,male,Black,happy,,,,,z,1456,True,False,,mar21
23,2,40,study,1,male,White,male,White,happy,,,,,m,1660,True,False,,mar21
23,2,41,study,1,male,Asian,female,Black,happy,,,,,m,1030,True,False,,mar21
23,2,42,study,1,male,Black,male,Black,neutral,,,,,m,2051,True,False,,mar21
23,2,43,study,1,male,Black,female,Black,neutral,,,,,z,2007,False,False,,mar21
23,2,44,study,1,female,White,female,White,angry,,,,,m,973,False,False,,mar21
23,2,45,study,1,female,Asian,female,White,neutral,,,,,z,820,True,False,,mar21
23,2,46,study,1,male,White,male,Black,angry,,,,,m,807,True,False,,mar21
23,2,47,study,1,male,Latino,female,White,angry,,,,,m,1549,True,False,,mar21
23,2,48,study,1,male,Asian,female,White,happy,,,,,m,958,True,False,,mar21
23,2,49,study,1,female,Black,male,White,happy,,,,,z,784,True,False,,mar21
23,2,50,study,1,female,White,female,White,angry,,,,,m,1713,False,False,,mar21
23,2,51,study,1,male,White,male,Black,angry,,,,,z,715,False,False,,mar21
23,2,52,study,1,male,White,male,White,neutral,,,,,m,891,True,False,,mar21
23,2,53,study,1,female,Latino,male,White,neutral,,,,,z,914,True,False,,mar21
23,2,54,study,1,male,White,male,White,happy,,,,,m,1616,True,False,,mar21
23,2,55,study,1,female,Black,male,Black,neutral,,,,,z,2073,True,False,,mar21
23,2,56,study,1,female,Black,male,Black,neutral,,,,,z,2780,True,False,,mar21
23,2,57,study,1,female,Latino,female,White,neutral,,,,,z,2333,True,False,,mar21
23,2,58,study,1,male,Latino,female,White,angry,,,,,m,1441,True,False,,mar21
23,2,59,study,1,male,Latino,female,Black,angry,,,,,m,1936,True,False,,mar21
23,2,60,study,1,female,Asian,male,Black,happy,,,,,m,2450,False,False,,mar21
23,2,61,study,0,female,White,female,White,angry,,,,,m,2082,False,False,,mar21
23,2,62,study,0,female,White,male,Black,happy,,,,,z,851,True,False,,mar21
23,2,63,study,0,female,White,male,White,angry,,,,,z,585,True,False,,mar21
23,2,64,study,0,male,Asian,female,White,happy,,,,,m,872,True,False,,mar21
23,2,65,study,0,male,White,male,White,neutral,,,,,z,769,False,False,,mar21
23,2,66,study,0,female,White,male,Black,happy,,,,,m,807,False,False,,mar21
23,2,67,study,0,female,Asian,female,White,happy,,,,,z,843,True,False,,mar21
23,2,68,study,0,male,White,male,Black,happy,,,,,m,931,True,False,,mar21
23,2,69,study,0,female,Black,male,Black,neutral,,,,,z,747,True,False,,mar21
23,2,70,study,0,male,White,male,White,happy,,,,,m,1488,True,False,,mar21
23,2,71,study,0,female,Black,male,Black,angry,,,,,z,2672,True,False,,mar21
23,2,72,study,0,male,Latino,female,Black,angry,,,,,,,False,True,,mar21
23,2,73,study,0,male,Black,male,Black,neutral,,,,,m,1217,True,False,,mar21
23,2,74,study,0,male,White,female,Black,neutral,,,,,m,575,True,False,,mar21
23,2,75,study,0,female,White,female,Black,angry,,,,,z,1212,True,False,,mar21
23,2,76,study,0,female,Latino,female,White,happy,,,,,,,False,True,,mar21
23,2,77,study,0,male,Black,female,White,neutral,,,,,,,False,True,,mar21
23,2,78,study,0,male,Black,male,White,angry,,,,,m,1024,True,False,,mar21
23,2,79,study,0,female,White,female,White,angry,,,,,m,890,False,False,,mar21
23,2,80,study,0,female,White,male,Black,neutral,,,,,z,2361,True,False,,mar21
23,2,81,study,0,male,White,male,Black,angry,,,,,z,2285,False,False,,mar21
23,2,82,study,0,female,Asian,male,Black,angry,,,,,z,1738,True,False,,mar21
23,2,83,study,0,male,Latino,male,White,happy,,,,,m,1837,True,False,,mar21
23,2,84,study,0,female,Latino,male,Black,angry,,,,,z,1789,True,False,,mar21
23,2,85,study,0,female,White,female,Black,happy,,,,,m,1210,False,False,,mar21
23,2,86,study,0,female,Black,male,Black,neutral,,,,,z,654,True,False,,mar21
23,2,87,study,0,female,Black,female,White,neutral,,,,,z,692,True,False,,mar21
23,2,88,study,0,female,Asian,male,Black,happy,,,,,z,2055,True,False,,mar21
23,2,89,study,0,male,Latino,female,White,angry,,,,,m,993,True,False,,mar21
23,2,90,study,0,male,White,female,Black,neutral,,,,,m,1200,True,False,,mar21
23,2,91,study,1,male,White,female,Black,happy,,,,,m,709,True,False,,mar21
23,2,92,study,1,female,Black,male,Black,neutral,,,,,z,532,True,False,,mar21
23,2,93,study,1,female,Latino,male,White,neutral,,,,,z,708,True,False,,mar21
23,2,94,study,1,male,Asian,female,Black,happy,,,,,m,2765,True,False,,mar21
23,2,95,study,1,male,Black,male,White,neutral,,,,,z,2645,False,False,,mar21
23,2,96,study,1,female,Asian,female,White,neutral,,,,,z,1210,True,False,,mar21
23,2,97,study,1,male,White,male,White,neutral,,,,,m,971,True,False,,mar21
23,2,98,study,1,male,Black,female,Black,neutral,,,,,m,719,True,False,,mar21
23,2,99,study,1,female,White,male,White,happy,,,,,z,566,True,False,,mar21
23,2,100,study,1,male,Latino,male,White,angry,,,,,m,692,True,False,,mar21
23,2,101,study,1,female,Black,female,Black,happy,,,,,z,1173,True,False,,mar21
23,2,102,study,1,male,White,male,Black,happy,,,,,z,925,False,False,,mar21
23,2,103,study,1,female,Black,male,White,happy,,,,,z,1314,True,False,,mar21
23,2,104,study,1,female,Asian,female,Black,happy,,,,,z,1255,True,False,,mar21
23,2,105,study,1,female,White,female,Black,angry,,,,,z,1395,True,False,,mar21
23,2,106,study,1,male,White,male,White,happy,,,,,z,1246,False,False,,mar21
23,2,107,study,1,male,Asian,female,White,happy,,,,,m,696,True,False,,mar21
23,2,108,study,1,female,Latino,male,Black,angry,,,,,z,855,True,False,,mar21
23,2,109,study,1,female,Asian,female,White,angry,,,,,z,1053,True,False,,mar21
23,2,110,study,1,male,Latino,female,White,angry,,,,,m,1125,True,False,,mar21
23,2,111,study,1,female,Latino,female,White,neutral,,,,,z,2339,True,False,,mar21
23,2,112,study,1,female,Latino,female,Black,neutral,,,,,,,False,True,,mar21
23,2,113,study,1,male,Latino,female,Black,angry,,,,,m,2780,True,False,,mar21
23,2,114,study,1,male,Black,male,White,neutral,,,,,z,964,False,False,,mar21
23,2,115,study,1,male,Black,female,Black,angry,,,,,m,1127,True,False,,mar21
23,2,116,study,1,male,Asian,male,White,angry,,,,,m,784,True,False,,mar21
23,2,117,study,1,male,White,male,Black,angry,,,,,m,1006,True,False,,mar21
23,2,118,study,1,female,Black,female,Black,neutral,,,,,z,1319,True,False,,mar21
23,2,119,study,1,male,Black,female,White,happy,,,,,m,867,True,False,,mar21
23,2,120,study,1,male,Black,female,Black,neutral,,,,,m,810,True,False,,mar21
23,2,121,test,0,male,Latino,female,White,angry,,,,intact,m,517,False,False,,mar21
23,2,122,test,0,male,White,male,Black,angry,,,,rearranged,m,1730,True,False,,mar21
23,2,123,test,0,female,Black,male,Black,neutral,,,,intact,z,1039,True,False,,mar21
23,2,124,test,0,female,White,female,Black,angry,,,,intact,z,990,True,False,,mar21
23,2,125,test,0,male,Black,female,Black,angry,,,,intact,z,1737,True,False,,mar21
23,2,126,test,0,male,Black,female,Black,neutral,,,,intact,z,925,True,False,,mar21
23,2,127,test,0,female,Black,female,Black,neutral,,,,intact,z,1072,True,False,,mar21
23,2,128,test,0,male,Black,male,Black,neutral,,,,rearranged,z,1234,False,False,,mar21
23,2,129,test,0,male,White,female,White,neutral,,,,rearranged,m,1382,True,False,,mar21
23,2,130,test,0,male,White,female,Black,neutral,,,,intact,m,600,False,False,,mar21
23,2,131,test,0,female,Latino,male,Black,neutral,,,,rearranged,z,660,False,False,,mar21
23,2,132,test,0,male,Asian,male,Black,angry,,,,rearranged,m,331,True,False,,mar21
23,2,133,test,0,female,Latino,female,Black,happy,,,,rearranged,m,244,True,False,,mar21
23,2,134,test,0,male,Latino,female,Black,angry,,,,rearranged,z,411,False,False,,mar21
23,2,135,test,0,female,White,female,Black,angry,,,,rearranged,m,200,True,False,,mar21
23,2,136,test,0,female,White,male,Black,happy,,,,intact,m,268,False,False,,mar21
23,2,137,test,0,female,Latino,male,Black,angry,,,,rearranged,z,327,False,False,,mar21
23,2,138,test,0,female,Black,female,White,neutral,,,,rearranged,z,502,False,False,,mar21
23,2,139,test,0,female,Asian,male,Black,angry,,,,rearranged,m,1517,True,False,,mar21
23,2,140,test,0,female,Asian,female,White,neutral,,,,rearranged,z,1266,False,False,,mar21
23,2,141,test,0,male,Asian,female,Black,happy,,,,rearranged,m,849,True,False,,mar21
23,2,142,test,0,female,Black,female,Black,happy,,,,rearranged,z,899,False,False,,mar21
23,2,143,test,0,female,White,female,Black,happy,,,,intact,z,1178,True,False,,mar21
23,2,144,test,0,male,Latino,female,White,angry,,,,rearranged,m,1109,True,False,,mar21
23,2,145,test,0,female,Asian,female,White,happy,,,,intact,z,2353,True,False,,mar21
23,2,146,test,0,male,White,male,White,angry,,,,rearranged,m,1251,True,False,,mar21
23,2,147,test,0,male,Black,female,Black,neutral,,,,intact,z,1475,True,False,,mar21
23,2,148,test,0,male,Latino,male,White,happy,,,,rearranged,m,965,True,False,,mar21
23,2,149,test,0,male,White,female,White,happy,,,,rearranged,m,1649,True,False,,mar21
23,2,150,test,0,female,White,female,White,angry,,,,rearranged,m,1872,True,False,,mar21
23,2,151,test,1,female,White,male,White,angry,,,,intact,m,2673,False,False,,mar21
23,2,152,test,1,female,Black,male,White,neutral,,,,rearranged,z,1453,False,False,,mar21
23,2,153,test,1,male,Asian,female,Black,happy,,,,rearranged,z,1037,False,False,,mar21
23,2,154,test,1,male,Black,male,White,angry,,,,intact,z,2146,True,False,,mar21
23,2,155,test,1,male,White,male,White,happy,,,,intact,z,1760,True,False,,mar21
23,2,156,test,1,female,White,male,White,happy,,,,rearranged,m,1380,True,False,,mar21
23,2,157,test,1,male,Black,female,White,happy,,,,intact,z,1464,True,False,,mar21
23,2,158,test,1,female,Asian,female,White,angry,,,,intact,z,968,True,False,,mar21
23,2,159,test,1,female,Asian,female,White,happy,,,,rearranged,z,1158,False,False,,mar21
23,2,160,test,1,male,White,male,White,neutral,,,,intact,m,1315,False,False,,mar21
23,2,161,test,1,female,Latino,female,Black,neutral,,,,intact,z,2028,True,False,,mar21
23,2,162,test,1,female,Latino,female,White,neutral,,,,intact,z,1817,True,False,,mar21
23,2,163,test,1,female,Black,male,Black,angry,,,,intact,z,2183,True,False,,mar21
23,2,164,test,1,male,Black,female,Black,neutral,,,,rearranged,m,2029,True,False,,mar21
23,2,165,test,1,female,Asian,male,Black,happy,,,,intact,z,2393,True,False,,mar21
23,2,166,test,1,male,White,male,Black,happy,,,,intact,m,1136,False,False,,mar21
23,2,167,test,1,male,Asian,female,White,happy,,,,intact,z,1882,True,False,,mar21
23,2,168,test,1,female,White,female,White,angry,,,,intact,z,1688,True,False,,mar21
23,2,169,test,1,female,Black,male,Black,neutral,,,,rearranged,m,2278,True,False,,mar21
23,2,170,test,1,female,Latino,male,Black,angry,,,,rearranged,z,1933,False,False,,mar21
23,2,171,test,1,male,White,male,White,happy,,,,rearranged,m,1258,True,False,,mar21
23,2,172,test,1,male,Black,male,White,neutral,,,,rearranged,m,2024,True,False,,mar21
23,2,173,test,1,male,Latino,male,White,angry,,,,intact,z,1977,True,False,,mar21
23,2,174,test,1,female,White,male,Black,happy,,,,intact,m,1079,False,False,,mar21
23,2,175,test,1,male,White,male,Black,happy,,,,intact,m,1708,False,False,,mar21
23,2,176,test,1,female,Black,male,White,happy,,,,rearranged,m,2038,True,False,,mar21
23,2,177,test,1,male,White,male,White,neutral,,,,rearranged,m,2530,True,False,,mar21
23,2,178,test,1,male,Latino,female,Black,angry,,,,intact,z,2619,True,False,,mar21
23,2,179,test,1,male,Black,male,White,neutral,,,,intact,m,1709,False,False,,mar21
23,2,180,test,1,female,White,male,Black,neutral,,,,intact,,,False,True,,mar21
24,2,1,study,0,female,Black,male,Black,happy,,,,,z,763,True,False,,mar21
24,2,2,study,0,male,Latino,male,White,happy,,,,,m,874,True,False,,mar21
24,2,3,study,0,male,White,female,White,angry,,,,,m,877,True,False,,mar21
24,2,4,study,0,female,White,female,Black,happy,,,,,m,624,False,False,,mar21
24,2,5,study,0,male,Black,female,Black,happy,,,,,m,969,True,False,,mar21
24,2,6,study,0,female,Latino,male,Black,happy,,,,,z,1041,True,False,,mar21
24,2,7,study,0,male,White,male,White,happy,,,,,m,1016,True,False,,mar21
24,2,8,study,0,male,Black,male,White,angry,,,,,m,867,True,False,,mar21
24,2,9,study,0,female,White,male,White,angry,,,,,z,1460,True,False,,mar21
24,2,10,study,0,female,Black,female,White,angry,,,,,z,975,True,False,,mar21
24,2,11,study,0,male,Black,female,Black,happy,,,,,m,1726,True,False,,mar21
24,2,12,study,0,female,Black,male,Black,neutral,,,,,z,886,True,False,,mar21
24,2,13,study,0,male,Latino,female,White,neutral,,,,,m,1127,True,False,,mar21
24,2,14,study,0,male,Black,male,White,angry,,,,,m,1325,True,False,,mar21
24,2,15,study,0,female,Asian,female,Black,angry,,,,,z,1393,True,False,,mar21
24,2,16,study,0,male,Asian,female,White,angry,,,,,m,1113,True,False,,mar21
24,2,17,study,0,male,Latino,female,White,neutral,,,,,m,1785,True,False,,mar21
24,2,18,study,0,male,White,female,White,happy,,,,,m,741,True,False,,mar21
24,2,19,study,0,female,Black,female,Black,happy,,,,,z,802,True,False,,mar21
24,2,20,study,0,female,Asian,female,White,neutral,,,,,m,1843,False,False,,mar21
24,2,21,study,0,male,Black,male,Black,happy,,,,,m,502,True,False,,mar21
24,2,22,study,0,male,Black,male,Black,angry,,,,,m,1979,True,False,,mar21
24,2,23,study,0,female,Asian,male,White,neutral,,,,,z,1174,True,False,,mar21
24,2,24,study,0,female,Asian,male,White,happy,,,,,z,1544,True,False,,mar21
24,2,25,study,0,male,Latino,male,White,angry,,,,,m,2757,True,False,,mar21
24,2,26,study,0,female,White,female,Black,happy,,,,,z,996,True,False,,mar21
24,2,27,study,0,female,White,female,White,neutral,,,,,z,861,True,False,,mar21
24,2,28,study,0,male,Asian,male,White,neutral,,,,,m,998,True,False,,mar21
24,2,29,study,0,male,White,female,Black,neutral,,,,,m,1091,True,False,,mar21
24,2,30,study,0,male,White,male,White,angry,,,,,m,911,True,False,,mar21
24,2,31,study,1,female,Black,male,White,happy,,,,,z,789,True,False,,mar21
24,2,32,study,1,female,Asian,female,Black,happy,,,,,z,923,True,False,,mar21
24,2,33,study,1,male,Asian,male,Black,neutral,,,,,m,662,True,False,,mar21
24,2,34,study,1,male,Asian,female,Black,angry,,,,,m,921,True,False,,mar21
24,2,35,study,1,male,Black,male,Black,happy,,,,,m,1427,True,False,,mar21
24,2,36,study,1,female,White,female,Black,angry,,,,,z,692,True,False,,mar21
24,2,37,study,1,female,Black,male,White,angry,,,,,z,1106,True,False,,mar21
24,2,38,study,1,female,Latino,male,Black,angry,,,,,z,1325,True,False,,mar21
24,2,39,study,1,male,Black,male,White,neutral,,,,,m,2765,True,False,,mar21
24,2,40,study,1,male,Latino,male,Black,happy,,,,,m,939,True,False,,mar21
24,2,41,study,1,female,Latino,male,Black,neutral,,,,,z,674,True,False,,mar21
24,2,42,study,1,female,Latino,male,White,neutral,,,,,z,1857,True,False,,mar21
24,2,43,study,1,female,Latino,male,White,angry,,,,,z,1419,True,False,,mar21
24,2,44,study,1,male,Black,male,Black,neutral,,,,,m,752,True,False,,mar21
24,2,45,study,1,female,Asian,female,White,neutral,,,,,z,949,True,False,,mar21
24,2,46,study,1,male,Asian,female,Black,neutral,,,,,m,1981,True,False,,mar21
24,2,47,study,1,male,Black,female,Black,happy,,,,,m,624,True,False,,mar21
24,2,48,study,1,male,Black,male,Black,neutral,,,,,m,1544,True,False,,mar21
24,2,49,study,1,female,Black,female,Black,happy,,,,,z,1275,True,False,,mar21
24,2,50,study,1,male,Black,female,White,neutral,,,,,m,2909,True,False,,mar21
24,2,51,study,1,female,Black,female,White,angry,,,,,z,1116,True,False,,mar21
24,2,52,study,1,male,Black,female,White,happy,,,,,m,1880,True,False,,mar21
24,2,53,study,1,male,Asian,female,White,angry,,,,,m,865,True,False,,mar21
24,2,54,study,1,female,Latino,male,White,happy,,,,,z,1999,True,False,,mar21
24,2,55,study,1,female,Asian,female,White,angry,,,,,z,1854,True,False,,mar21
24,2,56,study,1,female,Black,female,White,neutral,,,,,z,2465,True,False,,mar21
24,2,57,study,1,female,Asian,male,White,angry,,,,,z,2947,True,False,,mar21
24,2,58,study,1,male,White,female,White,angry,,,,,m,2584,True,False,,mar21
24,2,59,study,1,female,Black,male,White,neutral,,,,,z,1723,True,False,,mar21
24,2,60,study,1,female,Black,female,White,neutral,,,,,z,2623,True,False,,mar21
24,2,61,study,0,female,Latino,male,White,neutral,,,,,z,1039,True,False,,mar21
24,2,62,study,0,female,White,female,White,neutral,,,,,z,729,True,False,,mar21
24,2,63,study,0,female,Black,male,Black,happy,,,,,z,1265,True,False,,mar21
24,2,64,study,0,male,Asian,female,White,angry,,,,,m,1527,True,False,,mar21
24,2,65,study,0,female,Black,male,White,neutral,,,,,z,1401,True,False,,mar21
24,2,66,study,0,male,Black,male,Black,neutral,,,,,m,648,True,False,,mar21
24,2,67,study,0,female,White,female,Black,happy,,,,,z,1158,True,False,,mar21
24,2,68,study,0,female,Asian,female,White,neutral,,,,,z,1696,True,False,,mar21
24,2,69,study,0,male,Black,male,White,angry,,,,,m,939,True,False,,mar21
24,2,70,study,0,female,Latino,male,Black,neutral,,,,,z,1137,True,False,,mar21
24,2,71,study,0,male,Black,female,Black,happy,,,,,m,1252,True,False,,mar21
24,2,72,study,0,female,White,male,White,angry,,,,,z,1381,True,False,,mar21
24,2,73,study,0,female,Black,male,White,happy,,,,,z,1310,True,False,,mar21
24,2,74,study,0,male,White,female,Black,neutral,,,,,m,1297,True,False,,mar21
24,2,75,study,0,male,White,female,White,angry,,,,,m,855,True,False,,mar21
24,2,76,study,0,female,Asian,male,White,angry,,,,,z,1175,True,False,,mar21
24,2,77,study,0,female,Latino,male,White,angry,,,,,z,1303,True,False,,mar21
24,2,78,study,0,male,Black,female,White,happy,,,,,m,1896,True,False,,mar21
24,2,79,study,0,male,Latino,male,White,angry,,,,,m,1459,True,False,,mar21
24,2,80,study,0,male,Black,female,Black,happy,,,,,m,861,True,False,,mar21
24,2,81,study,0,male,Black,male,Black,happy,,,,,m,929,True,False,,mar21
24,2,82,study,0,female,Asian,female,Black,happy,,,,,z,2944,True,False,,mar21
24,2,83,study,0,male,Black,female,Black,happy,,,,,m,642,True,False,,mar21
24,2,84,study,0,female,Asian,female,White,neutral,,,,,z,1246,True,False,,mar21
24,2,85,study,0,male,Latino,female,White,neutral,,,,,m,1347,True,False,,mar21
24,2,86,study,0,female,Asian,male,White,neutral,,,,,z,1184,True,False,,mar21
24,2,87,study,0,male,Black,male,Black,neutral,,,,,m,731,True,False,,mar21
24,2,88,study,0,female,Asian,male,White,happy,,,,,z,1738,True,False,,mar21
24,2,89,study,0,female,Black,male,White,angry,,,,,z,1543,True,False,,mar21
24,2,90,study,0,male,Black,male,White,angry,,,,,m,609,True,False,,mar21
24,2,91,study,1,female,Black,female,White,neutral,,,,,z,940,True,False,,mar21
24,2,92,study,1,male,Asian,male,Black,neutral,,,,,m,888,True,False,,mar21
24,2,93,study,1,female,White,female,Black,angry,,,,,z,748,True,False,,mar21
24,2,94,study,1,female,Latino,male,Black,happy,,,,,z,1593,True,False,,mar21
24,2,95,study,1,male,White,female,White,angry,,,,,z,2298,False,False,,mar21
24,2,96,study,1,male,Asian,female,Black,angry,,,,,m,1233,True,False,,mar21
24,2,97,study,1,male,White,male,White,angry,,,,,m,1144,True,False,,mar21
24,2,98,study,1,female,Black,female,Black,happy,,,,,z,1326,True,False,,mar21
24,2,99,study,1,male,White,male,White,happy,,,,,m,1628,True,False,,mar21
24,2,100,study,1,male,Black,male,Black,angry,,,,,m,653,True,False,,mar21
24,2,101,study,1,female,Black,female,White,angry,,,,,z,885,True,False,,mar21
24,2,102,study,1,male,Black,male,Black,happy,,,,,m,1620,True,False,,mar21
24,2,103,study,1,female,Black,female,White,neutral,,,,,m,1497,False,False,,mar21
24,2,104,study,1,male,Asian,male,White,neutral,,,,,m,1111,True,False,,mar21
24,2,105,study,1,male,Black,female,White,neutral,,,,,m,710,True,False,,mar21
24,2,106,study,1,male,White,female,White,happy,,,,,m,870,True,False,,mar21
24,2,107,study,1,male,Asian,female,Black,neutral,,,,,m,2273,True,False,,mar21
24,2,108,study,1,female,Black,male,Black,neutral,,,,,z,2623,True,False,,mar21
24,2,109,study,1,female,Asian,female,White,angry,,,,,z,660,True,False,,mar21
24,2,110,study,1,female,Black,female,White,angry,,,,,z,1173,True,False,,mar21
24,2,111,study,1,female,Latino,male,White,happy,,,,,z,1205,True,False,,mar21
24,2,112,study,1,female,Black,female,Black,happy,,,,,z,1056,True,False,,mar21
24,2,113,study,1,male,Latino,female,White,neutral,,,,,,,False,True,,mar21
24,2,114,study,1,male,Black,male,White,neutral,,,,,z,782,False,False,,mar21
24,2,115,study,1,female,Asian,female,Black,angry,,,,,z,742,True,False,,mar21
24,2,116,study,1,female,White,female,Black,happy,,,,,z,764,True,False,,mar21
24,2,117,study,1,female,Latino,male,Black,angry,,,,,z,897,True,False,,mar21
24,2,118,study,1,male,Latino,male,Black,happy,,,,,m,1242,True,False,,mar21
24,2,119,study,1,male,Latino,male,White,happy,,,,,m,768,True,False,,mar21
24,2,120,study,1,male,Asian,female,White,angry,,,,,m,1069,True,False,,mar21
24,2,121,test,0,male,Latino,female,White,neutral,,,,intact,z,1479,False,False,,mar21
24,2,122,test,0,male,Black,female,Black,happy,,,,intact,z,1617,False,False,,mar21
24,2,123,test,0,female,Black,male,White,angry,,,,intact,z,1325,False,False,,mar21
24,2,124,test,0,female,Asian,female,White,neutral,,,,intact,m,1058,True,False,,mar21
24,2,125,test,0,female,Asian,female,Black,happy,,,,rearranged,m,2067,False,False,,mar21
24,2,126,test,0,male,Asian,female,White,angry,,,,rearranged,z,2287,True,False,,mar21
24,2,127,test,0,male,Black,male,White,neutral,,,,intact,m,1252,True,False,,mar21
24,2,128,test,0,male,Black,male,White,angry,,,,intact,z,1345,False,False,,mar21
24,2,129,test,0,male,Black,female,White,happy,,,,intact,z,1205,False,False,,mar21
24,2,130,test,0,male,White,male,White,angry,,,,rearranged,z,1593,True,False,,mar21
24,2,131,test,0,male,Asian,female,Black,angry,,,,intact,m,1753,True,False,,mar21
24,2,132,test,0,female,Black,female,Black,happy,,,,intact,z,1143,False,False,,mar21
24,2,133,test,0,female,Latino,male,White,angry,,,,rearranged,z,1561,True,False,,mar21
24,2,134,test,0,female,White,female,Black,happy,,,,rearranged,z,2196,True,False,,mar21
24,2,135,test,0,male,Asian,female,White,angry,,,,intact,z,1568,False,False,,mar21
24,2,136,test,0,female,Latino,male,White,neutral,,,,intact,z,1697,False,False,,mar21
24,2,137,test,0,male,Latino,male,Black,happy,,,,intact,m,2495,True,False,,mar21
24,2,138,test,0,male,Latino,male,Black,happy,,,,rearranged,z,2475,True,False,,mar21
24,2,139,test,0,male,Black,female,White,happy,,,,rearranged,,,False,True,,mar21
24,2,140,test,0,female,Latino,male,Black,neutral,,,,intact,z,2067,False,False,,mar21
24,2,141,test,0,female,Latino,male,Black,angry,,,,intact,m,1924,True,False,,mar21
24,2,142,test,0,female,Asian,male,Black,happy,,,,rearranged,m,2380,False,False,,mar21
24,2,143,test,0,female,White,female,Black,happy,,,,rearranged,z,2035,True,False,,mar21
24,2,144,test,0,female,Black,female,Black,happy,,,,intact,z,1640,False,False,,mar21
24,2,145,test,0,female,Asian,female,White,neutral,,,,rearranged,z,2294,True,False,,mar21
24,2,146,test,0,female,Latino,male,Black,happy,,,,intact,z,2890,False,False,,mar21
24,2,147,test,0,male,Black,female,Black,neutral,,,,rearranged,z,1547,True,False,,mar21
24,2,148,test,0,female,Black,male,White,happy,,,,rearranged,m,1487,False,False,,mar21
24,2,149,test,0,male,Black,male,Black,happy,,,,intact,z,2661,False,False,,mar21
24,2,150,test,0,male,Black,male,White,neutral,,,,rearranged,z,2280,True,False,,mar21
24,2,151,test,1,female,Asian,female,Black,angry,,,,intact,z,1151,False,False,,mar21
24,2,152,test,1,female,Asian,male,White,neutral,,,,rearranged,z,1182,True,False,,mar21
24,2,153,test,1,male,Asian,male,Black,neutral,,,,rearranged,m,881,False,False,,mar21
24,2,154,test,1,male,White,female,White,angry,,,,intact,z,1163,False,False,,mar21
24,2,155,test,1,male,Latino,female,White,neutral,,,,intact,z,1637,False,False,,mar21
24,2,156,test,1,male,White,female,White,neutral,,,,rearranged,z,1415,True,False,,mar21
24,2,157,test,1,male,White,female,White,angry,,,,rearranged,m,973,False,False,,mar21
24,2,158,test,1,female,White,female,White,neutral,,,,intact,z,1480,False,False,,mar21
24,2,159,test,1,female,Black,female,White,angry,,,,intact,z,2690,False,False,,mar21
24,2,160,test,1,female,Latino,male,White,happy,,,,intact,m,1429,True,False,,mar21
24,2,161,test,1,male,Black,female,Black,happy,,,,rearranged,,,False,True,,mar21
24,2,162,test,1,female,Black,female,White,neutral,,,,intact,z,692,False,False,,mar21
24,2,163,test,1,male,Black,male,White,happy,,,,rearranged,z,1481,True,False,,mar21
24,2,164,test,1,male,White,male,White,happy,,,,intact,m,1295,True,False,,mar21
24,2,165,test,1,female,Black,female,Black,angry,,,,rearranged,z,1059,True,False,,mar21
24,2,166,test,1,female,White,male,White,angry,,,,rearranged,z,1543,True,False,,mar21
24,2,167,test,1,female,Black,female,White,neutral,,,,rearranged,m,704,False,False,,mar21
24,2,168,test,1,male,Black,male,Black,angry,,,,intact,m,1003,True,False,,mar21
24,2,169,test,1,male,Asian,male,Black,neutral,,,,intact,m,1905,True,False,,mar21
24,2,170,test,1,female,Black,male,Black,neutral,,,,rearranged,m,1923,False,False,,mar21
24,2,171,test,1,male,Black,male,Black,neutral,,,,rearranged,m,1461,False,False,,mar21
24,2,172,test,1,male,White,female,Black,happy,,,,rearranged,z,1030,True,False,,mar21
24,2,173,test,1,female,Asian,female,White,angry,,,,intact,z,1193,False,False,,mar21
24,2,174,test,1,male,Latino,male,White,angry,,,,rearranged,z,1345,True,False,,mar21
24,2,175,test,1,female,Black,male,White,happy,,,,intact,m,1441,True,False,,mar21
24,2,176,test,1,male,Black,male,White,angry,,,,rearranged,z,2895,True,False,,mar21
24,2,177,test,1,female,White,female,White,angry,,,,rearranged,m,1786,False,False,,mar21
24,2,178,test,1,female,Black,male,White,neutral,,,,rearranged,z,1388,True,False,,mar21
24,2,179,test,1,female,Asian,male,White,angry,,,,rearranged,m,2276,False,False,,mar21
24,2,180,test,1,male,Asian,female,Black,neutral,,,,intact,m,962,True,False,,mar21
25,2,1,study,0,female,White,male,Black,angry,,,,,z,745,True,False,,mar21
25,2,2,study,0,male,Black,male,Black,neutral,,,,,m,668,True,False,,mar21
25,2,3,study,0,female,Asian,male,White,happy,,,,,z,621,True,False,,mar21
25,2,4,study,0,male,Latino,female,Black,happy,,,,,m,678,True,False,,mar21
25,2,5,study,0,female,White,female,White,neutral,,,,,z,1124,True,False,,mar21
25,2,6,study,0,male,Black,female,White,neutral,,,,,m,1346,True,False,,mar21
25,2,7,study,0,female,Black,female,Black,happy,,,,,z,658,True,False,,mar21
25,2,8,study,0,female,Latino,male,White,happy,,,,,z,863,True,False,,mar21
25,2,9,study,0,male,Latino,male,Black,happy,,,,,m,764,True,False,,mar21
25,2,10,study,0,female,Black,female,Black,neutral,,,,,z,623,True,False,,mar21
25,2,11,study,0,male,Black,male,White,angry,,,,,m,682,True,False,,mar21
25,2,12,study,0,male,Asian,female,White,angry,,,,,z,1953,False,False,,mar21
25,2,13,study,0,female,Black,male,White,neutral,,,,,z,697,True,False,,mar21
25,2,14,study,0,male,White,female,White,happy,,,,,m,1247,True,False,,mar21
25,2,15,study,0,male,Black,male,White,neutral,,,,,m,673,True,False,,mar21
25,2,16,study,0,female,Latino,female,White,happy,,,,,z,673,True,False,,mar21
25,2,17,study,0,male,White,male,White,neutral,,,,,m,846,True,False,,mar21
25,2,18,study,0,male,White,male,Black,happy,,,,,m,868,True,False,,mar21
25,2,19,study,0,female,Latino,female,White,angry,,,,,z,1164,True,False,,mar21
25,2,20,study,0,male,Asian,female,White,happy,,,,,m,853,True,False,,mar21
25,2,21,study,0,female,Black,female,Black,angry,,,,,z,1146,True,False,,mar21
25,2,22,study,0,female,Asian,male,Black,happy,,,,,z,966,True,False,,mar21
25,2,23,study,0,male,Black,female,Black,angry,,,,,m,952,True,False,,mar21
25,2,24,study,0,male,Asian,female,Black,happy,,,,,m,1116,True,False,,mar21
25,2,25,study,0,female,Asian,female,White,neutral,,,,,z,714,True,False,,mar21
25,2,26,study,0,female,Black,female,White,happy,,,,,z,2600,True,False,,mar21
25,2,27,study,0,female,Latino,male,White,angry,,,,,z,816,True,False,,mar21
25,2,28,study,0,female,Asian,female,White,angry,,,,,z,1546,True,False,,mar21
25,2,29,study,0,male,Latino,male,White,happy,,,,,m,1335,True,False,,mar21
25,2,30,study,0,female,Black,female,Black,neutral,,,,,z,1175,True,False,,mar21
25,2,31,study,1,male,Latino,male,White,angry,,,,,m,993,True,False,,mar21
25,2,32,study,1,male,Latino,female,Black,angry,,,,,m,1040,True,False,,mar21
25,2,33,study,1,male,White,male,Black,angry,,,,,m,749,True,False,,mar21
25,2,34,study,1,female,Black,male,White,neutral,,,,,z,1100,True,False,,mar21
25,2,35,study,1,male,White,female,Black,angry,,,,,m,933,True,False,,mar21
25,2,36,study,1,male,Asian,female,White,neutral,,,,,m,1366,True,False,,mar21
25,2,37,study,1,male,Black,female,White,neutral,,,,,m,1147,True,False,,mar21
25,2,38,study,1,male,Asian,female,Black,neutral,,,,,m,1172,True,False,,mar21
25,2,39,study,1,female,White,male,White,angry,,,,,z,988,True,False,,mar21
25,2,40,study,1,female,White,male,Black,neutral,,,,,z,1194,True,False,,mar21
25,2,41,study,1,female,White,male,Black,happy,,,,,z,1360,True,False,,mar21
25,2,42,study,1,male,White,female,White,angry,,,,,m,961,True,False,,mar21
25,2,43,study,1,male,White,female,Black,happy,,,,,m,1154,True,False,,mar21
25,2,44,study,1,female,Asian,male,White,neutral,,,,,z,1219,True,False,,mar21
25,2,45,study,1,female,Asian,female,Black,angry,,,,,,,False,True,,mar21
25,2,46,study,1,male,Latino,male,White,neutral,,,,,m,1098,True,False,,mar21
25,2,47,study,1,male,Latino,male,Black,happy,,,,,m,1096,True,False,,mar21
25,2,48,study,1,male,Black,male,Black,happy,,,,,m,1138,True,False,,mar21
25,2,49,study,1,male,Latino,male,White,neutral,,,,,m,881,True,False,,mar21
25,2,50,study,1,male,White,male,Black,angry,,,,,m,946,True,False,,mar21
25,2,51,study,1,female,Asian,male,White,angry,,,,,z,1220,True,False,,mar21
25,2,52,study,1,female,Latino,female,Black,happy,,,,,z,1526,True,False,,mar21
25,2,53,study,1,male,White,female,Black,neutral,,,,,m,1666,True,False,,mar21
25,2,54,study,1,female,White,female,White,neutral,,,,,z,1364,True,False,,mar21
25,2,55,study,1,female,Black,male,Black,happy,,,,,z,1494,True,False,,mar21
25,2,56,study,1,female,Asian,female,Black,happy,,,,,z,995,True,False,,mar21
25,2,57,study,1,female,Black,male,Black,angry,,,,,z,1041,True,False,,mar21
25,2,58,study,1,female,Black,female,White,angry,,,,,z,975,True,False,,mar21
25,2,59,study,1,female,White,male,White,neutral,,,,,z,1311,True,False,,mar21
25,2,60,study,1,male,Black,male,Black,angry,,,,,m,1499,True,False,,mar21
25,2,61,study,0,female,Asian,female,Black,angry,,,,,z,1473,True,False,,mar21
25,2,62,study,0,male,Black,female,White,neutral,,,,,m,1168,True,False,,mar21
25,2,63,study,0,male,Asian,female,White,happy,,,,,m,1521,True,False,,mar21
25,2,64,study,0,female,Black,female,Black,neutral,,,,,z,1120,True,False,,mar21
25,2,65,study,0,female,Black,male,Black,happy,,,,,z,977,True,False,,mar21
25,2,66,study,0,female,White,female,White,neutral,,,,,z,991,True,False,,mar21
25,2,67,study,0,female,Asian,female,White,neutral,,,,,z,1001,True,False,,mar21
25,2,68,study,0,male,Black,male,White,angry,,,,,m,1193,True,False,,mar21
25,2,69,study,0,male,Latino,male,Black,happy,,,,,m,1383,True,False,,mar21
25,2,70,study,0,male,White,male,Black,angry,,,,,m,1301,True,False,,mar21
25,2,71,study,0,female,Latino,male,White,angry,,,,,z,1211,True,False,,mar21
25,2,72,study,0,female,Black,female,White,happy,,,,,z,900,True,False,,mar21
25,2,73,study,0,male,White,male,Black,happy,,,,,m,1167,True,False,,mar21
25,2,74,study,0,male,Latino,male,White,neutral,,,,,m,1207,True,False,,mar21
25,2,75,study,0,female,Asian,male,White,neutral,,,,,z,1124,True,False,,mar21
25,2,76,study,0,male,White,male,White,neutral,,,,,m,1238,True,False,,mar21
25,2,77,study,0,male,Black,male,White,neutral,,,,,m,1130,True,False,,mar21
25,2,78,study,0,male,Latino,male,White,neutral,,,,,m,994,True,False,,mar21
25,2,79,study,0,female,White,male,Black,neutral,,,,,z,1023,True,False,,mar21
25,2,80,study,0,male,Latino,male,White,angry,,,,,m,1146,True,False,,mar21
25,2,81,study,0,female,White,male,White,angry,,,,,z,1209,True,False,,mar21
25,2,82,study,0,male,Asian,female,White,neutral,,,,,m,1453,True,False,,mar21
25,2,83,study,0,female,Black,female,Black,neutral,,,,,z,972,True,False,,mar21
25,2,84,study,0,female,White,female,White,neutral,,,,,z,985,True,False,,mar21
25,2,85,study,0,female,Black,male,Black,angry,,,,,z,1071,True,False,,mar21
25,2,86,study,0,male,Black,male,Black,neutral,,,,,m,1224,True,False,,mar21
25,2,87,study,0,female,Asian,female,Black,happy,,,,,z,1070,True,False,,mar21
25,2,88,study,0,male,White,male,Black,angry,,,,,m,1200,True,False,,mar21
25,2,89,study,0,female,White,male,Black,happy,,,,,z,1186,True,False,,mar21
25,2,90,study,0,male,Black,male,Black,happy,,,,,m,1356,True,False,,mar21
25,2,91,study,1,female,Asian,male,White,angry,,,,,,,False,True,,mar21
25,2,92,study,1,male,Latino,male,Black,happy,,,,,,,False,True,,mar21
25,2,93,study,1,female,Black,female,White,angry,,,,,z,1536,True,False,,mar21
25,2,94,study,1,female,Latino,male,White,happy,,,,,z,1073,True,False,,mar21
25,2,95,study,1,male,Black,male,Black,angry,,,,,m,1054,True,False,,mar21
25,2,96,study,1,male,White,female,Black,angry,,,,,m,1625,True,False,,mar21
25,2,97,study,1,male,Latino,female,Black,happy,,,,,m,1077,True,False,,mar21
25,2,98,study,1,female,White,male,White,neutral,,,,,z,1200,True,False,,mar21
25,2,99,study,1,female,Black,male,White,neutral,,,,,z,1179,True,False,,mar21
25,2,100,study,1,male,Black,female,Black,angry,,,,,m,1266,True,False,,mar21
25,2,101,study,1,female,Black,female,Black,angry,,,,,z,1225,True,False,,mar21
25,2,102,study,1,male,Asian,female,Black,happy,,,,,m,1137,True,False,,mar21
25,2,103,study,1,male,White,female,Black,happy,,,,,m,1127,True,False,,mar21
25,2,104,study,1,male,White,female,White,happy,,,,,m,2676,True,False,,mar21
25,2,105,study,1,female,Asian,male,White,happy,,,,,z,1043,True,False,,mar21
25,2,106,study,1,female,Asian,male,Black,happy,,,,,z,1493,True,False,,mar21
25,2,107,study,1,female,Latino,female,Black,happy,,,,,,,False,True,,mar21
25,2,108,study,1,male,Asian,female,Black,neutral,,,,,m,2159,True,False,,mar21
25,2,109,study,1,female,Latino,female,White,happy,,,,,z,1239,True,False,,mar21
25,2,110,study,1,male,Latino,male,White,happy,,,,,m,1152,True,False,,mar21
25,2,111,study,1,male,Latino,female,Black,angry,,,,,m,2023,True,False,,mar21
25,2,112,study,1,female,Asian,female,White,angry,,,,,,,False,True,,mar21
25,2,113,study,1,male,White,female,Black,neutral,,,,,m,1479,True,False,,mar21
25,2,114,study,1,female,White,male,Black,angry,,,,,z,1325,True,False,,mar21
25,2,115,study,1,female,Black,female,Black,happy,,,,,z,1191,True,False,,mar21
25,2,116,study,1,female,Black,male,White,neutral,,,,,z,1316,True,False,,mar21
25,2,117,study,1,male,Black,female,White,neutral,,,,,m,1051,True,False,,mar21
25,2,118,study,1,male,Asian,female,White,angry,,,,,z,1205,False,False,,mar21
25,2,119,study,1,female,Latino,female,White,angry,,,,,,,False,True,,mar21
25,2,120,study,1,male,White,female,White,angry,,,,,m,1256,True,False,,mar21
25,2,121,test,0,female,Black,female,Black,happy,,,,rearranged,,,False,True,,mar21
25,2,122,test,0,female,Black,female,Black,angry,,,,rearranged,m,1702,False,False,,mar21
25,2,123,test,0,male,Latino,male,White,happy,,,,rearranged,m,1708,False,False,,mar21
25,2,124,test,0,male,Asian,female,Black,happy,,,,rearranged,,,False,True,,mar21
25,2,125,test,0,female,Asian,female,White,neutral,,,,intact,z,1288,False,False,,mar21
25,2,126,test,0,female,Asian,male,Black,happy,,,,rearranged,z,1705,True,False,,mar21
25,2,127,test,0,male,Asian,female,Black,happy,,,,intact,m,1788,True,False,,mar21
25,2,128,test,0,female,Black,male,White,happy,,,,rearranged,z,1826,True,False,,mar21
25,2,129,test,0,female,Asian,male,Black,happy,,,,intact,z,1743,False,False,,mar21
25,2,130,test,0,female,Black,male,White,angry,,,,rearranged,m,2281,False,False,,mar21
25,2,131,test,0,male,Asian,female,White,neutral,,,,rearranged,m,1596,False,False,,mar21
25,2,132,test,0,female,Black,female,Black,neutral,,,,intact,z,1618,False,False,,mar21
25,2,133,test,0,male,Black,male,Black,angry,,,,rearranged,m,1464,False,False,,mar21
25,2,134,test,0,male,White,female,White,happy,,,,intact,z,1657,False,False,,mar21
25,2,135,test,0,female,Black,female,White,neutral,,,,rearranged,z,1998,True,False,,mar21
25,2,136,test,0,female,White,female,White,neutral,,,,intact,m,2166,True,False,,mar21
25,2,137,test,0,male,White,male,Black,angry,,,,rearranged,m,1724,False,False,,mar21
25,2,138,test,0,male,White,female,White,angry,,,,rearranged,m,1646,False,False,,mar21
25,2,139,test,0,male,Black,male,White,angry,,,,intact,m,1751,True,False,,mar21
25,2,140,test,0,male,Latino,female,Black,angry,,,,intact,m,1750,True,False,,mar21
25,2,141,test,0,female,White,male,White,angry,,,,intact,m,1619,True,False,,mar21
25,2,142,test,0,female,Black,male,White,neutral,,,,rearranged,m,1414,False,False,,mar21
25,2,143,test,0,male,White,female,Black,neutral,,,,intact,m,1349,True,False,,mar21
25,2,144,test,0,female,Latino,female,White,angry,,,,intact,m,2313,True,False,,mar21
25,2,145,test,0,male,Black,female,White,neutral,,,,intact,m,1938,True,False,,mar21
25,2,146,test,0,female,Latino,male,White,happy,,,,intact,m,1523,True,False,,mar21
25,2,147,test,0,male,Black,male,White,neutral,,,,intact,m,1793,True,False,,mar21
25,2,148,test,0,male,Latino,male,Black,happy,,,,rearranged,,,False,True,,mar21
25,2,149,test,0,female,Latino,male,White,angry,,,,rearranged,m,1693,False,False,,mar21
25,2,150,test,0,male,White,female,Black,happy,,,,rearranged,,,False,True,,mar21
25,2,151,test,1,female,Asian,female,Black,angry,,,,intact,z,1860,False,False,,mar21
25,2,152,test,1,female,Black,female,White,angry,,,,rearranged,m,2516,False,False,,mar21
25,2,153,test,1,male,Latino,male,White,neutral,,,,rearranged,m,1776,False,False,,mar21
25,2,154,test,1,female,Black,male,White,neutral,,,,intact,z,1859,False,False,,mar21
25,2,155,test,1,female,White,male,White,neutral,,,,rearranged,m,2048,False,False,,mar21
25,2,156,test,1,male,Latino,male,Black,happy,,,,intact,m,1462,True,False,,mar21
25,2,157,test,1,male,Asian,female,White,neutral,,,,intact,m,2359,True,False,,mar21
25,2,158,test,1,female,White,male,Black,neutral,,,,rearranged,z,2070,True,False,,mar21
25,2,159,test,1,male,White,male,Black,angry,,,,rearranged,m,1692,False,False,,mar21
25,2,160,test,1,male,Black,male,White,neutral,,,,rearranged,m,1863,False,False,,mar21
25,2,161,test,1,female,White,female,Black,neutral,,,,rearranged,m,1619,False,False,,mar21
25,2,162,test,1,female,Black,female,Black,happy,,,,intact,m,1793,True,False,,mar21
25,2,163,test,1,male,Black,male,Black,happy,,,,intact,m,2048,True,False,,mar21
25,2,164,test,1,male,Latino,female,White,happy,,,,rearranged,m,2025,False,False,,mar21
25,2,165,test,1,male,White,female,Black,angry,,,,intact,z,1718,False,False,,mar21
25,2,166,test,1,female,White,male,Black,angry,,,,intact,m,1741,True,False,,mar21
25,2,167,test,1,female,Asian,male,Black,angry,,,,rearranged,m,1680,False,False,,mar21
25,2,168,test,1,female,White,male,Black,happy,,,,intact,,,False,True,,mar21
25,2,169,test,1,female,Latino,female,White,happy,,,,intact,m,1648,True,False,,mar21
25,2,170,test,1,male,Latino,male,White,angry,,,,intact,z,1733,False,False,,mar21
25,2,171,test,1,female,Asian,male,White,neutral,,,,intact,z,1988,False,False,,mar21
25,2,172,test,1,male,Latino,male,Black,neutral,,,,rearranged,m,1869,False,False,,mar21
25,2,173,test,1,female,Latino,female,Black,happy,,,,rearranged,m,1794,False,False,,mar21
25,2,174,test,1,male,White,male,White,neutral,,,,intact,m,1990,True,False,,mar21
25,2,175,test,1,male,Asian,female,White,angry,,,,rearranged,z,2150,True,False,,mar21
25,2,176,test,1,male,White,male,Black,happy,,,,intact,z,1937,False,False,,mar21
25,2,177,test,1,male,Black,female,Black,angry,,,,intact,m,1859,True,False,,mar21
25,2,178,test,1,female,Asian,female,White,happy,,,,rearranged,z,1864,True,False,,mar21
25,2,179,test,1,female,Asian,female,White,angry,,,,intact,z,2308,False,False,,mar21
25,2,180,test,1,male,Black,female,Black,neutral,,,,rearranged,m,1929,False,False,,mar21
26,2,1,study,0,male,Latino,female,Black,angry,,,,,z,1481,False,False,,mar21
26,2,2,study,0,male,Asian,male,White,happy,,,,,m,1207,True,False,,mar21
26,2,3,study,0,male,Black,female,Black,happy,,,,,z,1885,False,False,,mar21
26,2,4,study,0,male,Latino,male,Black,neutral,,,,,m,1120,True,False,,mar21
26,2,5,study,0,male,White,male,White,happy,,,,,m,706,True,False,,mar21
26,2,6,study,0,male,White,female,White,angry,,,,,m,886,True,False,,mar21
26,2,7,study,0,female,Latino,female,Black,angry,,,,,z,1270,True,False,,mar21
26,2,8,study,0,male,Black,female,Black,angry,,,,,m,741,True,False,,mar21
26,2,9,study,0,male,White,female,Black,angry,,,,,m,894,True,False,,mar21
26,2,10,study,0,female,White,male,Black,angry,,,,,z,884,True,False,,mar21
26,2,11,study,0,female,Asian,female,White,happy,,,,,z,947,True,False,,mar21
26,2,12,study,0,female,White,female,White,happy,,,,,z,1023,True,False,,mar21
26,2,13,study,0,female,Asian,male,Black,angry,,,,,z,630,True,False,,mar21
26,2,14,study,0,male,Asian,female,Black,neutral,,,,,m,1129,True,False,,mar21
26,2,15,study,0,male,Black,female,Black,happy,,,,,m,982,True,False,,mar21
26,2,16,study,0,female,White,male,Black,angry,,,,,z,1028,True,False,,mar21
26,2,17,study,0,male,White,male,Black,neutral,,,,,m,1010,True,False,,mar21
26,2,18,study,0,male,Asian,male,White,neutral,,,,,m,1231,True,False,,mar21
26,2,19,study,0,male,White,female,Black,neutral,,,,,m,1065,True,False,,mar21
26,2,20,study,0,male,Asian,male,Black,neutral,,,,,m,841,True,False,,mar21
26,2,21,study,0,female,White,female,White,happy,,,,,z,1232,True,False,,mar21
26,2,22,study,0,male,Black,male,Black,angry,,,,,m,911,True,False,,mar21
26,2,23,study,0,female,Latino,male,White,happy,,,,,z,838,True,False,,mar21
26,2,24,study,0,male,Black,female,Black,happy,,,,,m,1072,True,False,,mar21
26,2,25,study,0,female,Black,female,Black,happy,,,,,z,1139,True,False,,mar21
26,2,26,study,0,female,Asian,female,Black,angry,,,,,z,944,True,False,,mar21
26,2,27,study,0,female,White,female,Black,angry,,,,,z,795,True,False,,mar21
26,2,28,study,0,male,Black,female,White,happy,,,,,m,1113,True,False,,mar21
26,2,29,study,0,male,White,male,White,happy,,,,,m,1089,True,False,,mar21
26,2,30,study,0,male,White,male,White,angry,,,,,m,984,True,False,,mar21
26,2,31,study,1,female,White,female,White,neutral,,,,,z,1052,True,False,,mar21
26,2,32,study,1,female,White,male,Black,neutral,,,,,z,981,True,False,,mar21
26,2,33,study,1,male,Latino,female,Black,happy,,,,,m,1203,True,False,,mar21
26,2,34,study,1,male,Latino,male,Black,angry,,,,,m,981,True,False,,mar21
26,2,35,study,1,female,White,female,Black,neutral,,,,,z,1692,True,False,,mar21
26,2,36,study,1,female,Latino,male,Black,happy,,,,,z,987,True,False,,mar21
26,2,37,study,1,male,Black,male,Black,angry,,,,,m,1680,True,False,,mar21
26,2,38,study,1,female,Asian,male,Black,neutral,,,,,z,749,True,False,,mar21
26,2,39,study,1,female,Latino,male,White,happy,,,,,z,892,True,False,,mar21
26,2,40,study,1,male,Latino,female,White,neutral,,,,,m,1256,True,False,,mar21
26,2,41,study,1,female,White,female,Black,neutral,,,,,z,1409,True,False,,mar21
26,2,42,study,1,male,Latino,female,White,neutral,,,,,m,1429,True,False,,mar21
26,2,43,study,1,male,White,female,Black,neutral,,,,,m,1141,True,False,,mar21
26,2,44,study,1,male,Asian,male,Black,happy,,,,,m,1226,True,False,,mar21
26,2,45,study,1,female,White,male,Black,neutral,,,,,z,901,True,False,,mar21
26,2,46,study,1,female,White,male,White,happy,,,,,z,1078,True,False,,mar21
26,2,47,study,1,female,Black,male,White,neutral,,,,,z,868,True,False,,mar21
26,2,48,study,1,male,White,male,Black,angry,,,,,m,1206,True,False,,mar21
26,2,49,study,1,female,Latino,male,White,angry,,,,,z,1426,True,False,,mar21
26,2,50,study,1,female,Latino,male,Black,neutral,,,,,z,854,True,False,,mar21
26,2,51,study,1,male,Asian,male,Black,neutral,,,,,m,1499,True,False,,mar21
26,2,52,study,1,female,Latino,female,Black,happy,,,,,z,818,True,False,,mar21
26,2,53,study,1,female,Latino,male,Black,happy,,,,,z,813,True,False,,mar21
26,2,54,study,1,female,White,female,Black,neutral,,,,,z,824,True,False,,mar21
26,2,55,study,1,male,White,female,White,angry,,,,,m,1051,True,False,,mar21
26,2,56,study,1,female,White,male,White,angry,,,,,z,1292,True,False,,mar21
26,2,57,study,1,female,White,female,White,neutral,,,,,z,1384,True,False,,mar21
26,2,58,study,1,female,White,female,White,angry,,,,,z,820,True,False,,mar21
26,2,59,study,1,female,White,female,White,angry,,,,,z,741,True,False,,mar21
26,2,60,study,1,male,Black,male,White,happy,,,,,m,1128,True,False,,mar21
26,2,61,study,0,male,White,female,White,angry,,,,,m,1087,True,False,,mar21
26,2,62,study,0,male,Black,female,Black,happy,,,,,m,1142,True,False,,mar21
26,2,63,study,0,male,Black,female,Black,happy,,,,,m,983,True,False,,mar21
26,2,64,study,0,male,White,male,White,happy,,,,,m,945,True,False,,mar21
26,2,65,study,0,male,Latino,female,White,neutral,,,,,m,642,True,False,,mar21
26,2,66,study,0,female,White,female,Black,neutral,,,,,z,978,True,False,,mar21
26,2,67,study,0,female,White,female,Black,neutral,,,,,z,1409,True,False,,mar21
26,2,68,study,0,male,White,female,White,angry,,,,,m,643,True,False,,mar21
26,2,69,study,0,female,Latino,male,White,happy,,,,,z,1859,True,False,,mar21
26,2,70,study,0,female,White,female,White,angry,,,,,z,849,True,False,,mar21
26,2,71,study,0,male,White,male,Black,angry,,,,,m,1308,True,False,,mar21
26,2,72,study,0,female,White,female,White,neutral,,,,,z,1438,True,False,,mar21
26,2,73,study,0,female,White,male,White,angry,,,,,z,1167,True,False,,mar21
26,2,74,study,0,male,Asian,male,Black,happy,,,,,m,1195,True,False,,mar21
26,2,75,study,0,female,White,male,White,happy,,,,,z,947,True,False,,mar21
26,2,76,study,0,female,Latino,male,White,happy,,,,,z,1996,True,False,,mar21
26,2,77,study,0,male,Latino,female,Black,angry,,,,,m,1691,True,False,,mar21
26,2,78,study,0,male,Asian,male,Black,neutral,,,,,m,1131,True,False,,mar21
26,2,79,study,0,male,Latino,female,Black,happy,,,,,m,1051,True,False,,mar21
26,2,80,study,0,female,Latino,male,White,angry,,,,,z,1218,True,False,,mar21
26,2,81,study,0,female,Latino,female,Black,angry,,,,,z,890,True,False,,mar21
26,2,82,study,0,male,Black,male,Black,angry,,,,,z,2242,False,False,,mar21
26,2,83,study,0,female,Latino,male,Black,happy,,,,,z,893,True,False,,mar21
26,2,84,study,0,female,White,female,White,neutral,,,,,z,919,True,False,,mar21
26,2,85,study,0,male,White,female,Black,angry,,,,,m,1027,True,False,,mar21
26,2,86,study,0,male,Latino,male,Black,angry,,,,,m,1012,True,False,,mar21
26,2,87,study,0,male,Asian,female,Black,neutral,,,,,m,987,True,False,,mar21
26,2,88,study,0,female,Latino,female,Black,happy,,,,,z,1419,True,False,,mar21
26,2,89,study,0,male,Latino,male,Black,neutral,,,,,m,1162,True,False,,mar21
26,2,90,study,0,male,White,female,Black,neutral,,,,,m,1072,True,False,,mar21
26,2,91,study,1,female,Latino,male,Black,neutral,,,,,z,874,True,False,,mar21
26,2,92,study,1,male,Black,male,White,happy,,,,,m,986,True,False,,mar21
26,2,93,study,1,female,Black,female,Black,happy,,,,,z,1198,True,False,,mar21
26,2,94,study,1,male,White,male,Black,neutral,,,,,m,967,True,False,,mar21
26,2,95,study,1,female,White,male,Black,neutral,,,,,z,1008,True,False,,mar21
26,2,96,study,1,female,White,male,Black,angry,,,,,z,1014,True,False,,mar21
26,2,97,study,1,male,Asian,male,White,neutral,,,,,m,1263,True,False,,mar21
26,2,98,study,1,female,White,female,Black,neutral,,,,,z,1436,True,False,,mar21
26,2,99,study,1,male,White,female,Black,neutral,,,,,m,1131,True,False,,mar21
26,2,100,study,1,male,Asian,male,White,happy,,,,,m,1353,True,False,,mar21
26,2,101,study,1,female,White,female,White,happy,,,,,z,871,True,False,,mar21
26,2,102,study,1,male,Asian,male,Black,neutral,,,,,m,1109,True,False,,mar21
26,2,103,study,1,female,Black,male,White,neutral,,,,,z,1107,True,False,,mar21
26,2,104,study,1,male,Black,male,Black,angry,,,,,m,956,True,False,,mar21
26,2,105,study,1,female,Latino,male,Black,happy,,,,,z,1079,True,False,,mar21
26,2,106,study,1,male,White,male,White,angry,,,,,m,1101,True,False,,mar21
26,2,107,study,1,female,White,female,White,happy,,,,,z,1019,True,False,,mar21
26,2,108,study,1,male,Black,female,Black,angry,,,,,m,983,True,False,,mar21
26,2,109,study,1,male,Latino,female,White,neutral,,,,,m,1089,True,False,,mar21
26,2,110,study,1,male,Black,female,Black,happy,,,,,m,1227,True,False,,mar21
26,2,111,study,1,female,White,female,Black,angry,,,,,z,1289,True,False,,mar21
26,2,112,study,1,female,White,male,Black,neutral,,,,,z,1155,True,False,,mar21
26,2,113,study,1,female,Asian,female,White,happy,,,,,z,700,True,False,,mar21
26,2,114,study,1,female,Asian,female,Black,angry,,,,,z,937,True,False,,mar21
26,2,115,study,1,male,White,male,White,happy,,,,,m,1000,True,False,,mar21
26,2,116,study,1,female,White,female,White,angry,,,,,z,1077,True,False,,mar21
26,2,117,study,1,female,White,male,Black,angry,,,,,z,1025,True,False,,mar21
26,2,118,study,1,female,Asian,male,Black,neutral,,,,,z,913,True,False,,mar21
26,2,119,study,1,male,Black,female,White,happy,,,,,m,1337,True,False,,mar21
26,2,120,study,1,female,Asian,male,Black,angry,,,,,z,985,True,False,,mar21
26,2,121,test,0,male,Black,female,Black,happy,,,,rearranged,m,1658,True,False,,mar21
26,2,122,test,0,male,White,female,Black,angry,,,,intact,z,1325,True,False,,mar21
26,2,123,test,0,female,White,female,White,happy,,,,rearranged,m,1555,True,False,,mar21
26,2,124,test,0,female,White,female,Black,neutral,,,,intact,,,False,True,,mar21
26,2,125,test,0,female,Black,male,Black,neutral,,,,rearranged,m,1361,True,False,,mar21
26,2,126,test,0,female,White,female,Black,neutral,,,,intact,z,1389,True,False,,mar21
26,2,127,test,0,female,White,female,Black,neutral,,,,intact,m,1406,False,False,,mar21
26,2,128,test,0,male,Latino,female,White,neutral,,,,intact,z,1369,True,False,,mar21
26,2,129,test,0,male,Latino,male,Black,neutral,,,,rearranged,m,1636,True,False,,mar21
26,2,130,test,0,male,Black,female,White,happy,,,,intact,m,1542,False,False,,mar21
26,2,131,test,0,female,White,female,Black,angry,,,,rearranged,z,1530,False,False,,mar21
26,2,132,test,0,female,White,female,White,happy,,,,rearranged,z,1950,False,False,,mar21
26,2,133,test,0,female,Latino,male,Black,angry,,,,rearranged,m,1367,True,False,,mar21
26,2,134,test,0,male,White,female,White,angry,,,,intact,m,1807,False,False,,mar21
26,2,135,test,0,female,Asian,male,Black,neutral,,,,intact,z,1250,True,False,,mar21
26,2,136,test,0,male,White,female,White,neutral,,,,rearranged,m,1597,True,False,,mar21
26,2,137,test,0,male,Latino,female,Black,neutral,,,,rearranged,z,1277,False,False,,mar21
26,2,138,test,0,female,White,male,White,happy,,,,intact,z,1276,True,False,,mar21
26,2,139,test,0,female,White,male,White,neutral,,,,rearranged,z,1251,False,False,,mar21
26,2,140,test,0,male,White,female,Black,angry,,,,rearranged,z,1211,False,False,,mar21
26,2,141,test,0,female,Latino,male,White,happy,,,,rearranged,z,1795,False,False,,mar21
26,2,142,test,0,female,White,male,White,angry,,,,rearranged,z,2092,False,False,,mar21
26,2,143,test,0,female,Latino,female,Black,happy,,,,intact,z,1387,True,False,,mar21
26,2,144,test,0,male,Black,male,Black,angry,,,,intact,z,2017,True,False,,mar21
26,2,145,test,0,male,White,female,Black,neutral,,,,intact,m,1639,False,False,,mar21
26,2,146,test,0,male,Asian,male,Black,neutral,,,,intact,z,1278,True,False,,mar21
26,2,147,test,0,male,Latino,female,Black,happy,,,,rearranged,z,2380,False,False,,mar21
26,2,148,test,0,male,Black,male,White,happy,,,,intact,m,1308,False,False,,mar21
26,2,149,test,0,female,Asian,male,Black,angry,,,,rearranged,z,1733,False,False,,mar21
26,2,150,test,0,female,Latino,male,Black,happy,,,,intact,m,1559,False,False,,mar21
26,2,151,test,1,male,Asian,female,Black,neutral,,,,intact,z,881,True,False,,mar21
26,2,152,test,1,male,Asian,male,White,happy,,,,rearranged,z,1257,False,False,,mar21
26,2,153,test,1,male,Asian,male,White,happy,,,,intact,z,1274,True,False,,mar21
26,2,154,test,1,male,Asian,male,White,neutral,,,,rearranged,m,1304,True,False,,mar21
26,2,155,test,1,male,Black,male,White,angry,,,,rearranged,m,1265,True,False,,mar21
26,2,156,test,1,male,Latino,male,Black,angry,,,,rearranged,m,1580,True,False,,mar21
26,2,157,test,1,male,Black,female,Black,happy,,,,rearranged,z,1091,False,False,,mar21
26,2,158,test,1,female,White,female,White,neutral,,,,rearranged,z,1523,False,False,,mar21
26,2,159,test,1,male,Latino,female,White,angry,,,,rearranged,z,1092,False,False,,mar21
26,2,160,test,1,female,White,female,White,angry,,,,rearranged,z,1027,False,False,,mar21
26,2,161,test,1,male,Black,female,Black,happy,,,,intact,z,1258,True,False,,mar21
26,2,162,test,1,female,White,female,White,angry,,,,intact,m,2025,False,False,,mar21
26,2,163,test,1,male,White,male,Black,happy,,,,rearranged,z,1716,False,False,,mar21
26,2,164,test,1,female,White,male,Black,neutral,,,,rearranged,m,1636,True,False,,mar21
26,2,165,test,1,female,Latino,male,White,happy,,,,intact,m,1210,False,False,,mar21
26,2,166,test,1,male,White,male,White,happy,,,,intact,m,1252,False,False,,mar21
26,2,167,test,1,male,White,male,Black,angry,,,,rearranged,z,2111,False,False,,mar21
26,2,168,test,1,female,Latino,male,Black,happy,,,,rearranged,z,1441,False,False,,mar21
26,2,169,test,1,female,Black,female,Black,happy,,,,intact,z,994,True,False,,mar21
26,2,170,test,1,female,Asian,female,Black,angry,,,,intact,z,1648,True,False,,mar21
26,2,171,test,1,female,White,female,White,neutral,,,,rearranged,z,1291,False,False,,mar21
26,2,172,test,1,female,Latino,female,Black,angry,,,,intact,m,1769,False,False,,mar21
26,2,173,test,1,female,Latino,male,Black,neutral,,,,intact,m,1625,False,False,,mar21
26,2,174,test,1,male,Black,female,Black,angry,,,,intact,z,1627,True,False,,mar21
26,2,175,test,1,female,White,male,Black,angry,,,,intact,z,1558,True,False,,mar21
26,2,176,test,1,male,White,male,Black,neutral,,,,intact,z,1234,True,False,,mar21
26,2,177,test,1,male,White,male,Black,angry,,,,intact,z,1083,True,False,,mar21
26,2,178,test,1,male,Asian,male,Black,neutral,,,,rearranged,z,1769,False,False,,mar21
26,2,179,test,1,female,White,male,White,angry,,,,intact,z,1420,True,False,,mar21
26,2,180,test,1,female,Asian,female,White,happy,,,,rearranged,z,827,False,False,,mar21
27,2,1,study,0,female,Black,male,Black,neutral,,,,,z,944,True,False,,mar21
27,2,2,study,0,female,Black,female,Black,neutral,,,,,z,744,True,False,,mar21
27,2,3,study,0,male,Asian,female,Black,neutral,,,,,m,798,True,False,,mar21
27,2,4,study,0,male,Asian,female,Black,happy,,,,,m,667,True,False,,mar21
27,2,5,study,0,male,Black,male,Black,angry,,,,,m,573,True,False,,mar21
27,2,6,study,0,male,Latino,male,Black,neutral,,,,,m,589,True,False,,mar21
27,2,7,study,0,female,Black,female,Black,angry,,,,,z,682,True,False,,mar21
27,2,8,study,0,female,Latino,male,White,neutral,,,,,z,487,True,False,,mar21
27,2,9,study,0,female,Asian,female,Black,neutral,,,,,z,1010,True,False,,mar21
27,2,10,study,0,male,White,male,White,neutral,,,,,m,474,True,False,,mar21
27,2,11,study,0,female,Latino,male,Black,happy,,,,,z,721,True,False,,mar21
27,2,12,study,0,male,Asian,female,Black,neutral,,,,,m,555,True,False,,mar21
27,2,13,study,0,female,Latino,female,Black,angry,,,,,z,692,True,False,,mar21
27,2,14,study,0,male,Latino,male,White,happy,,,,,m,751,True,False,,mar21
27,2,15,study,0,male,Asian,male,Black,angry,,,,,m,390,True,False,,mar21
27,2,16,study,0,male,White,female,Black,happy,,,,,m,523,True,False,,mar21
27,2,17,study,0,female,Asian,female,Black,happy,,,,,z,619,True,False,,mar21
27,2,18,study,0,female,White,female,Black,neutral,,,,,z,843,True,False,,mar21
27,2,19,study,0,male,Black,male,Black,neutral,,,,,m,505,True,False,,mar21
27,2,20,study,0,female,White,male,White,angry,,,,,z,693,True,False,,mar21
27,2,21,study,0,male,White,male,Black,happy,,,,,m,526,True,False,,mar21
27,2,22,study,0,male,Latino,male,Black,happy,,,,,m,528,True,False,,mar21
27,2,23,study,0,male,Black,male,White,angry,,,,,m,493,True,False,,mar21
27,2,24,study,0,female,Latino,female,Black,happy,,,,,z,421,True,False,,mar21
27,2,25,study,0,male,Black,male,Black,angry,,,,,m,371,True,False,,mar21
27,2,26,study,0,male,White,female,White,neutral,,,,,m,533,True,False,,mar21
27,2,27,study,0,female,Black,male,White,angry,,,,,z,668,True,False,,mar21
27,2,28,study,0,female,Latino,female,White,angry,,,,,z,749,True,False,,mar21
27,2,29,study,0,female,Black,male,Black,neutral,,,,,z,607,True,False,,mar21
27,2,30,study,0,male,White,female,Black,angry,,,,,m,544,True,False,,mar21
27,2,31,study,1,male,Asian,male,Black,happy,,,,,m,562,True,False,,mar21
27,2,32,study,1,male,Asian,female,Black,angry,,,,,m,460,True,False,,mar21
27,2,33,study,1,male,White,female,Black,happy,,,,,m,535,True,False,,mar21
27,2,34,study,1,male,Black,female,White,neutral,,,,,m,456,True,False,,mar21
27,2,35,study,1,male,Black,female,Black,angry,,,,,m,608,True,False,,mar21
27,2,36,study,1,male,White,male,White,neutral,,,,,m,545,True,False,,mar21
27,2,37,study,1,female,White,female,White,neutral,,,,,z,553,True,False,,mar21
27,2,38,study,1,male,Black,female,White,happy,,,,,m,484,True,False,,mar21
27,2,39,study,1,female,Latino,male,White,neutral,,,,,z,492,True,False,,mar21
27,2,40,study,1,female,Latino,male,White,neutral,,,,,z,962,True,False,,mar21
27,2,41,study,1,female,White,male,Black,happy,,,,,z,887,True,False,,mar21
27,2,42,study,1,female,Asian,male,White,angry,,,,,z,736,True,False,,mar21
27,2,43,study,1,female,Black,female,White,neutral,,,,,z,791,True,False,,mar21
27,2,44,study,1,female,Black,male,White,angry,,,,,z,580,True,False,,mar21
27,2,45,study,1,male,White,female,White,neutral,,,,,m,548,True,False,,mar21
27,2,46,study,1,female,White,female,Black,happy,,,,,z,515,True,False,,mar21
27,2,47,study,1,male,Latino,male,Black,happy,,,,,m,419,True,False,,mar21
27,2,48,study,1,male,Latino,male,Black,neutral,,,,,m,505,True,False,,mar21
27,2,49,study,1,female,Latino,male,White,happy,,,,,z,514,True,False,,mar21
27,2,50,study,1,female,White,male,White,angry,,,,,z,436,True,False,,mar21
27,2,51,study,1,male,White,female,Black,angry,,,,,m,534,True,False,,mar21
27,2,52,study,1,female,Latino,female,Black,angry,,,,,z,539,True,False,,mar21
27,2,53,study,1,female,Latino,male,White,happy,,,,,z,676,True,False,,mar21
27,2,54,study,1,female,White,male,White,happy,,,,,z,635,True,False,,mar21
27,2,55,study,1,female,Asian,female,Black,happy,,,,,z,830,True,False,,mar21
27,2,56,study,1,male,Latino,female,Black,angry,,,,,m,962,True,False,,mar21
27,2,57,study,1,female,White,female,Black,happy,,,,,z,680,True,False,,mar21
27,2,58,study,1,female,Asian,female,White,angry,,,,,z,626,True,False,,mar21
27,2,59,study,1,male,Black,female,Black,happy,,,,,m,476,True,False,,mar21
27,2,60,study,1,male,Asian,male,Black,angry,,,,,m,502,True,False,,mar21
27,2,61,study,0,female,White,male,White,angry,,,,,z,756,True,False,,mar21
27,2,62,study,0,female,Black,female,Black,neutral,,,,,z,694,True,False,,mar21
27,2,63,study,0,male,Asian,female,Black,neutral,,,,,m,455,True,False,,mar21
27,2,64,study,0,male,Latino,male,Black,happy,,,,,m,552,True,False,,mar21
27,2,65,study,0,female,Latino,male,White,happy,,,,,z,873,True,False,,mar21
27,2,66,study,0,male,Latino,male,Black,neutral,,,,,m,499,True,False,,mar21
27,2,67,study,0,male,White,female,White,neutral,,,,,m,493,True,False,,mar21
27,2,68,study,0,male,Black,male,White,angry,,,,,m,551,True,False,,mar21
27,2,69,study,0,male,Black,female,Black,happy,,,,,m,495,True,False,,mar21
27,2,70,study,0,female,Black,male,Black,neutral,,,,,z,639,True,False,,mar21
27,2,71,study,0,male,Asian,female,Black,happy,,,,,m,671,True,False,,mar21
27,2,72,study,0,male,White,male,White,neutral,,,,,m,534,True,False,,mar21
27,2,73,study,0,female,Latino,female,Black,angry,,,,,z,603,True,False,,mar21
27,2,74,study,0,male,White,female,Black,angry,,,,,m,509,True,False,,mar21
27,2,75,study,0,male,White,female,White,neutral,,,,,m,665,True,False,,mar21
27,2,76,study,0,female,Asian,female,Black,happy,,,,,z,865,True,False,,mar21
27,2,77,study,0,female,White,male,White,happy,,,,,z,563,True,False,,mar21
27,2,78,study,0,male,Black,male,Black,angry,,,,,m,449,True,False,,mar21
27,2,79,study,0,male,Black,female,Black,angry,,,,,m,486,True,False,,mar21
27,2,80,study,0,female,Latino,female,Black,happy,,,,,z,541,True,False,,mar21
27,2,81,study,0,male,Asian,male,Black,angry,,,,,m,370,True,False,,mar21
27,2,82,study,0,female,Latino,female,White,angry,,,,,z,617,True,False,,mar21
27,2,83,study,0,female,White,female,Black,happy,,,,,z,510,True,False,,mar21
27,2,84,study,0,female,Black,female,White,neutral,,,,,z,544,True,False,,mar21
27,2,85,study,0,male,White,female,Black,happy,,,,,m,493,True,False,,mar21
27,2,86,study,0,female,Black,male,White,angry,,,,,z,749,True,False,,mar21
27,2,87,study,0,female,White,female,White,neutral,,,,,z,723,True,False,,mar21
27,2,88,study,0,female,Latino,male,White,neutral,,,,,z,520,True,False,,mar21
27,2,89,study,0,female,Asian,female,White,angry,,,,,z,513,True,False,,mar21
27,2,90,study,0,female,White,male,Black,happy,,,,,z,570,True,False,,mar21
27,2,91,study,1,male,Latino,female,Black,angry,,,,,m,501,True,False,,mar21
27,2,92,study,1,male,Latino,male,White,happy,,,,,m,603,True,False,,mar21
27,2,93,study,1,female,Black,male,Black,neutral,,,,,z,485,True,False,,mar21
27,2,94,study,1,male,Black,male,Black,angry,,,,,m,492,True,False,,mar21
27,2,95,study,1,male,Asian,female,Black,angry,,,,,m,692,True,False,,mar21
27,2,96,study,1,male,White,female,Black,happy,,,,,m,500,True,False,,mar21
27,2,97,study,1,female,Latino,male,White,neutral,,,,,z,695,True,False,,mar21
27,2,98,study,1,male,White,male,Black,happy,,,,,m,434,True,False,,mar21
27,2,99,study,1,female,Black,male,White,angry,,,,,z,547,True,False,,mar21
27,2,100,study,1,male,White,male,White,neutral,,,,,m,471,True,False,,mar21
27,2,101,study,1,female,White,male,White,angry,,,,,z,513,True,False,,mar21
27,2,102,study,1,male,Latino,male,Black,neutral,,,,,m,706,True,False,,mar21
27,2,103,study,1,female,Latino,female,Black,angry,,,,,z,564,True,False,,mar21
27,2,104,study,1,female,Asian,male,White,angry,,,,,z,517,True,False,,mar21
27,2,105,study,1,female,White,female,Black,neutral,,,,,z,586,True,False,,mar21
27,2,106,study,1,male,Latino,male,Black,happy,,,,,m,437,True,False,,mar21
27,2,107,study,1,female,White,female,Black,happy,,,,,z,495,True,False,,mar21
27,2,108,study,1,female,Latino,male,Black,happy,,,,,z,876,True,False,,mar21
27,2,109,study,1,female,Latino,male,White,happy,,,,,z,642,True,False,,mar21
27,2,110,study,1,male,Asian,female,Black,neutral,,,,,m,540,True,False,,mar21
27,2,111,study,1,male,Asian,male,Black,happy,,,,,m,555,True,False,,mar21
27,2,112,study,1,female,Black,female,Black,angry,,,,,z,511,True,False,,mar21
27,2,113,study,1,male,White,female,Black,angry,,,,,m,517,True,False,,mar21
27,2,114,study,1,male,Asian,male,Black,angry,,,,,m,364,True,False,,mar21
27,2,115,study,1,male,Black,female,White,neutral,,,,,m,429,True,False,,mar21
27,2,116,study,1,male,Black,male,Black,neutral,,,,,m,464,True,False,,mar21
27,2,117,study,1,female,Asian,female,Black,neutral,,,,,z,409,True,False,,mar21
27,2,118,study,1,female,Latino,male,White,neutral,,,,,z,443,True,False,,mar21
27,2,119,study,1,male,Black,female,White,happy,,,,,m,384,True,False,,mar21
27,2,120,study,1,female,Asian,female,Black,happy,,,,,z,442,True,False,,mar21
27,2,121,test,0,male,Latino,male,Black,neutral,,,,rearranged,z,1406,True,False,,mar21
27,2,122,test,0,male,Asian,male,Black,angry,,,,rearranged,z,1614,True,False,,mar21
27,2,123,test,0,female,Black,female,White,neutral,,,,rearranged,m,1302,False,False,,mar21
27,2,124,test,0,male,Asian,female,Black,happy,,,,rearranged,z,1388,True,False,,mar21
27,2,125,test,0,male,White,male,White,neutral,,,,intact,z,803,False,False,,mar21
27,2,126,test,0,female,Black,male,White,angry,,,,rearranged,z,1158,True,False,,mar21
27,2,127,test,0,male,Latino,male,Black,happy,,,,rearranged,m,1435,False,False,,mar21
27,2,128,test,0,male,Asian,male,Black,angry,,,,intact,z,786,False,False,,mar21
27,2,129,test,0,male,Black,male,Black,angry,,,,intact,z,1237,False,False,,mar21
27,2,130,test,0,male,Latino,male,White,happy,,,,intact,z,1207,False,False,,mar21
27,2,131,test,0,male,White,female,Black,neutral,,,,rearranged,m,1320,False,False,,mar21
27,2,132,test,0,male,Black,male,Black,angry,,,,rearranged,m,1307,False,False,,mar21
27,2,133,test,0,male,White,female,Black,angry,,,,intact,z,1018,False,False,,mar21
27,2,134,test,0,female,White,male,White,angry,,,,rearranged,z,1121,True,False,,mar21
27,2,135,test,0,female,White,female,Black,happy,,,,rearranged,z,1221,True,False,,mar21
27,2,136,test,0,male,Latino,male,Black,happy,,,,intact,m,1354,True,False,,mar21
27,2,137,test,0,female,Latino,male,White,happy,,,,intact,z,1297,False,False,,mar21
27,2,138,test,0,female,Asian,female,Black,neutral,,,,intact,m,1435,True,False,,mar21
27,2,139,test,0,female,Black,female,White,neutral,,,,intact,z,1656,False,False,,mar21
27,2,140,test,0,female,White,male,Black,happy,,,,intact,z,1057,False,False,,mar21
27,2,141,test,0,male,White,male,Black,neutral,,,,rearranged,z,1037,True,False,,mar21
27,2,142,test,0,female,White,female,Black,neutral,,,,rearranged,z,1441,True,False,,mar21
27,2,143,test,0,male,Asian,male,Black,happy,,,,rearranged,z,1327,True,False,,mar21
27,2,144,test,0,female,Asian,female,White,angry,,,,intact,m,1317,True,False,,mar21
27,2,145,test,0,female,White,male,Black,happy,,,,rearranged,z,913,True,False,,mar21
27,2,146,test,0,male,White,female,White,neutral,,,,intact,z,860,False,False,,mar21
27,2,147,test,0,female,Black,male,Black,neutral,,,,rearranged,m,1688,False,False,,mar21
27,2,148,test,0,female,Asian,male,White,angry,,,,rearranged,m,1900,False,False,,mar21
27,2,149,test,0,female,Latino,male,White,neutral,,,,intact,z,1462,False,False,,mar21
27,2,150,test,0,male,Black,female,Black,happy,,,,intact,z,1636,False,False,,mar21
27,2,151,test,1,male,Black,female,White,neutral,,,,intact,m,1284,True,False,,mar21
27,2,152,test,1,female,White,female,Black,happy,,,,rearranged,z,919,True,False,,mar21
27,2,153,test,1,female,Latino,female,White,angry,,,,intact,z,970,False,False,,mar21
27,2,154,test,1,male,Black,male,White,angry,,,,rearranged,m,924,False,False,,mar21
27,2,155,test,1,male,Asian,female,Black,angry,,,,rearranged,z,1510,True,False,,mar21
27,2,156,test,1,female,White,female,Black,neutral,,,,intact,z,1376,False,False,,mar21
27,2,157,test,1,male,White,female,Black,angry,,,,rearranged,z,1534,True,False,,mar21
27,2,158,test,1,male,Black,male,Black,neutral,,,,intact,z,946,False,False,,mar21
27,2,159,test,1,female,Latino,female,Black,happy,,,,rearranged,z,1191,True,False,,mar21
27,2,160,test,1,female,Black,female,Black,angry,,,,rearranged,z,1244,True,False,,mar21
27,2,161,test,1,male,White,female,Black,happy,,,,intact,m,1525,True,False,,mar21
27,2,162,test,1,female,Asian,female,Black,happy,,,,intact,m,1154,True,False,,mar21
27,2,163,test,1,male,Asian,female,Black,neutral,,,,intact,z,1185,False,False,,mar21
27,2,164,test,1,female,Latino,female,Black,angry,,,,intact,z,1398,False,False,,mar21
27,2,165,test,1,female,White,male,White,angry,,,,intact,m,2026,True,False,,mar21
27,2,166,test,1,male,White,female,White,happy,,,,rearranged,z,1328,True,False,,mar21
27,2,167,test,1,female,Asian,female,Black,happy,,,,intact,m,1148,True,False,,mar21
27,2,168,test,1,female,Black,male,White,angry,,,,intact,z,1560,False,False,,mar21
27,2,169,test,1,female,Latino,male,White,happy,,,,rearranged,z,1180,True,False,,mar21
27,2,170,test,1,female,Latino,male,White,happy,,,,intact,m,1208,True,False,,mar21
27,2,171,test,1,male,Latino,male,White,neutral,,,,rearranged,z,998,True,False,,mar21
27,2,172,test,1,female,Latino,female,Black,angry,,,,rearranged,z,1818,True,False,,mar21
27,2,173,test,1,male,Black,female,Black,angry,,,,intact,z,1396,False,False,,mar21
27,2,174,test,1,female,Black,male,White,neutral,,,,rearranged,m,1935,False,False,,mar21
27,2,175,test,1,female,Latino,male,Black,neutral,,,,rearranged,z,1392,True,False,,mar21
27,2,176,test,1,female,Latino,male,White,neutral,,,,intact,z,839,False,False,,mar21
27,2,177,test,1,male,Asian,female,White,neutral,,,,rearranged,z,1135,True,False,,mar21
27,2,178,test,1,male,Black,female,Black,happy,,,,rearranged,m,760,False,False,,mar21
27,2,179,test,1,male,Latino,female,Black,angry,,,,intact,z,1570,False,False,,mar21
27,2,180,test,1,male,White,male,Black,happy,,,,intact,z,1281,False,False,,mar21
28,2,1,study,0,male,White,male,Black,neutral,,,,,,,False,True,,mar21
28,2,2,study,0,female,Asian,female,White,happy,,,,,,,False,True,,mar21
28,2,3,study,0,male,Asian,male,White,neutral,,,,,z,1419,False,False,,mar21
28,2,4,study,0,female,Asian,male,White,neutral,,,,,z,1867,True,False,,mar21
28,2,5,study,0,male,Asian,female,Black,angry,,,,,m,1829,True,False,,mar21
28,2,6,study,0,female,Asian,female,Black,neutral,,,,,,,False,True,,mar21
28,2,7,study,0,male,White,male,Black,happy,,,,,,,False,True,,mar21
28,2,8,study,0,male,Latino,female,Black,happy,,,,,m,1548,True,False,,mar21
28,2,9,study,0,female,Black,male,White,neutral,,,,,z,1673,True,False,,mar21
28,2,10,study,0,male,Black,male,White,angry,,,,,m,1251,True,False,,mar21
28,2,11,study,0,female,White,female,White,neutral,,,,,z,2050,True,False,,mar21
28,2,12,study,0,male,Latino,female,Black,happy,,,,,m,1881,True,False,,mar21
28,2,13,study,0,female,Latino,male,Black,happy,,,,,z,2171,True,False,,mar21
28,2,14,study,0,male,White,female,Black,neutral,,,,,m,2063,True,False,,mar21
28,2,15,study,0,male,Black,male,White,angry,,,,,m,1648,True,False,,mar21
28,2,16,study,0,male,Latino,male,Black,happy,,,,,m,1841,True,False,,mar21
28,2,17,study,0,female,Latino,male,White,angry,,,,,z,1234,True,False,,mar21
28,2,18,study,0,female,Latino,male,White,happy,,,,,z,2070,True,False,,mar21
28,2,19,study,0,female,White,male,Black,happy,,,,,z,2577,True,False,,mar21
28,2,20,study,0,male,Latino,male,White,happy,,,,,m,960,True,False,,mar21
28,2,21,study,0,female,Black,female,White,angry,,,,,z,1699,True,False,,mar21
28,2,22,study,0,female,White,female,Black,neutral,,,,,z,2401,True,False,,mar21
28,2,23,study,0,female,White,female,White,neutral,,,,,,,False,True,,mar21
28,2,24,study,0,female,White,male,Black,happy,,,,,z,1447,True,False,,mar21
28,2,25,study,0,female,Black,female,White,angry,,,,,z,807,True,False,,mar21
28,2,26,study,0,male,Asian,male,White,angry,,,,,m,1130,True,False,,mar21
28,2,27,study,0,female,White,female,Black,happy,,,,,z,1402,True,False,,mar21
28,2,28,study,0,male,Latino,female,White,happy,,,,,m,2123,True,False,,mar21
28,2,29,study,0,female,Asian,male,White,neutral,,,,,z,1288,True,False,,mar21
28,2,30,study,0,female,Black,male,White,angry,,,,,z,1016,True,False,,mar21
28,2,31,study,1,male,Latino,male,White,angry,,,,,,,False,True,,mar21
28,2,32,study,1,male,White,male,Black,happy,,,,,m,890,True,False,,mar21
28,2,33,study,1,female,Latino,female,White,happy,,,,,z,1349,True,False,,mar21
28,2,34,study,1,female,Black,female,White,angry,,,,,z,1225,True,False,,mar21
28,2,35,study,1,female,Latino,male,White,happy,,,,,z,2343,True,False,,mar21
28,2,36,study,1,male,Latino,female,White,angry,,,,,m,1162,True,False,,mar21
28,2,37,study,1,female,White,female,Black,angry,,,,,z,1997,True,False,,mar21
28,2,38,study,1,female,Black,female,Black,neutral,,,,,z,1331,True,False,,mar21
28,2,39,study,1,male,Black,male,White,neutral,,,,,m,1249,True,False,,mar21
28,2,40,study,1,female,Asian,female,Black,happy,,,,,z,2365,True,False,,mar21
28,2,41,study,1,male,Latino,female,White,happy,,,,,m,1106,True,False,,mar21
28,2,42,study,1,male,Latino,male,Black,neutral,,,,,m,2017,True,False,,mar21
28,2,43,study,1,female,Black,male,Black,angry,,,,,z,2284,True,False,,mar21
28,2,44,study,1,male,Black,female,Black,neutral,,,,,m,1711,True,False,,mar21
28,2,45,study,1,male,Black,male,White,angry,,,,,m,1505,True,False,,mar21
28,2,46,study,1,male,Latino,female,White,angry,,,,,m,1863,True,False,,mar21
28,2,47,study,1,female,Asian,male,Black,neutral,,,,,z,1248,True,False,,mar21
28,2,48,study,1,male,Black,male,White,neutral,,,,,m,1178,True,False,,mar21
28,2,49,study,1,male,White,female,Black,happy,,,,,m,1467,True,False,,mar21
28,2,50,study,1,male,Black,female,Black,angry,,,,,m,2332,True,False,,mar21
28,2,51,study,1,male,White,female,Black,neutral,,,,,m,2175,True,False,,mar21
28,2,52,study,1,female,Black,male,White,neutral,,,,,z,1627,True,False,,mar21
28,2,53,study,1,female,Black,male,Black,angry,,,,,z,2049,True,False,,mar21
28,2,54,study,1,male,Asian,female,Black,neutral,,,,,m,1501,True,False,,mar21
28,2,55,study,1,male,Black,male,Black,happy,,,,,m,1205,True,False,,mar21
28,2,56,study,1,male,White,female,White,neutral,,,,,m,1705,True,False,,mar21
28,2,57,study,1,male,Latino,female,White,angry,,,,,m,1741,True,False,,mar21
28,2,58,study,1,female,Asian,female,White,angry,,,,,m,2751,False,False,,mar21
28,2,59,study,1,female,White,male,White,angry,,,,,z,1882,True,False,,mar21
28,2,60,study,1,female,Black,female,Black,happy,,,,,z,1676,True,False,,mar21
28,2,61,study,0,female,Black,male,White,angry,,,,,z,1242,True,False,,mar21
28,2,62,study,0,female,Latino,female,White,happy,,,,,z,1594,True,False,,mar21
28,2,63,study,0,female,Latino,male,White,happy,,,,,z,728,True,False,,mar21
28,2,64,study,0,female,Latino,male,Black,happy,,,,,z,958,True,False,,mar21
28,2,65,study,0,male,Asian,female,Black,neutral,,,,,m,1303,True,False,,mar21
28,2,66,study,0,male,Latino,male,White,angry,,,,,m,1733,True,False,,mar21
28,2,67,study,0,male,Latino,male,Black,neutral,,,,,m,2347,True,False,,mar21
28,2,68,study,0,female,White,male,Black,happy,,,,,z,2685,True,False,,mar21
28,2,69,study,0,female,Black,male,Black,angry,,,,,z,1688,True,False,,mar21
28,2,70,study,0,male,Black,female,Black,angry,,,,,m,1612,True,False,,mar21
28,2,71,study,0,male,Black,male,Black,happy,,,,,m,1483,True,False,,mar21
28,2,72,study,0,male,Latino,female,White,happy,,,,,m,1708,True,False,,mar21
28,2,73,study,0,male,Black,male,White,angry,,,,,m,2340,True,False,,mar21
28,2,74,study,0,female,Black,female,White,angry,,,,,z,796,True,False,,mar21
28,2,75,study,0,male,Latino,male,Black,happy,,,,,m,1173,True,False,,mar21
28,2,76,study,0,male,Latino,female,White,happy,,,,,m,1127,True,False,,mar21
28,2,77,study,0,female,Asian,female,Black,neutral,,,,,z,1630,True,False,,mar21
28,2,78,study,0,male,White,male,Black,neutral,,,,,m,1282,True,False,,mar21
28,2,79,study,0,male,Asian,male,White,angry,,,,,m,1094,True,False,,mar21
28,2,80,study,0,male,White,female,Black,happy,,,,,m,882,True,False,,mar21
28,2,81,study,0,male,White,female,Black,neutral,,,,,m,851,True,False,,mar21
28,2,82,study,0,female,Asian,male,Black,neutral,,,,,z,1068,True,False,,mar21
28,2,83,study,0,male,Asian,female,Black,angry,,,,,m,2305,True,False,,mar21
28,2,84,study,0,female,Asian,male,White,neutral,,,,,z,1508,True,False,,mar21
28,2,85,study,0,female,Latino,male,White,angry,,,,,z,1261,True,False,,mar21
28,2,86,study,0,male,Latino,female,Black,happy,,,,,m,1155,True,False,,mar21
28,2,87,study,0,female,Asian,female,White,happy,,,,,z,1146,True,False,,mar21
28,2,88,study,0,male,White,male,Black,happy,,,,,m,1592,True,False,,mar21
28,2,89,study,0,female,Black,male,White,neutral,,,,,m,2151,False,False,,mar21
28,2,90,study,0,female,White,female,Black,happy,,,,,z,1531,True,False,,mar21
28,2,91,study,1,female,Black,female,White,angry,,,,,z,1088,True,False,,mar21
28,2,92,study,1,male,Latino,female,White,angry,,,,,m,1224,True,False,,mar21
28,2,93,study,1,male,Latino,female,White,angry,,,,,m,948,True,False,,mar21
28,2,94,study,1,female,Black,female,White,angry,,,,,z,1387,True,False,,mar21
28,2,95,study,1,male,Black,male,White,neutral,,,,,m,1357,True,False,,mar21
28,2,96,study,1,male,Asian,male,White,neutral,,,,,m,1136,True,False,,mar21
28,2,97,study,1,female,White,male,Black,happy,,,,,z,1239,True,False,,mar21
28,2,98,study,1,male,Latino,female,Black,happy,,,,,m,1708,True,False,,mar21
28,2,99,study,1,female,Black,female,Black,neutral,,,,,z,2650,True,False,,mar21
28,2,100,study,1,male,Black,male,White,angry,,,,,m,948,True,False,,mar21
28,2,101,study,1,female,Asian,female,Black,happy,,,,,z,1522,True,False,,mar21
28,2,102,study,1,male,White,female,White,neutral,,,,,m,1956,True,False,,mar21
28,2,103,study,1,female,White,female,Black,neutral,,,,,z,1551,True,False,,mar21
28,2,104,study,1,female,White,male,White,angry,,,,,z,2814,True,False,,mar21
28,2,105,study,1,female,Asian,male,White,neutral,,,,,z,1688,True,False,,mar21
28,2,106,study,1,female,White,female,White,neutral,,,,,z,1806,True,False,,mar21
28,2,107,study,1,male,Latino,male,White,happy,,,,,m,1071,True,False,,mar21
28,2,108,study,1,male,Black,male,White,angry,,,,,m,1660,True,False,,mar21
28,2,109,study,1,male,White,male,Black,happy,,,,,m,2010,True,False,,mar21
28,2,110,study,1,female,Black,male,White,neutral,,,,,z,1116,True,False,,mar21
28,2,111,study,1,male,Black,female,Black,neutral,,,,,m,2251,True,False,,mar21
28,2,112,study,1,male,White,female,Black,neutral,,,,,m,2119,True,False,,mar21
28,2,113,study,1,female,White,female,Black,angry,,,,,,,False,True,,mar21
28,2,114,study,1,female,Black,female,Black,happy,,,,,z,1411,True,False,,mar21
28,2,115,study,1,female,Black,male,Black,angry,,,,,z,846,True,False,,mar21
28,2,116,study,1,male,Latino,female,White,angry,,,,,m,1637,True,False,,mar21
28,2,117,study,1,female,Asian,female,White,angry,,,,,z,1345,True,False,,mar21
28,2,118,study,1,female,Latino,male,White,happy,,,,,z,1639,True,False,,mar21
28,2,119,study,1,female,White,female,White,neutral,,,,,z,1405,True,False,,mar21
28,2,120,study,1,male,Black,male,White,neutral,,,,,m,1525,True,False,,mar21
28,2,121,test,0,female,White,male,Black,happy,,,,rearranged,z,1814,True,False,,mar21
28,2,122,test,0,female,White,female,Black,angry,,,,intact,z,1425,False,False,,mar21
28,2,123,test,0,male,Latino,male,Black,neutral,,,,rearranged,z,851,True,False,,mar21
28,2,124,test,0,female,Asian,female,White,angry,,,,rearranged,z,886,True,False,,mar21
28,2,125,test,0,male,Latino,female,Black,happy,,,,rearranged,z,845,True,False,,mar21
28,2,126,test,0,female,White,male,Black,angry,,,,rearranged,z,860,True,False,,mar21
28,2,127,test,0,female,White,female,Black,neutral,,,,rearranged,z,634,True,False,,mar21
28,2,128,test,0,female,Latino,female,Black,happy,,,,rearranged,z,920,True,False,,mar21
28,2,129,test,0,female,Asian,male,White,neutral,,,,rearranged,z,731,True,False,,mar21
28,2,130,test,0,male,Latino,female,White,angry,,,,intact,z,908,False,False,,mar21
28,2,131,test,0,female,Latino,male,Black,happy,,,,intact,z,694,False,False,,mar21
28,2,132,test,0,female,Black,female,Black,happy,,,,intact,m,1032,True,False,,mar21
28,2,133,test,0,male,Black,male,Black,neutral,,,,rearranged,m,834,False,False,,mar21
28,2,134,test,0,female,Asian,male,White,neutral,,,,rearranged,z,1431,True,False,,mar21
28,2,135,test,0,female,Black,male,White,neutral,,,,intact,z,1164,False,False,,mar21
28,2,136,test,0,male,Latino,male,Black,happy,,,,intact,z,1046,False,False,,mar21
28,2,137,test,0,male,Latino,female,White,happy,,,,intact,z,1196,False,False,,mar21
28,2,138,test,0,female,Latino,male,White,angry,,,,intact,z,1035,False,False,,mar21
28,2,139,test,0,male,Black,male,White,neutral,,,,intact,z,673,False,False,,mar21
28,2,140,test,0,male,Asian,female,Black,angry,,,,intact,z,1265,False,False,,mar21
28,2,141,test,0,female,Asian,male,Black,neutral,,,,rearranged,z,935,True,False,,mar21
28,2,142,test,0,female,Asian,female,White,happy,,,,intact,z,1036,False,False,,mar21
28,2,143,test,0,female,Black,female,White,neutral,,,,rearranged,z,880,True,False,,mar21
28,2,144,test,0,male,Black,female,Black,neutral,,,,intact,m,685,True,False,,mar21
28,2,145,test,0,male,Asian,female,White,neutral,,,,rearranged,z,1583,True,False,,mar21
28,2,146,test,0,female,White,female,White,neutral,,,,intact,z,932,False,False,,mar21
28,2,147,test,0,female,Black,female,White,angry,,,,rearranged,z,1012,True,False,,mar21
28,2,148,test,0,male,Latino,male,White,angry,,,,rearranged,z,1035,True,False,,mar21
28,2,149,test,0,male,White,female,Black,neutral,,,,rearranged,z,1130,True,False,,mar21
28,2,150,test,0,male,Latino,female,Black,happy,,,,rearranged,z,680,True,False,,mar21
28,2,151,test,1,male,White,male,Black,happy,,,,rearranged,z,1389,True,False,,mar21
28,2,152,test,1,female,Black,male,White,angry,,,,rearranged,z,631,True,False,,mar21
28,2,153,test,1,male,Latino,female,White,angry,,,,rearranged,z,825,True,False,,mar21
28,2,154,test,1,male,White,male,White,neutral,,,,rearranged,m,991,False,False,,mar21
28,2,155,test,1,male,White,female,White,happy,,,,rearranged,z,1077,True,False,,mar21
28,2,156,test,1,male,Black,male,White,angry,,,,intact,z,871,False,False,,mar21
28,2,157,test,1,male,Latino,female,White,angry,,,,rearranged,z,1163,True,False,,mar21
28,2,158,test,1,female,Black,male,Black,angry,,,,rearranged,m,1233,False,False,,mar21
28,2,159,test,1,female,Black,male,White,angry,,,,intact,z,1069,False,False,,mar21
28,2,160,test,1,female,Latino,male,White,happy,,,,intact,z,1701,False,False,,mar21
28,2,161,test,1,male,Black,male,White,angry,,,,rearranged,z,680,True,False,,mar21
28,2,162,test,1,male,Black,female,Black,angry,,,,intact,m,1454,True,False,,mar21
28,2,163,test,1,male,White,male,Black,happy,,,,rearranged,z,793,True,False,,mar21
28,2,164,test,1,female,Latino,male,White,happy,,,,intact,z,1507,False,False,,mar21
28,2,165,test,1,female,White,female,Black,neutral,,,,intact,z,1537,False,False,,mar21
28,2,166,test,1,male,Asian,male,White,neutral,,,,intact,z,1025,False,False,,mar21
28,2,167,test,1,male,Latino,female,Black,happy,,,,intact,z,1099,False,False,,mar21
28,2,168,test,1,female,Black,female,White,angry,,,,intact,z,2614,False,False,,mar21
28,2,169,test,1,female,White,female,Black,happy,,,,rearranged,z,764,True,False,,mar21
28,2,170,test,1,male,Black,male,Black,happy,,,,intact,m,1029,True,False,,mar21
28,2,171,test,1,female,Asian,female,Black,neutral,,,,intact,z,805,False,False,,mar21
28,2,172,test,1,male,White,female,Black,neutral,,,,intact,z,1107,False,False,,mar21
28,2,173,test,1,male,Asian,male,White,angry,,,,rearranged,z,751,True,False,,mar21
28,2,174,test,1,female,Black,female,White,angry,,,,intact,z,867,False,False,,mar21
28,2,175,test,1,male,Latino,male,White,happy,,,,intact,z,729,False,False,,mar21
28,2,176,test,1,female,Black,male,White,neutral,,,,intact,z,833,False,False,,mar21
28,2,177,test,1,male,White,female,Black,neutral,,,,intact,z,827,False,False,,mar21
28,2,178,test,1,female,White,male,Black,happy,,,,rearranged,z,630,True,False,,mar21
28,2,179,test,1,male,Black,male,White,angry,,,,intact,z,1009,False,False,,mar21
28,2,180,test,1,female,Asian,female,White,happy,,,,rearranged,z,918,True,False,,mar21
29,2,1,study,0,female,Black,female,Black,neutral,,,,,z,822,True,False,,mar21
29,2,2,study,0,male,White,female,Black,happy,,,,,z,2100,False,False,,mar21
29,2,3,study,0,male,Latino,male,White,neutral,,,,,m,1034,True,False,,mar21
29,2,4,study,0,female,Black,female,White,angry,,,,,z,1328,True,False,,mar21
29,2,5,study,0,male,Black,male,White,neutral,,,,,m,967,True,False,,mar21
29,2,6,study,0,male,White,male,Black,happy,,,,,m,1175,True,False,,mar21
29,2,7,study,0,male,Black,male,White,happy,,,,,m,886,True,False,,mar21
29,2,8,study,0,female,Asian,male,Black,neutral,,,,,m,1995,False,False,,mar21
29,2,9,study,0,male,White,male,Black,happy,,,,,m,1266,True,False,,mar21
29,2,10,study,0,female,Black,male,Black,happy,,,,,m,2847,False,False,,mar21
29,2,11,study,0,male,White,male,White,angry,,,,,m,1384,True,False,,mar21
29,2,12,study,0,female,Asian,male,White,happy,,,,,m,2598,False,False,,mar21
29,2,13,study,0,female,Black,female,Black,angry,,,,,z,1298,True,False,,mar21
29,2,14,study,0,female,Asian,male,Black,angry,,,,,m,1157,False,False,,mar21
29,2,15,study,0,female,White,female,Black,angry,,,,,z,1221,True,False,,mar21
29,2,16,study,0,female,Asian,female,White,happy,,,,,z,1038,True,False,,mar21
29,2,17,study,0,male,Black,female,Black,happy,,,,,z,1998,False,False,,mar21
29,2,18,study,0,male,Asian,female,White,angry,,,,,z,837,False,False,,mar21
29,2,19,study,0,male,Asian,male,White,angry,,,,,,,False,True,,mar21
29,2,20,study,0,female,Latino,male,White,neutral,,,,,m,1976,False,False,,mar21
29,2,21,study,0,female,Black,male,White,neutral,,,,,m,1297,False,False,,mar21
29,2,22,study,0,female,White,female,Black,happy,,,,,z,2064,True,False,,mar21
29,2,23,study,0,male,Black,female,Black,happy,,,,,,,False,True,,mar21
29,2,24,study,0,male,Black,male,Black,happy,,,,,m,960,True,False,,mar21
29,2,25,study,0,female,White,female,Black,angry,,,,,z,1259,True,False,,mar21
29,2,26,study,0,female,Black,male,White,neutral,,,,,m,1760,False,False,,mar21
29,2,27,study,0,female,White,male,White,angry,,,,,m,2076,False,False,,mar21
29,2,28,study,0,female,Latino,female,Black,neutral,,,,,m,1519,False,False,,mar21
29,2,29,study,0,male,White,male,Black,neutral,,,,,m,2599,True,False,,mar21
29,2,30,study,0,male,White,male,White,neutral,,,,,m,877,True,False,,mar21
29,2,31,study,1,male,Black,male,Black,angry,,,,,m,918,True,False,,mar21
29,2,32,study,1,female,Black,male,Black,happy,,,,,m,1595,False,False,,mar21
29,2,33,study,1,male,Black,male,White,neutral,,,,,m,781,True,False,,mar21
29,2,34,study,1,male,White,female,White,angry,,,,,z,1324,False,False,,mar21
29,2,35,study,1,female,White,female,White,happy,,,,,m,1151,False,False,,mar21
29,2,36,study,1,male,Black,female,Black,happy,,,,,z,1620,False,False,,mar21
29,2,37,study,1,female,Black,female,White,happy,,,,,z,895,True,False,,mar21
29,2,38,study,1,female,Black,female,White,neutral,,,,,z,771,True,False,,mar21
29,2,39,study,1,female,Asian,male,Black,neutral,,,,,m,1555,False,False,,mar21
29,2,40,study,1,male,Black,female,White,angry,,,,,z,1106,False,False,,mar21
29,2,41,study,1,male,White,female,Black,neutral,,,,,z,1456,False,False,,mar21
29,2,42,study,1,female,Black,female,Black,neutral,,,,,z,816,True,False,,mar21
29,2,43,study,1,male,Black,female,White,neutral,,,,,z,1575,False,False,,mar21
29,2,44,study,1,male,White,male,White,angry,,,,,m,888,True,False,,mar21
29,2,45,study,1,male,White,female,Black,happy,,,,,z,1836,False,False,,mar21
29,2,46,study,1,male,White,female,White,neutral,,,,,z,1756,False,False,,mar21
29,2,47,study,1,female,White,male,Black,angry,,,,,m,1617,False,False,,mar21
29,2,48,study,1,male,Asian,female,White,angry,,,,,z,1718,False,False,,mar21
29,2,49,study,1,female,Asian,male,White,happy,,,,,m,2276,False,False,,mar21
29,2,50,study,1,male,White,female,Black,neutral,,,,,z,1477,False,False,,mar21
29,2,51,study,1,female,Asian,female,Black,neutral,,,,,z,1227,True,False,,mar21
29,2,52,study,1,female,Latino,male,White,angry,,,,,m,1785,False,False,,mar21
29,2,53,study,1,female,Asian,male,Black,happy,,,,,,,False,True,,mar21
29,2,54,study,1,male,Latino,female,Black,neutral,,,,,z,1714,False,False,,mar21
29,2,55,study,1,female,White,female,White,angry,,,,,z,988,True,False,,mar21
29,2,56,study,1,male,Latino,male,Black,angry,,,,,m,1035,True,False,,mar21
29,2,57,study,1,male,Latino,male,Black,happy,,,,,m,1230,True,False,,mar21
29,2,58,study,1,female,Asian,male,Black,angry,,,,,m,1826,False,False,,mar21
29,2,59,study,1,male,Black,female,Black,angry,,,,,z,1369,False,False,,mar21
29,2,60,study,1,female,Black,female,Black,happy,,,,,z,1195,True,False,,mar21
29,2,61,study,0,male,Black,female,White,angry,,,,,z,2140,False,False,,mar21
29,2,62,study,0,male,White,female,White,angry,,,,,,,False,True,,mar21
29,2,63,study,0,male,Latino,female,Black,neutral,,,,,z,2282,False,False,,mar21
29,2,64,study,0,male,Latino,male,Black,angry,,,,,m,1247,True,False,,mar21
29,2,65,study,0,female,White,male,White,angry,,,,,m,2882,False,False,,mar21
29,2,66,study,0,male,White,male,Black,happy,,,,,m,1464,True,False,,mar21
29,2,67,study,0,male,Asian,male,White,angry,,,,,m,1007,True,False,,mar21
29,2,68,study,0,male,White,male,White,angry,,,,,,,False,True,,mar21
29,2,69,study,0,male,Latino,male,Black,happy,,,,,m,953,True,False,,mar21
29,2,70,study,0,male,Black,male,White,neutral,,,,,m,493,True,False,,mar21
29,2,71,study,0,male,Black,female,Black,happy,,,,,z,1238,False,False,,mar21
29,2,72,study,0,female,Asian,male,Black,angry,,,,,z,1403,True,False,,mar21
29,2,73,study,0,female,Black,female,Black,angry,,,,,z,1078,True,False,,mar21
29,2,74,study,0,female,Black,male,White,neutral,,,,,z,603,True,False,,mar21
29,2,75,study,0,male,White,female,Black,happy,,,,,z,1188,False,False,,mar21
29,2,76,study,0,female,Asian,male,Black,neutral,,,,,m,1954,False,False,,mar21
29,2,77,study,0,male,White,male,Black,neutral,,,,,m,1164,True,False,,mar21
29,2,78,study,0,female,White,male,Black,angry,,,,,m,1392,False,False,,mar21
29,2,79,study,0,male,White,female,Black,neutral,,,,,z,1144,False,False,,mar21
29,2,80,study,0,female,Black,female,Black,neutral,,,,,z,1229,True,False,,mar21
29,2,81,study,0,female,Black,male,Black,happy,,,,,z,2503,True,False,,mar21
29,2,82,study,0,female,Black,male,Black,happy,,,,,m,2432,False,False,,mar21
29,2,83,study,0,male,White,male,White,angry,,,,,m,954,True,False,,mar21
29,2,84,study,0,male,White,male,Black,happy,,,,,m,948,True,False,,mar21
29,2,85,study,0,female,White,female,Black,angry,,,,,z,923,True,False,,mar21
29,2,86,study,0,female,Latino,female,Black,neutral,,,,,z,779,True,False,,mar21
29,2,87,study,0,female,White,female,Black,angry,,,,,z,1450,True,False,,mar21
29,2,88,study,0,female,Latino,male,White,neutral,,,,,m,1957,False,False,,mar21
29,2,89,study,0,male,White,female,Black,neutral,,,,,z,2190,False,False,,mar21
29,2,90,study,0,male,Black,male,Black,happy,,,,,m,2192,True,False,,mar21
29,2,91,study,1,male,Black,female,Black,angry,,,,,z,2386,False,False,,mar21
29,2,92,study,1,female,Asian,male,White,happy,,,,,m,1002,False,False,,mar21
29,2,93,study,1,female,Black,female,Black,neutral,,,,,z,1754,True,False,,mar21
29,2,94,study,1,female,Asian,male,White,happy,,,,,z,2741,True,False,,mar21
29,2,95,study,1,male,Latino,male,White,neutral,,,,,m,2465,True,False,,mar21
29,2,96,study,1,female,White,female,White,angry,,,,,z,1168,True,False,,mar21
29,2,97,study,1,male,Black,female,White,neutral,,,,,z,1745,False,False,,mar21
29,2,98,study,1,female,Black,male,White,neutral,,,,,m,2243,False,False,,mar21
29,2,99,study,1,female,Black,female,White,happy,,,,,z,971,True,False,,mar21
29,2,100,study,1,male,White,female,Black,happy,,,,,z,1660,False,False,,mar21
29,2,101,study,1,female,Latino,male,White,angry,,,,,m,2361,False,False,,mar21
29,2,102,study,1,male,Asian,female,White,angry,,,,,m,2789,True,False,,mar21
29,2,103,study,1,male,Black,male,White,happy,,,,,m,1468,True,False,,mar21
29,2,104,study,1,male,Black,female,Black,happy,,,,,z,1810,False,False,,mar21
29,2,105,study,1,male,White,male,White,neutral,,,,,m,1084,True,False,,mar21
29,2,106,study,1,female,Asian,female,White,happy,,,,,z,1697,True,False,,mar21
29,2,107,study,1,female,White,female,White,happy,,,,,z,904,True,False,,mar21
29,2,108,study,1,female,Asian,male,Black,angry,,,,,m,2043,False,False,,mar21
29,2,109,study,1,female,Asian,female,Black,neutral,,,,,z,1498,True,False,,mar21
29,2,110,study,1,male,White,female,White,neutral,,,,,z,1385,False,False,,mar21
29,2,111,study,1,male,Black,male,Black,angry,,,,,m,1580,True,False,,mar21
29,2,112,study,1,female,Black,female,White,angry,,,,,z,1650,True,False,,mar21
29,2,113,study,1,female,Asian,male,Black,neutral,,,,,m,2343,False,False,,mar21
29,2,114,study,1,female,Black,female,White,neutral,,,,,z,811,True,False,,mar21
29,2,115,study,1,male,Black,male,White,neutral,,,,,m,1041,True,False,,mar21
29,2,116,study,1,female,Asian,male,Black,happy,,,,,m,2263,False,False,,mar21
29,2,117,study,1,female,Black,female,Black,happy,,,,,z,1108,True,False,,mar21
29,2,118,study,1,female,White,female,Black,happy,,,,,z,917,True,False,,mar21
29,2,119,study,1,male,Black,female,Black,happy,,,,,z,1121,False,False,,mar21
29,2,120,study,1,male,Asian,female,White,angry,,,,,z,1127,False,False,,mar21
29,2,121,test,0,male,White,female,Black,happy,,,,rearranged,,,False,True,,mar21
29,2,122,test,0,female,Asian,female,White,happy,,,,intact,z,2321,True,False,,mar21
29,2,123,test,0,male,Black,female,White,angry,,,,intact,z,2487,True,False,,mar21
29,2,124,test,0,male,White,female,Black,neutral,,,,intact,z,2066,True,False,,mar21
29,2,125,test,0,male,Black,male,White,happy,,,,rearranged,m,1788,True,False,,mar21
29,2,126,test,0,male,Latino,female,Black,neutral,,,,intact,z,1596,True,False,,mar21
29,2,127,test,0,male,White,female,Black,neutral,,,,rearranged,z,1274,False,False,,mar21
29,2,128,test,0,female,White,female,Black,angry,,,,intact,z,1223,True,False,,mar21
29,2,129,test,0,female,Black,male,Black,happy,,,,rearranged,z,1516,False,False,,mar21
29,2,130,test,0,female,White,female,White,happy,,,,intact,m,1275,False,False,,mar21
29,2,131,test,0,male,Black,female,Black,happy,,,,intact,m,1556,False,False,,mar21
29,2,132,test,0,female,Black,female,Black,happy,,,,rearranged,m,1034,True,False,,mar21
29,2,133,test,0,male,Black,female,Black,happy,,,,rearranged,m,1955,True,False,,mar21
29,2,134,test,0,female,Asian,male,Black,neutral,,,,intact,m,2059,False,False,,mar21
29,2,135,test,0,male,White,male,Black,happy,,,,intact,m,1163,False,False,,mar21
29,2,136,test,0,female,White,female,Black,angry,,,,rearranged,m,1265,True,False,,mar21
29,2,137,test,0,male,Black,male,Black,angry,,,,intact,m,1457,False,False,,mar21
29,2,138,test,0,female,White,male,Black,angry,,,,rearranged,z,1780,False,False,,mar21
29,2,139,test,0,male,Latino,male,Black,happy,,,,intact,m,1519,False,False,,mar21
29,2,140,test,0,female,Asian,male,Black,happy,,,,intact,z,1573,True,False,,mar21
29,2,141,test,0,male,White,male,White,neutral,,,,rearranged,z,1168,False,False,,mar21
29,2,142,test,0,female,Asian,male,White,happy,,,,intact,m,1896,False,False,,mar21
29,2,143,test,0,male,Black,male,White,neutral,,,,intact,z,1848,True,False,,mar21
29,2,144,test,0,male,White,male,White,angry,,,,rearranged,z,1840,False,False,,mar21
29,2,145,test,0,female,Black,female,Black,neutral,,,,intact,m,1633,False,False,,mar21
29,2,146,test,0,female,Asian,female,Black,neutral,,,,intact,m,2130,False,False,,mar21
29,2,147,test,0,male,Black,male,Black,happy,,,,rearranged,z,2588,False,False,,mar21
29,2,148,test,0,male,White,male,White,angry,,,,rearranged,z,1245,False,False,,mar21
29,2,149,test,0,female,Black,male,White,neutral,,,,rearranged,m,1257,True,False,,mar21
29,2,150,test,0,female,Black,female,White,angry,,,,intact,z,1979,True,False,,mar21
29,2,151,test,1,male,White,male,Black,happy,,,,intact,m,1762,False,False,,mar21
29,2,152,test,1,female,Black,male,White,neutral,,,,rearranged,m,1889,True,False,,mar21
29,2,153,test,1,female,Asian,male,Black,neutral,,,,intact,z,1968,True,False,,mar21
29,2,154,test,1,male,Black,female,Black,happy,,,,intact,z,1414,True,False,,mar21
29,2,155,test,1,female,Black,female,Black,neutral,,,,rearranged,m,1619,True,False,,mar21
29,2,156,test,1,female,Latino,male,White,neutral,,,,rearranged,m,1247,True,False,,mar21
29,2,157,test,1,female,Black,female,White,neutral,,,,rearranged,m,1519,True,False,,mar21
29,2,158,test,1,male,Latino,male,Black,angry,,,,intact,m,1026,False,False,,mar21
29,2,159,test,1,female,Asian,male,White,angry,,,,rearranged,z,2190,False,False,,mar21
29,2,160,test,1,female,Black,female,Black,happy,,,,rearranged,m,1738,True,False,,mar21
29,2,161,test,1,female,Black,female,Black,angry,,,,intact,z,1780,True,False,,mar21
29,2,162,test,1,male,Asian,male,White,angry,,,,rearranged,m,2167,True,False,,mar21
29,2,163,test,1,female,Asian,male,Black,angry,,,,intact,z,1612,True,False,,mar21
29,2,164,test,1,male,White,female,White,angry,,,,intact,m,1254,False,False,,mar21
29,2,165,test,1,female,White,male,White,angry,,,,intact,z,1600,True,False,,mar21
29,2,166,test,1,male,Latino,male,Black,neutral,,,,rearranged,m,1663,True,False,,mar21
29,2,167,test,1,male,Asian,female,Black,angry,,,,rearranged,m,2967,True,False,,mar21
29,2,168,test,1,male,Asian,female,White,angry,,,,intact,z,2037,True,False,,mar21
29,2,169,test,1,male,White,female,Black,happy,,,,rearranged,m,1661,True,False,,mar21
29,2,170,test,1,female,White,female,White,angry,,,,rearranged,m,2142,True,False,,mar21
29,2,171,test,1,female,Latino,male,Black,angry,,,,rearranged,,,False,True,,mar21
29,2,172,test,1,male,Black,male,White,neutral,,,,intact,,,False,True,,mar21
29,2,173,test,1,male,Black,female,White,angry,,,,rearranged,m,1651,True,False,,mar21
29,2,174,test,1,male,White,female,White,neutral,,,,rearranged,m,1364,True,False,,mar21
29,2,175,test,1,female,Asian,male,White,happy,,,,intact,,,False,True,,mar21
29,2,176,test,1,female,Latino,female,Black,neutral,,,,intact,m,1880,False,False,,mar21
29,2,177,test,1,female,Black,male,Black,happy,,,,rearranged,m,2735,True,False,,mar21
29,2,178,test,1,male,Black,female,White,neutral,,,,intact,m,1731,False,False,,mar21
29,2,179,test,1,female,White,female,White,happy,,,,rearranged,m,2158,True,False,,mar21
29,2,180,test,1,male,White,male,White,neutral,,,,rearranged,m,2162,True,False,,mar21
30,2,1,study,0,male,Asian,male,White,happy,,,,,m,1769,True,False,,mar21
30,2,2,study,0,male,Asian,male,Black,angry,,,,,m,1568,True,False,,mar21
30,2,3,study,0,female,Latino,male,Black,happy,,,,,m,1871,False,False,,mar21
30,2,4,study,0,female,Black,male,White,neutral,,,,,m,802,False,False,,mar21
30,2,5,study,0,male,White,male,White,happy,,,,,m,985,True,False,,mar21
30,2,6,study,0,female,White,male,White,happy,,,,,z,1453,True,False,,mar21
30,2,7,study,0,female,White,female,Black,happy,,,,,z,1452,True,False,,mar21
30,2,8,study,0,male,Asian,female,White,happy,,,,,m,1829,True,False,,mar21
30,2,9,study,0,female,Latino,female,Black,happy,,,,,z,1460,True,False,,mar21
30,2,10,study,0,male,Asian,female,Black,neutral,,,,,m,2035,True,False,,mar21
30,2,11,study,0,male,Asian,female,Black,happy,,,,,m,947,True,False,,mar21
30,2,12,study,0,male,White,male,Black,happy,,,,,m,1082,True,False,,mar21
30,2,13,study,0,female,Black,female,White,happy,,,,,z,1025,True,False,,mar21
30,2,14,study,0,female,White,female,Black,neutral,,,,,z,1687,True,False,,mar21
30,2,15,study,0,male,Black,male,White,happy,,,,,m,1435,True,False,,mar21
30,2,16,study,0,female,Asian,male,White,angry,,,,,m,1287,False,False,,mar21
30,2,17,study,0,male,Black,male,White,angry,,,,,m,952,True,False,,mar21
30,2,18,study,0,male,White,female,Black,neutral,,,,,z,2362,False,False,,mar21
30,2,19,study,0,male,White,male,White,angry,,,,,z,1514,False,False,,mar21
30,2,20,study,0,male,Black,male,Black,neutral,,,,,m,1609,True,False,,mar21
30,2,21,study,0,male,Black,female,Black,neutral,,,,,m,2342,True,False,,mar21
30,2,22,study,0,female,Black,male,White,angry,,,,,m,2012,False,False,,mar21
30,2,23,study,0,male,Asian,male,Black,angry,,,,,m,1435,True,False,,mar21
30,2,24,study,0,female,Latino,female,White,happy,,,,,z,2653,True,False,,mar21
30,2,25,study,0,female,Latino,male,Black,neutral,,,,,m,1378,False,False,,mar21
30,2,26,study,0,male,White,female,Black,angry,,,,,m,2047,True,False,,mar21
30,2,27,study,0,male,Latino,male,White,neutral,,,,,,,False,True,,mar21
30,2,28,study,0,female,Asian,female,White,angry,,,,,z,1586,True,False,,mar21
30,2,29,study,0,female,White,male,Black,angry,,,,,m,1805,False,False,,mar21
30,2,30,study,0,female,Black,female,White,angry,,,,,z,2071,True,False,,mar21
30,2,31,study,1,female,Latino,male,Black,angry,,,,,m,1937,False,False,,mar21
30,2,32,study,1,female,Latino,female,Black,happy,,,,,z,1332,True,False,,mar21
30,2,33,study,1,male,Black,female,Black,angry,,,,,m,1851,True,False,,mar21
30,2,34,study,1,female,Latino,female,White,angry,,,,,z,1664,True,False,,mar21
30,2,35,study,1,female,Asian,male,Black,neutral,,,,,z,2342,True,False,,mar21
30,2,36,study,1,female,Asian,female,White,neutral,,,,,z,1188,True,False,,mar21
30,2,37,study,1,male,White,female,White,angry,,,,,z,2031,False,False,,mar21
30,2,38,study,1,male,Latino,female,White,happy,,,,,m,1359,True,False,,mar21
30,2,39,study,1,male,White,female,Black,happy,,,,,z,2210,False,False,,mar21
30,2,40,study,1,male,Latino,female,White,angry,,,,,m,2942,True,False,,mar21
30,2,41,study,1,male,Black,female,White,neutral,,,,,z,1754,False,False,,mar21
30,2,42,study,1,male,Asian,male,White,angry,,,,,m,1019,True,False,,mar21
30,2,43,study,1,male,Black,male,White,neutral,,,,,m,899,True,False,,mar21
30,2,44,study,1,female,White,female,Black,neutral,,,,,m,1218,False,False,,mar21
30,2,45,study,1,male,Asian,male,White,happy,,,,,m,2519,True,False,,mar21
30,2,46,study,1,male,Asian,female,Black,happy,,,,,z,2566,False,False,,mar21
30,2,47,study,1,male,Latino,female,Black,angry,,,,,z,1839,False,False,,mar21
30,2,48,study,1,male,Latino,male,White,neutral,,,,,m,1142,True,False,,mar21
30,2,49,study,1,female,Black,female,White,angry,,,,,z,1570,True,False,,mar21
30,2,50,study,1,female,White,male,Black,happy,,,,,m,1220,False,False,,mar21
30,2,51,study,1,male,Asian,female,Black,neutral,,,,,z,1474,False,False,,mar21
30,2,52,study,1,female,Black,male,Black,happy,,,,,m,1686,False,False,,mar21
30,2,53,study,1,female,Asian,male,Black,neutral,,,,,m,2282,False,False,,mar21
30,2,54,study,1,female,Black,female,Black,angry,,,,,z,2397,True,False,,mar21
30,2,55,study,1,female,Asian,male,Black,neutral,,,,,m,2879,False,False,,mar21
30,2,56,study,1,female,White,female,Black,neutral,,,,,z,1967,True,False,,mar21
30,2,57,study,1,female,Black,male,Black,happy,,,,,m,1412,False,False,,mar21
30,2,58,study,1,male,Latino,male,Black,neutral,,,,,m,1195,True,False,,mar21
30,2,59,study,1,female,Asian,male,White,angry,,,,,m,1023,False,False,,mar21
30,2,60,study,1,female,White,female,White,neutral,,,,,z,1004,True,False,,mar21
30,2,61,study,0,male,White,male,White,angry,,,,,m,2111,True,False,,mar21
30,2,62,study,0,female,Latino,female,Black,happy,,,,,z,1110,True,False,,mar21
30,2,63,study,0,female,Black,male,Black,happy,,,,,z,1611,True,False,,mar21
30,2,64,study,0,male,White,female,Black,happy,,,,,m,1963,True,False,,mar21
30,2,65,study,0,female,Latino,female,White,angry,,,,,z,2516,True,False,,mar21
30,2,66,study,0,female,Latino,female,White,happy,,,,,z,1341,True,False,,mar21
30,2,67,study,0,female,White,female,Black,neutral,,,,,z,1210,True,False,,mar21
30,2,68,study,0,male,Black,female,Black,angry,,,,,z,1434,False,False,,mar21
30,2,69,study,0,female,White,male,Black,happy,,,,,m,1385,False,False,,mar21
30,2,70,study,0,male,White,female,White,angry,,,,,z,1876,False,False,,mar21
30,2,71,study,0,female,Asian,male,Black,neutral,,,,,m,1395,False,False,,mar21
30,2,72,study,0,female,White,male,White,happy,,,,,z,1526,True,False,,mar21
30,2,73,study,0,male,Asian,female,Black,happy,,,,,m,2044,True,False,,mar21
30,2,74,study,0,male,Latino,female,White,happy,,,,,z,1276,False,False,,mar21
30,2,75,study,0,male,Asian,male,White,happy,,,,,m,1352,True,False,,mar21
30,2,76,study,0,male,Black,female,Black,neutral,,,,,z,1747,False,False,,mar21
30,2,77,study,0,female,Black,female,White,angry,,,,,z,1417,True,False,,mar21
30,2,78,study,0,male,Asian,male,White,angry,,,,,m,997,True,False,,mar21
30,2,79,study,0,female,Latino,male,Black,neutral,,,,,m,1036,False,False,,mar21
30,2,80,study,0,male,Black,male,Black,neutral,,,,,z,1407,False,False,,mar21
30,2,81,study,0,female,Asian,female,White,angry,,,,,m,1267,False,False,,mar21
30,2,82,study,0,male,Black,female,White,neutral,,,,,m,1013,True,False,,mar21
30,2,83,study,0,male,Black,male,White,happy,,,,,m,830,True,False,,mar21
30,2,84,study,0,female,Asian,male,White,angry,,,,,m,1624,False,False,,mar21
30,2,85,study,0,male,Asian,female,Black,neutral,,,,,z,2075,False,False,,mar21
30,2,86,study,0,female,Latino,male,Black,angry,,,,,m,1691,False,False,,mar21
30,2,87,study,0,male,Asian,female,Black,neutral,,,,,z,2752,False,False,,mar21
30,2,88,study,0,female,White,male,Black,angry,,,,,m,1416,False,False,,mar21
30,2,89,study,0,female,Latino,male,Black,happy,,,,,m,1733,False,False,,mar21
30,2,90,study,0,female,Black,male,White,angry,,,,,m,1051,False,False,,mar21
30,2,91,study,1,male,Latino,male,White,neutral,,,,,m,2304,True,False,,mar21
30,2,92,study,1,female,White,female,Black,neutral,,,,,z,1377,True,False,,mar21
30,2,93,study,1,male,White,male,Black,happy,,,,,m,858,True,False,,mar21
30,2,94,study,1,female,White,female,Black,happy,,,,,z,1079,True,False,,mar21
30,2,95,study,1,male,Asian,female,White,happy,,,,,z,1445,False,False,,mar21
30,2,96,study,1,male,Latino,female,Black,angry,,,,,m,1444,True,False,,mar21
30,2,97,study,1,female,White,female,White,neutral,,,,,z,1131,True,False,,mar21
30,2,98,study,1,female,Asian,male,Black,neutral,,,,,m,1249,False,False,,mar21
30,2,99,study,1,female,Latino,female,Black,happy,,,,,z,2067,True,False,,mar21
30,2,100,study,1,female,Asian,female,White,neutral,,,,,z,1305,True,False,,mar21
30,2,101,study,1,male,Asian,male,White,happy,,,,,m,1514,True,False,,mar21
30,2,102,study,1,male,Latino,male,Black,neutral,,,,,m,1008,True,False,,mar21
30,2,103,study,1,male,Asian,male,Black,angry,,,,,m,1504,True,False,,mar21
30,2,104,study,1,male,White,female,Black,angry,,,,,z,787,False,False,,mar21
30,2,105,study,1,male,Black,male,White,angry,,,,,m,812,True,False,,mar21
30,2,106,study,1,female,Black,female,Black,angry,,,,,m,889,False,False,,mar21
30,2,107,study,1,male,White,female,Black,neutral,,,,,z,1276,False,False,,mar21
30,2,108,study,1,female,Black,female,White,happy,,,,,z,1306,True,False,,mar21
30,2,109,study,1,female,Black,male,White,neutral,,,,,m,1680,False,False,,mar21
30,2,110,study,1,female,Asian,male,White,angry,,,,,m,1507,False,False,,mar21
30,2,111,study,1,male,Latino,female,White,angry,,,,,z,2019,False,False,,mar21
30,2,112,study,1,male,Asian,female,Black,happy,,,,,m,954,True,False,,mar21
30,2,113,study,1,female,White,female,Black,neutral,,,,,z,2207,True,False,,mar21
30,2,114,study,1,female,Black,male,Black,happy,,,,,m,1291,False,False,,mar21
30,2,115,study,1,male,Black,male,White,neutral,,,,,m,1318,True,False,,mar21
30,2,116,study,1,female,Asian,male,Black,neutral,,,,,z,1200,True,False,,mar21
30,2,117,study,1,male,White,male,White,happy,,,,,m,1344,True,False,,mar21
30,2,118,study,1,male,Latino,male,White,neutral,,,,,m,1116,True,False,,mar21
30,2,119,study,1,male,Asian,male,Black,angry,,,,,m,1090,True,False,,mar21
30,2,120,study,1,female,Black,female,White,angry,,,,,z,1020,True,False,,mar21
30,2,121,test,0,male,Asian,female,Black,happy,,,,rearranged,z,2273,True,False,,mar21
30,2,122,test,0,female,White,male,Black,happy,,,,intact,z,1106,False,False,,mar21
30,2,123,test,0,female,Latino,female,Black,happy,,,,intact,m,1817,True,False,,mar21
30,2,124,test,0,male,Asian,female,Black,neutral,,,,rearranged,z,2236,True,False,,mar21
30,2,125,test,0,male,Asian,male,Black,angry,,,,rearranged,m,2228,False,False,,mar21
30,2,126,test,0,male,White,male,Black,happy,,,,intact,m,2492,True,False,,mar21
30,2,127,test,0,female,Latino,male,White,angry,,,,rearranged,z,917,True,False,,mar21
30,2,128,test,0,female,Black,male,Black,angry,,,,rearranged,z,1542,True,False,,mar21
30,2,129,test,0,female,White,female,White,neutral,,,,intact,m,1776,True,False,,mar21
30,2,130,test,0,male,White,female,Black,angry,,,,rearranged,z,1652,True,False,,mar21
30,2,131,test,0,female,Latino,male,White,neutral,,,,rearranged,z,1891,True,False,,mar21
30,2,132,test,0,male,Latino,female,White,angry,,,,intact,z,2391,False,False,,mar21
30,2,133,test,0,female,Latino,female,Black,happy,,,,rearranged,m,1502,False,False,,mar21
30,2,134,test,0,male,Asian,male,White,happy,,,,rearranged,m,1841,False,False,,mar21
30,2,135,test,0,female,Latino,female,White,happy,,,,rearranged,m,1659,False,False,,mar21
30,2,136,test,0,female,Asian,female,White,angry,,,,intact,m,1428,True,False,,mar21
30,2,137,test,0,male,White,male,White,happy,,,,rearranged,m,1442,False,False,,mar21
30,2,138,test,0,male,White,female,White,happy,,,,rearranged,z,1660,True,False,,mar21
30,2,139,test,0,female,Asian,male,White,angry,,,,intact,m,2355,True,False,,mar21
30,2,140,test,0,female,White,female,Black,neutral,,,,intact,m,1592,True,False,,mar21
30,2,141,test,0,male,Latino,female,White,happy,,,,rearranged,z,1307,True,False,,mar21
30,2,142,test,0,male,Black,male,White,neutral,,,,intact,m,1527,True,False,,mar21
30,2,143,test,0,female,White,male,Black,happy,,,,rearranged,z,1372,True,False,,mar21
30,2,144,test,0,female,Latino,male,Black,happy,,,,intact,m,1832,True,False,,mar21
30,2,145,test,0,female,Asian,male,White,angry,,,,intact,m,1214,True,False,,mar21
30,2,146,test,0,female,Black,female,White,angry,,,,rearranged,z,1228,True,False,,mar21
30,2,147,test,0,female,White,female,Black,neutral,,,,rearranged,m,2104,False,False,,mar21
30,2,148,test,0,male,Black,female,Black,neutral,,,,intact,z,1358,False,False,,mar21
30,2,149,test,0,male,Black,male,White,angry,,,,intact,m,1673,True,False,,mar21
30,2,150,test,0,male,Asian,male,White,angry,,,,rearranged,m,1724,False,False,,mar21
30,2,151,test,1,male,Latino,male,Black,neutral,,,,rearranged,m,980,False,False,,mar21
30,2,152,test,1,female,Black,male,Black,neutral,,,,rearranged,m,653,False,False,,mar21
30,2,153,test,1,female,Black,female,White,happy,,,,intact,m,1039,True,False,,mar21
30,2,154,test,1,male,Asian,female,Black,happy,,,,intact,z,1018,False,False,,mar21
30,2,155,test,1,male,Latino,male,White,neutral,,,,rearranged,m,1281,False,False,,mar21
30,2,156,test,1,female,White,female,Black,neutral,,,,rearranged,m,1297,False,False,,mar21
30,2,157,test,1,female,Asian,male,Black,neutral,,,,intact,z,1530,False,False,,mar21
30,2,158,test,1,female,Black,male,Black,happy,,,,intact,z,2213,False,False,,mar21
30,2,159,test,1,male,Asian,male,White,happy,,,,intact,m,1414,True,False,,mar21
30,2,160,test,1,female,Asian,female,White,neutral,,,,intact,m,1609,True,False,,mar21
30,2,161,test,1,female,Black,female,White,angry,,,,intact,m,1264,True,False,,mar21
30,2,162,test,1,male,Latino,male,White,neutral,,,,rearranged,m,1452,False,False,,mar21
30,2,163,test,1,female,White,male,Black,angry,,,,rearranged,z,1602,True,False,,mar21
30,2,164,test,1,male,White,male,Black,angry,,,,rearranged,m,1519,False,False,,mar21
30,2,165,test,1,male,Black,male,White,happy,,,,intact,m,1313,True,False,,mar21
30,2,166,test,1,male,White,female,White,angry,,,,rearranged,z,1943,True,False,,mar21
30,2,167,test,1,female,Black,male,White,happy,,,,rearranged,z,2849,True,False,,mar21
30,2,168,test,1,male,White,female,Black,neutral,,,,rearranged,z,1675,True,False,,mar21
30,2,169,test,1,male,Asian,male,White,angry,,,,intact,m,2366,True,False,,mar21
30,2,170,test,1,male,Black,female,White,neutral,,,,intact,z,1851,False,False,,mar21
30,2,171,test,1,male,Asian,female,Black,neutral,,,,intact,m,1554,True,False,,mar21
30,2,172,test,1,male,Latino,female,Black,angry,,,,intact,z,1329,False,False,,mar21
30,2,173,test,1,female,Asian,male,Black,neutral,,,,intact,z,1635,False,False,,mar21
30,2,174,test,1,female,Black,female,Black,angry,,,,rearranged,m,1535,False,False,,mar21
30,2,175,test,1,male,Asian,female,Black,happy,,,,intact,z,2332,False,False,,mar21
30,2,176,test,1,female,White,female,Black,happy,,,,rearranged,m,1315,False,False,,mar21
30,2,177,test,1,female,Asian,male,Black,neutral,,,,rearranged,z,2179,True,False,,mar21
30,2,178,test,1,female,Latino,female,White,angry,,,,intact,m,1440,True,False,,mar21
30,2,179,test,1,male,Black,female,Black,angry,,,,intact,z,1165,False,False,,mar21
30,2,180,test,1,male,Black,male,Black,neutral,,,,intact,m,1402,True,False,,mar21
31,2,1,study,0,female,Latino,female,White,neutral,,,,,z,919,True,False,,mar21
31,2,2,study,0,male,Latino,female,White,neutral,,,,,z,1683,False,False,,mar21
31,2,3,study,0,female,Asian,male,Black,happy,,,,,m,2151,False,False,,mar21
31,2,4,study,0,female,Asian,female,Black,happy,,,,,z,1302,True,False,,mar21
31,2,5,study,0,male,Black,female,Black,angry,,,,,z,1737,False,False,,mar21
31,2,6,study,0,male,Asian,male,Black,angry,,,,,m,1965,True,False,,mar21
31,2,7,study,0,male,Black,male,White,angry,,,,,m,1390,True,False,,mar21
31,2,8,study,0,female,Latino,male,White,neutral,,,,,m,1397,False,False,,mar21
31,2,9,study,0,male,White,female,White,happy,,,,,z,1257,False,False,,mar21
31,2,10,study,0,female,White,male,Black,angry,,,,,m,1653,False,False,,mar21
31,2,11,study,0,male,Latino,female,Black,angry,,,,,z,2629,False,False,,mar21
31,2,12,study,0,female,White,female,Black,happy,,,,,z,1517,True,False,,mar21
31,2,13,study,0,female,White,female,White,angry,,,,,z,1264,True,False,,mar21
31,2,14,study,0,male,Latino,male,White,angry,,,,,m,1671,True,False,,mar21
31,2,15,study,0,female,White,female,White,neutral,,,,,z,1335,True,False,,mar21
31,2,16,study,0,male,White,female,White,happy,,,,,z,2067,False,False,,mar21
31,2,17,study,0,male,White,male,White,neutral,,,,,,,False,True,,mar21
31,2,18,study,0,female,White,female,White,angry,,,,,z,993,True,False,,mar21
31,2,19,study,0,female,Asian,female,White,happy,,,,,z,856,True,False,,mar21
31,2,20,study,0,male,Black,female,Black,angry,,,,,z,1396,False,False,,mar21
31,2,21,study,0,female,Latino,female,White,neutral,,,,,z,1545,True,False,,mar21
31,2,22,study,0,female,Latino,male,Black,angry,,,,,m,1793,False,False,,mar21
31,2,23,study,0,male,Latino,male,Black,neutral,,,,,z,1926,False,False,,mar21
31,2,24,study,0,female,Black,female,White,happy,,,,,z,1062,True,False,,mar21
31,2,25,study,0,male,Asian,female,Black,neutral,,,,,z,2610,False,False,,mar21
31,2,26,study,0,male,Asian,female,White,neutral,,,,,z,1983,False,False,,mar21
31,2,27,study,0,female,Black,male,Black,happy,,,,,m,2294,False,False,,mar21
31,2,28,study,0,male,White,male,White,angry,,,,,m,1934,True,False,,mar21
31,2,29,study,0,male,Asian,male,White,neutral,,,,,m,1524,True,False,,mar21
31,2,30,study,0,female,Black,female,Black,angry,,,,,z,1214,True,False,,mar21
31,2,31,study,1,female,Asian,male,Black,neutral,,,,,m,1059,False,False,,mar21
31,2,32,study,1,female,Black,male,White,happy,,,,,m,2183,False,False,,mar21
31,2,33,study,1,male,Latino,female,Black,angry,,,,,z,2133,False,False,,mar21
31,2,34,study,1,female,Black,female,Black,angry,,,,,z,1996,True,False,,mar21
31,2,35,study,1,female,White,male,White,happy,,,,,m,1584,False,False,,mar21
31,2,36,study,1,male,Latino,female,Black,happy,,,,,z,2276,False,False,,mar21
31,2,37,study,1,female,Asian,female,White,neutral,,,,,z,2091,True,False,,mar21
31,2,38,study,1,female,White,female,Black,happy,,,,,z,2032,True,False,,mar21
31,2,39,study,1,female,Black,male,Black,neutral,,,,,m,2038,False,False,,mar21
31,2,40,study,1,male,Asian,male,Black,happy,,,,,m,2205,True,False,,mar21
31,2,41,study,1,male,Asian,male,Black,happy,,,,,m,1300,True,False,,mar21
31,2,42,study,1,male,Black,male,Black,happy,,,,,m,1351,True,False,,mar21
31,2,43,study,1,male,Asian,male,Black,happy,,,,,m,1222,True,False,,mar21
31,2,44,study,1,male,White,male,White,neutral,,,,,m,945,True,False,,mar21
31,2,45,study,1,male,Latino,male,White,neutral,,,,,m,2129,True,False,,mar21
31,2,46,study,1,female,Asian,female,White,angry,,,,,z,1745,True,False,,mar21
31,2,47,study,1,female,White,male,Black,angry,,,,,m,1374,False,False,,mar21
31,2,48,study,1,female,Black,male,White,neutral,,,,,m,1155,False,False,,mar21
31,2,49,study,1,male,White,male,Black,happy,,,,,m,952,True,False,,mar21
31,2,50,study,1,female,Black,female,Black,neutral,,,,,m,1036,False,False,,mar21
31,2,51,study,1,female,Black,male,Black,neutral,,,,,m,1458,False,False,,mar21
31,2,52,study,1,female,Black,male,Black,happy,,,,,m,1245,False,False,,mar21
31,2,53,study,1,male,Asian,female,Black,happy,,,,,z,1602,False,False,,mar21
31,2,54,study,1,female,Latino,male,Black,angry,,,,,m,1115,False,False,,mar21
31,2,55,study,1,male,White,male,White,angry,,,,,m,1149,True,False,,mar21
31,2,56,study,1,male,Black,female,Black,happy,,,,,z,1210,False,False,,mar21
31,2,57,study,1,female,White,male,White,angry,,,,,m,1153,False,False,,mar21
31,2,58,study,1,male,Black,female,White,neutral,,,,,z,1935,False,False,,mar21
31,2,59,study,1,male,White,female,Black,angry,,,,,z,2144,False,False,,mar21
31,2,60,study,1,male,Black,female,White,neutral,,,,,z,1318,False,False,,mar21
31,2,61,study,0,male,Black,male,Black,happy,,,,,m,887,True,False,,mar21
31,2,62,study,0,female,Black,male,Black,happy,,,,,m,870,False,False,,mar21
31,2,63,study,0,male,White,female,White,happy,,,,,z,784,False,False,,mar21
31,2,64,study,0,female,White,male,Black,angry,,,,,m,883,False,False,,mar21
31,2,65,study,0,male,Latino,female,Black,angry,,,,,z,1035,False,False,,mar21
31,2,66,study,0,male,Asian,male,White,neutral,,,,,m,797,True,False,,mar21
31,2,67,study,0,male,White,male,White,angry,,,,,m,1191,True,False,,mar21
31,2,68,study,0,female,Asian,male,Black,neutral,,,,,m,1484,False,False,,mar21
31,2,69,study,0,female,White,female,Black,happy,,,,,z,926,True,False,,mar21
31,2,70,study,0,male,White,male,White,neutral,,,,,m,691,True,False,,mar21
31,2,71,study,0,female,White,male,White,angry,,,,,m,1052,False,False,,mar21
31,2,72,study,0,male,Black,female,White,neutral,,,,,z,1378,False,False,,mar21
31,2,73,study,0,female,Black,female,Black,angry,,,,,z,1380,True,False,,mar21
31,2,74,study,0,female,Asian,male,Black,happy,,,,,m,847,False,False,,mar21
31,2,75,study,0,male,Black,male,White,angry,,,,,m,1309,True,False,,mar21
31,2,76,study,0,female,White,female,White,angry,,,,,z,865,True,False,,mar21
31,2,77,study,0,female,Latino,male,Black,angry,,,,,m,909,False,False,,mar21
31,2,78,study,0,male,Asian,female,Black,neutral,,,,,z,1021,False,False,,mar21
31,2,79,study,0,male,Latino,male,White,neutral,,,,,m,1110,True,False,,mar21
31,2,80,study,0,female,Black,female,White,happy,,,,,z,784,True,False,,mar21
31,2,81,study,0,female,Black,male,Black,neutral,,,,,m,1368,False,False,,mar21
31,2,82,study,0,male,Black,female,Black,angry,,,,,z,1050,False,False,,mar21
31,2,83,study,0,male,White,male,Black,happy,,,,,m,824,True,False,,mar21
31,2,84,study,0,female,Black,female,Black,neutral,,,,,z,757,True,False,,mar21
31,2,85,study,0,male,White,female,Black,angry,,,,,z,1718,False,False,,mar21
31,2,86,study,0,male,White,female,White,happy,,,,,z,1378,False,False,,mar21
31,2,87,study,0,female,Latino,female,White,neutral,,,,,z,758,True,False,,mar21
31,2,88,study,0,female,White,male,Black,angry,,,,,m,1136,False,False,,mar21
31,2,89,study,0,female,Latino,male,White,neutral,,,,,m,990,False,False,,mar21
31,2,90,study,0,male,White,male,White,angry,,,,,m,1031,True,False,,mar21
31,2,91,study,1,male,Black,female,Black,angry,,,,,z,1570,False,False,,mar21
31,2,92,study,1,female,Black,male,Black,neutral,,,,,m,2055,False,False,,mar21
31,2,93,study,1,male,Black,female,Black,happy,,,,,z,1432,False,False,,mar21
31,2,94,study,1,male,White,male,White,neutral,,,,,m,1084,True,False,,mar21
31,2,95,study,1,female,Asian,female,White,happy,,,,,z,1449,True,False,,mar21
31,2,96,study,1,female,Black,male,White,neutral,,,,,m,897,False,False,,mar21
31,2,97,study,1,female,Black,female,Black,angry,,,,,z,833,True,False,,mar21
31,2,98,study,1,female,Black,male,Black,happy,,,,,m,848,False,False,,mar21
31,2,99,study,1,male,Latino,female,Black,angry,,,,,z,1226,False,False,,mar21
31,2,100,study,1,male,Latino,male,White,angry,,,,,m,1138,True,False,,mar21
31,2,101,study,1,female,Latino,male,Black,angry,,,,,m,1457,False,False,,mar21
31,2,102,study,1,female,White,female,Black,happy,,,,,z,1144,True,False,,mar21
31,2,103,study,1,male,Asian,male,Black,angry,,,,,m,1396,True,False,,mar21
31,2,104,study,1,female,White,female,White,angry,,,,,z,836,True,False,,mar21
31,2,105,study,1,male,Asian,female,Black,happy,,,,,z,1237,False,False,,mar21
31,2,106,study,1,male,Asian,male,Black,happy,,,,,m,2026,True,False,,mar21
31,2,107,study,1,female,White,female,White,neutral,,,,,z,834,True,False,,mar21
31,2,108,study,1,female,Black,male,White,happy,,,,,m,1055,False,False,,mar21
31,2,109,study,1,female,Asian,female,White,angry,,,,,z,1756,True,False,,mar21
31,2,110,study,1,male,Asian,male,Black,happy,,,,,m,739,True,False,,mar21
31,2,111,study,1,male,Asian,female,White,neutral,,,,,z,828,False,False,,mar21
31,2,112,study,1,male,Latino,female,Black,happy,,,,,z,2121,False,False,,mar21
31,2,113,study,1,female,Asian,female,White,neutral,,,,,z,1307,True,False,,mar21
31,2,114,study,1,male,Black,female,White,neutral,,,,,z,1144,False,False,,mar21
31,2,115,study,1,male,Asian,male,Black,happy,,,,,m,2261,True,False,,mar21
31,2,116,study,1,female,Asian,female,Black,happy,,,,,z,1032,True,False,,mar21
31,2,117,study,1,male,Latino,female,White,neutral,,,,,z,1396,False,False,,mar21
31,2,118,study,1,female,White,male,White,happy,,,,,m,786,False,False,,mar21
31,2,119,study,1,female,Latino,female,White,neutral,,,,,z,781,True,False,,mar21
31,2,120,study,1,male,Latino,male,Black,neutral,,,,,z,1299,False,False,,mar21
31,2,121,test,0,male,White,male,Black,happy,,,,intact,m,1519,True,False,,mar21
31,2,122,test,0,male,Black,female,White,neutral,,,,rearranged,m,1693,False,False,,mar21
31,2,123,test,0,female,Black,male,White,happy,,,,intact,m,850,True,False,,mar21
31,2,124,test,0,female,Latino,female,White,neutral,,,,intact,z,1156,False,False,,mar21
31,2,125,test,0,male,Black,female,Black,angry,,,,intact,m,1381,True,False,,mar21
31,2,126,test,0,male,Latino,female,White,neutral,,,,intact,m,1546,True,False,,mar21
31,2,127,test,0,male,Asian,male,Black,angry,,,,intact,m,1292,True,False,,mar21
31,2,128,test,0,female,White,female,White,neutral,,,,rearranged,m,2030,False,False,,mar21
31,2,129,test,0,female,Black,female,White,angry,,,,rearranged,m,1217,False,False,,mar21
31,2,130,test,0,male,Latino,male,White,angry,,,,rearranged,m,798,False,False,,mar21
31,2,131,test,0,male,Asian,male,Black,happy,,,,rearranged,m,1116,False,False,,mar21
31,2,132,test,0,female,White,female,White,angry,,,,intact,m,1470,True,False,,mar21
31,2,133,test,0,male,Black,female,White,neutral,,,,rearranged,z,1419,True,False,,mar21
31,2,134,test,0,female,Black,female,Black,neutral,,,,intact,z,1094,False,False,,mar21
31,2,135,test,0,female,Latino,male,Black,angry,,,,intact,m,1021,True,False,,mar21
31,2,136,test,0,male,Latino,female,Black,angry,,,,rearranged,,,False,True,,mar21
31,2,137,test,0,female,White,female,White,angry,,,,intact,m,1319,True,False,,mar21
31,2,138,test,0,female,Asian,female,Black,happy,,,,intact,m,1243,True,False,,mar21
31,2,139,test,0,male,White,male,White,angry,,,,rearranged,m,1278,False,False,,mar21
31,2,140,test,0,male,Asian,male,Black,happy,,,,rearranged,m,1115,False,False,,mar21
31,2,141,test,0,female,Black,female,Black,angry,,,,intact,m,2022,True,False,,mar21
31,2,142,test,0,male,White,male,White,neutral,,,,intact,z,1391,False,False,,mar21
31,2,143,test,0,female,Asian,male,Black,happy,,,,rearranged,m,1321,False,False,,mar21
31,2,144,test,0,male,Black,male,Black,happy,,,,intact,z,1614,False,False,,mar21
31,2,145,test,0,female,White,female,Black,happy,,,,rearranged,m,1119,False,False,,mar21
31,2,146,test,0,male,Asian,female,White,neutral,,,,intact,z,1124,False,False,,mar21
31,2,147,test,0,female,Asian,female,White,neutral,,,,intact,m,808,True,False,,mar21
31,2,148,test,0,female,Black,male,Black,happy,,,,intact,m,953,True,False,,mar21
31,2,149,test,0,male,Asian,female,Black,neutral,,,,intact,z,1558,False,False,,mar21
31,2,150,test,0,male,White,female,Black,angry,,,,rearranged,m,1266,False,False,,mar21
31,2,151,test,1,female,Latino,male,Black,angry,,,,intact,m,505,True,False,,mar21
31,2,152,test,1,male,White,male,White,neutral,,,,rearranged,m,1382,False,False,,mar21
31,2,153,test,1,male,White,female,White,happy,,,,rearranged,m,1659,False,False,,mar21
31,2,154,test,1,female,White,male,Black,angry,,,,rearranged,m,1113,False,False,,mar21
31,2,155,test,1,female,Latino,female,White,neutral,,,,rearranged,z,1549,True,False,,mar21
31,2,156,test,1,male,Asian,male,White,neutral,,,,intact,z,1165,False,False,,mar21
31,2,157,test,1,female,Black,female,White,happy,,,,intact,m,1637,True,False,,mar21
31,2,158,test,1,male,Latino,female,Black,happy,,,,intact,m,1283,True,False,,mar21
31,2,159,test,1,male,Black,female,White,happy,,,,rearranged,m,1365,False,False,,mar21
31,2,160,test,1,female,White,female,White,happy,,,,rearranged,m,1484,False,False,,mar21
31,2,161,test,1,female,Asian,female,Black,happy,,,,rearranged,z,1991,True,False,,mar21
31,2,162,test,1,female,White,male,White,angry,,,,rearranged,m,1169,False,False,,mar21
31,2,163,test,1,male,Black,male,White,angry,,,,rearranged,z,1343,True,False,,mar21
31,2,164,test,1,female,Asian,male,Black,neutral,,,,intact,m,1548,True,False,,mar21
31,2,165,test,1,male,Asian,male,Black,happy,,,,intact,z,1596,False,False,,mar21
31,2,166,test,1,female,White,male,Black,angry,,,,rearranged,m,1465,False,False,,mar21
31,2,167,test,1,female,Black,male,White,neutral,,,,rearranged,m,1776,False,False,,mar21
31,2,168,test,1,male,Black,female,Black,angry,,,,intact,z,1677,False,False,,mar21
31,2,169,test,1,female,Black,male,Black,happy,,,,rearranged,m,1453,False,False,,mar21
31,2,170,test,1,male,White,male,White,angry,,,,intact,m,1450,True,False,,mar21
31,2,171,test,1,male,Latino,male,Black,neutral,,,,rearranged,z,1381,True,False,,mar21
31,2,172,test,1,male,Asian,female,Black,happy,,,,intact,m,1522,True,False,,mar21
31,2,173,test,1,female,White,male,White,happy,,,,intact,m,1222,True,False,,mar21
31,2,174,test,1,male,White,female,Black,happy,,,,rearranged,m,1590,False,False,,mar21
31,2,175,test,1,female,Latino,male,Black,neutral,,,,rearranged,z,1137,True,False,,mar21
31,2,176,test,1,female,Black,male,Black,neutral,,,,intact,z,1232,False,False,,mar21
31,2,177,test,1,female,Asian,female,Black,angry,,,,rearranged,m,1555,False,False,,mar21
31,2,178,test,1,male,Latino,male,White,neutral,,,,rearranged,z,1126,True,False,,mar21
31,2,179,test,1,male,Latino,female,Black,angry,,,,intact,z,1436,False,False,,mar21
31,2,180,test,1,female,Black,male,White,neutral,,,,rearranged,m,1323,False,False,,mar21
32,2,1,study,0,female,Asian,female,White,happy,,,,,z,667,True,False,,mar21
32,2,2,study,0,male,Black,female,Black,happy,,,,,z,2092,False,False,,mar21
32,2,3,study,0,male,Latino,male,Black,happy,,,,,m,1049,True,False,,mar21
32,2,4,study,0,male,Black,female,White,angry,,,,,z,1945,False,False,,mar21
32,2,5,study,0,male,White,female,Black,happy,,,,,z,1623,False,False,,mar21
32,2,6,study,0,male,Asian,female,Black,happy,,,,,z,1603,False,False,,mar21
32,2,7,study,0,male,Latino,male,White,happy,,,,,m,1638,True,False,,mar21
32,2,8,study,0,male,Latino,male,White,angry,,,,,m,1168,True,False,,mar21
32,2,9,study,0,male,White,female,Black,angry,,,,,z,1283,False,False,,mar21
32,2,10,study,0,male,Black,female,Black,neutral,,,,,m,1440,True,False,,mar21
32,2,11,study,0,male,White,male,White,neutral,,,,,m,923,True,False,,mar21
32,2,12,study,0,female,White,male,White,happy,,,,,m,1588,False,False,,mar21
32,2,13,study,0,male,Black,female,White,neutral,,,,,z,1575,False,False,,mar21
32,2,14,study,0,female,White,male,White,neutral,,,,,m,1917,False,False,,mar21
32,2,15,study,0,female,Asian,female,White,angry,,,,,z,976,True,False,,mar21
32,2,16,study,0,male,Latino,male,Black,happy,,,,,m,968,True,False,,mar21
32,2,17,study,0,female,White,male,Black,angry,,,,,m,1383,False,False,,mar21
32,2,18,study,0,female,Latino,male,Black,neutral,,,,,m,2001,False,False,,mar21
32,2,19,study,0,male,Latino,female,White,happy,,,,,z,1719,False,False,,mar21
32,2,20,study,0,female,Asian,male,Black,happy,,,,,m,2634,False,False,,mar21
32,2,21,study,0,female,Black,male,Black,angry,,,,,m,1111,False,False,,mar21
32,2,22,study,0,male,White,male,Black,neutral,,,,,m,868,True,False,,mar21
32,2,23,study,0,female,Latino,female,Black,happy,,,,,z,1142,True,False,,mar21
32,2,24,study,0,female,Latino,female,White,angry,,,,,z,866,True,False,,mar21
32,2,25,study,0,female,Latino,male,Black,angry,,,,,m,1331,False,False,,mar21
32,2,26,study,0,male,Black,male,White,angry,,,,,m,841,True,False,,mar21
32,2,27,study,0,male,White,female,White,neutral,,,,,z,1396,False,False,,mar21
32,2,28,study,0,male,Black,female,Black,angry,,,,,m,771,True,False,,mar21
32,2,29,study,0,male,Black,male,Black,neutral,,,,,m,987,True,False,,mar21
32,2,30,study,0,female,Latino,male,White,happy,,,,,m,1360,False,False,,mar21
32,2,31,study,1,male,White,male,White,angry,,,,,m,853,True,False,,mar21
32,2,32,study,1,female,Black,female,Black,angry,,,,,z,996,True,False,,mar21
32,2,33,study,1,female,Black,male,White,neutral,,,,,m,1465,False,False,,mar21
32,2,34,study,1,female,Black,female,Black,neutral,,,,,z,1141,True,False,,mar21
32,2,35,study,1,female,White,female,Black,angry,,,,,z,2197,True,False,,mar21
32,2,36,study,1,male,White,male,White,neutral,,,,,m,743,True,False,,mar21
32,2,37,study,1,male,Asian,male,White,angry,,,,,m,1524,True,False,,mar21
32,2,38,study,1,male,White,female,Black,happy,,,,,z,2019,False,False,,mar21
32,2,39,study,1,male,Black,male,Black,happy,,,,,m,795,True,False,,mar21
32,2,40,study,1,female,White,female,White,happy,,,,,z,794,True,False,,mar21
32,2,41,study,1,female,Black,female,Black,neutral,,,,,z,765,True,False,,mar21
32,2,42,study,1,female,White,female,White,neutral,,,,,z,1057,True,False,,mar21
32,2,43,study,1,female,Black,male,White,happy,,,,,m,1148,False,False,,mar21
32,2,44,study,1,male,Latino,male,Black,happy,,,,,m,1515,True,False,,mar21
32,2,45,study,1,female,Black,female,Black,neutral,,,,,z,1092,True,False,,mar21
32,2,46,study,1,female,Latino,male,Black,angry,,,,,m,947,False,False,,mar21
32,2,47,study,1,female,Latino,female,Black,neutral,,,,,z,1441,True,False,,mar21
32,2,48,study,1,female,Latino,female,White,angry,,,,,z,727,True,False,,mar21
32,2,49,study,1,male,Black,male,Black,neutral,,,,,m,702,True,False,,mar21
32,2,50,study,1,female,White,male,White,neutral,,,,,m,930,False,False,,mar21
32,2,51,study,1,male,Black,female,Black,angry,,,,,z,883,False,False,,mar21
32,2,52,study,1,female,Asian,female,Black,happy,,,,,z,1112,True,False,,mar21
32,2,53,study,1,female,Asian,male,White,happy,,,,,m,1252,False,False,,mar21
32,2,54,study,1,male,White,female,White,angry,,,,,z,1575,False,False,,mar21
32,2,55,study,1,male,White,female,Black,neutral,,,,,z,1360,False,False,,mar21
32,2,56,study,1,male,White,female,White,neutral,,,,,z,1700,False,False,,mar21
32,2,57,study,1,male,Latino,male,Black,angry,,,,,m,949,True,False,,mar21
32,2,58,study,1,female,Black,male,White,angry,,,,,m,1058,False,False,,mar21
32,2,59,study,1,female,Asian,male,Black,neutral,,,,,m,1421,False,False,,mar21
32,2,60,study,1,female,Latino,female,White,happy,,,,,z,1030,True,False,,mar21
32,2,61,study,0,female,Latino,male,Black,angry,,,,,m,924,False,False,,mar21
32,2,62,study,0,male,Black,female,White,neutral,,,,,z,1151,False,False,,mar21
32,2,63,study,0,male,Black,male,Black,neutral,,,,,m,909,True,False,,mar21
32,2,64,study,0,female,Black,male,White,neutral,,,,,m,1350,False,False,,mar21
32,2,65,study,0,male,Latino,male,White,happy,,,,,m,1001,True,False,,mar21
32,2,66,study,0,female,Asian,male,Black,happy,,,,,m,1254,False,False,,mar21
32,2,67,study,0,female,Latino,female,White,angry,,,,,z,1429,True,False,,mar21
32,2,68,study,0,female,Black,male,White,happy,,,,,m,1287,False,False,,mar21
32,2,69,study,0,female,Black,female,Black,neutral,,,,,z,1059,True,False,,mar21
32,2,70,study,0,female,Latino,male,White,happy,,,,,m,936,False,False,,mar21
32,2,71,study,0,male,White,female,White,angry,,,,,z,2734,False,False,,mar21
32,2,72,study,0,male,Asian,male,White,angry,,,,,m,1631,True,False,,mar21
32,2,73,study,0,male,White,female,Black,happy,,,,,z,2555,False,False,,mar21
32,2,74,study,0,female,Black,female,Black,neutral,,,,,z,1191,True,False,,mar21
32,2,75,study,0,male,White,female,Black,happy,,,,,z,961,False,False,,mar21
32,2,76,study,0,female,Asian,male,White,happy,,,,,m,1368,False,False,,mar21
32,2,77,study,0,female,Asian,female,White,angry,,,,,z,1055,True,False,,mar21
32,2,78,study,0,male,Latino,female,White,happy,,,,,z,1536,False,False,,mar21
32,2,79,study,0,male,Black,male,White,angry,,,,,m,1242,True,False,,mar21
32,2,80,study,0,female,Black,female,Black,angry,,,,,z,817,True,False,,mar21
32,2,81,study,0,female,Black,female,Black,neutral,,,,,z,1277,True,False,,mar21
32,2,82,study,0,female,Asian,female,Black,happy,,,,,z,906,True,False,,mar21
32,2,83,study,0,male,Latino,male,Black,happy,,,,,m,1773,True,False,,mar21
32,2,84,study,0,female,Asian,female,White,happy,,,,,z,1142,True,False,,mar21
32,2,85,study,0,female,White,male,White,neutral,,,,,m,1010,False,False,,mar21
32,2,86,study,0,female,Latino,female,Black,happy,,,,,z,1376,True,False,,mar21
32,2,87,study,0,male,Latino,male,Black,happy,,,,,m,969,True,False,,mar21
32,2,88,study,0,male,White,female,Black,neutral,,,,,z,1459,False,False,,mar21
32,2,89,study,0,female,Black,male,White,angry,,,,,m,1268,False,False,,mar21
32,2,90,study,0,male,White,female,White,neutral,,,,,z,1417,False,False,,mar21
32,2,91,study,1,female,White,male,White,neutral,,,,,m,1287,False,False,,mar21
32,2,92,study,1,female,White,female,White,happy,,,,,z,750,True,False,,mar21
32,2,93,study,1,male,Latino,male,Black,angry,,,,,m,1102,True,False,,mar21
32,2,94,study,1,male,White,male,White,neutral,,,,,m,978,True,False,,mar21
32,2,95,study,1,male,Black,female,Black,angry,,,,,z,2910,False,False,,mar21
32,2,96,study,1,female,Latino,male,Black,neutral,,,,,m,1606,False,False,,mar21
32,2,97,study,1,female,White,male,Black,angry,,,,,m,822,False,False,,mar21
32,2,98,study,1,male,Black,female,White,angry,,,,,z,1625,False,False,,mar21
32,2,99,study,1,male,Latino,male,Black,happy,,,,,m,2033,True,False,,mar21
32,2,100,study,1,female,Latino,female,White,angry,,,,,,,False,True,,mar21
32,2,101,study,1,male,Black,male,Black,happy,,,,,m,705,True,False,,mar21
32,2,102,study,1,male,White,male,Black,neutral,,,,,m,900,True,False,,mar21
32,2,103,study,1,female,White,female,White,neutral,,,,,m,765,False,False,,mar21
32,2,104,study,1,female,White,female,Black,angry,,,,,m,1352,False,False,,mar21
32,2,105,study,1,male,White,male,White,angry,,,,,m,902,True,False,,mar21
32,2,106,study,1,female,Latino,female,White,happy,,,,,z,1143,True,False,,mar21
32,2,107,study,1,male,Black,female,Black,angry,,,,,m,1736,True,False,,mar21
32,2,108,study,1,male,White,male,White,neutral,,,,,m,1220,True,False,,mar21
32,2,109,study,1,male,Asian,female,Black,happy,,,,,z,1100,False,False,,mar21
32,2,110,study,1,male,Latino,male,White,angry,,,,,m,1256,True,False,,mar21
32,2,111,study,1,male,White,female,White,neutral,,,,,z,2181,False,False,,mar21
32,2,112,study,1,male,Black,female,Black,neutral,,,,,z,1778,False,False,,mar21
32,2,113,study,1,female,Latino,female,Black,neutral,,,,,z,1284,True,False,,mar21
32,2,114,study,1,female,Asian,male,Black,neutral,,,,,m,1405,False,False,,mar21
32,2,115,study,1,male,Black,female,Black,happy,,,,,z,1126,False,False,,mar21
32,2,116,study,1,female,Latino,male,Black,angry,,,,,m,1264,False,False,,mar21
32,2,117,study,1,female,White,male,White,happy,,,,,m,1223,False,False,,mar21
32,2,118,study,1,male,White,female,Black,angry,,,,,z,1726,False,False,,mar21
32,2,119,study,1,male,Black,male,Black,neutral,,,,,m,1423,True,False,,mar21
32,2,120,study,1,female,Black,male,Black,angry,,,,,m,1445,False,False,,mar21
32,2,121,test,0,female,White,male,Black,angry,,,,intact,m,1289,True,False,,mar21
32,2,122,test,0,female,Asian,male,White,happy,,,,intact,m,1508,True,False,,mar21
32,2,123,test,0,male,Black,male,White,happy,,,,rearranged,m,1899,False,False,,mar21
32,2,124,test,0,female,Latino,male,White,angry,,,,rearranged,m,1334,False,False,,mar21
32,2,125,test,0,male,White,female,White,angry,,,,intact,m,1737,True,False,,mar21
32,2,126,test,0,female,Black,female,Black,neutral,,,,rearranged,m,1441,False,False,,mar21
32,2,127,test,0,female,Latino,female,White,happy,,,,rearranged,m,1631,False,False,,mar21
32,2,128,test,0,female,Latino,female,White,angry,,,,intact,m,1881,True,False,,mar21
32,2,129,test,0,male,White,female,White,neutral,,,,intact,,,False,True,,mar21
32,2,130,test,0,male,Asian,male,Black,angry,,,,rearranged,m,1419,False,False,,mar21
32,2,131,test,0,male,Latino,male,Black,happy,,,,intact,m,1344,True,False,,mar21
32,2,132,test,0,female,White,female,White,neutral,,,,intact,m,1683,True,False,,mar21
32,2,133,test,0,male,White,male,Black,neutral,,,,intact,m,2222,True,False,,mar21
32,2,134,test,0,male,Latino,female,Black,happy,,,,rearranged,m,1568,False,False,,mar21
32,2,135,test,0,female,Latino,male,Black,angry,,,,intact,m,1183,True,False,,mar21
32,2,136,test,0,male,Black,female,Black,angry,,,,rearranged,m,2060,False,False,,mar21
32,2,137,test,0,female,Latino,female,White,happy,,,,rearranged,m,1974,False,False,,mar21
32,2,138,test,0,female,White,male,White,neutral,,,,intact,m,1669,True,False,,mar21
32,2,139,test,0,male,White,female,Black,angry,,,,intact,m,1419,True,False,,mar21
32,2,140,test,0,male,White,male,White,angry,,,,intact,m,1609,True,False,,mar21
32,2,141,test,0,male,White,female,Black,happy,,,,rearranged,m,1338,False,False,,mar21
32,2,142,test,0,female,Black,female,Black,angry,,,,rearranged,m,1517,False,False,,mar21
32,2,143,test,0,female,Latino,female,White,angry,,,,intact,m,2167,True,False,,mar21
32,2,144,test,0,female,Asian,male,Black,happy,,,,intact,m,1226,True,False,,mar21
32,2,145,test,0,female,Black,female,Black,neutral,,,,rearranged,m,1592,False,False,,mar21
32,2,146,test,0,male,Latino,male,White,angry,,,,rearranged,m,1886,False,False,,mar21
32,2,147,test,0,female,White,male,White,neutral,,,,rearranged,m,1901,False,False,,mar21
32,2,148,test,0,male,Black,female,Black,angry,,,,intact,m,1711,True,False,,mar21
32,2,149,test,0,male,Black,male,White,angry,,,,intact,m,2073,True,False,,mar21
32,2,150,test,0,female,Asian,female,White,angry,,,,intact,m,1159,True,False,,mar21
32,2,151,test,1,female,Asian,female,Black,happy,,,,rearranged,m,1469,False,False,,mar21
32,2,152,test,1,male,White,male,Black,neutral,,,,rearranged,m,1228,False,False,,mar21
32,2,153,test,1,female,White,female,Black,angry,,,,rearranged,m,1151,False,False,,mar21
32,2,154,test,1,female,Latino,female,Black,neutral,,,,intact,m,1016,True,False,,mar21
32,2,155,test,1,male,White,female,Black,happy,,,,intact,m,1965,True,False,,mar21
32,2,156,test,1,female,Latino,male,White,happy,,,,intact,m,1302,True,False,,mar21
32,2,157,test,1,male,Black,female,Black,happy,,,,intact,m,2438,True,False,,mar21
32,2,158,test,1,male,Black,female,Black,neutral,,,,intact,m,1143,True,False,,mar21
32,2,159,test,1,female,Black,male,White,happy,,,,rearranged,m,1377,False,False,,mar21
32,2,160,test,1,male,Black,female,White,neutral,,,,rearranged,m,2124,False,False,,mar21
32,2,161,test,1,female,White,male,White,happy,,,,rearranged,,,False,True,,mar21
32,2,162,test,1,male,Black,male,Black,neutral,,,,rearranged,m,1098,False,False,,mar21
32,2,163,test,1,male,Latino,male,Black,happy,,,,intact,m,1852,True,False,,mar21
32,2,164,test,1,male,Black,male,White,neutral,,,,rearranged,m,1681,False,False,,mar21
32,2,165,test,1,female,Asian,male,Black,neutral,,,,intact,m,1796,True,False,,mar21
32,2,166,test,1,female,Black,male,Black,angry,,,,rearranged,m,1197,False,False,,mar21
32,2,167,test,1,female,Latino,male,White,neutral,,,,rearranged,m,1210,False,False,,mar21
32,2,168,test,1,female,Asian,female,Black,happy,,,,intact,m,1225,True,False,,mar21
32,2,169,test,1,male,White,female,White,neutral,,,,rearranged,m,1349,False,False,,mar21
32,2,170,test,1,female,Black,male,Black,neutral,,,,rearranged,m,1262,False,False,,mar21
32,2,171,test,1,male,White,female,Black,neutral,,,,intact,m,1293,True,False,,mar21
32,2,172,test,1,male,Latino,male,Black,happy,,,,rearranged,m,1103,False,False,,mar21
32,2,173,test,1,female,Black,female,Black,neutral,,,,intact,m,1152,True,False,,mar21
32,2,174,test,1,male,Latino,male,Black,happy,,,,intact,m,1607,True,False,,mar21
32,2,175,test,1,male,Asian,female,White,happy,,,,rearranged,m,953,False,False,,mar21
32,2,176,test,1,female,Black,male,Black,angry,,,,rearranged,m,1006,False,False,,mar21
32,2,177,test,1,male,Latino,male,White,angry,,,,rearranged,m,1390,False,False,,mar21
32,2,178,test,1,male,White,male,White,neutral,,,,intact,m,1319,True,False,,mar21
32,2,179,test,1,female,White,female,White,happy,,,,intact,m,2259,True,False,,mar21
32,2,180,test,1,male,Black,female,White,angry,,,,rearranged,m,2666,False,False,,mar21
